[2026-06-17T11:42:53.701+0000] {manager.py:470} INFO - Processing files using up to 2 processes at a time 
[2026-06-17T11:42:53.704+0000] {manager.py:471} INFO - Process each file at most once every 10 seconds
[2026-06-17T11:42:53.711+0000] {manager.py:472} INFO - Checking for new files in /opt/airflow/dags every 300 seconds
[2026-06-17T11:42:53.715+0000] {manager.py:737} INFO - Searching for files in /opt/airflow/dags
[2026-06-17T11:42:53.762+0000] {manager.py:740} INFO - There are 1 files in /opt/airflow/dags
[2026-06-17T11:42:53.972+0000] {manager.py:878} INFO - 
================================================================================
DAG File Processing Stats

File Path                               PID  Runtime      # DAGs    # Errors  Last Runtime    Last Run
------------------------------------  -----  ---------  --------  ----------  --------------  ----------
/opt/airflow/dags/weather_etl_dag.py    164  0.09s             0           0
================================================================================
[2026-06-17T11:43:25.220+0000] {manager.py:878} INFO - 
================================================================================
DAG File Processing Stats

File Path                             PID    Runtime      # DAGs    # Errors  Last Runtime    Last Run
------------------------------------  -----  ---------  --------  ----------  --------------  -------------------
/opt/airflow/dags/weather_etl_dag.py                           1           0  0.29s           2026-06-17T11:43:15
================================================================================
[2026-06-17T11:43:58.678+0000] {manager.py:878} INFO - 
================================================================================
DAG File Processing Stats

File Path                             PID    Runtime      # DAGs    # Errors  Last Runtime    Last Run
------------------------------------  -----  ---------  --------  ----------  --------------  -------------------
/opt/airflow/dags/weather_etl_dag.py                           1           0  0.14s           2026-06-17T11:43:56
================================================================================
[2026-06-17T11:44:31.955+0000] {manager.py:878} INFO - 
================================================================================
DAG File Processing Stats

File Path                             PID    Runtime      # DAGs    # Errors  Last Runtime    Last Run
------------------------------------  -----  ---------  --------  ----------  --------------  -------------------
/opt/airflow/dags/weather_etl_dag.py                           1           0  0.18s           2026-06-17T11:44:28
================================================================================
[2026-06-17T11:45:05.298+0000] {manager.py:878} INFO - 
================================================================================
DAG File Processing Stats

File Path                             PID    Runtime      # DAGs    # Errors  Last Runtime    Last Run
------------------------------------  -----  ---------  --------  ----------  --------------  -------------------
/opt/airflow/dags/weather_etl_dag.py                           1           0  0.14s           2026-06-17T11:45:00
================================================================================
[2026-06-17T11:45:38.541+0000] {manager.py:878} INFO - 
================================================================================
DAG File Processing Stats

File Path                             PID    Runtime      # DAGs    # Errors  Last Runtime    Last Run
------------------------------------  -----  ---------  --------  ----------  --------------  -------------------
/opt/airflow/dags/weather_etl_dag.py                           1           0  0.16s           2026-06-17T11:45:33
================================================================================
[2026-06-17T11:46:10.215+0000] {manager.py:878} INFO - 
================================================================================
DAG File Processing Stats

File Path                             PID    Runtime      # DAGs    # Errors  Last Runtime    Last Run
------------------------------------  -----  ---------  --------  ----------  --------------  -------------------
/opt/airflow/dags/weather_etl_dag.py                           1           0  0.14s           2026-06-17T11:46:04
================================================================================
[2026-06-17T11:46:41.700+0000] {manager.py:878} INFO - 
================================================================================
DAG File Processing Stats

File Path                             PID    Runtime      # DAGs    # Errors  Last Runtime    Last Run
------------------------------------  -----  ---------  --------  ----------  --------------  -------------------
/opt/airflow/dags/weather_etl_dag.py                           1           0  0.15s           2026-06-17T11:46:35
================================================================================
[2026-06-17T11:47:13.006+0000] {manager.py:878} INFO - 
================================================================================
DAG File Processing Stats

File Path                             PID    Runtime      # DAGs    # Errors  Last Runtime    Last Run
------------------------------------  -----  ---------  --------  ----------  --------------  -------------------
/opt/airflow/dags/weather_etl_dag.py                           1           0  0.15s           2026-06-17T11:47:07
================================================================================
[2026-06-17T11:47:44.078+0000] {manager.py:878} INFO - 
================================================================================
DAG File Processing Stats

File Path                             PID    Runtime      # DAGs    # Errors  Last Runtime    Last Run
------------------------------------  -----  ---------  --------  ----------  --------------  -------------------
/opt/airflow/dags/weather_etl_dag.py                           1           0  0.14s           2026-06-17T11:47:38
================================================================================
[2026-06-17T11:47:53.987+0000] {manager.py:737} INFO - Searching for files in /opt/airflow/dags
[2026-06-17T11:47:54.008+0000] {manager.py:740} INFO - There are 1 files in /opt/airflow/dags
[2026-06-17T11:48:17.358+0000] {manager.py:878} INFO - 
================================================================================
DAG File Processing Stats

File Path                             PID    Runtime      # DAGs    # Errors  Last Runtime    Last Run
------------------------------------  -----  ---------  --------  ----------  --------------  -------------------
/opt/airflow/dags/weather_etl_dag.py                           1           0  0.15s           2026-06-17T11:48:09
================================================================================
[2026-06-17T11:48:50.110+0000] {manager.py:878} INFO - 
================================================================================
DAG File Processing Stats

File Path                             PID    Runtime      # DAGs    # Errors  Last Runtime    Last Run
------------------------------------  -----  ---------  --------  ----------  --------------  -------------------
/opt/airflow/dags/weather_etl_dag.py                           1           0  0.33s           2026-06-17T11:48:43
================================================================================
[2026-06-17T11:49:23.178+0000] {manager.py:878} INFO - 
================================================================================
DAG File Processing Stats

File Path                             PID    Runtime      # DAGs    # Errors  Last Runtime    Last Run
------------------------------------  -----  ---------  --------  ----------  --------------  -------------------
/opt/airflow/dags/weather_etl_dag.py                           1           0  0.77s           2026-06-17T11:49:16
================================================================================
[2026-06-17T11:49:54.321+0000] {manager.py:878} INFO - 
================================================================================
DAG File Processing Stats

File Path                             PID    Runtime      # DAGs    # Errors  Last Runtime    Last Run
------------------------------------  -----  ---------  --------  ----------  --------------  -------------------
/opt/airflow/dags/weather_etl_dag.py                           1           0  0.14s           2026-06-17T11:49:48
================================================================================
[2026-06-17T11:50:28.583+0000] {manager.py:878} INFO - 
================================================================================
DAG File Processing Stats

File Path                             PID    Runtime      # DAGs    # Errors  Last Runtime    Last Run
------------------------------------  -----  ---------  --------  ----------  --------------  -------------------
/opt/airflow/dags/weather_etl_dag.py                           1           0  0.14s           2026-06-17T11:50:18
================================================================================
[2026-06-17T11:51:01.594+0000] {manager.py:878} INFO - 
================================================================================
DAG File Processing Stats

File Path                             PID    Runtime      # DAGs    # Errors  Last Runtime    Last Run
------------------------------------  -----  ---------  --------  ----------  --------------  -------------------
/opt/airflow/dags/weather_etl_dag.py                           1           0  1.64s           2026-06-17T11:50:52
================================================================================
[2026-06-17T11:51:34.663+0000] {manager.py:878} INFO - 
================================================================================
DAG File Processing Stats

File Path                               PID  Runtime      # DAGs    # Errors  Last Runtime    Last Run
------------------------------------  -----  ---------  --------  ----------  --------------  -------------------
/opt/airflow/dags/weather_etl_dag.py    409  0.00s             1           0  0.14s           2026-06-17T11:51:24
================================================================================
[2026-06-17T11:52:08.081+0000] {manager.py:878} INFO - 
================================================================================
DAG File Processing Stats

File Path                             PID    Runtime      # DAGs    # Errors  Last Runtime    Last Run
------------------------------------  -----  ---------  --------  ----------  --------------  -------------------
/opt/airflow/dags/weather_etl_dag.py                           1           0  0.27s           2026-06-17T11:52:07
================================================================================
[2026-06-17T11:52:39.599+0000] {manager.py:878} INFO - 
================================================================================
DAG File Processing Stats

File Path                             PID    Runtime      # DAGs    # Errors  Last Runtime    Last Run
------------------------------------  -----  ---------  --------  ----------  --------------  -------------------
/opt/airflow/dags/weather_etl_dag.py                           1           0  0.18s           2026-06-17T11:52:38
================================================================================
[2026-06-17T11:52:54.021+0000] {manager.py:737} INFO - Searching for files in /opt/airflow/dags
[2026-06-17T11:52:54.047+0000] {manager.py:740} INFO - There are 1 files in /opt/airflow/dags
[2026-06-17T11:53:11.037+0000] {manager.py:878} INFO - 
================================================================================
DAG File Processing Stats

File Path                             PID    Runtime      # DAGs    # Errors  Last Runtime    Last Run
------------------------------------  -----  ---------  --------  ----------  --------------  -------------------
/opt/airflow/dags/weather_etl_dag.py                           1           0  0.18s           2026-06-17T11:53:10
================================================================================
[2026-06-17T11:53:44.403+0000] {manager.py:878} INFO - 
================================================================================
DAG File Processing Stats

File Path                             PID    Runtime      # DAGs    # Errors  Last Runtime    Last Run
------------------------------------  -----  ---------  --------  ----------  --------------  -------------------
/opt/airflow/dags/weather_etl_dag.py                           1           0  0.19s           2026-06-17T11:53:41
================================================================================
[2026-06-17T11:54:17.952+0000] {manager.py:878} INFO - 
================================================================================
DAG File Processing Stats

File Path                             PID    Runtime      # DAGs    # Errors  Last Runtime    Last Run
------------------------------------  -----  ---------  --------  ----------  --------------  -------------------
/opt/airflow/dags/weather_etl_dag.py                           1           0  0.17s           2026-06-17T11:54:13
================================================================================
[2026-06-17T11:54:51.320+0000] {manager.py:878} INFO - 
================================================================================
DAG File Processing Stats

File Path                             PID    Runtime      # DAGs    # Errors  Last Runtime    Last Run
------------------------------------  -----  ---------  --------  ----------  --------------  -------------------
/opt/airflow/dags/weather_etl_dag.py                           1           0  0.31s           2026-06-17T11:54:47
================================================================================
[2026-06-17T11:55:24.825+0000] {manager.py:878} INFO - 
================================================================================
DAG File Processing Stats

File Path                             PID    Runtime      # DAGs    # Errors  Last Runtime    Last Run
------------------------------------  -----  ---------  --------  ----------  --------------  -------------------
/opt/airflow/dags/weather_etl_dag.py                           1           0  0.21s           2026-06-17T11:55:19
================================================================================
[2026-06-17T11:55:58.199+0000] {manager.py:878} INFO - 
================================================================================
DAG File Processing Stats

File Path                             PID    Runtime      # DAGs    # Errors  Last Runtime    Last Run
------------------------------------  -----  ---------  --------  ----------  --------------  -------------------
/opt/airflow/dags/weather_etl_dag.py                           1           0  0.19s           2026-06-17T11:55:52
================================================================================
[2026-06-17T11:56:29.577+0000] {manager.py:878} INFO - 
================================================================================
DAG File Processing Stats

File Path                             PID    Runtime      # DAGs    # Errors  Last Runtime    Last Run
------------------------------------  -----  ---------  --------  ----------  --------------  -------------------
/opt/airflow/dags/weather_etl_dag.py                           1           0  0.46s           2026-06-17T11:56:23
================================================================================
[2026-06-17T11:57:01.135+0000] {manager.py:878} INFO - 
================================================================================
DAG File Processing Stats

File Path                             PID    Runtime      # DAGs    # Errors  Last Runtime    Last Run
------------------------------------  -----  ---------  --------  ----------  --------------  -------------------
/opt/airflow/dags/weather_etl_dag.py                           1           0  0.24s           2026-06-17T11:56:55
================================================================================
[2026-06-17T11:57:34.583+0000] {manager.py:878} INFO - 
================================================================================
DAG File Processing Stats

File Path                             PID    Runtime      # DAGs    # Errors  Last Runtime    Last Run
------------------------------------  -----  ---------  --------  ----------  --------------  -------------------
/opt/airflow/dags/weather_etl_dag.py                           1           0  0.19s           2026-06-17T11:57:26
================================================================================
[2026-06-17T11:57:54.025+0000] {manager.py:737} INFO - Searching for files in /opt/airflow/dags
[2026-06-17T11:57:54.049+0000] {manager.py:740} INFO - There are 1 files in /opt/airflow/dags
[2026-06-17T11:58:08.101+0000] {manager.py:878} INFO - 
================================================================================
DAG File Processing Stats

File Path                             PID    Runtime      # DAGs    # Errors  Last Runtime    Last Run
------------------------------------  -----  ---------  --------  ----------  --------------  -------------------
/opt/airflow/dags/weather_etl_dag.py                           1           0  0.18s           2026-06-17T11:58:00
================================================================================
[2026-06-17T11:58:41.232+0000] {manager.py:878} INFO - 
================================================================================
DAG File Processing Stats

File Path                             PID    Runtime      # DAGs    # Errors  Last Runtime    Last Run
------------------------------------  -----  ---------  --------  ----------  --------------  -------------------
/opt/airflow/dags/weather_etl_dag.py                           1           0  0.15s           2026-06-17T11:58:32
================================================================================
[2026-06-17T11:59:14.735+0000] {manager.py:878} INFO - 
================================================================================
DAG File Processing Stats

File Path                             PID    Runtime      # DAGs    # Errors  Last Runtime    Last Run
------------------------------------  -----  ---------  --------  ----------  --------------  -------------------
/opt/airflow/dags/weather_etl_dag.py                           1           0  0.21s           2026-06-17T11:59:05
================================================================================
[2026-06-17T11:59:48.185+0000] {manager.py:878} INFO - 
================================================================================
DAG File Processing Stats

File Path                             PID    Runtime      # DAGs    # Errors  Last Runtime    Last Run
------------------------------------  -----  ---------  --------  ----------  --------------  -------------------
/opt/airflow/dags/weather_etl_dag.py                           1           0  0.51s           2026-06-17T11:59:38
================================================================================
[2026-06-17T12:00:19.353+0000] {manager.py:878} INFO - 
================================================================================
DAG File Processing Stats

File Path                             PID    Runtime      # DAGs    # Errors  Last Runtime    Last Run
------------------------------------  -----  ---------  --------  ----------  --------------  -------------------
/opt/airflow/dags/weather_etl_dag.py                           1           0  0.34s           2026-06-17T12:00:10
================================================================================
[2026-06-17T12:00:50.451+0000] {manager.py:878} INFO - 
================================================================================
DAG File Processing Stats

File Path                             PID    Runtime      # DAGs    # Errors  Last Runtime    Last Run
------------------------------------  -----  ---------  --------  ----------  --------------  -------------------
/opt/airflow/dags/weather_etl_dag.py                           1           0  0.22s           2026-06-17T12:00:41
================================================================================
[2026-06-17T12:01:21.993+0000] {manager.py:878} INFO - 
================================================================================
DAG File Processing Stats

File Path                             PID    Runtime      # DAGs    # Errors  Last Runtime    Last Run
------------------------------------  -----  ---------  --------  ----------  --------------  -------------------
/opt/airflow/dags/weather_etl_dag.py                           1           0  0.31s           2026-06-17T12:01:13
================================================================================
[2026-06-17T12:01:55.150+0000] {manager.py:878} INFO - 
================================================================================
DAG File Processing Stats

File Path                             PID    Runtime      # DAGs    # Errors  Last Runtime    Last Run
------------------------------------  -----  ---------  --------  ----------  --------------  -------------------
/opt/airflow/dags/weather_etl_dag.py                           1           0  0.47s           2026-06-17T12:01:55
================================================================================
[2026-06-17T12:02:28.331+0000] {manager.py:878} INFO - 
================================================================================
DAG File Processing Stats

File Path                             PID    Runtime      # DAGs    # Errors  Last Runtime    Last Run
------------------------------------  -----  ---------  --------  ----------  --------------  -------------------
/opt/airflow/dags/weather_etl_dag.py                           1           0  0.24s           2026-06-17T12:02:26
================================================================================
[2026-06-17T12:02:54.683+0000] {manager.py:737} INFO - Searching for files in /opt/airflow/dags
[2026-06-17T12:02:54.728+0000] {manager.py:740} INFO - There are 1 files in /opt/airflow/dags
[2026-06-17T12:03:01.339+0000] {manager.py:878} INFO - 
================================================================================
DAG File Processing Stats

File Path                             PID    Runtime      # DAGs    # Errors  Last Runtime    Last Run
------------------------------------  -----  ---------  --------  ----------  --------------  -------------------
/opt/airflow/dags/weather_etl_dag.py                           1           0  0.34s           2026-06-17T12:02:59
================================================================================
[2026-06-17T12:03:34.477+0000] {manager.py:878} INFO - 
================================================================================
DAG File Processing Stats

File Path                             PID    Runtime      # DAGs    # Errors  Last Runtime    Last Run
------------------------------------  -----  ---------  --------  ----------  --------------  -------------------
/opt/airflow/dags/weather_etl_dag.py                           1           0  0.77s           2026-06-17T12:03:32
================================================================================
[2026-06-17T12:04:05.586+0000] {manager.py:878} INFO - 
================================================================================
DAG File Processing Stats

File Path                             PID    Runtime      # DAGs    # Errors  Last Runtime    Last Run
------------------------------------  -----  ---------  --------  ----------  --------------  -------------------
/opt/airflow/dags/weather_etl_dag.py                           1           0  0.19s           2026-06-17T12:04:03
================================================================================
[2026-06-17T12:04:38.959+0000] {manager.py:878} INFO - 
================================================================================
DAG File Processing Stats

File Path                             PID    Runtime      # DAGs    # Errors  Last Runtime    Last Run
------------------------------------  -----  ---------  --------  ----------  --------------  -------------------
/opt/airflow/dags/weather_etl_dag.py                           1           0  0.33s           2026-06-17T12:04:35
================================================================================
[2026-06-17T12:05:12.356+0000] {manager.py:878} INFO - 
================================================================================
DAG File Processing Stats

File Path                             PID    Runtime      # DAGs    # Errors  Last Runtime    Last Run
------------------------------------  -----  ---------  --------  ----------  --------------  -------------------
/opt/airflow/dags/weather_etl_dag.py                           1           0  0.17s           2026-06-17T12:05:07
================================================================================
[2026-06-17T12:05:45.111+0000] {manager.py:878} INFO - 
================================================================================
DAG File Processing Stats

File Path                             PID    Runtime      # DAGs    # Errors  Last Runtime    Last Run
------------------------------------  -----  ---------  --------  ----------  --------------  -------------------
/opt/airflow/dags/weather_etl_dag.py                           1           0  0.20s           2026-06-17T12:05:40
================================================================================
[2026-06-17T12:06:17.989+0000] {manager.py:878} INFO - 
================================================================================
DAG File Processing Stats

File Path                             PID    Runtime      # DAGs    # Errors  Last Runtime    Last Run
------------------------------------  -----  ---------  --------  ----------  --------------  -------------------
/opt/airflow/dags/weather_etl_dag.py                           1           0  0.25s           2026-06-17T12:06:14
================================================================================
[2026-06-17T12:06:51.411+0000] {manager.py:878} INFO - 
================================================================================
DAG File Processing Stats

File Path                             PID    Runtime      # DAGs    # Errors  Last Runtime    Last Run
------------------------------------  -----  ---------  --------  ----------  --------------  -------------------
/opt/airflow/dags/weather_etl_dag.py                           1           0  0.21s           2026-06-17T12:06:45
================================================================================
[2026-06-17T12:07:24.734+0000] {manager.py:878} INFO - 
================================================================================
DAG File Processing Stats

File Path                             PID    Runtime      # DAGs    # Errors  Last Runtime    Last Run
------------------------------------  -----  ---------  --------  ----------  --------------  -------------------
/opt/airflow/dags/weather_etl_dag.py                           1           0  0.21s           2026-06-17T12:07:18
================================================================================
[2026-06-17T12:07:55.287+0000] {manager.py:737} INFO - Searching for files in /opt/airflow/dags
[2026-06-17T12:07:55.344+0000] {manager.py:740} INFO - There are 1 files in /opt/airflow/dags
[2026-06-17T12:07:55.553+0000] {manager.py:878} INFO - 
================================================================================
DAG File Processing Stats

File Path                             PID    Runtime      # DAGs    # Errors  Last Runtime    Last Run
------------------------------------  -----  ---------  --------  ----------  --------------  -------------------
/opt/airflow/dags/weather_etl_dag.py                           1           0  0.30s           2026-06-17T12:07:50
================================================================================
[2026-06-17T12:08:26.960+0000] {manager.py:878} INFO - 
================================================================================
DAG File Processing Stats

File Path                             PID    Runtime      # DAGs    # Errors  Last Runtime    Last Run
------------------------------------  -----  ---------  --------  ----------  --------------  -------------------
/opt/airflow/dags/weather_etl_dag.py                           1           0  0.21s           2026-06-17T12:08:23
================================================================================
[2026-06-17T12:09:00.491+0000] {manager.py:878} INFO - 
================================================================================
DAG File Processing Stats

File Path                             PID    Runtime      # DAGs    # Errors  Last Runtime    Last Run
------------------------------------  -----  ---------  --------  ----------  --------------  -------------------
/opt/airflow/dags/weather_etl_dag.py                           1           0  0.17s           2026-06-17T12:08:54
================================================================================
[2026-06-17T12:09:33.767+0000] {manager.py:878} INFO - 
================================================================================
DAG File Processing Stats

File Path                             PID    Runtime      # DAGs    # Errors  Last Runtime    Last Run
------------------------------------  -----  ---------  --------  ----------  --------------  -------------------
/opt/airflow/dags/weather_etl_dag.py                           1           0  0.17s           2026-06-17T12:09:25
================================================================================
[2026-06-17T12:10:06.815+0000] {manager.py:878} INFO - 
================================================================================
DAG File Processing Stats

File Path                             PID    Runtime      # DAGs    # Errors  Last Runtime    Last Run
------------------------------------  -----  ---------  --------  ----------  --------------  -------------------
/opt/airflow/dags/weather_etl_dag.py                           1           0  0.29s           2026-06-17T12:09:58
================================================================================
[2026-06-17T12:10:39.840+0000] {manager.py:878} INFO - 
================================================================================
DAG File Processing Stats

File Path                             PID    Runtime      # DAGs    # Errors  Last Runtime    Last Run
------------------------------------  -----  ---------  --------  ----------  --------------  -------------------
/opt/airflow/dags/weather_etl_dag.py                           1           0  0.31s           2026-06-17T12:10:30
================================================================================
[2026-06-17T12:11:12.596+0000] {manager.py:878} INFO - 
================================================================================
DAG File Processing Stats

File Path                             PID    Runtime      # DAGs    # Errors  Last Runtime    Last Run
------------------------------------  -----  ---------  --------  ----------  --------------  -------------------
/opt/airflow/dags/weather_etl_dag.py                           1           0  0.25s           2026-06-17T12:11:03
================================================================================
[2026-06-17T12:11:43.894+0000] {manager.py:878} INFO - 
================================================================================
DAG File Processing Stats

File Path                             PID    Runtime      # DAGs    # Errors  Last Runtime    Last Run
------------------------------------  -----  ---------  --------  ----------  --------------  -------------------
/opt/airflow/dags/weather_etl_dag.py                           1           0  0.24s           2026-06-17T12:11:34
================================================================================
[2026-06-17T12:12:15.100+0000] {manager.py:878} INFO - 
================================================================================
DAG File Processing Stats

File Path                             PID    Runtime      # DAGs    # Errors  Last Runtime    Last Run
------------------------------------  -----  ---------  --------  ----------  --------------  -------------------
/opt/airflow/dags/weather_etl_dag.py                           1           0  0.29s           2026-06-17T12:12:06
================================================================================
[2026-06-17T12:12:48.347+0000] {manager.py:878} INFO - 
================================================================================
DAG File Processing Stats

File Path                             PID    Runtime      # DAGs    # Errors  Last Runtime    Last Run
------------------------------------  -----  ---------  --------  ----------  --------------  -------------------
/opt/airflow/dags/weather_etl_dag.py                           1           0  0.41s           2026-06-17T12:12:38
================================================================================
[2026-06-17T12:12:55.619+0000] {manager.py:737} INFO - Searching for files in /opt/airflow/dags
[2026-06-17T12:12:55.648+0000] {manager.py:740} INFO - There are 1 files in /opt/airflow/dags
[2026-06-17T12:13:21.434+0000] {manager.py:878} INFO - 
================================================================================
DAG File Processing Stats

File Path                               PID  Runtime      # DAGs    # Errors  Last Runtime    Last Run
------------------------------------  -----  ---------  --------  ----------  --------------  -------------------
/opt/airflow/dags/weather_etl_dag.py   1043  0.01s             1           0  0.51s           2026-06-17T12:13:11
================================================================================
[2026-06-17T12:13:54.743+0000] {manager.py:878} INFO - 
================================================================================
DAG File Processing Stats

File Path                             PID    Runtime      # DAGs    # Errors  Last Runtime    Last Run
------------------------------------  -----  ---------  --------  ----------  --------------  -------------------
/opt/airflow/dags/weather_etl_dag.py                           1           0  0.25s           2026-06-17T12:13:53
================================================================================
[2026-06-17T12:14:26.080+0000] {manager.py:878} INFO - 
================================================================================
DAG File Processing Stats

File Path                             PID    Runtime      # DAGs    # Errors  Last Runtime    Last Run
------------------------------------  -----  ---------  --------  ----------  --------------  -------------------
/opt/airflow/dags/weather_etl_dag.py                           1           0  0.24s           2026-06-17T12:14:25
================================================================================
[2026-06-17T12:14:57.378+0000] {manager.py:878} INFO - 
================================================================================
DAG File Processing Stats

File Path                             PID    Runtime      # DAGs    # Errors  Last Runtime    Last Run
------------------------------------  -----  ---------  --------  ----------  --------------  -------------------
/opt/airflow/dags/weather_etl_dag.py                           1           0  0.17s           2026-06-17T12:14:56
================================================================================
[2026-06-17T12:15:28.512+0000] {manager.py:878} INFO - 
================================================================================
DAG File Processing Stats

File Path                             PID    Runtime      # DAGs    # Errors  Last Runtime    Last Run
------------------------------------  -----  ---------  --------  ----------  --------------  -------------------
/opt/airflow/dags/weather_etl_dag.py                           1           0  0.21s           2026-06-17T12:15:27
================================================================================
[2026-06-17T12:16:01.640+0000] {manager.py:878} INFO - 
================================================================================
DAG File Processing Stats

File Path                             PID    Runtime      # DAGs    # Errors  Last Runtime    Last Run
------------------------------------  -----  ---------  --------  ----------  --------------  -------------------
/opt/airflow/dags/weather_etl_dag.py                           1           0  0.18s           2026-06-17T12:15:58
================================================================================
[2026-06-17T12:16:34.769+0000] {manager.py:878} INFO - 
================================================================================
DAG File Processing Stats

File Path                             PID    Runtime      # DAGs    # Errors  Last Runtime    Last Run
------------------------------------  -----  ---------  --------  ----------  --------------  -------------------
/opt/airflow/dags/weather_etl_dag.py                           1           0  1.05s           2026-06-17T12:16:32
================================================================================
[2026-06-17T12:17:07.648+0000] {manager.py:878} INFO - 
================================================================================
DAG File Processing Stats

File Path                             PID    Runtime      # DAGs    # Errors  Last Runtime    Last Run
------------------------------------  -----  ---------  --------  ----------  --------------  -------------------
/opt/airflow/dags/weather_etl_dag.py                           1           0  0.32s           2026-06-17T12:17:04
================================================================================
[2026-06-17T12:17:40.861+0000] {manager.py:878} INFO - 
================================================================================
DAG File Processing Stats

File Path                             PID    Runtime      # DAGs    # Errors  Last Runtime    Last Run
------------------------------------  -----  ---------  --------  ----------  --------------  -------------------
/opt/airflow/dags/weather_etl_dag.py                           1           0  0.49s           2026-06-17T12:17:37
================================================================================
[2026-06-17T12:17:56.177+0000] {manager.py:737} INFO - Searching for files in /opt/airflow/dags
[2026-06-17T12:17:56.247+0000] {manager.py:740} INFO - There are 1 files in /opt/airflow/dags
[2026-06-17T12:18:13.750+0000] {manager.py:878} INFO - 
================================================================================
DAG File Processing Stats

File Path                             PID    Runtime      # DAGs    # Errors  Last Runtime    Last Run
------------------------------------  -----  ---------  --------  ----------  --------------  -------------------
/opt/airflow/dags/weather_etl_dag.py                           1           0  0.23s           2026-06-17T12:18:09
================================================================================
[2026-06-17T12:18:44.644+0000] {manager.py:878} INFO - 
================================================================================
DAG File Processing Stats

File Path                             PID    Runtime      # DAGs    # Errors  Last Runtime    Last Run
------------------------------------  -----  ---------  --------  ----------  --------------  -------------------
/opt/airflow/dags/weather_etl_dag.py                           1           0  0.41s           2026-06-17T12:18:41
================================================================================
[2026-06-17T12:19:15.436+0000] {manager.py:878} INFO - 
================================================================================
DAG File Processing Stats

File Path                             PID    Runtime      # DAGs    # Errors  Last Runtime    Last Run
------------------------------------  -----  ---------  --------  ----------  --------------  -------------------
/opt/airflow/dags/weather_etl_dag.py                           1           0  0.19s           2026-06-17T12:19:12
================================================================================
[2026-06-17T12:19:48.247+0000] {manager.py:878} INFO - 
================================================================================
DAG File Processing Stats

File Path                             PID    Runtime      # DAGs    # Errors  Last Runtime    Last Run
------------------------------------  -----  ---------  --------  ----------  --------------  -------------------
/opt/airflow/dags/weather_etl_dag.py                           1           0  0.19s           2026-06-17T12:19:44
================================================================================
[2026-06-17T12:20:21.252+0000] {manager.py:878} INFO - 
================================================================================
DAG File Processing Stats

File Path                             PID    Runtime      # DAGs    # Errors  Last Runtime    Last Run
------------------------------------  -----  ---------  --------  ----------  --------------  -------------------
/opt/airflow/dags/weather_etl_dag.py                           1           0  0.29s           2026-06-17T12:20:17
================================================================================
[2026-06-17T12:20:54.237+0000] {manager.py:878} INFO - 
================================================================================
DAG File Processing Stats

File Path                             PID    Runtime      # DAGs    # Errors  Last Runtime    Last Run
------------------------------------  -----  ---------  --------  ----------  --------------  -------------------
/opt/airflow/dags/weather_etl_dag.py                           1           0  0.17s           2026-06-17T12:20:49
================================================================================
[2026-06-17T12:21:27.451+0000] {manager.py:878} INFO - 
================================================================================
DAG File Processing Stats

File Path                             PID    Runtime      # DAGs    # Errors  Last Runtime    Last Run
------------------------------------  -----  ---------  --------  ----------  --------------  -------------------
/opt/airflow/dags/weather_etl_dag.py                           1           0  0.19s           2026-06-17T12:21:21
================================================================================
[2026-06-17T12:22:00.736+0000] {manager.py:878} INFO - 
================================================================================
DAG File Processing Stats

File Path                             PID    Runtime      # DAGs    # Errors  Last Runtime    Last Run
------------------------------------  -----  ---------  --------  ----------  --------------  -------------------
/opt/airflow/dags/weather_etl_dag.py                           1           0  0.14s           2026-06-17T12:21:54
================================================================================
[2026-06-17T12:22:33.672+0000] {manager.py:878} INFO - 
================================================================================
DAG File Processing Stats

File Path                             PID    Runtime      # DAGs    # Errors  Last Runtime    Last Run
------------------------------------  -----  ---------  --------  ----------  --------------  -------------------
/opt/airflow/dags/weather_etl_dag.py                           1           0  0.31s           2026-06-17T12:22:27
================================================================================
[2026-06-17T12:22:56.392+0000] {manager.py:737} INFO - Searching for files in /opt/airflow/dags
[2026-06-17T12:22:56.419+0000] {manager.py:740} INFO - There are 1 files in /opt/airflow/dags
[2026-06-17T12:23:04.685+0000] {manager.py:878} INFO - 
================================================================================
DAG File Processing Stats

File Path                             PID    Runtime      # DAGs    # Errors  Last Runtime    Last Run
------------------------------------  -----  ---------  --------  ----------  --------------  -------------------
/opt/airflow/dags/weather_etl_dag.py                           1           0  0.16s           2026-06-17T12:22:58
================================================================================
[2026-06-17T12:23:35.758+0000] {manager.py:878} INFO - 
================================================================================
DAG File Processing Stats

File Path                             PID    Runtime      # DAGs    # Errors  Last Runtime    Last Run
------------------------------------  -----  ---------  --------  ----------  --------------  -------------------
/opt/airflow/dags/weather_etl_dag.py                           1           0  0.15s           2026-06-17T12:23:29
================================================================================
[2026-06-17T12:24:07.483+0000] {manager.py:878} INFO - 
================================================================================
DAG File Processing Stats

File Path                             PID    Runtime      # DAGs    # Errors  Last Runtime    Last Run
------------------------------------  -----  ---------  --------  ----------  --------------  -------------------
/opt/airflow/dags/weather_etl_dag.py                           1           0  0.14s           2026-06-17T12:24:00
================================================================================
[2026-06-17T12:24:40.321+0000] {manager.py:878} INFO - 
================================================================================
DAG File Processing Stats

File Path                             PID    Runtime      # DAGs    # Errors  Last Runtime    Last Run
------------------------------------  -----  ---------  --------  ----------  --------------  -------------------
/opt/airflow/dags/weather_etl_dag.py                           1           0  0.28s           2026-06-17T12:24:33
================================================================================
[2026-06-17T12:25:13.372+0000] {manager.py:878} INFO - 
================================================================================
DAG File Processing Stats

File Path                             PID    Runtime      # DAGs    # Errors  Last Runtime    Last Run
------------------------------------  -----  ---------  --------  ----------  --------------  -------------------
/opt/airflow/dags/weather_etl_dag.py                           1           0  0.16s           2026-06-17T12:25:05
================================================================================
[2026-06-17T12:25:46.612+0000] {manager.py:878} INFO - 
================================================================================
DAG File Processing Stats

File Path                             PID    Runtime      # DAGs    # Errors  Last Runtime    Last Run
------------------------------------  -----  ---------  --------  ----------  --------------  -------------------
/opt/airflow/dags/weather_etl_dag.py                           1           0  0.14s           2026-06-17T12:25:37
================================================================================
[2026-06-17T12:26:21.847+0000] {manager.py:878} INFO - 
================================================================================
DAG File Processing Stats

File Path                             PID    Runtime      # DAGs    # Errors  Last Runtime    Last Run
------------------------------------  -----  ---------  --------  ----------  --------------  -------------------
/opt/airflow/dags/weather_etl_dag.py                           1           0  0.16s           2026-06-17T12:26:12
================================================================================
[2026-06-17T12:26:52.608+0000] {manager.py:878} INFO - 
================================================================================
DAG File Processing Stats

File Path                             PID    Runtime      # DAGs    # Errors  Last Runtime    Last Run
------------------------------------  -----  ---------  --------  ----------  --------------  -------------------
/opt/airflow/dags/weather_etl_dag.py                           1           0  0.33s           2026-06-17T12:26:44
================================================================================
[2026-06-17T12:55:58.458+0000] {manager.py:737} INFO - Searching for files in /opt/airflow/dags
[2026-06-17T12:56:00.767+0000] {manager.py:740} INFO - There are 1 files in /opt/airflow/dags
[2026-06-17T12:56:02.030+0000] {manager.py:878} INFO - 
================================================================================
DAG File Processing Stats

File Path                               PID  Runtime      # DAGs    # Errors  Last Runtime    Last Run
------------------------------------  -----  ---------  --------  ----------  --------------  -------------------
/opt/airflow/dags/weather_etl_dag.py   1438  0.01s             1           0  0.28s           2026-06-17T12:27:15
================================================================================
[2026-06-17T12:59:56.490+0000] {manager.py:878} INFO - 
================================================================================
DAG File Processing Stats

File Path                             PID    Runtime      # DAGs    # Errors  Last Runtime    Last Run
------------------------------------  -----  ---------  --------  ----------  --------------  -------------------
/opt/airflow/dags/weather_etl_dag.py                           1           0  0.53s           2026-06-17T12:59:52
================================================================================
[2026-06-17T13:00:27.550+0000] {manager.py:878} INFO - 
================================================================================
DAG File Processing Stats

File Path                             PID    Runtime      # DAGs    # Errors  Last Runtime    Last Run
------------------------------------  -----  ---------  --------  ----------  --------------  -------------------
/opt/airflow/dags/weather_etl_dag.py                           1           0  0.46s           2026-06-17T13:00:24
================================================================================
[2026-06-17T13:00:59.043+0000] {manager.py:737} INFO - Searching for files in /opt/airflow/dags
[2026-06-17T13:00:59.411+0000] {manager.py:740} INFO - There are 1 files in /opt/airflow/dags
[2026-06-17T13:01:00.473+0000] {manager.py:878} INFO - 
================================================================================
DAG File Processing Stats

File Path                             PID    Runtime      # DAGs    # Errors  Last Runtime    Last Run
------------------------------------  -----  ---------  --------  ----------  --------------  -------------------
/opt/airflow/dags/weather_etl_dag.py                           1           0  1.91s           2026-06-17T13:00:59
================================================================================
[2026-06-17T13:01:31.003+0000] {manager.py:878} INFO - 
================================================================================
DAG File Processing Stats

File Path                             PID    Runtime      # DAGs    # Errors  Last Runtime    Last Run
------------------------------------  -----  ---------  --------  ----------  --------------  -------------------
/opt/airflow/dags/weather_etl_dag.py                           1           0  1.30s           2026-06-17T13:01:22
================================================================================
[2026-06-17T13:02:03.889+0000] {manager.py:878} INFO - 
================================================================================
DAG File Processing Stats

File Path                             PID    Runtime      # DAGs    # Errors  Last Runtime    Last Run
------------------------------------  -----  ---------  --------  ----------  --------------  -------------------
/opt/airflow/dags/weather_etl_dag.py                           1           0  0.34s           2026-06-17T13:01:55
================================================================================
[2026-06-17T13:02:36.745+0000] {manager.py:878} INFO - 
================================================================================
DAG File Processing Stats

File Path                             PID    Runtime      # DAGs    # Errors  Last Runtime    Last Run
------------------------------------  -----  ---------  --------  ----------  --------------  -------------------
/opt/airflow/dags/weather_etl_dag.py                           1           0  1.45s           2026-06-17T13:02:33
================================================================================
[2026-06-17T13:03:09.642+0000] {manager.py:878} INFO - 
================================================================================
DAG File Processing Stats

File Path                               PID  Runtime      # DAGs    # Errors  Last Runtime    Last Run
------------------------------------  -----  ---------  --------  ----------  --------------  -------------------
/opt/airflow/dags/weather_etl_dag.py   1538  0.02s             1           0  2.84s           2026-06-17T13:02:58
================================================================================
[2026-06-17T13:03:43.011+0000] {manager.py:878} INFO - 
================================================================================
DAG File Processing Stats

File Path                             PID    Runtime      # DAGs    # Errors  Last Runtime    Last Run
------------------------------------  -----  ---------  --------  ----------  --------------  -------------------
/opt/airflow/dags/weather_etl_dag.py                           1           0  0.22s           2026-06-17T13:03:42
================================================================================
[2026-06-17T13:04:14.236+0000] {manager.py:878} INFO - 
================================================================================
DAG File Processing Stats

File Path                             PID    Runtime      # DAGs    # Errors  Last Runtime    Last Run
------------------------------------  -----  ---------  --------  ----------  --------------  -------------------
/opt/airflow/dags/weather_etl_dag.py                           1           0  0.32s           2026-06-17T13:04:13
================================================================================
[2026-06-17T13:04:45.248+0000] {manager.py:878} INFO - 
================================================================================
DAG File Processing Stats

File Path                             PID    Runtime      # DAGs    # Errors  Last Runtime    Last Run
------------------------------------  -----  ---------  --------  ----------  --------------  -------------------
/opt/airflow/dags/weather_etl_dag.py                           1           0  0.29s           2026-06-17T13:04:45
================================================================================
[2026-06-17T13:05:18.560+0000] {manager.py:878} INFO - 
================================================================================
DAG File Processing Stats

File Path                             PID    Runtime      # DAGs    # Errors  Last Runtime    Last Run
------------------------------------  -----  ---------  --------  ----------  --------------  -------------------
/opt/airflow/dags/weather_etl_dag.py                           1           0  0.21s           2026-06-17T13:05:16
================================================================================
[2026-06-17T13:05:52.063+0000] {manager.py:878} INFO - 
================================================================================
DAG File Processing Stats

File Path                             PID    Runtime      # DAGs    # Errors  Last Runtime    Last Run
------------------------------------  -----  ---------  --------  ----------  --------------  -------------------
/opt/airflow/dags/weather_etl_dag.py                           1           0  0.31s           2026-06-17T13:05:48
================================================================================
[2026-06-17T13:05:59.183+0000] {manager.py:737} INFO - Searching for files in /opt/airflow/dags
[2026-06-17T13:05:59.223+0000] {manager.py:740} INFO - There are 1 files in /opt/airflow/dags
[2026-06-17T13:06:25.266+0000] {manager.py:878} INFO - 
================================================================================
DAG File Processing Stats

File Path                             PID    Runtime      # DAGs    # Errors  Last Runtime    Last Run
------------------------------------  -----  ---------  --------  ----------  --------------  -------------------
/opt/airflow/dags/weather_etl_dag.py                           1           0  0.23s           2026-06-17T13:06:19
================================================================================
[2026-06-17T13:06:58.919+0000] {manager.py:878} INFO - 
================================================================================
DAG File Processing Stats

File Path                             PID    Runtime      # DAGs    # Errors  Last Runtime    Last Run
------------------------------------  -----  ---------  --------  ----------  --------------  -------------------
/opt/airflow/dags/weather_etl_dag.py                           1           0  0.25s           2026-06-17T13:06:50
================================================================================
[2026-06-17T13:07:31.676+0000] {manager.py:878} INFO - 
================================================================================
DAG File Processing Stats

File Path                             PID    Runtime      # DAGs    # Errors  Last Runtime    Last Run
------------------------------------  -----  ---------  --------  ----------  --------------  -------------------
/opt/airflow/dags/weather_etl_dag.py                           1           0  0.60s           2026-06-17T13:07:23
================================================================================
[2026-06-17T13:08:03.129+0000] {manager.py:878} INFO - 
================================================================================
DAG File Processing Stats

File Path                             PID    Runtime      # DAGs    # Errors  Last Runtime    Last Run
------------------------------------  -----  ---------  --------  ----------  --------------  -------------------
/opt/airflow/dags/weather_etl_dag.py                           1           0  0.36s           2026-06-17T13:07:55
================================================================================
[2026-06-17T13:08:34.449+0000] {manager.py:878} INFO - 
================================================================================
DAG File Processing Stats

File Path                             PID    Runtime      # DAGs    # Errors  Last Runtime    Last Run
------------------------------------  -----  ---------  --------  ----------  --------------  -------------------
/opt/airflow/dags/weather_etl_dag.py                           1           0  0.36s           2026-06-17T13:08:27
================================================================================
[2026-06-17T13:09:05.599+0000] {manager.py:878} INFO - 
================================================================================
DAG File Processing Stats

File Path                             PID    Runtime      # DAGs    # Errors  Last Runtime    Last Run
------------------------------------  -----  ---------  --------  ----------  --------------  -------------------
/opt/airflow/dags/weather_etl_dag.py                           1           0  0.40s           2026-06-17T13:08:59
================================================================================
[2026-06-17T13:09:38.857+0000] {manager.py:878} INFO - 
================================================================================
DAG File Processing Stats

File Path                             PID    Runtime      # DAGs    # Errors  Last Runtime    Last Run
------------------------------------  -----  ---------  --------  ----------  --------------  -------------------
/opt/airflow/dags/weather_etl_dag.py                           1           0  0.23s           2026-06-17T13:09:31
================================================================================
[2026-06-17T13:10:11.854+0000] {manager.py:878} INFO - 
================================================================================
DAG File Processing Stats

File Path                             PID    Runtime      # DAGs    # Errors  Last Runtime    Last Run
------------------------------------  -----  ---------  --------  ----------  --------------  -------------------
/opt/airflow/dags/weather_etl_dag.py                           1           0  0.54s           2026-06-17T13:10:02
================================================================================
[2026-06-17T13:10:45.387+0000] {manager.py:878} INFO - 
================================================================================
DAG File Processing Stats

File Path                               PID  Runtime      # DAGs    # Errors  Last Runtime    Last Run
------------------------------------  -----  ---------  --------  ----------  --------------  -------------------
/opt/airflow/dags/weather_etl_dag.py   1753  0.02s             1           0  0.56s           2026-06-17T13:10:35
================================================================================
[2026-06-17T13:10:59.798+0000] {manager.py:737} INFO - Searching for files in /opt/airflow/dags
[2026-06-17T13:11:01.759+0000] {manager.py:740} INFO - There are 1 files in /opt/airflow/dags
[2026-06-17T13:11:18.459+0000] {manager.py:878} INFO - 
================================================================================
DAG File Processing Stats

File Path                             PID    Runtime      # DAGs    # Errors  Last Runtime    Last Run
------------------------------------  -----  ---------  --------  ----------  --------------  -------------------
/opt/airflow/dags/weather_etl_dag.py                           1           0  1.35s           2026-06-17T13:11:10
================================================================================
[2026-06-17T13:11:49.152+0000] {manager.py:878} INFO - 
================================================================================
DAG File Processing Stats

File Path                             PID    Runtime      # DAGs    # Errors  Last Runtime    Last Run
------------------------------------  -----  ---------  --------  ----------  --------------  -------------------
/opt/airflow/dags/weather_etl_dag.py                           1           0  0.60s           2026-06-17T13:11:45
================================================================================
[2026-06-17T13:12:22.592+0000] {manager.py:878} INFO - 
================================================================================
DAG File Processing Stats

File Path                             PID    Runtime      # DAGs    # Errors  Last Runtime    Last Run
------------------------------------  -----  ---------  --------  ----------  --------------  -------------------
/opt/airflow/dags/weather_etl_dag.py                           1           0  0.46s           2026-06-17T13:12:16
================================================================================
[2026-06-17T13:12:55.384+0000] {manager.py:878} INFO - 
================================================================================
DAG File Processing Stats

File Path                             PID    Runtime      # DAGs    # Errors  Last Runtime    Last Run
------------------------------------  -----  ---------  --------  ----------  --------------  -------------------
/opt/airflow/dags/weather_etl_dag.py                           1           0  0.40s           2026-06-17T13:12:48
================================================================================
[2026-06-17T13:13:28.659+0000] {manager.py:878} INFO - 
================================================================================
DAG File Processing Stats

File Path                             PID    Runtime      # DAGs    # Errors  Last Runtime    Last Run
------------------------------------  -----  ---------  --------  ----------  --------------  -------------------
/opt/airflow/dags/weather_etl_dag.py                           1           0  0.34s           2026-06-17T13:13:19
================================================================================
[2026-06-17T13:14:01.702+0000] {manager.py:878} INFO - 
================================================================================
DAG File Processing Stats

File Path                               PID  Runtime      # DAGs    # Errors  Last Runtime    Last Run
------------------------------------  -----  ---------  --------  ----------  --------------  -------------------
/opt/airflow/dags/weather_etl_dag.py   1843  0.01s             1           0  0.47s           2026-06-17T13:13:51
================================================================================
[2026-06-17T13:14:32.888+0000] {manager.py:878} INFO - 
================================================================================
DAG File Processing Stats

File Path                             PID    Runtime      # DAGs    # Errors  Last Runtime    Last Run
------------------------------------  -----  ---------  --------  ----------  --------------  -------------------
/opt/airflow/dags/weather_etl_dag.py                           1           0  1.05s           2026-06-17T13:14:23
================================================================================
[2026-06-17T13:15:03.898+0000] {manager.py:878} INFO - 
================================================================================
DAG File Processing Stats

File Path                             PID    Runtime      # DAGs    # Errors  Last Runtime    Last Run
------------------------------------  -----  ---------  --------  ----------  --------------  -------------------
/opt/airflow/dags/weather_etl_dag.py                           1           0  0.25s           2026-06-17T13:14:55
================================================================================
[2026-06-17T13:15:37.209+0000] {manager.py:878} INFO - 
================================================================================
DAG File Processing Stats

File Path                             PID    Runtime      # DAGs    # Errors  Last Runtime    Last Run
------------------------------------  -----  ---------  --------  ----------  --------------  -------------------
/opt/airflow/dags/weather_etl_dag.py                           1           0  0.25s           2026-06-17T13:15:27
================================================================================
[2026-06-17T13:15:59.972+0000] {manager.py:737} INFO - Searching for files in /opt/airflow/dags
[2026-06-17T13:16:00.007+0000] {manager.py:740} INFO - There are 1 files in /opt/airflow/dags
[2026-06-17T13:16:10.106+0000] {manager.py:878} INFO - 
================================================================================
DAG File Processing Stats

File Path                             PID    Runtime      # DAGs    # Errors  Last Runtime    Last Run
------------------------------------  -----  ---------  --------  ----------  --------------  -------------------
/opt/airflow/dags/weather_etl_dag.py                           1           0  0.22s           2026-06-17T13:16:09
================================================================================
[2026-06-17T13:16:43.523+0000] {manager.py:878} INFO - 
================================================================================
DAG File Processing Stats

File Path                             PID    Runtime      # DAGs    # Errors  Last Runtime    Last Run
------------------------------------  -----  ---------  --------  ----------  --------------  -------------------
/opt/airflow/dags/weather_etl_dag.py                           1           0  0.20s           2026-06-17T13:16:40
================================================================================
[2026-06-17T13:17:16.944+0000] {manager.py:878} INFO - 
================================================================================
DAG File Processing Stats

File Path                             PID    Runtime      # DAGs    # Errors  Last Runtime    Last Run
------------------------------------  -----  ---------  --------  ----------  --------------  -------------------
/opt/airflow/dags/weather_etl_dag.py                           1           0  0.20s           2026-06-17T13:17:12
================================================================================
[2026-06-17T13:17:50.339+0000] {manager.py:878} INFO - 
================================================================================
DAG File Processing Stats

File Path                             PID    Runtime      # DAGs    # Errors  Last Runtime    Last Run
------------------------------------  -----  ---------  --------  ----------  --------------  -------------------
/opt/airflow/dags/weather_etl_dag.py                           1           0  0.29s           2026-06-17T13:17:44
================================================================================
[2026-06-17T13:18:21.256+0000] {manager.py:878} INFO - 
================================================================================
DAG File Processing Stats

File Path                             PID    Runtime      # DAGs    # Errors  Last Runtime    Last Run
------------------------------------  -----  ---------  --------  ----------  --------------  -------------------
/opt/airflow/dags/weather_etl_dag.py                           1           0  0.50s           2026-06-17T13:18:16
================================================================================
[2026-06-17T13:18:53.045+0000] {manager.py:878} INFO - 
================================================================================
DAG File Processing Stats

File Path                             PID    Runtime      # DAGs    # Errors  Last Runtime    Last Run
------------------------------------  -----  ---------  --------  ----------  --------------  -------------------
/opt/airflow/dags/weather_etl_dag.py                           1           0  0.22s           2026-06-17T13:18:47
================================================================================
[2026-06-17T13:19:26.456+0000] {manager.py:878} INFO - 
================================================================================
DAG File Processing Stats

File Path                             PID    Runtime      # DAGs    # Errors  Last Runtime    Last Run
------------------------------------  -----  ---------  --------  ----------  --------------  -------------------
/opt/airflow/dags/weather_etl_dag.py                           1           0  0.37s           2026-06-17T13:19:18
================================================================================
[2026-06-17T13:19:59.277+0000] {manager.py:878} INFO - 
================================================================================
DAG File Processing Stats

File Path                             PID    Runtime      # DAGs    # Errors  Last Runtime    Last Run
------------------------------------  -----  ---------  --------  ----------  --------------  -------------------
/opt/airflow/dags/weather_etl_dag.py                           1           0  0.24s           2026-06-17T13:19:51
================================================================================
[2026-06-17T13:20:32.237+0000] {manager.py:878} INFO - 
================================================================================
DAG File Processing Stats

File Path                             PID    Runtime      # DAGs    # Errors  Last Runtime    Last Run
------------------------------------  -----  ---------  --------  ----------  --------------  -------------------
/opt/airflow/dags/weather_etl_dag.py                           1           0  0.29s           2026-06-17T13:20:24
================================================================================
[2026-06-17T13:21:00.449+0000] {manager.py:737} INFO - Searching for files in /opt/airflow/dags
[2026-06-17T13:21:00.493+0000] {manager.py:740} INFO - There are 1 files in /opt/airflow/dags
[2026-06-17T13:21:05.624+0000] {manager.py:878} INFO - 
================================================================================
DAG File Processing Stats

File Path                             PID    Runtime      # DAGs    # Errors  Last Runtime    Last Run
------------------------------------  -----  ---------  --------  ----------  --------------  -------------------
/opt/airflow/dags/weather_etl_dag.py                           1           0  0.25s           2026-06-17T13:20:56
================================================================================
[2026-06-17T13:21:38.610+0000] {manager.py:878} INFO - 
================================================================================
DAG File Processing Stats

File Path                             PID    Runtime      # DAGs    # Errors  Last Runtime    Last Run
------------------------------------  -----  ---------  --------  ----------  --------------  -------------------
/opt/airflow/dags/weather_etl_dag.py                           1           0  0.45s           2026-06-17T13:21:29
================================================================================
[2026-06-17T13:22:09.969+0000] {manager.py:878} INFO - 
================================================================================
DAG File Processing Stats

File Path                             PID    Runtime      # DAGs    # Errors  Last Runtime    Last Run
------------------------------------  -----  ---------  --------  ----------  --------------  -------------------
/opt/airflow/dags/weather_etl_dag.py                           1           0  0.31s           2026-06-17T13:22:01
================================================================================
[2026-06-17T13:22:40.615+0000] {manager.py:878} INFO - 
================================================================================
DAG File Processing Stats

File Path                             PID    Runtime      # DAGs    # Errors  Last Runtime    Last Run
------------------------------------  -----  ---------  --------  ----------  --------------  -------------------
/opt/airflow/dags/weather_etl_dag.py                           1           0  0.53s           2026-06-17T13:22:33
================================================================================
[2026-06-17T13:23:13.443+0000] {manager.py:878} INFO - 
================================================================================
DAG File Processing Stats

File Path                             PID    Runtime      # DAGs    # Errors  Last Runtime    Last Run
------------------------------------  -----  ---------  --------  ----------  --------------  -------------------
/opt/airflow/dags/weather_etl_dag.py                           1           0  0.35s           2026-06-17T13:23:04
================================================================================
[2026-06-17T13:23:46.292+0000] {manager.py:878} INFO - 
================================================================================
DAG File Processing Stats

File Path                               PID  Runtime      # DAGs    # Errors  Last Runtime    Last Run
------------------------------------  -----  ---------  --------  ----------  --------------  -------------------
/opt/airflow/dags/weather_etl_dag.py   2118  0.01s             1           0  0.28s           2026-06-17T13:23:36
================================================================================
[2026-06-17T13:24:19.028+0000] {manager.py:878} INFO - 
================================================================================
DAG File Processing Stats

File Path                               PID  Runtime      # DAGs    # Errors  Last Runtime    Last Run
------------------------------------  -----  ---------  --------  ----------  --------------  -------------------
/opt/airflow/dags/weather_etl_dag.py   2133  0.01s             1           0  0.27s           2026-06-17T13:24:08
================================================================================
[2026-06-17T13:24:52.010+0000] {manager.py:878} INFO - 
================================================================================
DAG File Processing Stats

File Path                             PID    Runtime      # DAGs    # Errors  Last Runtime    Last Run
------------------------------------  -----  ---------  --------  ----------  --------------  -------------------
/opt/airflow/dags/weather_etl_dag.py                           1           0  0.41s           2026-06-17T13:24:51
================================================================================
[2026-06-17T13:25:25.152+0000] {manager.py:878} INFO - 
================================================================================
DAG File Processing Stats

File Path                             PID    Runtime      # DAGs    # Errors  Last Runtime    Last Run
------------------------------------  -----  ---------  --------  ----------  --------------  -------------------
/opt/airflow/dags/weather_etl_dag.py                           1           0  0.33s           2026-06-17T13:25:15
================================================================================
[2026-06-17T13:25:56.630+0000] {manager.py:878} INFO - 
================================================================================
DAG File Processing Stats

File Path                             PID    Runtime      # DAGs    # Errors  Last Runtime    Last Run
------------------------------------  -----  ---------  --------  ----------  --------------  -------------------
/opt/airflow/dags/weather_etl_dag.py                           1           0  0.84s           2026-06-17T13:25:47
================================================================================
[2026-06-17T13:26:00.684+0000] {manager.py:737} INFO - Searching for files in /opt/airflow/dags
[2026-06-17T13:26:00.721+0000] {manager.py:740} INFO - There are 1 files in /opt/airflow/dags
[2026-06-17T13:26:27.891+0000] {manager.py:878} INFO - 
================================================================================
DAG File Processing Stats

File Path                             PID    Runtime      # DAGs    # Errors  Last Runtime    Last Run
------------------------------------  -----  ---------  --------  ----------  --------------  -------------------
/opt/airflow/dags/weather_etl_dag.py                           1           0  0.25s           2026-06-17T13:26:19
================================================================================
[2026-06-17T13:27:00.683+0000] {manager.py:878} INFO - 
================================================================================
DAG File Processing Stats

File Path                             PID    Runtime      # DAGs    # Errors  Last Runtime    Last Run
------------------------------------  -----  ---------  --------  ----------  --------------  -------------------
/opt/airflow/dags/weather_etl_dag.py                           1           0  0.28s           2026-06-17T13:26:50
================================================================================
[2026-06-17T13:27:34.098+0000] {manager.py:878} INFO - 
================================================================================
DAG File Processing Stats

File Path                             PID    Runtime      # DAGs    # Errors  Last Runtime    Last Run
------------------------------------  -----  ---------  --------  ----------  --------------  -------------------
/opt/airflow/dags/weather_etl_dag.py                           1           0  0.23s           2026-06-17T13:27:33
================================================================================
[2026-06-17T13:28:06.916+0000] {manager.py:878} INFO - 
================================================================================
DAG File Processing Stats

File Path                             PID    Runtime      # DAGs    # Errors  Last Runtime    Last Run
------------------------------------  -----  ---------  --------  ----------  --------------  -------------------
/opt/airflow/dags/weather_etl_dag.py                           1           0  0.27s           2026-06-17T13:28:04
================================================================================
[2026-06-17T13:28:39.918+0000] {manager.py:878} INFO - 
================================================================================
DAG File Processing Stats

File Path                             PID    Runtime      # DAGs    # Errors  Last Runtime    Last Run
------------------------------------  -----  ---------  --------  ----------  --------------  -------------------
/opt/airflow/dags/weather_etl_dag.py                           1           0  0.63s           2026-06-17T13:28:37
================================================================================
[2026-06-17T13:29:12.758+0000] {manager.py:878} INFO - 
================================================================================
DAG File Processing Stats

File Path                             PID    Runtime      # DAGs    # Errors  Last Runtime    Last Run
------------------------------------  -----  ---------  --------  ----------  --------------  -------------------
/opt/airflow/dags/weather_etl_dag.py                           1           0  0.26s           2026-06-17T13:29:09
================================================================================
[2026-06-17T13:29:44.067+0000] {manager.py:878} INFO - 
================================================================================
DAG File Processing Stats

File Path                             PID    Runtime      # DAGs    # Errors  Last Runtime    Last Run
------------------------------------  -----  ---------  --------  ----------  --------------  -------------------
/opt/airflow/dags/weather_etl_dag.py                           1           0  0.26s           2026-06-17T13:29:41
================================================================================
[2026-06-17T13:30:15.318+0000] {manager.py:878} INFO - 
================================================================================
DAG File Processing Stats

File Path                             PID    Runtime      # DAGs    # Errors  Last Runtime    Last Run
------------------------------------  -----  ---------  --------  ----------  --------------  -------------------
/opt/airflow/dags/weather_etl_dag.py                           1           0  0.37s           2026-06-17T13:30:13
================================================================================
[2026-06-17T13:30:48.197+0000] {manager.py:878} INFO - 
================================================================================
DAG File Processing Stats

File Path                             PID    Runtime      # DAGs    # Errors  Last Runtime    Last Run
------------------------------------  -----  ---------  --------  ----------  --------------  -------------------
/opt/airflow/dags/weather_etl_dag.py                           1           0  0.35s           2026-06-17T13:30:45
================================================================================
[2026-06-17T13:31:01.011+0000] {manager.py:737} INFO - Searching for files in /opt/airflow/dags
[2026-06-17T13:31:01.048+0000] {manager.py:740} INFO - There are 1 files in /opt/airflow/dags
[2026-06-17T13:31:21.416+0000] {manager.py:878} INFO - 
================================================================================
DAG File Processing Stats

File Path                             PID    Runtime      # DAGs    # Errors  Last Runtime    Last Run
------------------------------------  -----  ---------  --------  ----------  --------------  -------------------
/opt/airflow/dags/weather_etl_dag.py                           1           0  0.51s           2026-06-17T13:31:17
================================================================================
[2026-06-17T13:31:54.486+0000] {manager.py:878} INFO - 
================================================================================
DAG File Processing Stats

File Path                             PID    Runtime      # DAGs    # Errors  Last Runtime    Last Run
------------------------------------  -----  ---------  --------  ----------  --------------  -------------------
/opt/airflow/dags/weather_etl_dag.py                           1           0  0.42s           2026-06-17T13:31:49
================================================================================
[2026-06-17T13:32:25.440+0000] {manager.py:878} INFO - 
================================================================================
DAG File Processing Stats

File Path                             PID    Runtime      # DAGs    # Errors  Last Runtime    Last Run
------------------------------------  -----  ---------  --------  ----------  --------------  -------------------
/opt/airflow/dags/weather_etl_dag.py                           1           0  0.34s           2026-06-17T13:32:21
================================================================================
[2026-06-17T13:32:56.668+0000] {manager.py:878} INFO - 
================================================================================
DAG File Processing Stats

File Path                             PID    Runtime      # DAGs    # Errors  Last Runtime    Last Run
------------------------------------  -----  ---------  --------  ----------  --------------  -------------------
/opt/airflow/dags/weather_etl_dag.py                           1           0  0.25s           2026-06-17T13:32:52
================================================================================
[2026-06-17T13:33:29.550+0000] {manager.py:878} INFO - 
================================================================================
DAG File Processing Stats

File Path                             PID    Runtime      # DAGs    # Errors  Last Runtime    Last Run
------------------------------------  -----  ---------  --------  ----------  --------------  -------------------
/opt/airflow/dags/weather_etl_dag.py                           1           0  0.28s           2026-06-17T13:33:24
================================================================================
[2026-06-17T13:34:02.354+0000] {manager.py:878} INFO - 
================================================================================
DAG File Processing Stats

File Path                             PID    Runtime      # DAGs    # Errors  Last Runtime    Last Run
------------------------------------  -----  ---------  --------  ----------  --------------  -------------------
/opt/airflow/dags/weather_etl_dag.py                           1           0  0.40s           2026-06-17T13:33:56
================================================================================
[2026-06-17T13:34:35.595+0000] {manager.py:878} INFO - 
================================================================================
DAG File Processing Stats

File Path                             PID    Runtime      # DAGs    # Errors  Last Runtime    Last Run
------------------------------------  -----  ---------  --------  ----------  --------------  -------------------
/opt/airflow/dags/weather_etl_dag.py                           1           0  0.28s           2026-06-17T13:34:29
================================================================================
[2026-06-17T13:35:08.438+0000] {manager.py:878} INFO - 
================================================================================
DAG File Processing Stats

File Path                             PID    Runtime      # DAGs    # Errors  Last Runtime    Last Run
------------------------------------  -----  ---------  --------  ----------  --------------  -------------------
/opt/airflow/dags/weather_etl_dag.py                           1           0  0.49s           2026-06-17T13:35:02
================================================================================
[2026-06-17T13:35:39.713+0000] {manager.py:878} INFO - 
================================================================================
DAG File Processing Stats

File Path                             PID    Runtime      # DAGs    # Errors  Last Runtime    Last Run
------------------------------------  -----  ---------  --------  ----------  --------------  -------------------
/opt/airflow/dags/weather_etl_dag.py                           1           0  0.29s           2026-06-17T13:35:34
================================================================================
[2026-06-17T13:36:01.594+0000] {manager.py:737} INFO - Searching for files in /opt/airflow/dags
[2026-06-17T13:36:01.631+0000] {manager.py:740} INFO - There are 1 files in /opt/airflow/dags
[2026-06-17T13:36:10.910+0000] {manager.py:878} INFO - 
================================================================================
DAG File Processing Stats

File Path                             PID    Runtime      # DAGs    # Errors  Last Runtime    Last Run
------------------------------------  -----  ---------  --------  ----------  --------------  -------------------
/opt/airflow/dags/weather_etl_dag.py                           1           0  0.23s           2026-06-17T13:36:06
================================================================================
[2026-06-17T13:36:42.115+0000] {manager.py:878} INFO - 
================================================================================
DAG File Processing Stats

File Path                             PID    Runtime      # DAGs    # Errors  Last Runtime    Last Run
------------------------------------  -----  ---------  --------  ----------  --------------  -------------------
/opt/airflow/dags/weather_etl_dag.py                           1           0  0.26s           2026-06-17T13:36:37
================================================================================
[2026-06-17T13:37:15.188+0000] {manager.py:878} INFO - 
================================================================================
DAG File Processing Stats

File Path                             PID    Runtime      # DAGs    # Errors  Last Runtime    Last Run
------------------------------------  -----  ---------  --------  ----------  --------------  -------------------
/opt/airflow/dags/weather_etl_dag.py                           1           0  0.33s           2026-06-17T13:37:09
================================================================================
[2026-06-17T13:37:48.448+0000] {manager.py:878} INFO - 
================================================================================
DAG File Processing Stats

File Path                             PID    Runtime      # DAGs    # Errors  Last Runtime    Last Run
------------------------------------  -----  ---------  --------  ----------  --------------  -------------------
/opt/airflow/dags/weather_etl_dag.py                           1           0  0.45s           2026-06-17T13:37:40
================================================================================
[2026-06-17T13:38:21.209+0000] {manager.py:878} INFO - 
================================================================================
DAG File Processing Stats

File Path                             PID    Runtime      # DAGs    # Errors  Last Runtime    Last Run
------------------------------------  -----  ---------  --------  ----------  --------------  -------------------
/opt/airflow/dags/weather_etl_dag.py                           1           0  0.57s           2026-06-17T13:38:13
================================================================================
[2026-06-17T13:38:52.621+0000] {manager.py:878} INFO - 
================================================================================
DAG File Processing Stats

File Path                             PID    Runtime      # DAGs    # Errors  Last Runtime    Last Run
------------------------------------  -----  ---------  --------  ----------  --------------  -------------------
/opt/airflow/dags/weather_etl_dag.py                           1           0  0.36s           2026-06-17T13:38:45
================================================================================
[2026-06-17T13:39:24.630+0000] {manager.py:878} INFO - 
================================================================================
DAG File Processing Stats

File Path                             PID    Runtime      # DAGs    # Errors  Last Runtime    Last Run
------------------------------------  -----  ---------  --------  ----------  --------------  -------------------
/opt/airflow/dags/weather_etl_dag.py                           1           0  0.30s           2026-06-17T13:39:17
================================================================================
[2026-06-17T13:39:57.431+0000] {manager.py:878} INFO - 
================================================================================
DAG File Processing Stats

File Path                             PID    Runtime      # DAGs    # Errors  Last Runtime    Last Run
------------------------------------  -----  ---------  --------  ----------  --------------  -------------------
/opt/airflow/dags/weather_etl_dag.py                           1           0  0.40s           2026-06-17T13:39:49
================================================================================
[2026-06-17T13:40:30.730+0000] {manager.py:878} INFO - 
================================================================================
DAG File Processing Stats

File Path                             PID    Runtime      # DAGs    # Errors  Last Runtime    Last Run
------------------------------------  -----  ---------  --------  ----------  --------------  -------------------
/opt/airflow/dags/weather_etl_dag.py                           1           0  0.64s           2026-06-17T13:40:20
================================================================================
[2026-06-17T13:41:03.147+0000] {manager.py:737} INFO - Searching for files in /opt/airflow/dags
[2026-06-17T13:41:03.202+0000] {manager.py:740} INFO - There are 1 files in /opt/airflow/dags
[2026-06-17T13:41:03.574+0000] {manager.py:878} INFO - 
================================================================================
DAG File Processing Stats

File Path                             PID    Runtime      # DAGs    # Errors  Last Runtime    Last Run
------------------------------------  -----  ---------  --------  ----------  --------------  -------------------
/opt/airflow/dags/weather_etl_dag.py                           1           0  0.32s           2026-06-17T13:41:03
================================================================================
[2026-06-17T13:41:37.147+0000] {manager.py:878} INFO - 
================================================================================
DAG File Processing Stats

File Path                             PID    Runtime      # DAGs    # Errors  Last Runtime    Last Run
------------------------------------  -----  ---------  --------  ----------  --------------  -------------------
/opt/airflow/dags/weather_etl_dag.py                           1           0  0.35s           2026-06-17T13:41:36
================================================================================
[2026-06-17T13:42:10.801+0000] {manager.py:878} INFO - 
================================================================================
DAG File Processing Stats

File Path                             PID    Runtime      # DAGs    # Errors  Last Runtime    Last Run
------------------------------------  -----  ---------  --------  ----------  --------------  -------------------
/opt/airflow/dags/weather_etl_dag.py                           1           0  0.35s           2026-06-17T13:42:08
================================================================================
[2026-06-17T13:42:41.553+0000] {manager.py:878} INFO - 
================================================================================
DAG File Processing Stats

File Path                             PID    Runtime      # DAGs    # Errors  Last Runtime    Last Run
------------------------------------  -----  ---------  --------  ----------  --------------  -------------------
/opt/airflow/dags/weather_etl_dag.py                           1           0  0.32s           2026-06-17T13:42:40
================================================================================
[2026-06-17T13:43:12.341+0000] {manager.py:878} INFO - 
================================================================================
DAG File Processing Stats

File Path                             PID    Runtime      # DAGs    # Errors  Last Runtime    Last Run
------------------------------------  -----  ---------  --------  ----------  --------------  -------------------
/opt/airflow/dags/weather_etl_dag.py                           1           0  0.41s           2026-06-17T13:43:12
================================================================================
[2026-06-17T13:43:45.331+0000] {manager.py:878} INFO - 
================================================================================
DAG File Processing Stats

File Path                               PID  Runtime      # DAGs    # Errors  Last Runtime    Last Run
------------------------------------  -----  ---------  --------  ----------  --------------  -------------------
/opt/airflow/dags/weather_etl_dag.py   2678  0.01s             1           0  0.40s           2026-06-17T13:43:34
================================================================================
[2026-06-17T13:44:18.147+0000] {manager.py:878} INFO - 
================================================================================
DAG File Processing Stats

File Path                               PID  Runtime      # DAGs    # Errors  Last Runtime    Last Run
------------------------------------  -----  ---------  --------  ----------  --------------  -------------------
/opt/airflow/dags/weather_etl_dag.py   2693  0.09s             1           0  0.36s           2026-06-17T13:44:07
================================================================================
[2026-06-17T13:44:50.998+0000] {manager.py:878} INFO - 
================================================================================
DAG File Processing Stats

File Path                             PID    Runtime      # DAGs    # Errors  Last Runtime    Last Run
------------------------------------  -----  ---------  --------  ----------  --------------  -------------------
/opt/airflow/dags/weather_etl_dag.py                           1           0  0.37s           2026-06-17T13:44:50
================================================================================
[2026-06-17T13:45:24.192+0000] {manager.py:878} INFO - 
================================================================================
DAG File Processing Stats

File Path                             PID    Runtime      # DAGs    # Errors  Last Runtime    Last Run
------------------------------------  -----  ---------  --------  ----------  --------------  -------------------
/opt/airflow/dags/weather_etl_dag.py                           1           0  0.66s           2026-06-17T13:45:22
================================================================================
[2026-06-17T13:45:57.171+0000] {manager.py:878} INFO - 
================================================================================
DAG File Processing Stats

File Path                             PID    Runtime      # DAGs    # Errors  Last Runtime    Last Run
------------------------------------  -----  ---------  --------  ----------  --------------  -------------------
/opt/airflow/dags/weather_etl_dag.py                           1           0  0.42s           2026-06-17T13:45:54
================================================================================
[2026-06-17T13:46:03.216+0000] {manager.py:737} INFO - Searching for files in /opt/airflow/dags
[2026-06-17T13:46:03.261+0000] {manager.py:740} INFO - There are 1 files in /opt/airflow/dags
[2026-06-17T13:46:28.581+0000] {manager.py:878} INFO - 
================================================================================
DAG File Processing Stats

File Path                             PID    Runtime      # DAGs    # Errors  Last Runtime    Last Run
------------------------------------  -----  ---------  --------  ----------  --------------  -------------------
/opt/airflow/dags/weather_etl_dag.py                           1           0  0.46s           2026-06-17T13:46:26
================================================================================
[2026-06-17T13:46:59.467+0000] {manager.py:878} INFO - 
================================================================================
DAG File Processing Stats

File Path                             PID    Runtime      # DAGs    # Errors  Last Runtime    Last Run
------------------------------------  -----  ---------  --------  ----------  --------------  -------------------
/opt/airflow/dags/weather_etl_dag.py                           1           0  0.40s           2026-06-17T13:46:58
================================================================================
[2026-06-17T13:47:32.270+0000] {manager.py:878} INFO - 
================================================================================
DAG File Processing Stats

File Path                             PID    Runtime      # DAGs    # Errors  Last Runtime    Last Run
------------------------------------  -----  ---------  --------  ----------  --------------  -------------------
/opt/airflow/dags/weather_etl_dag.py                           1           0  0.36s           2026-06-17T13:47:30
================================================================================
[2026-06-17T13:48:05.478+0000] {manager.py:878} INFO - 
================================================================================
DAG File Processing Stats

File Path                             PID    Runtime      # DAGs    # Errors  Last Runtime    Last Run
------------------------------------  -----  ---------  --------  ----------  --------------  -------------------
/opt/airflow/dags/weather_etl_dag.py                           1           0  0.33s           2026-06-17T13:48:02
================================================================================
[2026-06-17T13:48:38.444+0000] {manager.py:878} INFO - 
================================================================================
DAG File Processing Stats

File Path                             PID    Runtime      # DAGs    # Errors  Last Runtime    Last Run
------------------------------------  -----  ---------  --------  ----------  --------------  -------------------
/opt/airflow/dags/weather_etl_dag.py                           1           0  0.27s           2026-06-17T13:48:34
================================================================================
[2026-06-17T13:49:11.286+0000] {manager.py:878} INFO - 
================================================================================
DAG File Processing Stats

File Path                             PID    Runtime      # DAGs    # Errors  Last Runtime    Last Run
------------------------------------  -----  ---------  --------  ----------  --------------  -------------------
/opt/airflow/dags/weather_etl_dag.py                           1           0  0.46s           2026-06-17T13:49:06
================================================================================
[2026-06-17T13:49:44.211+0000] {manager.py:878} INFO - 
================================================================================
DAG File Processing Stats

File Path                             PID    Runtime      # DAGs    # Errors  Last Runtime    Last Run
------------------------------------  -----  ---------  --------  ----------  --------------  -------------------
/opt/airflow/dags/weather_etl_dag.py                           1           0  0.70s           2026-06-17T13:49:39
================================================================================
[2026-06-17T13:50:15.481+0000] {manager.py:878} INFO - 
================================================================================
DAG File Processing Stats

File Path                             PID    Runtime      # DAGs    # Errors  Last Runtime    Last Run
------------------------------------  -----  ---------  --------  ----------  --------------  -------------------
/opt/airflow/dags/weather_etl_dag.py                           1           0  0.39s           2026-06-17T13:50:11
================================================================================
[2026-06-17T13:50:47.021+0000] {manager.py:878} INFO - 
================================================================================
DAG File Processing Stats

File Path                             PID    Runtime      # DAGs    # Errors  Last Runtime    Last Run
------------------------------------  -----  ---------  --------  ----------  --------------  -------------------
/opt/airflow/dags/weather_etl_dag.py                           1           0  0.60s           2026-06-17T13:50:43
================================================================================
[2026-06-17T13:51:03.692+0000] {manager.py:737} INFO - Searching for files in /opt/airflow/dags
[2026-06-17T13:51:03.817+0000] {manager.py:740} INFO - There are 1 files in /opt/airflow/dags
[2026-06-17T13:51:20.123+0000] {manager.py:878} INFO - 
================================================================================
DAG File Processing Stats

File Path                             PID    Runtime      # DAGs    # Errors  Last Runtime    Last Run
------------------------------------  -----  ---------  --------  ----------  --------------  -------------------
/opt/airflow/dags/weather_etl_dag.py                           1           0  0.40s           2026-06-17T13:51:16
================================================================================
[2026-06-17T13:51:52.996+0000] {manager.py:878} INFO - 
================================================================================
DAG File Processing Stats

File Path                             PID    Runtime      # DAGs    # Errors  Last Runtime    Last Run
------------------------------------  -----  ---------  --------  ----------  --------------  -------------------
/opt/airflow/dags/weather_etl_dag.py                           1           0  0.57s           2026-06-17T13:51:48
================================================================================
[2026-06-17T13:52:24.139+0000] {manager.py:878} INFO - 
================================================================================
DAG File Processing Stats

File Path                             PID    Runtime      # DAGs    # Errors  Last Runtime    Last Run
------------------------------------  -----  ---------  --------  ----------  --------------  -------------------
/opt/airflow/dags/weather_etl_dag.py                           1           0  0.53s           2026-06-17T13:52:21
================================================================================
[2026-06-17T13:52:55.269+0000] {manager.py:878} INFO - 
================================================================================
DAG File Processing Stats

File Path                             PID    Runtime      # DAGs    # Errors  Last Runtime    Last Run
------------------------------------  -----  ---------  --------  ----------  --------------  -------------------
/opt/airflow/dags/weather_etl_dag.py                           1           0  0.44s           2026-06-17T13:52:53
================================================================================
[2026-06-17T13:53:26.279+0000] {manager.py:878} INFO - 
================================================================================
DAG File Processing Stats

File Path                             PID    Runtime      # DAGs    # Errors  Last Runtime    Last Run
------------------------------------  -----  ---------  --------  ----------  --------------  -------------------
/opt/airflow/dags/weather_etl_dag.py                           1           0  0.78s           2026-06-17T13:53:25
================================================================================
[2026-06-17T13:53:59.848+0000] {manager.py:878} INFO - 
================================================================================
DAG File Processing Stats

File Path                             PID    Runtime      # DAGs    # Errors  Last Runtime    Last Run
------------------------------------  -----  ---------  --------  ----------  --------------  -------------------
/opt/airflow/dags/weather_etl_dag.py                           1           0  0.99s           2026-06-17T13:53:58
================================================================================
[2026-06-17T13:54:32.763+0000] {manager.py:878} INFO - 
================================================================================
DAG File Processing Stats

File Path                             PID    Runtime      # DAGs    # Errors  Last Runtime    Last Run
------------------------------------  -----  ---------  --------  ----------  --------------  -------------------
/opt/airflow/dags/weather_etl_dag.py                           1           0  0.62s           2026-06-17T13:54:24
================================================================================
[2026-06-17T13:55:05.686+0000] {manager.py:878} INFO - 
================================================================================
DAG File Processing Stats

File Path                             PID    Runtime      # DAGs    # Errors  Last Runtime    Last Run
------------------------------------  -----  ---------  --------  ----------  --------------  -------------------
/opt/airflow/dags/weather_etl_dag.py                           1           0  0.37s           2026-06-17T13:54:56
================================================================================
[2026-06-17T13:55:38.651+0000] {manager.py:878} INFO - 
================================================================================
DAG File Processing Stats

File Path                             PID    Runtime      # DAGs    # Errors  Last Runtime    Last Run
------------------------------------  -----  ---------  --------  ----------  --------------  -------------------
/opt/airflow/dags/weather_etl_dag.py                           1           0  0.38s           2026-06-17T13:55:29
================================================================================
[2026-06-17T13:56:04.055+0000] {manager.py:737} INFO - Searching for files in /opt/airflow/dags
[2026-06-17T13:56:04.202+0000] {manager.py:740} INFO - There are 1 files in /opt/airflow/dags
[2026-06-17T13:56:10.291+0000] {manager.py:878} INFO - 
================================================================================
DAG File Processing Stats

File Path                             PID    Runtime      # DAGs    # Errors  Last Runtime    Last Run
------------------------------------  -----  ---------  --------  ----------  --------------  -------------------
/opt/airflow/dags/weather_etl_dag.py                           1           0  0.76s           2026-06-17T13:56:02
================================================================================
[2026-06-17T13:56:41.378+0000] {manager.py:878} INFO - 
================================================================================
DAG File Processing Stats

File Path                             PID    Runtime      # DAGs    # Errors  Last Runtime    Last Run
------------------------------------  -----  ---------  --------  ----------  --------------  -------------------
/opt/airflow/dags/weather_etl_dag.py                           1           0  0.39s           2026-06-17T13:56:34
================================================================================
[2026-06-17T13:57:14.249+0000] {manager.py:878} INFO - 
================================================================================
DAG File Processing Stats

File Path                             PID    Runtime      # DAGs    # Errors  Last Runtime    Last Run
------------------------------------  -----  ---------  --------  ----------  --------------  -------------------
/opt/airflow/dags/weather_etl_dag.py                           1           0  0.38s           2026-06-17T13:57:06
================================================================================
[2026-06-17T13:57:47.140+0000] {manager.py:878} INFO - 
================================================================================
DAG File Processing Stats

File Path                             PID    Runtime      # DAGs    # Errors  Last Runtime    Last Run
------------------------------------  -----  ---------  --------  ----------  --------------  -------------------
/opt/airflow/dags/weather_etl_dag.py                           1           0  0.40s           2026-06-17T13:57:37
================================================================================
[2026-06-17T13:58:19.886+0000] {manager.py:878} INFO - 
================================================================================
DAG File Processing Stats

File Path                             PID    Runtime      # DAGs    # Errors  Last Runtime    Last Run
------------------------------------  -----  ---------  --------  ----------  --------------  -------------------
/opt/airflow/dags/weather_etl_dag.py                           1           0  0.80s           2026-06-17T13:58:11
================================================================================
[2026-06-17T13:58:52.663+0000] {manager.py:878} INFO - 
================================================================================
DAG File Processing Stats

File Path                             PID    Runtime      # DAGs    # Errors  Last Runtime    Last Run
------------------------------------  -----  ---------  --------  ----------  --------------  -------------------
/opt/airflow/dags/weather_etl_dag.py                           1           0  0.53s           2026-06-17T13:58:44
================================================================================
[2026-06-17T13:59:23.852+0000] {manager.py:878} INFO - 
================================================================================
DAG File Processing Stats

File Path                             PID    Runtime      # DAGs    # Errors  Last Runtime    Last Run
------------------------------------  -----  ---------  --------  ----------  --------------  -------------------
/opt/airflow/dags/weather_etl_dag.py                           1           0  0.70s           2026-06-17T13:59:17
================================================================================
[2026-06-17T13:59:54.778+0000] {manager.py:878} INFO - 
================================================================================
DAG File Processing Stats

File Path                             PID    Runtime      # DAGs    # Errors  Last Runtime    Last Run
------------------------------------  -----  ---------  --------  ----------  --------------  -------------------
/opt/airflow/dags/weather_etl_dag.py                           1           0  0.78s           2026-06-17T13:59:51
================================================================================
[2026-06-17T14:00:27.795+0000] {manager.py:878} INFO - 
================================================================================
DAG File Processing Stats

File Path                             PID    Runtime      # DAGs    # Errors  Last Runtime    Last Run
------------------------------------  -----  ---------  --------  ----------  --------------  -------------------
/opt/airflow/dags/weather_etl_dag.py                           1           0  1.45s           2026-06-17T14:00:25
================================================================================
[2026-06-17T14:01:00.934+0000] {manager.py:878} INFO - 
================================================================================
DAG File Processing Stats

File Path                             PID    Runtime      # DAGs    # Errors  Last Runtime    Last Run
------------------------------------  -----  ---------  --------  ----------  --------------  -------------------
/opt/airflow/dags/weather_etl_dag.py                           1           0  0.44s           2026-06-17T14:01:00
================================================================================
[2026-06-17T14:01:04.531+0000] {manager.py:737} INFO - Searching for files in /opt/airflow/dags
[2026-06-17T14:01:05.408+0000] {manager.py:740} INFO - There are 1 files in /opt/airflow/dags
[2026-06-17T14:01:34.095+0000] {manager.py:878} INFO - 
================================================================================
DAG File Processing Stats

File Path                             PID    Runtime      # DAGs    # Errors  Last Runtime    Last Run
------------------------------------  -----  ---------  --------  ----------  --------------  -------------------
/opt/airflow/dags/weather_etl_dag.py                           1           0  0.94s           2026-06-17T14:01:24
================================================================================
[2026-06-17T14:02:07.118+0000] {manager.py:878} INFO - 
================================================================================
DAG File Processing Stats

File Path                             PID    Runtime      # DAGs    # Errors  Last Runtime    Last Run
------------------------------------  -----  ---------  --------  ----------  --------------  -------------------
/opt/airflow/dags/weather_etl_dag.py                           1           0  1.00s           2026-06-17T14:01:59
================================================================================
[2026-06-17T14:02:40.479+0000] {manager.py:878} INFO - 
================================================================================
DAG File Processing Stats

File Path                             PID    Runtime      # DAGs    # Errors  Last Runtime    Last Run
------------------------------------  -----  ---------  --------  ----------  --------------  -------------------
/opt/airflow/dags/weather_etl_dag.py                           1           0  0.97s           2026-06-17T14:02:33
================================================================================
[2026-06-17T14:03:13.282+0000] {manager.py:878} INFO - 
================================================================================
DAG File Processing Stats

File Path                             PID    Runtime      # DAGs    # Errors  Last Runtime    Last Run
------------------------------------  -----  ---------  --------  ----------  --------------  -------------------
/opt/airflow/dags/weather_etl_dag.py                           1           0  1.21s           2026-06-17T14:03:12
================================================================================
[2026-06-17T14:03:44.321+0000] {manager.py:878} INFO - 
================================================================================
DAG File Processing Stats

File Path                             PID    Runtime      # DAGs    # Errors  Last Runtime    Last Run
------------------------------------  -----  ---------  --------  ----------  --------------  -------------------
/opt/airflow/dags/weather_etl_dag.py                           1           0  0.90s           2026-06-17T14:03:35
================================================================================
[2026-06-17T14:04:15.426+0000] {manager.py:878} INFO - 
================================================================================
DAG File Processing Stats

File Path                             PID    Runtime      # DAGs    # Errors  Last Runtime    Last Run
------------------------------------  -----  ---------  --------  ----------  --------------  -------------------
/opt/airflow/dags/weather_etl_dag.py                           1           0  0.78s           2026-06-17T14:04:10
================================================================================
[2026-06-17T14:04:48.364+0000] {manager.py:878} INFO - 
================================================================================
DAG File Processing Stats

File Path                             PID    Runtime      # DAGs    # Errors  Last Runtime    Last Run
------------------------------------  -----  ---------  --------  ----------  --------------  -------------------
/opt/airflow/dags/weather_etl_dag.py                           1           0  1.30s           2026-06-17T14:04:47
================================================================================
[2026-06-17T14:05:21.124+0000] {manager.py:878} INFO - 
================================================================================
DAG File Processing Stats

File Path                             PID    Runtime      # DAGs    # Errors  Last Runtime    Last Run
------------------------------------  -----  ---------  --------  ----------  --------------  -------------------
/opt/airflow/dags/weather_etl_dag.py                           1           0  2.66s           2026-06-17T14:05:14
================================================================================
[2026-06-17T14:05:54.104+0000] {manager.py:878} INFO - 
================================================================================
DAG File Processing Stats

File Path                             PID    Runtime      # DAGs    # Errors  Last Runtime    Last Run
------------------------------------  -----  ---------  --------  ----------  --------------  -------------------
/opt/airflow/dags/weather_etl_dag.py                           1           0  4.01s           2026-06-17T14:05:44
================================================================================
[2026-06-17T14:06:04.652+0000] {manager.py:737} INFO - Searching for files in /opt/airflow/dags
[2026-06-17T14:06:04.891+0000] {manager.py:740} INFO - There are 1 files in /opt/airflow/dags
[2026-06-17T14:06:27.268+0000] {manager.py:878} INFO - 
================================================================================
DAG File Processing Stats

File Path                             PID    Runtime      # DAGs    # Errors  Last Runtime    Last Run
------------------------------------  -----  ---------  --------  ----------  --------------  -------------------
/opt/airflow/dags/weather_etl_dag.py                           1           0  1.72s           2026-06-17T14:06:25
================================================================================
[2026-06-17T14:06:58.667+0000] {manager.py:878} INFO - 
================================================================================
DAG File Processing Stats

File Path                               PID  Runtime      # DAGs    # Errors  Last Runtime    Last Run
------------------------------------  -----  ---------  --------  ----------  --------------  -------------------
/opt/airflow/dags/weather_etl_dag.py   3303  1.00s             1           0  0.62s           2026-06-17T14:06:47
================================================================================
[2026-06-17T14:07:31.742+0000] {manager.py:878} INFO - 
================================================================================
DAG File Processing Stats

File Path                             PID    Runtime      # DAGs    # Errors  Last Runtime    Last Run
------------------------------------  -----  ---------  --------  ----------  --------------  -------------------
/opt/airflow/dags/weather_etl_dag.py                           1           0  0.62s           2026-06-17T14:07:21
================================================================================
[2026-06-17T14:08:05.004+0000] {manager.py:878} INFO - 
================================================================================
DAG File Processing Stats

File Path                               PID  Runtime      # DAGs    # Errors  Last Runtime    Last Run
------------------------------------  -----  ---------  --------  ----------  --------------  -------------------
/opt/airflow/dags/weather_etl_dag.py   3333  0.02s             1           0  0.84s           2026-06-17T14:07:54
================================================================================
[2026-06-17T14:08:36.052+0000] {manager.py:878} INFO - 
================================================================================
DAG File Processing Stats

File Path                             PID    Runtime      # DAGs    # Errors  Last Runtime    Last Run
------------------------------------  -----  ---------  --------  ----------  --------------  -------------------
/opt/airflow/dags/weather_etl_dag.py                           1           0  1.30s           2026-06-17T14:08:27
================================================================================
[2026-06-17T14:09:07.811+0000] {manager.py:878} INFO - 
================================================================================
DAG File Processing Stats

File Path                             PID    Runtime      # DAGs    # Errors  Last Runtime    Last Run
------------------------------------  -----  ---------  --------  ----------  --------------  -------------------
/opt/airflow/dags/weather_etl_dag.py                           1           0  0.48s           2026-06-17T14:09:00
================================================================================
[2026-06-17T14:09:40.936+0000] {manager.py:878} INFO - 
================================================================================
DAG File Processing Stats

File Path                             PID    Runtime      # DAGs    # Errors  Last Runtime    Last Run
------------------------------------  -----  ---------  --------  ----------  --------------  -------------------
/opt/airflow/dags/weather_etl_dag.py                           1           0  1.27s           2026-06-17T14:09:36
================================================================================
[2026-06-17T14:10:12.406+0000] {manager.py:878} INFO - 
================================================================================
DAG File Processing Stats

File Path                             PID    Runtime      # DAGs    # Errors  Last Runtime    Last Run
------------------------------------  -----  ---------  --------  ----------  --------------  -------------------
/opt/airflow/dags/weather_etl_dag.py                           1           0  0.58s           2026-06-17T14:10:09
================================================================================
[2026-06-17T14:10:45.194+0000] {manager.py:878} INFO - 
================================================================================
DAG File Processing Stats

File Path                             PID    Runtime      # DAGs    # Errors  Last Runtime    Last Run
------------------------------------  -----  ---------  --------  ----------  --------------  -------------------
/opt/airflow/dags/weather_etl_dag.py                           1           0  0.35s           2026-06-17T14:10:41
================================================================================
[2026-06-17T14:11:04.679+0000] {manager.py:737} INFO - Searching for files in /opt/airflow/dags
[2026-06-17T14:11:04.725+0000] {manager.py:740} INFO - There are 1 files in /opt/airflow/dags
[2026-06-17T14:11:18.083+0000] {manager.py:878} INFO - 
================================================================================
DAG File Processing Stats

File Path                             PID    Runtime      # DAGs    # Errors  Last Runtime    Last Run
------------------------------------  -----  ---------  --------  ----------  --------------  -------------------
/opt/airflow/dags/weather_etl_dag.py                           1           0  0.36s           2026-06-17T14:11:13
================================================================================
[2026-06-17T14:11:49.096+0000] {manager.py:878} INFO - 
================================================================================
DAG File Processing Stats

File Path                             PID    Runtime      # DAGs    # Errors  Last Runtime    Last Run
------------------------------------  -----  ---------  --------  ----------  --------------  -------------------
/opt/airflow/dags/weather_etl_dag.py                           1           0  0.30s           2026-06-17T14:11:45
================================================================================
[2026-06-17T14:12:20.464+0000] {manager.py:878} INFO - 
================================================================================
DAG File Processing Stats

File Path                             PID    Runtime      # DAGs    # Errors  Last Runtime    Last Run
------------------------------------  -----  ---------  --------  ----------  --------------  -------------------
/opt/airflow/dags/weather_etl_dag.py                           1           0  0.65s           2026-06-17T14:12:17
================================================================================
[2026-06-17T14:12:53.784+0000] {manager.py:878} INFO - 
================================================================================
DAG File Processing Stats

File Path                             PID    Runtime      # DAGs    # Errors  Last Runtime    Last Run
------------------------------------  -----  ---------  --------  ----------  --------------  -------------------
/opt/airflow/dags/weather_etl_dag.py                           1           0  1.18s           2026-06-17T14:12:49
================================================================================
[2026-06-17T14:13:26.888+0000] {manager.py:878} INFO - 
================================================================================
DAG File Processing Stats

File Path                             PID    Runtime      # DAGs    # Errors  Last Runtime    Last Run
------------------------------------  -----  ---------  --------  ----------  --------------  -------------------
/opt/airflow/dags/weather_etl_dag.py                           1           0  0.67s           2026-06-17T14:13:22
================================================================================
[2026-06-17T14:13:57.821+0000] {manager.py:878} INFO - 
================================================================================
DAG File Processing Stats

File Path                             PID    Runtime      # DAGs    # Errors  Last Runtime    Last Run
------------------------------------  -----  ---------  --------  ----------  --------------  -------------------
/opt/airflow/dags/weather_etl_dag.py                           1           0  0.52s           2026-06-17T14:13:54
================================================================================
[2026-06-17T14:14:28.767+0000] {manager.py:878} INFO - 
================================================================================
DAG File Processing Stats

File Path                             PID    Runtime      # DAGs    # Errors  Last Runtime    Last Run
------------------------------------  -----  ---------  --------  ----------  --------------  -------------------
/opt/airflow/dags/weather_etl_dag.py                           1           0  0.64s           2026-06-17T14:14:27
================================================================================
[2026-06-17T14:14:59.880+0000] {manager.py:878} INFO - 
================================================================================
DAG File Processing Stats

File Path                             PID    Runtime      # DAGs    # Errors  Last Runtime    Last Run
------------------------------------  -----  ---------  --------  ----------  --------------  -------------------
/opt/airflow/dags/weather_etl_dag.py                           1           0  1.09s           2026-06-17T14:14:50
================================================================================
[2026-06-17T14:15:33.281+0000] {manager.py:878} INFO - 
================================================================================
DAG File Processing Stats

File Path                             PID    Runtime      # DAGs    # Errors  Last Runtime    Last Run
------------------------------------  -----  ---------  --------  ----------  --------------  -------------------
/opt/airflow/dags/weather_etl_dag.py                           1           0  0.83s           2026-06-17T14:15:24
================================================================================
[2026-06-17T14:16:04.974+0000] {manager.py:737} INFO - Searching for files in /opt/airflow/dags
[2026-06-17T14:16:05.157+0000] {manager.py:740} INFO - There are 1 files in /opt/airflow/dags
[2026-06-17T14:16:06.197+0000] {manager.py:878} INFO - 
================================================================================
DAG File Processing Stats

File Path                             PID    Runtime      # DAGs    # Errors  Last Runtime    Last Run
------------------------------------  -----  ---------  --------  ----------  --------------  -------------------
/opt/airflow/dags/weather_etl_dag.py                           1           0  0.41s           2026-06-17T14:15:56
================================================================================
[2026-06-17T14:16:39.111+0000] {manager.py:878} INFO - 
================================================================================
DAG File Processing Stats

File Path                             PID    Runtime      # DAGs    # Errors  Last Runtime    Last Run
------------------------------------  -----  ---------  --------  ----------  --------------  -------------------
/opt/airflow/dags/weather_etl_dag.py                           1           0  0.40s           2026-06-17T14:16:29
================================================================================
[2026-06-17T14:17:09.899+0000] {manager.py:878} INFO - 
================================================================================
DAG File Processing Stats

File Path                             PID    Runtime      # DAGs    # Errors  Last Runtime    Last Run
------------------------------------  -----  ---------  --------  ----------  --------------  -------------------
/opt/airflow/dags/weather_etl_dag.py                           1           0  0.55s           2026-06-17T14:17:01
================================================================================
[2026-06-17T14:17:41.534+0000] {manager.py:878} INFO - 
================================================================================
DAG File Processing Stats

File Path                             PID    Runtime      # DAGs    # Errors  Last Runtime    Last Run
------------------------------------  -----  ---------  --------  ----------  --------------  -------------------
/opt/airflow/dags/weather_etl_dag.py                           1           0  0.33s           2026-06-17T14:17:32
================================================================================
[2026-06-17T14:18:14.357+0000] {manager.py:878} INFO - 
================================================================================
DAG File Processing Stats

File Path                             PID    Runtime      # DAGs    # Errors  Last Runtime    Last Run
------------------------------------  -----  ---------  --------  ----------  --------------  -------------------
/opt/airflow/dags/weather_etl_dag.py                           1           0  0.41s           2026-06-17T14:18:04
================================================================================
[2026-06-17T14:18:47.359+0000] {manager.py:878} INFO - 
================================================================================
DAG File Processing Stats

File Path                             PID    Runtime      # DAGs    # Errors  Last Runtime    Last Run
------------------------------------  -----  ---------  --------  ----------  --------------  -------------------
/opt/airflow/dags/weather_etl_dag.py                           1           0  0.43s           2026-06-17T14:18:47
================================================================================
[2026-06-17T14:19:20.371+0000] {manager.py:878} INFO - 
================================================================================
DAG File Processing Stats

File Path                             PID    Runtime      # DAGs    # Errors  Last Runtime    Last Run
------------------------------------  -----  ---------  --------  ----------  --------------  -------------------
/opt/airflow/dags/weather_etl_dag.py                           1           0  0.72s           2026-06-17T14:19:19
================================================================================
[2026-06-17T14:19:53.144+0000] {manager.py:878} INFO - 
================================================================================
DAG File Processing Stats

File Path                             PID    Runtime      # DAGs    # Errors  Last Runtime    Last Run
------------------------------------  -----  ---------  --------  ----------  --------------  -------------------
/opt/airflow/dags/weather_etl_dag.py                           1           0  0.31s           2026-06-17T14:19:52
================================================================================
[2026-06-17T14:20:26.393+0000] {manager.py:878} INFO - 
================================================================================
DAG File Processing Stats

File Path                             PID    Runtime      # DAGs    # Errors  Last Runtime    Last Run
------------------------------------  -----  ---------  --------  ----------  --------------  -------------------
/opt/airflow/dags/weather_etl_dag.py                           1           0  0.60s           2026-06-17T14:20:24
================================================================================
[2026-06-17T14:20:57.331+0000] {manager.py:878} INFO - 
================================================================================
DAG File Processing Stats

File Path                             PID    Runtime      # DAGs    # Errors  Last Runtime    Last Run
------------------------------------  -----  ---------  --------  ----------  --------------  -------------------
/opt/airflow/dags/weather_etl_dag.py                           1           0  0.62s           2026-06-17T14:20:57
================================================================================
[2026-06-17T14:21:05.210+0000] {manager.py:737} INFO - Searching for files in /opt/airflow/dags
[2026-06-17T14:21:05.259+0000] {manager.py:740} INFO - There are 1 files in /opt/airflow/dags
[2026-06-17T14:21:29.749+0000] {manager.py:878} INFO - 
================================================================================
DAG File Processing Stats

File Path                               PID  Runtime      # DAGs    # Errors  Last Runtime    Last Run
------------------------------------  -----  ---------  --------  ----------  --------------  -------------------
/opt/airflow/dags/weather_etl_dag.py   3703  0.02s             1           0  0.37s           2026-06-17T14:21:18
================================================================================
[2026-06-17T14:22:02.600+0000] {manager.py:878} INFO - 
================================================================================
DAG File Processing Stats

File Path                             PID    Runtime      # DAGs    # Errors  Last Runtime    Last Run
------------------------------------  -----  ---------  --------  ----------  --------------  -------------------
/opt/airflow/dags/weather_etl_dag.py                           1           0  0.26s           2026-06-17T14:22:01
================================================================================
[2026-06-17T14:22:35.503+0000] {manager.py:878} INFO - 
================================================================================
DAG File Processing Stats

File Path                             PID    Runtime      # DAGs    # Errors  Last Runtime    Last Run
------------------------------------  -----  ---------  --------  ----------  --------------  -------------------
/opt/airflow/dags/weather_etl_dag.py                           1           0  0.27s           2026-06-17T14:22:33
================================================================================
[2026-06-17T14:23:08.897+0000] {manager.py:878} INFO - 
================================================================================
DAG File Processing Stats

File Path                             PID    Runtime      # DAGs    # Errors  Last Runtime    Last Run
------------------------------------  -----  ---------  --------  ----------  --------------  -------------------
/opt/airflow/dags/weather_etl_dag.py                           1           0  0.27s           2026-06-17T14:23:05
================================================================================
[2026-06-17T14:23:41.635+0000] {manager.py:878} INFO - 
================================================================================
DAG File Processing Stats

File Path                             PID    Runtime      # DAGs    # Errors  Last Runtime    Last Run
------------------------------------  -----  ---------  --------  ----------  --------------  -------------------
/opt/airflow/dags/weather_etl_dag.py                           1           0  0.24s           2026-06-17T14:23:36
================================================================================
[2026-06-17T14:24:14.927+0000] {manager.py:878} INFO - 
================================================================================
DAG File Processing Stats

File Path                             PID    Runtime      # DAGs    # Errors  Last Runtime    Last Run
------------------------------------  -----  ---------  --------  ----------  --------------  -------------------
/opt/airflow/dags/weather_etl_dag.py                           1           0  0.35s           2026-06-17T14:24:09
================================================================================
[2026-06-17T14:24:45.916+0000] {manager.py:878} INFO - 
================================================================================
DAG File Processing Stats

File Path                             PID    Runtime      # DAGs    # Errors  Last Runtime    Last Run
------------------------------------  -----  ---------  --------  ----------  --------------  -------------------
/opt/airflow/dags/weather_etl_dag.py                           1           0  0.28s           2026-06-17T14:24:40
================================================================================
[2026-06-17T14:25:16.832+0000] {manager.py:878} INFO - 
================================================================================
DAG File Processing Stats

File Path                             PID    Runtime      # DAGs    # Errors  Last Runtime    Last Run
------------------------------------  -----  ---------  --------  ----------  --------------  -------------------
/opt/airflow/dags/weather_etl_dag.py                           1           0  0.40s           2026-06-17T14:25:12
================================================================================
[2026-06-17T14:25:48.245+0000] {manager.py:878} INFO - 
================================================================================
DAG File Processing Stats

File Path                             PID    Runtime      # DAGs    # Errors  Last Runtime    Last Run
------------------------------------  -----  ---------  --------  ----------  --------------  -------------------
/opt/airflow/dags/weather_etl_dag.py                           1           0  0.25s           2026-06-17T14:25:44
================================================================================
[2026-06-17T14:26:05.308+0000] {manager.py:737} INFO - Searching for files in /opt/airflow/dags
[2026-06-17T14:26:05.339+0000] {manager.py:740} INFO - There are 1 files in /opt/airflow/dags
[2026-06-17T14:26:21.101+0000] {manager.py:878} INFO - 
================================================================================
DAG File Processing Stats

File Path                             PID    Runtime      # DAGs    # Errors  Last Runtime    Last Run
------------------------------------  -----  ---------  --------  ----------  --------------  -------------------
/opt/airflow/dags/weather_etl_dag.py                           1           0  0.34s           2026-06-17T14:26:16
================================================================================
[2026-06-17T14:26:53.899+0000] {manager.py:878} INFO - 
================================================================================
DAG File Processing Stats

File Path                             PID    Runtime      # DAGs    # Errors  Last Runtime    Last Run
------------------------------------  -----  ---------  --------  ----------  --------------  -------------------
/opt/airflow/dags/weather_etl_dag.py                           1           0  1.56s           2026-06-17T14:26:48
================================================================================
[2026-06-17T14:27:27.290+0000] {manager.py:878} INFO - 
================================================================================
DAG File Processing Stats

File Path                             PID    Runtime      # DAGs    # Errors  Last Runtime    Last Run
------------------------------------  -----  ---------  --------  ----------  --------------  -------------------
/opt/airflow/dags/weather_etl_dag.py                           1           0  0.86s           2026-06-17T14:27:22
================================================================================
[2026-06-17T14:28:00.157+0000] {manager.py:878} INFO - 
================================================================================
DAG File Processing Stats

File Path                             PID    Runtime      # DAGs    # Errors  Last Runtime    Last Run
------------------------------------  -----  ---------  --------  ----------  --------------  -------------------
/opt/airflow/dags/weather_etl_dag.py                           1           0  0.28s           2026-06-17T14:27:54
================================================================================
[2026-06-17T14:28:33.690+0000] {manager.py:878} INFO - 
================================================================================
DAG File Processing Stats

File Path                             PID    Runtime      # DAGs    # Errors  Last Runtime    Last Run
------------------------------------  -----  ---------  --------  ----------  --------------  -------------------
/opt/airflow/dags/weather_etl_dag.py                           1           0  0.65s           2026-06-17T14:28:26
================================================================================
[2026-06-17T14:29:05.557+0000] {manager.py:878} INFO - 
================================================================================
DAG File Processing Stats

File Path                             PID    Runtime      # DAGs    # Errors  Last Runtime    Last Run
------------------------------------  -----  ---------  --------  ----------  --------------  -------------------
/opt/airflow/dags/weather_etl_dag.py                           1           0  0.35s           2026-06-17T14:28:59
================================================================================
[2026-06-17T14:29:38.630+0000] {manager.py:878} INFO - 
================================================================================
DAG File Processing Stats

File Path                             PID    Runtime      # DAGs    # Errors  Last Runtime    Last Run
------------------------------------  -----  ---------  --------  ----------  --------------  -------------------
/opt/airflow/dags/weather_etl_dag.py                           1           0  0.67s           2026-06-17T14:29:31
================================================================================
[2026-06-17T14:30:12.199+0000] {manager.py:878} INFO - 
================================================================================
DAG File Processing Stats

File Path                             PID    Runtime      # DAGs    # Errors  Last Runtime    Last Run
------------------------------------  -----  ---------  --------  ----------  --------------  -------------------
/opt/airflow/dags/weather_etl_dag.py                           1           0  0.66s           2026-06-17T14:30:04
================================================================================
[2026-06-17T14:30:45.366+0000] {manager.py:878} INFO - 
================================================================================
DAG File Processing Stats

File Path                             PID    Runtime      # DAGs    # Errors  Last Runtime    Last Run
------------------------------------  -----  ---------  --------  ----------  --------------  -------------------
/opt/airflow/dags/weather_etl_dag.py                           1           0  0.29s           2026-06-17T14:30:36
================================================================================
[2026-06-17T14:31:05.356+0000] {manager.py:737} INFO - Searching for files in /opt/airflow/dags
[2026-06-17T14:31:05.403+0000] {manager.py:740} INFO - There are 1 files in /opt/airflow/dags
[2026-06-17T14:31:18.251+0000] {manager.py:878} INFO - 
================================================================================
DAG File Processing Stats

File Path                             PID    Runtime      # DAGs    # Errors  Last Runtime    Last Run
------------------------------------  -----  ---------  --------  ----------  --------------  -------------------
/opt/airflow/dags/weather_etl_dag.py                           1           0  0.54s           2026-06-17T14:31:09
================================================================================
[2026-06-17T14:31:49.698+0000] {manager.py:878} INFO - 
================================================================================
DAG File Processing Stats

File Path                             PID    Runtime      # DAGs    # Errors  Last Runtime    Last Run
------------------------------------  -----  ---------  --------  ----------  --------------  -------------------
/opt/airflow/dags/weather_etl_dag.py                           1           0  0.29s           2026-06-17T14:31:41
================================================================================
[2026-06-17T14:32:21.135+0000] {manager.py:878} INFO - 
================================================================================
DAG File Processing Stats

File Path                             PID    Runtime      # DAGs    # Errors  Last Runtime    Last Run
------------------------------------  -----  ---------  --------  ----------  --------------  -------------------
/opt/airflow/dags/weather_etl_dag.py                           1           0  0.33s           2026-06-17T14:32:13
================================================================================
[2026-06-17T14:32:53.926+0000] {manager.py:878} INFO - 
================================================================================
DAG File Processing Stats

File Path                             PID    Runtime      # DAGs    # Errors  Last Runtime    Last Run
------------------------------------  -----  ---------  --------  ----------  --------------  -------------------
/opt/airflow/dags/weather_etl_dag.py                           1           0  0.40s           2026-06-17T14:32:45
================================================================================
[2026-06-17T14:33:26.666+0000] {manager.py:878} INFO - 
================================================================================
DAG File Processing Stats

File Path                             PID    Runtime      # DAGs    # Errors  Last Runtime    Last Run
------------------------------------  -----  ---------  --------  ----------  --------------  -------------------
/opt/airflow/dags/weather_etl_dag.py                           1           0  0.49s           2026-06-17T14:33:17
================================================================================
[2026-06-17T14:33:59.614+0000] {manager.py:878} INFO - 
================================================================================
DAG File Processing Stats

File Path                             PID    Runtime      # DAGs    # Errors  Last Runtime    Last Run
------------------------------------  -----  ---------  --------  ----------  --------------  -------------------
/opt/airflow/dags/weather_etl_dag.py                           1           0  0.34s           2026-06-17T14:33:49
================================================================================
[2026-06-17T14:34:32.734+0000] {manager.py:878} INFO - 
================================================================================
DAG File Processing Stats

File Path                               PID  Runtime      # DAGs    # Errors  Last Runtime    Last Run
------------------------------------  -----  ---------  --------  ----------  --------------  -------------------
/opt/airflow/dags/weather_etl_dag.py   4068  0.01s             1           0  1.00s           2026-06-17T14:34:22
================================================================================
[2026-06-17T14:35:05.806+0000] {manager.py:878} INFO - 
================================================================================
DAG File Processing Stats

File Path                             PID    Runtime      # DAGs    # Errors  Last Runtime    Last Run
------------------------------------  -----  ---------  --------  ----------  --------------  -------------------
/opt/airflow/dags/weather_etl_dag.py                           1           0  0.51s           2026-06-17T14:35:05
================================================================================
[2026-06-17T14:35:38.567+0000] {manager.py:878} INFO - 
================================================================================
DAG File Processing Stats

File Path                             PID    Runtime      # DAGs    # Errors  Last Runtime    Last Run
------------------------------------  -----  ---------  --------  ----------  --------------  -------------------
/opt/airflow/dags/weather_etl_dag.py                           1           0  0.33s           2026-06-17T14:35:36
================================================================================
[2026-06-17T14:36:06.169+0000] {manager.py:737} INFO - Searching for files in /opt/airflow/dags
[2026-06-17T14:36:06.219+0000] {manager.py:740} INFO - There are 1 files in /opt/airflow/dags
[2026-06-17T14:36:09.935+0000] {manager.py:878} INFO - 
================================================================================
DAG File Processing Stats

File Path                             PID    Runtime      # DAGs    # Errors  Last Runtime    Last Run
------------------------------------  -----  ---------  --------  ----------  --------------  -------------------
/opt/airflow/dags/weather_etl_dag.py                           1           0  0.61s           2026-06-17T14:36:08
================================================================================
[2026-06-17T14:36:40.876+0000] {manager.py:878} INFO - 
================================================================================
DAG File Processing Stats

File Path                             PID    Runtime      # DAGs    # Errors  Last Runtime    Last Run
------------------------------------  -----  ---------  --------  ----------  --------------  -------------------
/opt/airflow/dags/weather_etl_dag.py                           1           0  0.34s           2026-06-17T14:36:40
================================================================================
[2026-06-17T14:37:11.795+0000] {manager.py:878} INFO - 
================================================================================
DAG File Processing Stats

File Path                             PID    Runtime      # DAGs    # Errors  Last Runtime    Last Run
------------------------------------  -----  ---------  --------  ----------  --------------  -------------------
/opt/airflow/dags/weather_etl_dag.py                           1           0  0.44s           2026-06-17T14:37:01
================================================================================
[2026-06-17T14:37:45.034+0000] {manager.py:878} INFO - 
================================================================================
DAG File Processing Stats

File Path                             PID    Runtime      # DAGs    # Errors  Last Runtime    Last Run
------------------------------------  -----  ---------  --------  ----------  --------------  -------------------
/opt/airflow/dags/weather_etl_dag.py                           1           0  0.66s           2026-06-17T14:37:45
================================================================================
[2026-06-17T14:38:17.849+0000] {manager.py:878} INFO - 
================================================================================
DAG File Processing Stats

File Path                             PID    Runtime      # DAGs    # Errors  Last Runtime    Last Run
------------------------------------  -----  ---------  --------  ----------  --------------  -------------------
/opt/airflow/dags/weather_etl_dag.py                           1           0  0.34s           2026-06-17T14:38:16
================================================================================
[2026-06-17T14:38:50.908+0000] {manager.py:878} INFO - 
================================================================================
DAG File Processing Stats

File Path                             PID    Runtime      # DAGs    # Errors  Last Runtime    Last Run
------------------------------------  -----  ---------  --------  ----------  --------------  -------------------
/opt/airflow/dags/weather_etl_dag.py                           1           0  0.32s           2026-06-17T14:38:49
================================================================================
[2026-06-17T14:39:23.813+0000] {manager.py:878} INFO - 
================================================================================
DAG File Processing Stats

File Path                             PID    Runtime      # DAGs    # Errors  Last Runtime    Last Run
------------------------------------  -----  ---------  --------  ----------  --------------  -------------------
/opt/airflow/dags/weather_etl_dag.py                           1           0  0.40s           2026-06-17T14:39:20
================================================================================
[2026-06-17T14:39:56.573+0000] {manager.py:878} INFO - 
================================================================================
DAG File Processing Stats

File Path                             PID    Runtime      # DAGs    # Errors  Last Runtime    Last Run
------------------------------------  -----  ---------  --------  ----------  --------------  -------------------
/opt/airflow/dags/weather_etl_dag.py                           1           0  0.48s           2026-06-17T14:39:53
================================================================================
[2026-06-17T14:40:27.954+0000] {manager.py:878} INFO - 
================================================================================
DAG File Processing Stats

File Path                             PID    Runtime      # DAGs    # Errors  Last Runtime    Last Run
------------------------------------  -----  ---------  --------  ----------  --------------  -------------------
/opt/airflow/dags/weather_etl_dag.py                           1           0  0.66s           2026-06-17T14:40:25
================================================================================
[2026-06-17T14:40:59.513+0000] {manager.py:878} INFO - 
================================================================================
DAG File Processing Stats

File Path                             PID    Runtime      # DAGs    # Errors  Last Runtime    Last Run
------------------------------------  -----  ---------  --------  ----------  --------------  -------------------
/opt/airflow/dags/weather_etl_dag.py                           1           0  0.36s           2026-06-17T14:40:57
================================================================================
[2026-06-17T14:41:06.584+0000] {manager.py:737} INFO - Searching for files in /opt/airflow/dags
[2026-06-17T14:41:06.631+0000] {manager.py:740} INFO - There are 1 files in /opt/airflow/dags
[2026-06-17T14:41:32.707+0000] {manager.py:878} INFO - 
================================================================================
DAG File Processing Stats

File Path                             PID    Runtime      # DAGs    # Errors  Last Runtime    Last Run
------------------------------------  -----  ---------  --------  ----------  --------------  -------------------
/opt/airflow/dags/weather_etl_dag.py                           1           0  0.47s           2026-06-17T14:41:29
================================================================================
[2026-06-17T14:42:05.806+0000] {manager.py:878} INFO - 
================================================================================
DAG File Processing Stats

File Path                             PID    Runtime      # DAGs    # Errors  Last Runtime    Last Run
------------------------------------  -----  ---------  --------  ----------  --------------  -------------------
/opt/airflow/dags/weather_etl_dag.py                           1           0  0.67s           2026-06-17T14:42:02
================================================================================
[2026-06-17T14:42:38.869+0000] {manager.py:878} INFO - 
================================================================================
DAG File Processing Stats

File Path                             PID    Runtime      # DAGs    # Errors  Last Runtime    Last Run
------------------------------------  -----  ---------  --------  ----------  --------------  -------------------
/opt/airflow/dags/weather_etl_dag.py                           1           0  0.35s           2026-06-17T14:42:34
================================================================================
[2026-06-17T14:43:11.914+0000] {manager.py:878} INFO - 
================================================================================
DAG File Processing Stats

File Path                             PID    Runtime      # DAGs    # Errors  Last Runtime    Last Run
------------------------------------  -----  ---------  --------  ----------  --------------  -------------------
/opt/airflow/dags/weather_etl_dag.py                           1           0  0.60s           2026-06-17T14:43:07
================================================================================
[2026-06-17T14:43:42.821+0000] {manager.py:878} INFO - 
================================================================================
DAG File Processing Stats

File Path                             PID    Runtime      # DAGs    # Errors  Last Runtime    Last Run
------------------------------------  -----  ---------  --------  ----------  --------------  -------------------
/opt/airflow/dags/weather_etl_dag.py                           1           0  0.35s           2026-06-17T14:43:39
================================================================================
[2026-06-17T14:44:13.583+0000] {manager.py:878} INFO - 
================================================================================
DAG File Processing Stats

File Path                             PID    Runtime      # DAGs    # Errors  Last Runtime    Last Run
------------------------------------  -----  ---------  --------  ----------  --------------  -------------------
/opt/airflow/dags/weather_etl_dag.py                           1           0  0.63s           2026-06-17T14:44:11
================================================================================
[2026-06-17T14:44:46.367+0000] {manager.py:878} INFO - 
================================================================================
DAG File Processing Stats

File Path                             PID    Runtime      # DAGs    # Errors  Last Runtime    Last Run
------------------------------------  -----  ---------  --------  ----------  --------------  -------------------
/opt/airflow/dags/weather_etl_dag.py                           1           0  0.62s           2026-06-17T14:44:44
================================================================================
[2026-06-17T14:45:19.158+0000] {manager.py:878} INFO - 
================================================================================
DAG File Processing Stats

File Path                             PID    Runtime      # DAGs    # Errors  Last Runtime    Last Run
------------------------------------  -----  ---------  --------  ----------  --------------  -------------------
/opt/airflow/dags/weather_etl_dag.py                           1           0  0.44s           2026-06-17T14:45:16
================================================================================
[2026-06-17T14:45:52.022+0000] {manager.py:878} INFO - 
================================================================================
DAG File Processing Stats

File Path                             PID    Runtime      # DAGs    # Errors  Last Runtime    Last Run
------------------------------------  -----  ---------  --------  ----------  --------------  -------------------
/opt/airflow/dags/weather_etl_dag.py                           1           0  0.42s           2026-06-17T14:45:48
================================================================================
[2026-06-17T14:46:06.601+0000] {manager.py:737} INFO - Searching for files in /opt/airflow/dags
[2026-06-17T14:46:06.744+0000] {manager.py:740} INFO - There are 1 files in /opt/airflow/dags
[2026-06-17T14:46:24.956+0000] {manager.py:878} INFO - 
================================================================================
DAG File Processing Stats

File Path                             PID    Runtime      # DAGs    # Errors  Last Runtime    Last Run
------------------------------------  -----  ---------  --------  ----------  --------------  -------------------
/opt/airflow/dags/weather_etl_dag.py                           1           0  0.25s           2026-06-17T14:46:19
================================================================================
[2026-06-17T14:46:58.419+0000] {manager.py:878} INFO - 
================================================================================
DAG File Processing Stats

File Path                             PID    Runtime      # DAGs    # Errors  Last Runtime    Last Run
------------------------------------  -----  ---------  --------  ----------  --------------  -------------------
/opt/airflow/dags/weather_etl_dag.py                           1           0  0.25s           2026-06-17T14:46:51
================================================================================
[2026-06-17T14:47:30.017+0000] {manager.py:878} INFO - 
================================================================================
DAG File Processing Stats

File Path                             PID    Runtime      # DAGs    # Errors  Last Runtime    Last Run
------------------------------------  -----  ---------  --------  ----------  --------------  -------------------
/opt/airflow/dags/weather_etl_dag.py                           1           0  0.23s           2026-06-17T14:47:23
================================================================================
[2026-06-17T14:48:01.378+0000] {manager.py:878} INFO - 
================================================================================
DAG File Processing Stats

File Path                             PID    Runtime      # DAGs    # Errors  Last Runtime    Last Run
------------------------------------  -----  ---------  --------  ----------  --------------  -------------------
/opt/airflow/dags/weather_etl_dag.py                           1           0  0.20s           2026-06-17T14:47:54
================================================================================
[2026-06-17T14:48:34.966+0000] {manager.py:878} INFO - 
================================================================================
DAG File Processing Stats

File Path                             PID    Runtime      # DAGs    # Errors  Last Runtime    Last Run
------------------------------------  -----  ---------  --------  ----------  --------------  -------------------
/opt/airflow/dags/weather_etl_dag.py                           1           0  0.33s           2026-06-17T14:48:25
================================================================================
[2026-06-17T14:49:07.956+0000] {manager.py:878} INFO - 
================================================================================
DAG File Processing Stats

File Path                             PID    Runtime      # DAGs    # Errors  Last Runtime    Last Run
------------------------------------  -----  ---------  --------  ----------  --------------  -------------------
/opt/airflow/dags/weather_etl_dag.py                           1           0  1.42s           2026-06-17T14:48:58
================================================================================
[2026-06-17T14:49:41.027+0000] {manager.py:878} INFO - 
================================================================================
DAG File Processing Stats

File Path                               PID  Runtime      # DAGs    # Errors  Last Runtime    Last Run
------------------------------------  -----  ---------  --------  ----------  --------------  -------------------
/opt/airflow/dags/weather_etl_dag.py   4493  0.01s             1           0  0.42s           2026-06-17T14:49:30
================================================================================
[2026-06-17T14:50:13.883+0000] {manager.py:878} INFO - 
================================================================================
DAG File Processing Stats

File Path                             PID    Runtime      # DAGs    # Errors  Last Runtime    Last Run
------------------------------------  -----  ---------  --------  ----------  --------------  -------------------
/opt/airflow/dags/weather_etl_dag.py                           1           0  0.33s           2026-06-17T14:50:13
================================================================================
[2026-06-17T14:50:45.189+0000] {manager.py:878} INFO - 
================================================================================
DAG File Processing Stats

File Path                               PID  Runtime      # DAGs    # Errors  Last Runtime    Last Run
------------------------------------  -----  ---------  --------  ----------  --------------  -------------------
/opt/airflow/dags/weather_etl_dag.py   4523  0.02s             1           0  0.31s           2026-06-17T14:50:34
================================================================================
[2026-06-17T14:51:06.686+0000] {manager.py:737} INFO - Searching for files in /opt/airflow/dags
[2026-06-17T14:51:06.748+0000] {manager.py:740} INFO - There are 1 files in /opt/airflow/dags
[2026-06-17T14:51:16.350+0000] {manager.py:878} INFO - 
================================================================================
DAG File Processing Stats

File Path                             PID    Runtime      # DAGs    # Errors  Last Runtime    Last Run
------------------------------------  -----  ---------  --------  ----------  --------------  -------------------
/opt/airflow/dags/weather_etl_dag.py                           1           0  0.44s           2026-06-17T14:51:07
================================================================================
[2026-06-17T14:51:47.904+0000] {manager.py:878} INFO - 
================================================================================
DAG File Processing Stats

File Path                             PID    Runtime      # DAGs    # Errors  Last Runtime    Last Run
------------------------------------  -----  ---------  --------  ----------  --------------  -------------------
/opt/airflow/dags/weather_etl_dag.py                           1           0  1.04s           2026-06-17T14:51:39
================================================================================
[2026-06-17T14:52:18.645+0000] {manager.py:878} INFO - 
================================================================================
DAG File Processing Stats

File Path                             PID    Runtime      # DAGs    # Errors  Last Runtime    Last Run
------------------------------------  -----  ---------  --------  ----------  --------------  -------------------
/opt/airflow/dags/weather_etl_dag.py                           1           0  0.48s           2026-06-17T14:52:11
================================================================================
[2026-06-17T14:52:51.813+0000] {manager.py:878} INFO - 
================================================================================
DAG File Processing Stats

File Path                             PID    Runtime      # DAGs    # Errors  Last Runtime    Last Run
------------------------------------  -----  ---------  --------  ----------  --------------  -------------------
/opt/airflow/dags/weather_etl_dag.py                           1           0  0.34s           2026-06-17T14:52:43
================================================================================
[2026-06-17T14:53:24.556+0000] {manager.py:878} INFO - 
================================================================================
DAG File Processing Stats

File Path                             PID    Runtime      # DAGs    # Errors  Last Runtime    Last Run
------------------------------------  -----  ---------  --------  ----------  --------------  -------------------
/opt/airflow/dags/weather_etl_dag.py                           1           0  0.41s           2026-06-17T14:53:15
================================================================================
[2026-06-17T14:53:57.720+0000] {manager.py:878} INFO - 
================================================================================
DAG File Processing Stats

File Path                               PID  Runtime      # DAGs    # Errors  Last Runtime    Last Run
------------------------------------  -----  ---------  --------  ----------  --------------  -------------------
/opt/airflow/dags/weather_etl_dag.py   4613  0.01s             1           0  0.38s           2026-06-17T14:53:47
================================================================================
[2026-06-17T14:54:30.831+0000] {manager.py:878} INFO - 
================================================================================
DAG File Processing Stats

File Path                             PID    Runtime      # DAGs    # Errors  Last Runtime    Last Run
------------------------------------  -----  ---------  --------  ----------  --------------  -------------------
/opt/airflow/dags/weather_etl_dag.py                           1           0  0.66s           2026-06-17T14:54:30
================================================================================
[2026-06-17T14:55:03.710+0000] {manager.py:878} INFO - 
================================================================================
DAG File Processing Stats

File Path                             PID    Runtime      # DAGs    # Errors  Last Runtime    Last Run
------------------------------------  -----  ---------  --------  ----------  --------------  -------------------
/opt/airflow/dags/weather_etl_dag.py                           1           0  0.35s           2026-06-17T14:55:03
================================================================================
[2026-06-17T14:55:34.857+0000] {manager.py:878} INFO - 
================================================================================
DAG File Processing Stats

File Path                             PID    Runtime      # DAGs    # Errors  Last Runtime    Last Run
------------------------------------  -----  ---------  --------  ----------  --------------  -------------------
/opt/airflow/dags/weather_etl_dag.py                           1           0  0.53s           2026-06-17T14:55:34
================================================================================
[2026-06-17T14:56:05.753+0000] {manager.py:878} INFO - 
================================================================================
DAG File Processing Stats

File Path                             PID    Runtime      # DAGs    # Errors  Last Runtime    Last Run
------------------------------------  -----  ---------  --------  ----------  --------------  -------------------
/opt/airflow/dags/weather_etl_dag.py                           1           0  0.35s           2026-06-17T14:55:56
================================================================================
[2026-06-17T14:56:06.764+0000] {manager.py:737} INFO - Searching for files in /opt/airflow/dags
[2026-06-17T14:56:06.882+0000] {manager.py:740} INFO - There are 1 files in /opt/airflow/dags
[2026-06-17T14:56:38.856+0000] {manager.py:878} INFO - 
================================================================================
DAG File Processing Stats

File Path                             PID    Runtime      # DAGs    # Errors  Last Runtime    Last Run
------------------------------------  -----  ---------  --------  ----------  --------------  -------------------
/opt/airflow/dags/weather_etl_dag.py                           1           0  0.61s           2026-06-17T14:56:29
================================================================================
[2026-06-17T14:57:12.193+0000] {manager.py:878} INFO - 
================================================================================
DAG File Processing Stats

File Path                               PID  Runtime      # DAGs    # Errors  Last Runtime    Last Run
------------------------------------  -----  ---------  --------  ----------  --------------  -------------------
/opt/airflow/dags/weather_etl_dag.py   4703  0.02s             1           0  0.38s           2026-06-17T14:57:01
================================================================================
[2026-06-17T14:57:45.158+0000] {manager.py:878} INFO - 
================================================================================
DAG File Processing Stats

File Path                             PID    Runtime      # DAGs    # Errors  Last Runtime    Last Run
------------------------------------  -----  ---------  --------  ----------  --------------  -------------------
/opt/airflow/dags/weather_etl_dag.py                           1           0  0.58s           2026-06-17T14:57:45
================================================================================
[2026-06-17T14:58:18.523+0000] {manager.py:878} INFO - 
================================================================================
DAG File Processing Stats

File Path                             PID    Runtime      # DAGs    # Errors  Last Runtime    Last Run
------------------------------------  -----  ---------  --------  ----------  --------------  -------------------
/opt/airflow/dags/weather_etl_dag.py                           1           0  0.36s           2026-06-17T14:58:17
================================================================================
[2026-06-17T14:58:51.490+0000] {manager.py:878} INFO - 
================================================================================
DAG File Processing Stats

File Path                             PID    Runtime      # DAGs    # Errors  Last Runtime    Last Run
------------------------------------  -----  ---------  --------  ----------  --------------  -------------------
/opt/airflow/dags/weather_etl_dag.py                           1           0  0.38s           2026-06-17T14:58:49
================================================================================
[2026-06-17T14:59:22.708+0000] {manager.py:878} INFO - 
================================================================================
DAG File Processing Stats

File Path                             PID    Runtime      # DAGs    # Errors  Last Runtime    Last Run
------------------------------------  -----  ---------  --------  ----------  --------------  -------------------
/opt/airflow/dags/weather_etl_dag.py                           1           0  0.87s           2026-06-17T14:59:21
================================================================================
[2026-06-17T14:59:53.744+0000] {manager.py:878} INFO - 
================================================================================
DAG File Processing Stats

File Path                               PID  Runtime      # DAGs    # Errors  Last Runtime    Last Run
------------------------------------  -----  ---------  --------  ----------  --------------  -------------------
/opt/airflow/dags/weather_etl_dag.py   4778  0.01s             1           0  0.47s           2026-06-17T14:59:43
================================================================================
[2026-06-17T15:00:24.975+0000] {manager.py:878} INFO - 
================================================================================
DAG File Processing Stats

File Path                             PID    Runtime      # DAGs    # Errors  Last Runtime    Last Run
------------------------------------  -----  ---------  --------  ----------  --------------  -------------------
/opt/airflow/dags/weather_etl_dag.py                           1           0  0.42s           2026-06-17T15:00:16
================================================================================
[2026-06-17T15:00:57.919+0000] {manager.py:878} INFO - 
================================================================================
DAG File Processing Stats

File Path                             PID    Runtime      # DAGs    # Errors  Last Runtime    Last Run
------------------------------------  -----  ---------  --------  ----------  --------------  -------------------
/opt/airflow/dags/weather_etl_dag.py                           1           0  0.49s           2026-06-17T15:00:51
================================================================================
[2026-06-17T15:01:07.100+0000] {manager.py:737} INFO - Searching for files in /opt/airflow/dags
[2026-06-17T15:01:07.237+0000] {manager.py:740} INFO - There are 1 files in /opt/airflow/dags
[2026-06-17T15:01:30.690+0000] {manager.py:878} INFO - 
================================================================================
DAG File Processing Stats

File Path                             PID    Runtime      # DAGs    # Errors  Last Runtime    Last Run
------------------------------------  -----  ---------  --------  ----------  --------------  -------------------
/opt/airflow/dags/weather_etl_dag.py                           1           0  0.91s           2026-06-17T15:01:26
================================================================================
[2026-06-17T15:02:02.230+0000] {manager.py:878} INFO - 
================================================================================
DAG File Processing Stats

File Path                             PID    Runtime      # DAGs    # Errors  Last Runtime    Last Run
------------------------------------  -----  ---------  --------  ----------  --------------  -------------------
/opt/airflow/dags/weather_etl_dag.py                           1           0  0.96s           2026-06-17T15:02:00
================================================================================
[2026-06-17T15:02:33.331+0000] {manager.py:878} INFO - 
================================================================================
DAG File Processing Stats

File Path                               PID  Runtime      # DAGs    # Errors  Last Runtime    Last Run
------------------------------------  -----  ---------  --------  ----------  --------------  -------------------
/opt/airflow/dags/weather_etl_dag.py   4848  0.02s             1           0  1.10s           2026-06-17T15:02:22
================================================================================
[2026-06-17T15:03:04.147+0000] {manager.py:878} INFO - 
================================================================================
DAG File Processing Stats

File Path                             PID    Runtime      # DAGs    # Errors  Last Runtime    Last Run
------------------------------------  -----  ---------  --------  ----------  --------------  -------------------
/opt/airflow/dags/weather_etl_dag.py                           1           0  1.16s           2026-06-17T15:02:57
================================================================================
[2026-06-17T15:03:36.920+0000] {manager.py:878} INFO - 
================================================================================
DAG File Processing Stats

File Path                             PID    Runtime      # DAGs    # Errors  Last Runtime    Last Run
------------------------------------  -----  ---------  --------  ----------  --------------  -------------------
/opt/airflow/dags/weather_etl_dag.py                           1           0  2.20s           2026-06-17T15:03:32
================================================================================
[2026-06-17T15:04:09.831+0000] {manager.py:878} INFO - 
================================================================================
DAG File Processing Stats

File Path                             PID    Runtime      # DAGs    # Errors  Last Runtime    Last Run
------------------------------------  -----  ---------  --------  ----------  --------------  -------------------
/opt/airflow/dags/weather_etl_dag.py                           1           0  1.43s           2026-06-17T15:04:07
================================================================================
[2026-06-17T15:04:42.942+0000] {manager.py:878} INFO - 
================================================================================
DAG File Processing Stats

File Path                             PID    Runtime      # DAGs    # Errors  Last Runtime    Last Run
------------------------------------  -----  ---------  --------  ----------  --------------  -------------------
/opt/airflow/dags/weather_etl_dag.py                           1           0  0.90s           2026-06-17T15:04:41
================================================================================
[2026-06-17T15:05:13.670+0000] {manager.py:878} INFO - 
================================================================================
DAG File Processing Stats

File Path                             PID    Runtime      # DAGs    # Errors  Last Runtime    Last Run
------------------------------------  -----  ---------  --------  ----------  --------------  -------------------
/opt/airflow/dags/weather_etl_dag.py                           1           0  1.62s           2026-06-17T15:05:05
================================================================================
[2026-06-17T15:05:45.338+0000] {manager.py:878} INFO - 
================================================================================
DAG File Processing Stats

File Path                             PID    Runtime      # DAGs    # Errors  Last Runtime    Last Run
------------------------------------  -----  ---------  --------  ----------  --------------  -------------------
/opt/airflow/dags/weather_etl_dag.py                           1           0  0.92s           2026-06-17T15:05:40
================================================================================
[2026-06-17T15:06:07.593+0000] {manager.py:737} INFO - Searching for files in /opt/airflow/dags
[2026-06-17T15:06:07.742+0000] {manager.py:740} INFO - There are 1 files in /opt/airflow/dags
[2026-06-17T15:06:18.270+0000] {manager.py:878} INFO - 
================================================================================
DAG File Processing Stats

File Path                             PID    Runtime      # DAGs    # Errors  Last Runtime    Last Run
------------------------------------  -----  ---------  --------  ----------  --------------  -------------------
/opt/airflow/dags/weather_etl_dag.py                           1           0  1.56s           2026-06-17T15:06:17
================================================================================
[2026-06-17T15:06:49.609+0000] {manager.py:878} INFO - 
================================================================================
DAG File Processing Stats

File Path                             PID    Runtime      # DAGs    # Errors  Last Runtime    Last Run
------------------------------------  -----  ---------  --------  ----------  --------------  -------------------
/opt/airflow/dags/weather_etl_dag.py                           1           0  0.99s           2026-06-17T15:06:40
================================================================================
[2026-06-17T15:07:20.524+0000] {manager.py:878} INFO - 
================================================================================
DAG File Processing Stats

File Path                             PID    Runtime      # DAGs    # Errors  Last Runtime    Last Run
------------------------------------  -----  ---------  --------  ----------  --------------  -------------------
/opt/airflow/dags/weather_etl_dag.py                           1           0  0.83s           2026-06-17T15:07:15
================================================================================
[2026-06-17T15:07:53.882+0000] {manager.py:878} INFO - 
================================================================================
DAG File Processing Stats

File Path                             PID    Runtime      # DAGs    # Errors  Last Runtime    Last Run
------------------------------------  -----  ---------  --------  ----------  --------------  -------------------
/opt/airflow/dags/weather_etl_dag.py                           1           0  0.84s           2026-06-17T15:07:48
================================================================================
[2026-06-17T15:08:24.791+0000] {manager.py:878} INFO - 
================================================================================
DAG File Processing Stats

File Path                               PID  Runtime      # DAGs    # Errors  Last Runtime    Last Run
------------------------------------  -----  ---------  --------  ----------  --------------  -------------------
/opt/airflow/dags/weather_etl_dag.py   4998  0.03s             1           0  1.67s           2026-06-17T15:08:14
================================================================================
[2026-06-17T15:08:55.906+0000] {manager.py:878} INFO - 
================================================================================
DAG File Processing Stats

File Path                             PID    Runtime      # DAGs    # Errors  Last Runtime    Last Run
------------------------------------  -----  ---------  --------  ----------  --------------  -------------------
/opt/airflow/dags/weather_etl_dag.py                           1           0  1.54s           2026-06-17T15:08:50
================================================================================
[2026-06-17T15:09:28.788+0000] {manager.py:878} INFO - 
================================================================================
DAG File Processing Stats

File Path                             PID    Runtime      # DAGs    # Errors  Last Runtime    Last Run
------------------------------------  -----  ---------  --------  ----------  --------------  -------------------
/opt/airflow/dags/weather_etl_dag.py                           1           0  1.21s           2026-06-17T15:09:25
================================================================================
[2026-06-17T15:10:00.431+0000] {manager.py:878} INFO - 
================================================================================
DAG File Processing Stats

File Path                             PID    Runtime      # DAGs    # Errors  Last Runtime    Last Run
------------------------------------  -----  ---------  --------  ----------  --------------  -------------------
/opt/airflow/dags/weather_etl_dag.py                           1           0  0.76s           2026-06-17T15:09:59
================================================================================
[2026-06-17T15:10:31.632+0000] {manager.py:878} INFO - 
================================================================================
DAG File Processing Stats

File Path                             PID    Runtime      # DAGs    # Errors  Last Runtime    Last Run
------------------------------------  -----  ---------  --------  ----------  --------------  -------------------
/opt/airflow/dags/weather_etl_dag.py                           1           0  1.96s           2026-06-17T15:10:22
================================================================================
[2026-06-17T15:11:04.383+0000] {manager.py:878} INFO - 
================================================================================
DAG File Processing Stats

File Path                             PID    Runtime      # DAGs    # Errors  Last Runtime    Last Run
------------------------------------  -----  ---------  --------  ----------  --------------  -------------------
/opt/airflow/dags/weather_etl_dag.py                           1           0  1.71s           2026-06-17T15:10:57
================================================================================
[2026-06-17T15:11:07.879+0000] {manager.py:737} INFO - Searching for files in /opt/airflow/dags
[2026-06-17T15:11:07.963+0000] {manager.py:740} INFO - There are 1 files in /opt/airflow/dags
[2026-06-17T15:11:37.388+0000] {manager.py:878} INFO - 
================================================================================
DAG File Processing Stats

File Path                             PID    Runtime      # DAGs    # Errors  Last Runtime    Last Run
------------------------------------  -----  ---------  --------  ----------  --------------  -------------------
/opt/airflow/dags/weather_etl_dag.py                           1           0  0.57s           2026-06-17T15:11:32
================================================================================
[2026-06-17T15:12:10.452+0000] {manager.py:878} INFO - 
================================================================================
DAG File Processing Stats

File Path                             PID    Runtime      # DAGs    # Errors  Last Runtime    Last Run
------------------------------------  -----  ---------  --------  ----------  --------------  -------------------
/opt/airflow/dags/weather_etl_dag.py                           1           0  0.45s           2026-06-17T15:12:06
================================================================================
[2026-06-17T15:12:41.482+0000] {manager.py:878} INFO - 
================================================================================
DAG File Processing Stats

File Path                             PID    Runtime      # DAGs    # Errors  Last Runtime    Last Run
------------------------------------  -----  ---------  --------  ----------  --------------  -------------------
/opt/airflow/dags/weather_etl_dag.py                           1           0  0.56s           2026-06-17T15:12:40
================================================================================
[2026-06-17T15:13:13.067+0000] {manager.py:878} INFO - 
================================================================================
DAG File Processing Stats

File Path                               PID  Runtime      # DAGs    # Errors  Last Runtime    Last Run
------------------------------------  -----  ---------  --------  ----------  --------------  -------------------
/opt/airflow/dags/weather_etl_dag.py   5123  0.02s             1           0  0.86s           2026-06-17T15:13:02
================================================================================
[2026-06-17T15:13:45.867+0000] {manager.py:878} INFO - 
================================================================================
DAG File Processing Stats

File Path                               PID  Runtime      # DAGs    # Errors  Last Runtime    Last Run
------------------------------------  -----  ---------  --------  ----------  --------------  -------------------
/opt/airflow/dags/weather_etl_dag.py   5138  0.01s             1           0  0.59s           2026-06-17T15:13:35
================================================================================
[2026-06-17T15:14:18.659+0000] {manager.py:878} INFO - 
================================================================================
DAG File Processing Stats

File Path                               PID  Runtime      # DAGs    # Errors  Last Runtime    Last Run
------------------------------------  -----  ---------  --------  ----------  --------------  -------------------
/opt/airflow/dags/weather_etl_dag.py   5153  0.02s             1           0  0.38s           2026-06-17T15:14:08
================================================================================
[2026-06-17T15:14:51.853+0000] {manager.py:878} INFO - 
================================================================================
DAG File Processing Stats

File Path                               PID  Runtime      # DAGs    # Errors  Last Runtime    Last Run
------------------------------------  -----  ---------  --------  ----------  --------------  -------------------
/opt/airflow/dags/weather_etl_dag.py   5168  0.01s             1           0  0.51s           2026-06-17T15:14:41
================================================================================
[2026-06-17T15:15:24.700+0000] {manager.py:878} INFO - 
================================================================================
DAG File Processing Stats

File Path                             PID    Runtime      # DAGs    # Errors  Last Runtime    Last Run
------------------------------------  -----  ---------  --------  ----------  --------------  -------------------
/opt/airflow/dags/weather_etl_dag.py                           1           0  0.27s           2026-06-17T15:15:24
================================================================================
[2026-06-17T15:15:55.966+0000] {manager.py:878} INFO - 
================================================================================
DAG File Processing Stats

File Path                             PID    Runtime      # DAGs    # Errors  Last Runtime    Last Run
------------------------------------  -----  ---------  --------  ----------  --------------  -------------------
/opt/airflow/dags/weather_etl_dag.py                           1           0  0.35s           2026-06-17T15:15:55
================================================================================
[2026-06-17T15:16:08.041+0000] {manager.py:737} INFO - Searching for files in /opt/airflow/dags
[2026-06-17T15:16:08.120+0000] {manager.py:740} INFO - There are 1 files in /opt/airflow/dags
[2026-06-17T15:16:27.483+0000] {manager.py:878} INFO - 
================================================================================
DAG File Processing Stats

File Path                               PID  Runtime      # DAGs    # Errors  Last Runtime    Last Run
------------------------------------  -----  ---------  --------  ----------  --------------  -------------------
/opt/airflow/dags/weather_etl_dag.py   5213  0.02s             1           0  0.76s           2026-06-17T15:16:17
================================================================================
[2026-06-17T15:17:00.289+0000] {manager.py:878} INFO - 
================================================================================
DAG File Processing Stats

File Path                               PID  Runtime      # DAGs    # Errors  Last Runtime    Last Run
------------------------------------  -----  ---------  --------  ----------  --------------  -------------------
/opt/airflow/dags/weather_etl_dag.py   5228  0.02s             1           0  0.63s           2026-06-17T15:16:50
================================================================================
[2026-06-17T15:17:33.062+0000] {manager.py:878} INFO - 
================================================================================
DAG File Processing Stats

File Path                               PID  Runtime      # DAGs    # Errors  Last Runtime    Last Run
------------------------------------  -----  ---------  --------  ----------  --------------  -------------------
/opt/airflow/dags/weather_etl_dag.py   5243  0.02s             1           0  0.60s           2026-06-17T15:17:22
================================================================================
[2026-06-17T15:18:06.154+0000] {manager.py:878} INFO - 
================================================================================
DAG File Processing Stats

File Path                             PID    Runtime      # DAGs    # Errors  Last Runtime    Last Run
------------------------------------  -----  ---------  --------  ----------  --------------  -------------------
/opt/airflow/dags/weather_etl_dag.py                           1           0  0.37s           2026-06-17T15:18:05
================================================================================
[2026-06-17T15:18:39.418+0000] {manager.py:878} INFO - 
================================================================================
DAG File Processing Stats

File Path                             PID    Runtime      # DAGs    # Errors  Last Runtime    Last Run
------------------------------------  -----  ---------  --------  ----------  --------------  -------------------
/opt/airflow/dags/weather_etl_dag.py                           1           0  0.36s           2026-06-17T15:18:38
================================================================================
[2026-06-17T15:19:10.560+0000] {manager.py:878} INFO - 
================================================================================
DAG File Processing Stats

File Path                               PID  Runtime      # DAGs    # Errors  Last Runtime    Last Run
------------------------------------  -----  ---------  --------  ----------  --------------  -------------------
/opt/airflow/dags/weather_etl_dag.py   5288  0.02s             1           0  0.52s           2026-06-17T15:19:00
================================================================================
[2026-06-17T15:19:41.521+0000] {manager.py:878} INFO - 
================================================================================
DAG File Processing Stats

File Path                             PID    Runtime      # DAGs    # Errors  Last Runtime    Last Run
------------------------------------  -----  ---------  --------  ----------  --------------  -------------------
/opt/airflow/dags/weather_etl_dag.py                           1           0  0.43s           2026-06-17T15:19:34
================================================================================
[2026-06-17T15:20:14.822+0000] {manager.py:878} INFO - 
================================================================================
DAG File Processing Stats

File Path                             PID    Runtime      # DAGs    # Errors  Last Runtime    Last Run
------------------------------------  -----  ---------  --------  ----------  --------------  -------------------
/opt/airflow/dags/weather_etl_dag.py                           1           0  0.64s           2026-06-17T15:20:07
================================================================================
[2026-06-17T15:20:50.852+0000] {manager.py:878} INFO - 
================================================================================
DAG File Processing Stats

File Path                             PID    Runtime      # DAGs    # Errors  Last Runtime    Last Run
------------------------------------  -----  ---------  --------  ----------  --------------  -------------------
/opt/airflow/dags/weather_etl_dag.py                           1           0  0.68s           2026-06-17T15:20:41
================================================================================
[2026-06-17T15:21:08.449+0000] {manager.py:737} INFO - Searching for files in /opt/airflow/dags
[2026-06-17T15:21:08.721+0000] {manager.py:740} INFO - There are 1 files in /opt/airflow/dags
[2026-06-17T15:21:24.376+0000] {manager.py:878} INFO - 
================================================================================
DAG File Processing Stats

File Path                               PID  Runtime      # DAGs    # Errors  Last Runtime    Last Run
------------------------------------  -----  ---------  --------  ----------  --------------  -------------------
/opt/airflow/dags/weather_etl_dag.py   5348  0.11s             1           0  0.59s           2026-06-17T15:21:13
================================================================================
[2026-06-17T15:21:55.967+0000] {manager.py:878} INFO - 
================================================================================
DAG File Processing Stats

File Path                             PID    Runtime      # DAGs    # Errors  Last Runtime    Last Run
------------------------------------  -----  ---------  --------  ----------  --------------  -------------------
/opt/airflow/dags/weather_etl_dag.py                           1           0  0.44s           2026-06-17T15:21:47
================================================================================
[2026-06-17T15:22:28.937+0000] {manager.py:878} INFO - 
================================================================================
DAG File Processing Stats

File Path                             PID    Runtime      # DAGs    # Errors  Last Runtime    Last Run
------------------------------------  -----  ---------  --------  ----------  --------------  -------------------
/opt/airflow/dags/weather_etl_dag.py                           1           0  1.05s           2026-06-17T15:22:20
================================================================================
[2026-06-17T15:23:01.957+0000] {manager.py:878} INFO - 
================================================================================
DAG File Processing Stats

File Path                             PID    Runtime      # DAGs    # Errors  Last Runtime    Last Run
------------------------------------  -----  ---------  --------  ----------  --------------  -------------------
/opt/airflow/dags/weather_etl_dag.py                           1           0  0.39s           2026-06-17T15:22:53
================================================================================
[2026-06-17T15:23:32.579+0000] {manager.py:878} INFO - 
================================================================================
DAG File Processing Stats

File Path                             PID    Runtime      # DAGs    # Errors  Last Runtime    Last Run
------------------------------------  -----  ---------  --------  ----------  --------------  -------------------
/opt/airflow/dags/weather_etl_dag.py                           1           0  0.36s           2026-06-17T15:23:25
================================================================================
[2026-06-17T15:24:03.847+0000] {manager.py:878} INFO - 
================================================================================
DAG File Processing Stats

File Path                             PID    Runtime      # DAGs    # Errors  Last Runtime    Last Run
------------------------------------  -----  ---------  --------  ----------  --------------  -------------------
/opt/airflow/dags/weather_etl_dag.py                           1           0  0.37s           2026-06-17T15:23:57
================================================================================
[2026-06-17T15:24:36.796+0000] {manager.py:878} INFO - 
================================================================================
DAG File Processing Stats

File Path                             PID    Runtime      # DAGs    # Errors  Last Runtime    Last Run
------------------------------------  -----  ---------  --------  ----------  --------------  -------------------
/opt/airflow/dags/weather_etl_dag.py                           1           0  0.56s           2026-06-17T15:24:29
================================================================================
[2026-06-17T15:25:09.904+0000] {manager.py:878} INFO - 
================================================================================
DAG File Processing Stats

File Path                             PID    Runtime      # DAGs    # Errors  Last Runtime    Last Run
------------------------------------  -----  ---------  --------  ----------  --------------  -------------------
/opt/airflow/dags/weather_etl_dag.py                           1           0  0.34s           2026-06-17T15:25:01
================================================================================
[2026-06-17T15:25:42.945+0000] {manager.py:878} INFO - 
================================================================================
DAG File Processing Stats

File Path                             PID    Runtime      # DAGs    # Errors  Last Runtime    Last Run
------------------------------------  -----  ---------  --------  ----------  --------------  -------------------
/opt/airflow/dags/weather_etl_dag.py                           1           0  0.45s           2026-06-17T15:25:34
================================================================================
[2026-06-17T15:26:08.653+0000] {manager.py:737} INFO - Searching for files in /opt/airflow/dags
[2026-06-17T15:26:08.734+0000] {manager.py:740} INFO - There are 1 files in /opt/airflow/dags
[2026-06-17T15:26:15.909+0000] {manager.py:878} INFO - 
================================================================================
DAG File Processing Stats

File Path                             PID    Runtime      # DAGs    # Errors  Last Runtime    Last Run
------------------------------------  -----  ---------  --------  ----------  --------------  -------------------
/opt/airflow/dags/weather_etl_dag.py                           1           0  0.29s           2026-06-17T15:26:05
================================================================================
[2026-06-17T15:26:47.497+0000] {manager.py:878} INFO - 
================================================================================
DAG File Processing Stats

File Path                             PID    Runtime      # DAGs    # Errors  Last Runtime    Last Run
------------------------------------  -----  ---------  --------  ----------  --------------  -------------------
/opt/airflow/dags/weather_etl_dag.py                           1           0  0.64s           2026-06-17T15:26:38
================================================================================
[2026-06-17T15:27:18.284+0000] {manager.py:878} INFO - 
================================================================================
DAG File Processing Stats

File Path                             PID    Runtime      # DAGs    # Errors  Last Runtime    Last Run
------------------------------------  -----  ---------  --------  ----------  --------------  -------------------
/opt/airflow/dags/weather_etl_dag.py                           1           0  0.73s           2026-06-17T15:27:11
================================================================================
[2026-06-17T15:27:51.029+0000] {manager.py:878} INFO - 
================================================================================
DAG File Processing Stats

File Path                             PID    Runtime      # DAGs    # Errors  Last Runtime    Last Run
------------------------------------  -----  ---------  --------  ----------  --------------  -------------------
/opt/airflow/dags/weather_etl_dag.py                           1           0  0.44s           2026-06-17T15:27:43
================================================================================
[2026-06-17T15:28:23.938+0000] {manager.py:878} INFO - 
================================================================================
DAG File Processing Stats

File Path                             PID    Runtime      # DAGs    # Errors  Last Runtime    Last Run
------------------------------------  -----  ---------  --------  ----------  --------------  -------------------
/opt/airflow/dags/weather_etl_dag.py                           1           0  0.55s           2026-06-17T15:28:15
================================================================================
[2026-06-17T15:28:56.998+0000] {manager.py:878} INFO - 
================================================================================
DAG File Processing Stats

File Path                             PID    Runtime      # DAGs    # Errors  Last Runtime    Last Run
------------------------------------  -----  ---------  --------  ----------  --------------  -------------------
/opt/airflow/dags/weather_etl_dag.py                           1           0  0.38s           2026-06-17T15:28:47
================================================================================
[2026-06-17T15:29:28.366+0000] {manager.py:878} INFO - 
================================================================================
DAG File Processing Stats

File Path                             PID    Runtime      # DAGs    # Errors  Last Runtime    Last Run
------------------------------------  -----  ---------  --------  ----------  --------------  -------------------
/opt/airflow/dags/weather_etl_dag.py                           1           0  0.55s           2026-06-17T15:29:20
================================================================================
[2026-06-17T15:29:59.280+0000] {manager.py:878} INFO - 
================================================================================
DAG File Processing Stats

File Path                             PID    Runtime      # DAGs    # Errors  Last Runtime    Last Run
------------------------------------  -----  ---------  --------  ----------  --------------  -------------------
/opt/airflow/dags/weather_etl_dag.py                           1           0  0.84s           2026-06-17T15:29:55
================================================================================
[2026-06-17T15:30:31.127+0000] {manager.py:878} INFO - 
================================================================================
DAG File Processing Stats

File Path                             PID    Runtime      # DAGs    # Errors  Last Runtime    Last Run
------------------------------------  -----  ---------  --------  ----------  --------------  -------------------
/opt/airflow/dags/weather_etl_dag.py                           1           0  0.49s           2026-06-17T15:30:27
================================================================================
[2026-06-17T15:31:04.233+0000] {manager.py:878} INFO - 
================================================================================
DAG File Processing Stats

File Path                             PID    Runtime      # DAGs    # Errors  Last Runtime    Last Run
------------------------------------  -----  ---------  --------  ----------  --------------  -------------------
/opt/airflow/dags/weather_etl_dag.py                           1           0  0.76s           2026-06-17T15:30:59
================================================================================
[2026-06-17T15:31:09.270+0000] {manager.py:737} INFO - Searching for files in /opt/airflow/dags
[2026-06-17T15:31:09.477+0000] {manager.py:740} INFO - There are 1 files in /opt/airflow/dags
[2026-06-17T15:31:37.316+0000] {manager.py:878} INFO - 
================================================================================
DAG File Processing Stats

File Path                               PID  Runtime      # DAGs    # Errors  Last Runtime    Last Run
------------------------------------  -----  ---------  --------  ----------  --------------  -------------------
/opt/airflow/dags/weather_etl_dag.py   5628  1.04s             1           0  4.16s           2026-06-17T15:31:25
================================================================================
[2026-06-17T15:32:09.079+0000] {manager.py:878} INFO - 
================================================================================
DAG File Processing Stats

File Path                             PID    Runtime      # DAGs    # Errors  Last Runtime    Last Run
------------------------------------  -----  ---------  --------  ----------  --------------  -------------------
/opt/airflow/dags/weather_etl_dag.py                           1           0  1.69s           2026-06-17T15:32:01
================================================================================
[2026-06-17T15:32:40.409+0000] {manager.py:878} INFO - 
================================================================================
DAG File Processing Stats

File Path                             PID    Runtime      # DAGs    # Errors  Last Runtime    Last Run
------------------------------------  -----  ---------  --------  ----------  --------------  -------------------
/opt/airflow/dags/weather_etl_dag.py                           1           0  0.35s           2026-06-17T15:32:33
================================================================================
[2026-06-17T15:33:13.490+0000] {manager.py:878} INFO - 
================================================================================
DAG File Processing Stats

File Path                             PID    Runtime      # DAGs    # Errors  Last Runtime    Last Run
------------------------------------  -----  ---------  --------  ----------  --------------  -------------------
/opt/airflow/dags/weather_etl_dag.py                           1           0  0.42s           2026-06-17T15:33:05
================================================================================
[2026-06-17T15:33:46.710+0000] {manager.py:878} INFO - 
================================================================================
DAG File Processing Stats

File Path                             PID    Runtime      # DAGs    # Errors  Last Runtime    Last Run
------------------------------------  -----  ---------  --------  ----------  --------------  -------------------
/opt/airflow/dags/weather_etl_dag.py                           1           0  0.40s           2026-06-17T15:33:38
================================================================================
[2026-06-17T15:34:18.327+0000] {manager.py:878} INFO - 
================================================================================
DAG File Processing Stats

File Path                             PID    Runtime      # DAGs    # Errors  Last Runtime    Last Run
------------------------------------  -----  ---------  --------  ----------  --------------  -------------------
/opt/airflow/dags/weather_etl_dag.py                           1           0  0.34s           2026-06-17T15:34:09
================================================================================
[2026-06-17T15:34:49.416+0000] {manager.py:878} INFO - 
================================================================================
DAG File Processing Stats

File Path                             PID    Runtime      # DAGs    # Errors  Last Runtime    Last Run
------------------------------------  -----  ---------  --------  ----------  --------------  -------------------
/opt/airflow/dags/weather_etl_dag.py                           1           0  0.43s           2026-06-17T15:34:42
================================================================================
[2026-06-17T15:35:22.889+0000] {manager.py:878} INFO - 
================================================================================
DAG File Processing Stats

File Path                             PID    Runtime      # DAGs    # Errors  Last Runtime    Last Run
------------------------------------  -----  ---------  --------  ----------  --------------  -------------------
/opt/airflow/dags/weather_etl_dag.py                           1           0  0.45s           2026-06-17T15:35:14
================================================================================
[2026-06-17T15:35:56.010+0000] {manager.py:878} INFO - 
================================================================================
DAG File Processing Stats

File Path                             PID    Runtime      # DAGs    # Errors  Last Runtime    Last Run
------------------------------------  -----  ---------  --------  ----------  --------------  -------------------
/opt/airflow/dags/weather_etl_dag.py                           1           0  0.33s           2026-06-17T15:35:46
================================================================================
[2026-06-17T15:36:09.604+0000] {manager.py:737} INFO - Searching for files in /opt/airflow/dags
[2026-06-17T15:36:09.644+0000] {manager.py:740} INFO - There are 1 files in /opt/airflow/dags
[2026-06-17T15:36:28.847+0000] {manager.py:878} INFO - 
================================================================================
DAG File Processing Stats

File Path                             PID    Runtime      # DAGs    # Errors  Last Runtime    Last Run
------------------------------------  -----  ---------  --------  ----------  --------------  -------------------
/opt/airflow/dags/weather_etl_dag.py                           1           0  0.53s           2026-06-17T15:36:19
================================================================================
[2026-06-17T15:37:02.009+0000] {manager.py:878} INFO - 
================================================================================
DAG File Processing Stats

File Path                               PID  Runtime      # DAGs    # Errors  Last Runtime    Last Run
------------------------------------  -----  ---------  --------  ----------  --------------  -------------------
/opt/airflow/dags/weather_etl_dag.py   5778  0.54s             1           0  0.44s           2026-06-17T15:36:51
================================================================================
[2026-06-17T15:37:33.097+0000] {manager.py:878} INFO - 
================================================================================
DAG File Processing Stats

File Path                             PID    Runtime      # DAGs    # Errors  Last Runtime    Last Run
------------------------------------  -----  ---------  --------  ----------  --------------  -------------------
/opt/airflow/dags/weather_etl_dag.py                           1           0  0.98s           2026-06-17T15:37:24
================================================================================
[2026-06-17T15:38:03.852+0000] {manager.py:878} INFO - 
================================================================================
DAG File Processing Stats

File Path                             PID    Runtime      # DAGs    # Errors  Last Runtime    Last Run
------------------------------------  -----  ---------  --------  ----------  --------------  -------------------
/opt/airflow/dags/weather_etl_dag.py                           1           0  0.45s           2026-06-17T15:37:56
================================================================================
[2026-06-17T15:38:37.049+0000] {manager.py:878} INFO - 
================================================================================
DAG File Processing Stats

File Path                             PID    Runtime      # DAGs    # Errors  Last Runtime    Last Run
------------------------------------  -----  ---------  --------  ----------  --------------  -------------------
/opt/airflow/dags/weather_etl_dag.py                           1           0  0.41s           2026-06-17T15:38:29
================================================================================
[2026-06-17T15:39:09.850+0000] {manager.py:878} INFO - 
================================================================================
DAG File Processing Stats

File Path                             PID    Runtime      # DAGs    # Errors  Last Runtime    Last Run
------------------------------------  -----  ---------  --------  ----------  --------------  -------------------
/opt/airflow/dags/weather_etl_dag.py                           1           0  0.42s           2026-06-17T15:39:01
================================================================================
[2026-06-17T15:39:42.632+0000] {manager.py:878} INFO - 
================================================================================
DAG File Processing Stats

File Path                             PID    Runtime      # DAGs    # Errors  Last Runtime    Last Run
------------------------------------  -----  ---------  --------  ----------  --------------  -------------------
/opt/airflow/dags/weather_etl_dag.py                           1           0  1.09s           2026-06-17T15:39:34
================================================================================
[2026-06-17T15:40:16.082+0000] {manager.py:878} INFO - 
================================================================================
DAG File Processing Stats

File Path                             PID    Runtime      # DAGs    # Errors  Last Runtime    Last Run
------------------------------------  -----  ---------  --------  ----------  --------------  -------------------
/opt/airflow/dags/weather_etl_dag.py                           1           0  0.50s           2026-06-17T15:40:07
================================================================================
[2026-06-17T15:40:48.922+0000] {manager.py:878} INFO - 
================================================================================
DAG File Processing Stats

File Path                             PID    Runtime      # DAGs    # Errors  Last Runtime    Last Run
------------------------------------  -----  ---------  --------  ----------  --------------  -------------------
/opt/airflow/dags/weather_etl_dag.py                           1           0  0.50s           2026-06-17T15:40:39
================================================================================
[2026-06-17T15:41:10.057+0000] {manager.py:737} INFO - Searching for files in /opt/airflow/dags
[2026-06-17T15:41:10.131+0000] {manager.py:740} INFO - There are 1 files in /opt/airflow/dags
[2026-06-17T15:41:20.160+0000] {manager.py:878} INFO - 
================================================================================
DAG File Processing Stats

File Path                             PID    Runtime      # DAGs    # Errors  Last Runtime    Last Run
------------------------------------  -----  ---------  --------  ----------  --------------  -------------------
/opt/airflow/dags/weather_etl_dag.py                           1           0  0.53s           2026-06-17T15:41:12
================================================================================
[2026-06-17T15:41:51.125+0000] {manager.py:878} INFO - 
================================================================================
DAG File Processing Stats

File Path                             PID    Runtime      # DAGs    # Errors  Last Runtime    Last Run
------------------------------------  -----  ---------  --------  ----------  --------------  -------------------
/opt/airflow/dags/weather_etl_dag.py                           1           0  0.42s           2026-06-17T15:41:45
================================================================================
[2026-06-17T15:42:21.935+0000] {manager.py:878} INFO - 
================================================================================
DAG File Processing Stats

File Path                             PID    Runtime      # DAGs    # Errors  Last Runtime    Last Run
------------------------------------  -----  ---------  --------  ----------  --------------  -------------------
/opt/airflow/dags/weather_etl_dag.py                           1           0  0.63s           2026-06-17T15:42:16
================================================================================
[2026-06-17T15:42:54.876+0000] {manager.py:878} INFO - 
================================================================================
DAG File Processing Stats

File Path                             PID    Runtime      # DAGs    # Errors  Last Runtime    Last Run
------------------------------------  -----  ---------  --------  ----------  --------------  -------------------
/opt/airflow/dags/weather_etl_dag.py                           1           0  0.38s           2026-06-17T15:42:52
================================================================================
[2026-06-17T15:43:28.071+0000] {manager.py:878} INFO - 
================================================================================
DAG File Processing Stats

File Path                             PID    Runtime      # DAGs    # Errors  Last Runtime    Last Run
------------------------------------  -----  ---------  --------  ----------  --------------  -------------------
/opt/airflow/dags/weather_etl_dag.py                           1           0  0.46s           2026-06-17T15:43:24
================================================================================
[2026-06-17T15:44:00.976+0000] {manager.py:878} INFO - 
================================================================================
DAG File Processing Stats

File Path                             PID    Runtime      # DAGs    # Errors  Last Runtime    Last Run
------------------------------------  -----  ---------  --------  ----------  --------------  -------------------
/opt/airflow/dags/weather_etl_dag.py                           1           0  0.30s           2026-06-17T15:43:57
================================================================================
[2026-06-17T15:44:31.741+0000] {manager.py:878} INFO - 
================================================================================
DAG File Processing Stats

File Path                             PID    Runtime      # DAGs    # Errors  Last Runtime    Last Run
------------------------------------  -----  ---------  --------  ----------  --------------  -------------------
/opt/airflow/dags/weather_etl_dag.py                           1           0  0.30s           2026-06-17T15:44:29
================================================================================
[2026-06-17T15:45:03.475+0000] {manager.py:878} INFO - 
================================================================================
DAG File Processing Stats

File Path                             PID    Runtime      # DAGs    # Errors  Last Runtime    Last Run
------------------------------------  -----  ---------  --------  ----------  --------------  -------------------
/opt/airflow/dags/weather_etl_dag.py                           1           0  0.34s           2026-06-17T15:45:00
================================================================================
[2026-06-17T15:45:36.659+0000] {manager.py:878} INFO - 
================================================================================
DAG File Processing Stats

File Path                             PID    Runtime      # DAGs    # Errors  Last Runtime    Last Run
------------------------------------  -----  ---------  --------  ----------  --------------  -------------------
/opt/airflow/dags/weather_etl_dag.py                           1           0  0.47s           2026-06-17T15:45:33
================================================================================
[2026-06-17T15:46:09.572+0000] {manager.py:878} INFO - 
================================================================================
DAG File Processing Stats

File Path                             PID    Runtime      # DAGs    # Errors  Last Runtime    Last Run
------------------------------------  -----  ---------  --------  ----------  --------------  -------------------
/opt/airflow/dags/weather_etl_dag.py                           1           0  0.36s           2026-06-17T15:46:05
================================================================================
[2026-06-17T15:46:10.582+0000] {manager.py:737} INFO - Searching for files in /opt/airflow/dags
[2026-06-17T15:46:10.630+0000] {manager.py:740} INFO - There are 1 files in /opt/airflow/dags
[2026-06-17T15:46:42.438+0000] {manager.py:878} INFO - 
================================================================================
DAG File Processing Stats

File Path                             PID    Runtime      # DAGs    # Errors  Last Runtime    Last Run
------------------------------------  -----  ---------  --------  ----------  --------------  -------------------
/opt/airflow/dags/weather_etl_dag.py                           1           0  0.46s           2026-06-17T15:46:37
================================================================================
[2026-06-17T15:47:16.039+0000] {manager.py:878} INFO - 
================================================================================
DAG File Processing Stats

File Path                             PID    Runtime      # DAGs    # Errors  Last Runtime    Last Run
------------------------------------  -----  ---------  --------  ----------  --------------  -------------------
/opt/airflow/dags/weather_etl_dag.py                           1           0  0.67s           2026-06-17T15:47:10
================================================================================
[2026-06-17T15:47:47.391+0000] {manager.py:878} INFO - 
================================================================================
DAG File Processing Stats

File Path                             PID    Runtime      # DAGs    # Errors  Last Runtime    Last Run
------------------------------------  -----  ---------  --------  ----------  --------------  -------------------
/opt/airflow/dags/weather_etl_dag.py                           1           0  0.64s           2026-06-17T15:47:42
================================================================================
[2026-06-17T15:48:20.177+0000] {manager.py:878} INFO - 
================================================================================
DAG File Processing Stats

File Path                             PID    Runtime      # DAGs    # Errors  Last Runtime    Last Run
------------------------------------  -----  ---------  --------  ----------  --------------  -------------------
/opt/airflow/dags/weather_etl_dag.py                           1           0  0.30s           2026-06-17T15:48:14
================================================================================
[2026-06-17T15:48:53.350+0000] {manager.py:878} INFO - 
================================================================================
DAG File Processing Stats

File Path                             PID    Runtime      # DAGs    # Errors  Last Runtime    Last Run
------------------------------------  -----  ---------  --------  ----------  --------------  -------------------
/opt/airflow/dags/weather_etl_dag.py                           1           0  0.51s           2026-06-17T15:48:46
================================================================================
[2026-06-17T15:49:26.604+0000] {manager.py:878} INFO - 
================================================================================
DAG File Processing Stats

File Path                             PID    Runtime      # DAGs    # Errors  Last Runtime    Last Run
------------------------------------  -----  ---------  --------  ----------  --------------  -------------------
/opt/airflow/dags/weather_etl_dag.py                           1           0  0.36s           2026-06-17T15:49:18
================================================================================
[2026-06-17T15:50:00.055+0000] {manager.py:878} INFO - 
================================================================================
DAG File Processing Stats

File Path                             PID    Runtime      # DAGs    # Errors  Last Runtime    Last Run
------------------------------------  -----  ---------  --------  ----------  --------------  -------------------
/opt/airflow/dags/weather_etl_dag.py                           1           0  0.71s           2026-06-17T15:49:52
================================================================================
[2026-06-17T15:50:30.737+0000] {manager.py:878} INFO - 
================================================================================
DAG File Processing Stats

File Path                             PID    Runtime      # DAGs    # Errors  Last Runtime    Last Run
------------------------------------  -----  ---------  --------  ----------  --------------  -------------------
/opt/airflow/dags/weather_etl_dag.py                           1           0  0.68s           2026-06-17T15:50:24
================================================================================
[2026-06-17T15:51:01.505+0000] {manager.py:878} INFO - 
================================================================================
DAG File Processing Stats

File Path                             PID    Runtime      # DAGs    # Errors  Last Runtime    Last Run
------------------------------------  -----  ---------  --------  ----------  --------------  -------------------
/opt/airflow/dags/weather_etl_dag.py                           1           0  0.33s           2026-06-17T15:50:56
================================================================================
[2026-06-17T15:51:10.698+0000] {manager.py:737} INFO - Searching for files in /opt/airflow/dags
[2026-06-17T15:51:10.793+0000] {manager.py:740} INFO - There are 1 files in /opt/airflow/dags
[2026-06-17T15:51:34.595+0000] {manager.py:878} INFO - 
================================================================================
DAG File Processing Stats

File Path                             PID    Runtime      # DAGs    # Errors  Last Runtime    Last Run
------------------------------------  -----  ---------  --------  ----------  --------------  -------------------
/opt/airflow/dags/weather_etl_dag.py                           1           0  0.41s           2026-06-17T15:51:28
================================================================================
[2026-06-17T15:52:07.585+0000] {manager.py:878} INFO - 
================================================================================
DAG File Processing Stats

File Path                             PID    Runtime      # DAGs    # Errors  Last Runtime    Last Run
------------------------------------  -----  ---------  --------  ----------  --------------  -------------------
/opt/airflow/dags/weather_etl_dag.py                           1           0  0.66s           2026-06-17T15:52:01
================================================================================
[2026-06-17T15:52:40.714+0000] {manager.py:878} INFO - 
================================================================================
DAG File Processing Stats

File Path                             PID    Runtime      # DAGs    # Errors  Last Runtime    Last Run
------------------------------------  -----  ---------  --------  ----------  --------------  -------------------
/opt/airflow/dags/weather_etl_dag.py                           1           0  0.43s           2026-06-17T15:52:33
================================================================================
[2026-06-17T15:53:13.831+0000] {manager.py:878} INFO - 
================================================================================
DAG File Processing Stats

File Path                             PID    Runtime      # DAGs    # Errors  Last Runtime    Last Run
------------------------------------  -----  ---------  --------  ----------  --------------  -------------------
/opt/airflow/dags/weather_etl_dag.py                           1           0  0.48s           2026-06-17T15:53:06
================================================================================
[2026-06-17T15:53:46.736+0000] {manager.py:878} INFO - 
================================================================================
DAG File Processing Stats

File Path                             PID    Runtime      # DAGs    # Errors  Last Runtime    Last Run
------------------------------------  -----  ---------  --------  ----------  --------------  -------------------
/opt/airflow/dags/weather_etl_dag.py                           1           0  0.41s           2026-06-17T15:53:38
================================================================================
[2026-06-17T15:54:17.880+0000] {manager.py:878} INFO - 
================================================================================
DAG File Processing Stats

File Path                             PID    Runtime      # DAGs    # Errors  Last Runtime    Last Run
------------------------------------  -----  ---------  --------  ----------  --------------  -------------------
/opt/airflow/dags/weather_etl_dag.py                           1           0  0.51s           2026-06-17T15:54:10
================================================================================
[2026-06-17T15:54:48.686+0000] {manager.py:878} INFO - 
================================================================================
DAG File Processing Stats

File Path                             PID    Runtime      # DAGs    # Errors  Last Runtime    Last Run
------------------------------------  -----  ---------  --------  ----------  --------------  -------------------
/opt/airflow/dags/weather_etl_dag.py                           1           0  0.55s           2026-06-17T15:54:42
================================================================================
[2026-06-17T15:55:21.444+0000] {manager.py:878} INFO - 
================================================================================
DAG File Processing Stats

File Path                             PID    Runtime      # DAGs    # Errors  Last Runtime    Last Run
------------------------------------  -----  ---------  --------  ----------  --------------  -------------------
/opt/airflow/dags/weather_etl_dag.py                           1           0  0.91s           2026-06-17T15:55:15
================================================================================
[2026-06-17T15:55:54.671+0000] {manager.py:878} INFO - 
================================================================================
DAG File Processing Stats

File Path                             PID    Runtime      # DAGs    # Errors  Last Runtime    Last Run
------------------------------------  -----  ---------  --------  ----------  --------------  -------------------
/opt/airflow/dags/weather_etl_dag.py                           1           0  0.47s           2026-06-17T15:55:48
================================================================================
[2026-06-17T15:56:10.811+0000] {manager.py:737} INFO - Searching for files in /opt/airflow/dags
[2026-06-17T15:56:10.877+0000] {manager.py:740} INFO - There are 1 files in /opt/airflow/dags
[2026-06-17T15:56:27.887+0000] {manager.py:878} INFO - 
================================================================================
DAG File Processing Stats

File Path                             PID    Runtime      # DAGs    # Errors  Last Runtime    Last Run
------------------------------------  -----  ---------  --------  ----------  --------------  -------------------
/opt/airflow/dags/weather_etl_dag.py                           1           0  0.50s           2026-06-17T15:56:20
================================================================================
[2026-06-17T15:57:01.016+0000] {manager.py:878} INFO - 
================================================================================
DAG File Processing Stats

File Path                             PID    Runtime      # DAGs    # Errors  Last Runtime    Last Run
------------------------------------  -----  ---------  --------  ----------  --------------  -------------------
/opt/airflow/dags/weather_etl_dag.py                           1           0  0.54s           2026-06-17T15:56:53
================================================================================
[2026-06-17T15:57:32.606+0000] {manager.py:878} INFO - 
================================================================================
DAG File Processing Stats

File Path                             PID    Runtime      # DAGs    # Errors  Last Runtime    Last Run
------------------------------------  -----  ---------  --------  ----------  --------------  -------------------
/opt/airflow/dags/weather_etl_dag.py                           1           0  0.70s           2026-06-17T15:57:25
================================================================================
[2026-06-17T15:58:04.046+0000] {manager.py:878} INFO - 
================================================================================
DAG File Processing Stats

File Path                             PID    Runtime      # DAGs    # Errors  Last Runtime    Last Run
------------------------------------  -----  ---------  --------  ----------  --------------  -------------------
/opt/airflow/dags/weather_etl_dag.py                           1           0  0.27s           2026-06-17T15:57:57
================================================================================
[2026-06-17T15:58:36.937+0000] {manager.py:878} INFO - 
================================================================================
DAG File Processing Stats

File Path                             PID    Runtime      # DAGs    # Errors  Last Runtime    Last Run
------------------------------------  -----  ---------  --------  ----------  --------------  -------------------
/opt/airflow/dags/weather_etl_dag.py                           1           0  0.30s           2026-06-17T15:58:28
================================================================================
[2026-06-17T15:59:10.292+0000] {manager.py:878} INFO - 
================================================================================
DAG File Processing Stats

File Path                             PID    Runtime      # DAGs    # Errors  Last Runtime    Last Run
------------------------------------  -----  ---------  --------  ----------  --------------  -------------------
/opt/airflow/dags/weather_etl_dag.py                           1           0  0.87s           2026-06-17T15:59:01
================================================================================
[2026-06-17T15:59:43.094+0000] {manager.py:878} INFO - 
================================================================================
DAG File Processing Stats

File Path                             PID    Runtime      # DAGs    # Errors  Last Runtime    Last Run
------------------------------------  -----  ---------  --------  ----------  --------------  -------------------
/opt/airflow/dags/weather_etl_dag.py                           1           0  0.31s           2026-06-17T15:59:33
================================================================================
[2026-06-17T16:00:16.165+0000] {manager.py:878} INFO - 
================================================================================
DAG File Processing Stats

File Path                               PID  Runtime      # DAGs    # Errors  Last Runtime    Last Run
------------------------------------  -----  ---------  --------  ----------  --------------  -------------------
/opt/airflow/dags/weather_etl_dag.py   6428  0.01s             1           0  0.79s           2026-06-17T16:00:05
================================================================================
[2026-06-17T16:00:47.926+0000] {manager.py:878} INFO - 
================================================================================
DAG File Processing Stats

File Path                             PID    Runtime      # DAGs    # Errors  Last Runtime    Last Run
------------------------------------  -----  ---------  --------  ----------  --------------  -------------------
/opt/airflow/dags/weather_etl_dag.py                           1           0  0.93s           2026-06-17T16:00:39
================================================================================
[2026-06-17T16:01:11.371+0000] {manager.py:737} INFO - Searching for files in /opt/airflow/dags
[2026-06-17T16:01:11.519+0000] {manager.py:740} INFO - There are 1 files in /opt/airflow/dags
[2026-06-17T16:01:18.580+0000] {manager.py:878} INFO - 
================================================================================
DAG File Processing Stats

File Path                             PID    Runtime      # DAGs    # Errors  Last Runtime    Last Run
------------------------------------  -----  ---------  --------  ----------  --------------  -------------------
/opt/airflow/dags/weather_etl_dag.py                           1           0  0.79s           2026-06-17T16:01:13
================================================================================
[2026-06-17T16:01:51.602+0000] {manager.py:878} INFO - 
================================================================================
DAG File Processing Stats

File Path                             PID    Runtime      # DAGs    # Errors  Last Runtime    Last Run
------------------------------------  -----  ---------  --------  ----------  --------------  -------------------
/opt/airflow/dags/weather_etl_dag.py                           1           0  0.83s           2026-06-17T16:01:49
================================================================================
[2026-06-17T16:02:23.608+0000] {manager.py:878} INFO - 
================================================================================
DAG File Processing Stats

File Path                               PID  Runtime      # DAGs    # Errors  Last Runtime    Last Run
------------------------------------  -----  ---------  --------  ----------  --------------  -------------------
/opt/airflow/dags/weather_etl_dag.py   6483  0.06s             1           0  1.16s           2026-06-17T16:02:12
================================================================================
[2026-06-17T16:02:55.432+0000] {manager.py:878} INFO - 
================================================================================
DAG File Processing Stats

File Path                             PID    Runtime      # DAGs    # Errors  Last Runtime    Last Run
------------------------------------  -----  ---------  --------  ----------  --------------  -------------------
/opt/airflow/dags/weather_etl_dag.py                           1           0  0.81s           2026-06-17T16:02:51
================================================================================
[2026-06-17T16:03:26.192+0000] {manager.py:878} INFO - 
================================================================================
DAG File Processing Stats

File Path                               PID  Runtime      # DAGs    # Errors  Last Runtime    Last Run
------------------------------------  -----  ---------  --------  ----------  --------------  -------------------
/opt/airflow/dags/weather_etl_dag.py   6508  1.05s             1           0  1.17s           2026-06-17T16:03:14
================================================================================
[2026-06-17T16:03:59.141+0000] {manager.py:878} INFO - 
================================================================================
DAG File Processing Stats

File Path                               PID  Runtime      # DAGs    # Errors  Last Runtime    Last Run
------------------------------------  -----  ---------  --------  ----------  --------------  -------------------
/opt/airflow/dags/weather_etl_dag.py   6518  0.02s             1           0  3.04s           2026-06-17T16:03:48
================================================================================
[2026-06-17T16:04:32.227+0000] {manager.py:878} INFO - 
================================================================================
DAG File Processing Stats

File Path                             PID    Runtime      # DAGs    # Errors  Last Runtime    Last Run
------------------------------------  -----  ---------  --------  ----------  --------------  -------------------
/opt/airflow/dags/weather_etl_dag.py                           1           0  1.60s           2026-06-17T16:04:27
================================================================================
[2026-06-17T16:05:03.014+0000] {manager.py:878} INFO - 
================================================================================
DAG File Processing Stats

File Path                             PID    Runtime      # DAGs    # Errors  Last Runtime    Last Run
------------------------------------  -----  ---------  --------  ----------  --------------  -------------------
/opt/airflow/dags/weather_etl_dag.py                           1           0  3.71s           2026-06-17T16:04:54
================================================================================
[2026-06-17T16:05:33.989+0000] {manager.py:878} INFO - 
================================================================================
DAG File Processing Stats

File Path                               PID  Runtime      # DAGs    # Errors  Last Runtime    Last Run
------------------------------------  -----  ---------  --------  ----------  --------------  -------------------
/opt/airflow/dags/weather_etl_dag.py   6553  0.64s             1           0  4.28s           2026-06-17T16:05:23
================================================================================
[2026-06-17T16:06:06.907+0000] {manager.py:878} INFO - 
================================================================================
DAG File Processing Stats

File Path                             PID    Runtime      # DAGs    # Errors  Last Runtime    Last Run
------------------------------------  -----  ---------  --------  ----------  --------------  -------------------
/opt/airflow/dags/weather_etl_dag.py                           1           0  0.84s           2026-06-17T16:06:00
================================================================================
[2026-06-17T16:06:11.821+0000] {manager.py:737} INFO - Searching for files in /opt/airflow/dags
[2026-06-17T16:06:12.317+0000] {manager.py:740} INFO - There are 1 files in /opt/airflow/dags
[2026-06-17T16:06:38.960+0000] {manager.py:878} INFO - 
================================================================================
DAG File Processing Stats

File Path                             PID    Runtime      # DAGs    # Errors  Last Runtime    Last Run
------------------------------------  -----  ---------  --------  ----------  --------------  -------------------
/opt/airflow/dags/weather_etl_dag.py                           1           0  0.69s           2026-06-17T16:06:35
================================================================================
[2026-06-17T16:07:11.977+0000] {manager.py:878} INFO - 
================================================================================
DAG File Processing Stats

File Path                             PID    Runtime      # DAGs    # Errors  Last Runtime    Last Run
------------------------------------  -----  ---------  --------  ----------  --------------  -------------------
/opt/airflow/dags/weather_etl_dag.py                           1           0  0.55s           2026-06-17T16:07:08
================================================================================
[2026-06-17T16:07:45.462+0000] {manager.py:878} INFO - 
================================================================================
DAG File Processing Stats

File Path                             PID    Runtime      # DAGs    # Errors  Last Runtime    Last Run
------------------------------------  -----  ---------  --------  ----------  --------------  -------------------
/opt/airflow/dags/weather_etl_dag.py                           1           0  3.69s           2026-06-17T16:07:44
================================================================================
[2026-06-17T16:08:16.426+0000] {manager.py:878} INFO - 
================================================================================
DAG File Processing Stats

File Path                               PID  Runtime      # DAGs    # Errors  Last Runtime    Last Run
------------------------------------  -----  ---------  --------  ----------  --------------  -------------------
/opt/airflow/dags/weather_etl_dag.py   6623  0.02s             1           0  0.63s           2026-06-17T16:08:06
================================================================================
[2026-06-17T16:08:47.861+0000] {manager.py:878} INFO - 
================================================================================
DAG File Processing Stats

File Path                             PID    Runtime      # DAGs    # Errors  Last Runtime    Last Run
------------------------------------  -----  ---------  --------  ----------  --------------  -------------------
/opt/airflow/dags/weather_etl_dag.py                           1           0  0.87s           2026-06-17T16:08:40
================================================================================
[2026-06-17T16:09:21.267+0000] {manager.py:878} INFO - 
================================================================================
DAG File Processing Stats

File Path                             PID    Runtime      # DAGs    # Errors  Last Runtime    Last Run
------------------------------------  -----  ---------  --------  ----------  --------------  -------------------
/opt/airflow/dags/weather_etl_dag.py                           1           0  0.75s           2026-06-17T16:09:13
================================================================================
[2026-06-17T16:09:54.142+0000] {manager.py:878} INFO - 
================================================================================
DAG File Processing Stats

File Path                               PID  Runtime      # DAGs    # Errors  Last Runtime    Last Run
------------------------------------  -----  ---------  --------  ----------  --------------  -------------------
/opt/airflow/dags/weather_etl_dag.py   6663  6.36s             1           0  0.62s           2026-06-17T16:09:36
================================================================================
[2026-06-17T16:10:27.285+0000] {manager.py:878} INFO - 
================================================================================
DAG File Processing Stats

File Path                             PID    Runtime      # DAGs    # Errors  Last Runtime    Last Run
------------------------------------  -----  ---------  --------  ----------  --------------  -------------------
/opt/airflow/dags/weather_etl_dag.py                           1           0  0.44s           2026-06-17T16:10:27
================================================================================
[2026-06-17T16:11:00.297+0000] {manager.py:878} INFO - 
================================================================================
DAG File Processing Stats

File Path                             PID    Runtime      # DAGs    # Errors  Last Runtime    Last Run
------------------------------------  -----  ---------  --------  ----------  --------------  -------------------
/opt/airflow/dags/weather_etl_dag.py                           1           0  0.55s           2026-06-17T16:10:59
================================================================================
[2026-06-17T16:11:12.044+0000] {manager.py:737} INFO - Searching for files in /opt/airflow/dags
[2026-06-17T16:11:12.119+0000] {manager.py:740} INFO - There are 1 files in /opt/airflow/dags
[2026-06-17T16:11:33.094+0000] {manager.py:878} INFO - 
================================================================================
DAG File Processing Stats

File Path                             PID    Runtime      # DAGs    # Errors  Last Runtime    Last Run
------------------------------------  -----  ---------  --------  ----------  --------------  -------------------
/opt/airflow/dags/weather_etl_dag.py                           1           0  0.51s           2026-06-17T16:11:32
================================================================================
[2026-06-17T16:12:04.465+0000] {manager.py:878} INFO - 
================================================================================
DAG File Processing Stats

File Path                             PID    Runtime      # DAGs    # Errors  Last Runtime    Last Run
------------------------------------  -----  ---------  --------  ----------  --------------  -------------------
/opt/airflow/dags/weather_etl_dag.py                           1           0  0.39s           2026-06-17T16:12:03
================================================================================
[2026-06-17T16:12:35.672+0000] {manager.py:878} INFO - 
================================================================================
DAG File Processing Stats

File Path                               PID  Runtime      # DAGs    # Errors  Last Runtime    Last Run
------------------------------------  -----  ---------  --------  ----------  --------------  -------------------
/opt/airflow/dags/weather_etl_dag.py   6738  0.01s             1           0  0.59s           2026-06-17T16:12:25
================================================================================
[2026-06-17T16:13:06.716+0000] {manager.py:878} INFO - 
================================================================================
DAG File Processing Stats

File Path                             PID    Runtime      # DAGs    # Errors  Last Runtime    Last Run
------------------------------------  -----  ---------  --------  ----------  --------------  -------------------
/opt/airflow/dags/weather_etl_dag.py                           1           0  0.45s           2026-06-17T16:12:57
================================================================================
[2026-06-17T16:13:40.191+0000] {manager.py:878} INFO - 
================================================================================
DAG File Processing Stats

File Path                               PID  Runtime      # DAGs    # Errors  Last Runtime    Last Run
------------------------------------  -----  ---------  --------  ----------  --------------  -------------------
/opt/airflow/dags/weather_etl_dag.py   6768  0.02s             1           0  0.52s           2026-06-17T16:13:29
================================================================================
[2026-06-17T16:14:13.326+0000] {manager.py:878} INFO - 
================================================================================
DAG File Processing Stats

File Path                               PID  Runtime      # DAGs    # Errors  Last Runtime    Last Run
------------------------------------  -----  ---------  --------  ----------  --------------  -------------------
/opt/airflow/dags/weather_etl_dag.py   6783  1.03s             1           0  0.42s           2026-06-17T16:14:01
================================================================================
[2026-06-17T16:14:46.179+0000] {manager.py:878} INFO - 
================================================================================
DAG File Processing Stats

File Path                             PID    Runtime      # DAGs    # Errors  Last Runtime    Last Run
------------------------------------  -----  ---------  --------  ----------  --------------  -------------------
/opt/airflow/dags/weather_etl_dag.py                           1           0  0.56s           2026-06-17T16:14:46
================================================================================
[2026-06-17T16:15:19.119+0000] {manager.py:878} INFO - 
================================================================================
DAG File Processing Stats

File Path                             PID    Runtime      # DAGs    # Errors  Last Runtime    Last Run
------------------------------------  -----  ---------  --------  ----------  --------------  -------------------
/opt/airflow/dags/weather_etl_dag.py                           1           0  1.23s           2026-06-17T16:15:19
================================================================================
[2026-06-17T16:15:52.202+0000] {manager.py:878} INFO - 
================================================================================
DAG File Processing Stats

File Path                             PID    Runtime      # DAGs    # Errors  Last Runtime    Last Run
------------------------------------  -----  ---------  --------  ----------  --------------  -------------------
/opt/airflow/dags/weather_etl_dag.py                           1           0  0.74s           2026-06-17T16:15:52
================================================================================
[2026-06-17T16:16:12.282+0000] {manager.py:737} INFO - Searching for files in /opt/airflow/dags
[2026-06-17T16:16:12.485+0000] {manager.py:740} INFO - There are 1 files in /opt/airflow/dags
[2026-06-17T16:16:23.799+0000] {manager.py:878} INFO - 
================================================================================
DAG File Processing Stats

File Path                             PID    Runtime      # DAGs    # Errors  Last Runtime    Last Run
------------------------------------  -----  ---------  --------  ----------  --------------  -------------------
/opt/airflow/dags/weather_etl_dag.py                           1           0  0.50s           2026-06-17T16:16:14
================================================================================
[2026-06-17T16:16:54.602+0000] {manager.py:878} INFO - 
================================================================================
DAG File Processing Stats

File Path                             PID    Runtime      # DAGs    # Errors  Last Runtime    Last Run
------------------------------------  -----  ---------  --------  ----------  --------------  -------------------
/opt/airflow/dags/weather_etl_dag.py                           1           0  1.30s           2026-06-17T16:16:47
================================================================================
[2026-06-17T16:17:27.653+0000] {manager.py:878} INFO - 
================================================================================
DAG File Processing Stats

File Path                             PID    Runtime      # DAGs    # Errors  Last Runtime    Last Run
------------------------------------  -----  ---------  --------  ----------  --------------  -------------------
/opt/airflow/dags/weather_etl_dag.py                           1           0  1.45s           2026-06-17T16:17:22
================================================================================
[2026-06-17T16:18:00.473+0000] {manager.py:878} INFO - 
================================================================================
DAG File Processing Stats

File Path                             PID    Runtime      # DAGs    # Errors  Last Runtime    Last Run
------------------------------------  -----  ---------  --------  ----------  --------------  -------------------
/opt/airflow/dags/weather_etl_dag.py                           1           0  0.55s           2026-06-17T16:17:55
================================================================================
[2026-06-17T16:18:33.497+0000] {manager.py:878} INFO - 
================================================================================
DAG File Processing Stats

File Path                             PID    Runtime      # DAGs    # Errors  Last Runtime    Last Run
------------------------------------  -----  ---------  --------  ----------  --------------  -------------------
/opt/airflow/dags/weather_etl_dag.py                           1           0  1.58s           2026-06-17T16:18:29
================================================================================
[2026-06-17T16:19:06.551+0000] {manager.py:878} INFO - 
================================================================================
DAG File Processing Stats

File Path                             PID    Runtime      # DAGs    # Errors  Last Runtime    Last Run
------------------------------------  -----  ---------  --------  ----------  --------------  -------------------
/opt/airflow/dags/weather_etl_dag.py                           1           0  0.64s           2026-06-17T16:19:02
================================================================================
[2026-06-17T16:19:40.163+0000] {manager.py:878} INFO - 
================================================================================
DAG File Processing Stats

File Path                             PID    Runtime      # DAGs    # Errors  Last Runtime    Last Run
------------------------------------  -----  ---------  --------  ----------  --------------  -------------------
/opt/airflow/dags/weather_etl_dag.py                           1           0  1.46s           2026-06-17T16:19:37
================================================================================
[2026-06-17T16:20:11.535+0000] {manager.py:878} INFO - 
================================================================================
DAG File Processing Stats

File Path                               PID  Runtime      # DAGs    # Errors  Last Runtime    Last Run
------------------------------------  -----  ---------  --------  ----------  --------------  -------------------
/opt/airflow/dags/weather_etl_dag.py   6943  0.02s             1           0  2.22s           2026-06-17T16:20:00
================================================================================
[2026-06-17T16:20:42.669+0000] {manager.py:878} INFO - 
================================================================================
DAG File Processing Stats

File Path                             PID    Runtime      # DAGs    # Errors  Last Runtime    Last Run
------------------------------------  -----  ---------  --------  ----------  --------------  -------------------
/opt/airflow/dags/weather_etl_dag.py                           1           0  0.49s           2026-06-17T16:20:34
================================================================================
[2026-06-17T16:21:12.465+0000] {manager.py:737} INFO - Searching for files in /opt/airflow/dags
[2026-06-17T16:21:12.537+0000] {manager.py:740} INFO - There are 1 files in /opt/airflow/dags
[2026-06-17T16:21:15.637+0000] {manager.py:878} INFO - 
================================================================================
DAG File Processing Stats

File Path                             PID    Runtime      # DAGs    # Errors  Last Runtime    Last Run
------------------------------------  -----  ---------  --------  ----------  --------------  -------------------
/opt/airflow/dags/weather_etl_dag.py                           1           0  0.68s           2026-06-17T16:21:07
================================================================================
[2026-06-17T16:21:48.872+0000] {manager.py:878} INFO - 
================================================================================
DAG File Processing Stats

File Path                             PID    Runtime      # DAGs    # Errors  Last Runtime    Last Run
------------------------------------  -----  ---------  --------  ----------  --------------  -------------------
/opt/airflow/dags/weather_etl_dag.py                           1           0  0.66s           2026-06-17T16:21:39
================================================================================
[2026-06-17T16:22:22.058+0000] {manager.py:878} INFO - 
================================================================================
DAG File Processing Stats

File Path                             PID    Runtime      # DAGs    # Errors  Last Runtime    Last Run
------------------------------------  -----  ---------  --------  ----------  --------------  -------------------
/opt/airflow/dags/weather_etl_dag.py                           1           0  0.36s           2026-06-17T16:22:12
================================================================================
[2026-06-17T16:22:54.998+0000] {manager.py:878} INFO - 
================================================================================
DAG File Processing Stats

File Path                             PID    Runtime      # DAGs    # Errors  Last Runtime    Last Run
------------------------------------  -----  ---------  --------  ----------  --------------  -------------------
/opt/airflow/dags/weather_etl_dag.py                           1           0  0.48s           2026-06-17T16:22:45
================================================================================
[2026-06-17T16:23:26.063+0000] {manager.py:878} INFO - 
================================================================================
DAG File Processing Stats

File Path                             PID    Runtime      # DAGs    # Errors  Last Runtime    Last Run
------------------------------------  -----  ---------  --------  ----------  --------------  -------------------
/opt/airflow/dags/weather_etl_dag.py                           1           0  0.66s           2026-06-17T16:23:17
================================================================================
[2026-06-17T16:23:57.453+0000] {manager.py:878} INFO - 
================================================================================
DAG File Processing Stats

File Path                             PID    Runtime      # DAGs    # Errors  Last Runtime    Last Run
------------------------------------  -----  ---------  --------  ----------  --------------  -------------------
/opt/airflow/dags/weather_etl_dag.py                           1           0  0.40s           2026-06-17T16:23:50
================================================================================
[2026-06-17T16:24:30.659+0000] {manager.py:878} INFO - 
================================================================================
DAG File Processing Stats

File Path                             PID    Runtime      # DAGs    # Errors  Last Runtime    Last Run
------------------------------------  -----  ---------  --------  ----------  --------------  -------------------
/opt/airflow/dags/weather_etl_dag.py                           1           0  0.32s           2026-06-17T16:24:22
================================================================================
