[2026-06-18T08:04:50.954+0000] {processor.py:161} INFO - Started process (PID=7358) to work on /opt/airflow/dags/weather_etl_dag.py
[2026-06-18T08:04:50.961+0000] {processor.py:830} INFO - Processing file /opt/airflow/dags/weather_etl_dag.py for tasks to queue
[2026-06-18T08:04:50.970+0000] {logging_mixin.py:188} INFO - [2026-06-18T08:04:50.969+0000] {dagbag.py:545} INFO - Filling up the DagBag from /opt/airflow/dags/weather_etl_dag.py
[2026-06-18T08:04:51.131+0000] {processor.py:840} INFO - DAG(s) 'weather_etl_pipeline' retrieved from /opt/airflow/dags/weather_etl_dag.py
[2026-06-18T08:04:51.276+0000] {logging_mixin.py:188} INFO - [2026-06-18T08:04:51.275+0000] {dag.py:3096} INFO - Sync 1 DAGs
[2026-06-18T08:04:56.647+0000] {logging_mixin.py:188} INFO - [2026-06-18T08:04:56.646+0000] {dag.py:3954} INFO - Setting next_dagrun for weather_etl_pipeline to 2026-06-18 00:00:00+00:00, run_after=2026-06-19 00:00:00+00:00
[2026-06-18T08:04:56.747+0000] {processor.py:183} INFO - Processing /opt/airflow/dags/weather_etl_dag.py took 5.831 seconds
[2026-06-18T08:05:07.532+0000] {processor.py:161} INFO - Started process (PID=7366) to work on /opt/airflow/dags/weather_etl_dag.py
[2026-06-18T08:05:07.539+0000] {processor.py:830} INFO - Processing file /opt/airflow/dags/weather_etl_dag.py for tasks to queue
[2026-06-18T08:05:07.545+0000] {logging_mixin.py:188} INFO - [2026-06-18T08:05:07.544+0000] {dagbag.py:545} INFO - Filling up the DagBag from /opt/airflow/dags/weather_etl_dag.py
[2026-06-18T08:05:07.651+0000] {processor.py:840} INFO - DAG(s) 'weather_etl_pipeline' retrieved from /opt/airflow/dags/weather_etl_dag.py
[2026-06-18T08:05:07.801+0000] {logging_mixin.py:188} INFO - [2026-06-18T08:05:07.800+0000] {dag.py:3096} INFO - Sync 1 DAGs
[2026-06-18T08:05:07.910+0000] {logging_mixin.py:188} INFO - [2026-06-18T08:05:07.910+0000] {dag.py:3954} INFO - Setting next_dagrun for weather_etl_pipeline to 2026-06-18 00:00:00+00:00, run_after=2026-06-19 00:00:00+00:00
[2026-06-18T08:05:07.990+0000] {processor.py:183} INFO - Processing /opt/airflow/dags/weather_etl_dag.py took 0.500 seconds
[2026-06-18T08:05:21.832+0000] {processor.py:161} INFO - Started process (PID=7371) to work on /opt/airflow/dags/weather_etl_dag.py
[2026-06-18T08:05:22.311+0000] {processor.py:830} INFO - Processing file /opt/airflow/dags/weather_etl_dag.py for tasks to queue
[2026-06-18T08:05:22.548+0000] {logging_mixin.py:188} INFO - [2026-06-18T08:05:22.498+0000] {dagbag.py:545} INFO - Filling up the DagBag from /opt/airflow/dags/weather_etl_dag.py
[2026-06-18T08:05:23.789+0000] {processor.py:840} INFO - DAG(s) 'weather_etl_pipeline' retrieved from /opt/airflow/dags/weather_etl_dag.py
[2026-06-18T08:05:24.033+0000] {logging_mixin.py:188} INFO - [2026-06-18T08:05:24.033+0000] {dag.py:3096} INFO - Sync 1 DAGs
[2026-06-18T08:05:24.368+0000] {logging_mixin.py:188} INFO - [2026-06-18T08:05:24.367+0000] {dag.py:3954} INFO - Setting next_dagrun for weather_etl_pipeline to 2026-06-18 00:00:00+00:00, run_after=2026-06-19 00:00:00+00:00
[2026-06-18T08:05:24.684+0000] {processor.py:183} INFO - Processing /opt/airflow/dags/weather_etl_dag.py took 3.347 seconds
[2026-06-18T08:05:35.201+0000] {processor.py:161} INFO - Started process (PID=7376) to work on /opt/airflow/dags/weather_etl_dag.py
[2026-06-18T08:05:35.211+0000] {processor.py:830} INFO - Processing file /opt/airflow/dags/weather_etl_dag.py for tasks to queue
[2026-06-18T08:05:35.216+0000] {logging_mixin.py:188} INFO - [2026-06-18T08:05:35.214+0000] {dagbag.py:545} INFO - Filling up the DagBag from /opt/airflow/dags/weather_etl_dag.py
[2026-06-18T08:05:35.318+0000] {processor.py:840} INFO - DAG(s) 'weather_etl_pipeline' retrieved from /opt/airflow/dags/weather_etl_dag.py
[2026-06-18T08:05:35.486+0000] {logging_mixin.py:188} INFO - [2026-06-18T08:05:35.486+0000] {dag.py:3096} INFO - Sync 1 DAGs
[2026-06-18T08:05:35.644+0000] {logging_mixin.py:188} INFO - [2026-06-18T08:05:35.643+0000] {dag.py:3954} INFO - Setting next_dagrun for weather_etl_pipeline to 2026-06-18 00:00:00+00:00, run_after=2026-06-19 00:00:00+00:00
[2026-06-18T08:05:35.797+0000] {processor.py:183} INFO - Processing /opt/airflow/dags/weather_etl_dag.py took 0.641 seconds
[2026-06-18T08:05:46.229+0000] {processor.py:161} INFO - Started process (PID=7381) to work on /opt/airflow/dags/weather_etl_dag.py
[2026-06-18T08:05:46.241+0000] {processor.py:830} INFO - Processing file /opt/airflow/dags/weather_etl_dag.py for tasks to queue
[2026-06-18T08:05:46.246+0000] {logging_mixin.py:188} INFO - [2026-06-18T08:05:46.244+0000] {dagbag.py:545} INFO - Filling up the DagBag from /opt/airflow/dags/weather_etl_dag.py
[2026-06-18T08:05:46.454+0000] {processor.py:840} INFO - DAG(s) 'weather_etl_pipeline' retrieved from /opt/airflow/dags/weather_etl_dag.py
[2026-06-18T08:05:46.643+0000] {logging_mixin.py:188} INFO - [2026-06-18T08:05:46.642+0000] {dag.py:3096} INFO - Sync 1 DAGs
[2026-06-18T08:05:46.769+0000] {logging_mixin.py:188} INFO - [2026-06-18T08:05:46.767+0000] {dag.py:3954} INFO - Setting next_dagrun for weather_etl_pipeline to 2026-06-18 00:00:00+00:00, run_after=2026-06-19 00:00:00+00:00
[2026-06-18T08:05:46.855+0000] {processor.py:183} INFO - Processing /opt/airflow/dags/weather_etl_dag.py took 0.653 seconds
[2026-06-18T08:05:57.712+0000] {processor.py:161} INFO - Started process (PID=7386) to work on /opt/airflow/dags/weather_etl_dag.py
[2026-06-18T08:05:57.735+0000] {processor.py:830} INFO - Processing file /opt/airflow/dags/weather_etl_dag.py for tasks to queue
[2026-06-18T08:05:57.751+0000] {logging_mixin.py:188} INFO - [2026-06-18T08:05:57.750+0000] {dagbag.py:545} INFO - Filling up the DagBag from /opt/airflow/dags/weather_etl_dag.py
[2026-06-18T08:06:03.136+0000] {processor.py:840} INFO - DAG(s) 'weather_etl_pipeline' retrieved from /opt/airflow/dags/weather_etl_dag.py
[2026-06-18T08:06:03.350+0000] {logging_mixin.py:188} INFO - [2026-06-18T08:06:03.350+0000] {dag.py:3096} INFO - Sync 1 DAGs
[2026-06-18T08:06:03.580+0000] {logging_mixin.py:188} INFO - [2026-06-18T08:06:03.579+0000] {dag.py:3954} INFO - Setting next_dagrun for weather_etl_pipeline to 2026-06-18 00:00:00+00:00, run_after=2026-06-19 00:00:00+00:00
[2026-06-18T08:06:03.823+0000] {processor.py:183} INFO - Processing /opt/airflow/dags/weather_etl_dag.py took 6.146 seconds
[2026-06-18T08:09:37.754+0000] {processor.py:161} INFO - Started process (PID=7391) to work on /opt/airflow/dags/weather_etl_dag.py
[2026-06-18T08:09:37.870+0000] {processor.py:830} INFO - Processing file /opt/airflow/dags/weather_etl_dag.py for tasks to queue
[2026-06-18T08:09:37.940+0000] {logging_mixin.py:188} INFO - [2026-06-18T08:09:37.939+0000] {dagbag.py:545} INFO - Filling up the DagBag from /opt/airflow/dags/weather_etl_dag.py
[2026-06-18T08:09:39.449+0000] {processor.py:840} INFO - DAG(s) 'weather_etl_pipeline' retrieved from /opt/airflow/dags/weather_etl_dag.py
[2026-06-18T08:09:39.628+0000] {logging_mixin.py:188} INFO - [2026-06-18T08:09:39.627+0000] {dag.py:3096} INFO - Sync 1 DAGs
[2026-06-18T08:09:39.787+0000] {logging_mixin.py:188} INFO - [2026-06-18T08:09:39.786+0000] {dag.py:3954} INFO - Setting next_dagrun for weather_etl_pipeline to 2026-06-18 00:00:00+00:00, run_after=2026-06-19 00:00:00+00:00
[2026-06-18T08:09:40.050+0000] {processor.py:183} INFO - Processing /opt/airflow/dags/weather_etl_dag.py took 2.324 seconds
[2026-06-18T08:09:52.277+0000] {processor.py:161} INFO - Started process (PID=7396) to work on /opt/airflow/dags/weather_etl_dag.py
[2026-06-18T08:09:52.287+0000] {processor.py:830} INFO - Processing file /opt/airflow/dags/weather_etl_dag.py for tasks to queue
[2026-06-18T08:09:52.305+0000] {logging_mixin.py:188} INFO - [2026-06-18T08:09:52.304+0000] {dagbag.py:545} INFO - Filling up the DagBag from /opt/airflow/dags/weather_etl_dag.py
[2026-06-18T08:09:52.687+0000] {processor.py:840} INFO - DAG(s) 'weather_etl_pipeline' retrieved from /opt/airflow/dags/weather_etl_dag.py
[2026-06-18T08:09:52.895+0000] {logging_mixin.py:188} INFO - [2026-06-18T08:09:52.894+0000] {dag.py:3096} INFO - Sync 1 DAGs
[2026-06-18T08:09:52.996+0000] {logging_mixin.py:188} INFO - [2026-06-18T08:09:52.995+0000] {dag.py:3954} INFO - Setting next_dagrun for weather_etl_pipeline to 2026-06-18 00:00:00+00:00, run_after=2026-06-19 00:00:00+00:00
[2026-06-18T08:09:53.098+0000] {processor.py:183} INFO - Processing /opt/airflow/dags/weather_etl_dag.py took 0.840 seconds
[2026-06-18T08:10:04.080+0000] {processor.py:161} INFO - Started process (PID=7401) to work on /opt/airflow/dags/weather_etl_dag.py
[2026-06-18T08:10:04.090+0000] {processor.py:830} INFO - Processing file /opt/airflow/dags/weather_etl_dag.py for tasks to queue
[2026-06-18T08:10:04.104+0000] {logging_mixin.py:188} INFO - [2026-06-18T08:10:04.103+0000] {dagbag.py:545} INFO - Filling up the DagBag from /opt/airflow/dags/weather_etl_dag.py
[2026-06-18T08:10:04.436+0000] {processor.py:840} INFO - DAG(s) 'weather_etl_pipeline' retrieved from /opt/airflow/dags/weather_etl_dag.py
[2026-06-18T08:10:04.583+0000] {logging_mixin.py:188} INFO - [2026-06-18T08:10:04.582+0000] {dag.py:3096} INFO - Sync 1 DAGs
[2026-06-18T08:10:04.726+0000] {logging_mixin.py:188} INFO - [2026-06-18T08:10:04.726+0000] {dag.py:3954} INFO - Setting next_dagrun for weather_etl_pipeline to 2026-06-18 00:00:00+00:00, run_after=2026-06-19 00:00:00+00:00
[2026-06-18T08:10:04.823+0000] {processor.py:183} INFO - Processing /opt/airflow/dags/weather_etl_dag.py took 0.863 seconds
[2026-06-18T08:10:15.352+0000] {processor.py:161} INFO - Started process (PID=7406) to work on /opt/airflow/dags/weather_etl_dag.py
[2026-06-18T08:10:15.358+0000] {processor.py:830} INFO - Processing file /opt/airflow/dags/weather_etl_dag.py for tasks to queue
[2026-06-18T08:10:15.363+0000] {logging_mixin.py:188} INFO - [2026-06-18T08:10:15.361+0000] {dagbag.py:545} INFO - Filling up the DagBag from /opt/airflow/dags/weather_etl_dag.py
[2026-06-18T08:10:15.600+0000] {processor.py:840} INFO - DAG(s) 'weather_etl_pipeline' retrieved from /opt/airflow/dags/weather_etl_dag.py
[2026-06-18T08:10:15.795+0000] {logging_mixin.py:188} INFO - [2026-06-18T08:10:15.795+0000] {dag.py:3096} INFO - Sync 1 DAGs
[2026-06-18T08:10:15.941+0000] {logging_mixin.py:188} INFO - [2026-06-18T08:10:15.940+0000] {dag.py:3954} INFO - Setting next_dagrun for weather_etl_pipeline to 2026-06-18 00:00:00+00:00, run_after=2026-06-19 00:00:00+00:00
[2026-06-18T08:10:16.056+0000] {processor.py:183} INFO - Processing /opt/airflow/dags/weather_etl_dag.py took 0.721 seconds
[2026-06-18T08:10:26.643+0000] {processor.py:161} INFO - Started process (PID=7412) to work on /opt/airflow/dags/weather_etl_dag.py
[2026-06-18T08:10:26.655+0000] {processor.py:830} INFO - Processing file /opt/airflow/dags/weather_etl_dag.py for tasks to queue
[2026-06-18T08:10:26.669+0000] {logging_mixin.py:188} INFO - [2026-06-18T08:10:26.668+0000] {dagbag.py:545} INFO - Filling up the DagBag from /opt/airflow/dags/weather_etl_dag.py
[2026-06-18T08:10:26.912+0000] {processor.py:840} INFO - DAG(s) 'weather_etl_pipeline' retrieved from /opt/airflow/dags/weather_etl_dag.py
[2026-06-18T08:10:27.078+0000] {logging_mixin.py:188} INFO - [2026-06-18T08:10:27.078+0000] {dag.py:3096} INFO - Sync 1 DAGs
[2026-06-18T08:10:27.253+0000] {logging_mixin.py:188} INFO - [2026-06-18T08:10:27.252+0000] {dag.py:3954} INFO - Setting next_dagrun for weather_etl_pipeline to 2026-06-18 00:00:00+00:00, run_after=2026-06-19 00:00:00+00:00
[2026-06-18T08:10:27.403+0000] {processor.py:183} INFO - Processing /opt/airflow/dags/weather_etl_dag.py took 0.785 seconds
[2026-06-18T08:10:37.779+0000] {processor.py:161} INFO - Started process (PID=7422) to work on /opt/airflow/dags/weather_etl_dag.py
[2026-06-18T08:10:37.783+0000] {processor.py:830} INFO - Processing file /opt/airflow/dags/weather_etl_dag.py for tasks to queue
[2026-06-18T08:10:37.792+0000] {logging_mixin.py:188} INFO - [2026-06-18T08:10:37.791+0000] {dagbag.py:545} INFO - Filling up the DagBag from /opt/airflow/dags/weather_etl_dag.py
[2026-06-18T08:10:37.907+0000] {processor.py:840} INFO - DAG(s) 'weather_etl_pipeline' retrieved from /opt/airflow/dags/weather_etl_dag.py
[2026-06-18T08:10:38.030+0000] {logging_mixin.py:188} INFO - [2026-06-18T08:10:38.030+0000] {dag.py:3096} INFO - Sync 1 DAGs
[2026-06-18T08:10:38.162+0000] {logging_mixin.py:188} INFO - [2026-06-18T08:10:38.161+0000] {dag.py:3954} INFO - Setting next_dagrun for weather_etl_pipeline to 2026-06-18 00:00:00+00:00, run_after=2026-06-19 00:00:00+00:00
[2026-06-18T08:10:38.293+0000] {processor.py:183} INFO - Processing /opt/airflow/dags/weather_etl_dag.py took 0.536 seconds
[2026-06-18T08:10:48.700+0000] {processor.py:161} INFO - Started process (PID=7430) to work on /opt/airflow/dags/weather_etl_dag.py
[2026-06-18T08:10:48.708+0000] {processor.py:830} INFO - Processing file /opt/airflow/dags/weather_etl_dag.py for tasks to queue
[2026-06-18T08:10:48.715+0000] {logging_mixin.py:188} INFO - [2026-06-18T08:10:48.714+0000] {dagbag.py:545} INFO - Filling up the DagBag from /opt/airflow/dags/weather_etl_dag.py
[2026-06-18T08:10:48.833+0000] {processor.py:840} INFO - DAG(s) 'weather_etl_pipeline' retrieved from /opt/airflow/dags/weather_etl_dag.py
[2026-06-18T08:10:49.011+0000] {logging_mixin.py:188} INFO - [2026-06-18T08:10:49.011+0000] {dag.py:3096} INFO - Sync 1 DAGs
[2026-06-18T08:10:49.166+0000] {logging_mixin.py:188} INFO - [2026-06-18T08:10:49.166+0000] {dag.py:3954} INFO - Setting next_dagrun for weather_etl_pipeline to 2026-06-18 00:00:00+00:00, run_after=2026-06-19 00:00:00+00:00
[2026-06-18T08:10:49.306+0000] {processor.py:183} INFO - Processing /opt/airflow/dags/weather_etl_dag.py took 0.640 seconds
[2026-06-18T08:10:59.650+0000] {processor.py:161} INFO - Started process (PID=7438) to work on /opt/airflow/dags/weather_etl_dag.py
[2026-06-18T08:10:59.664+0000] {processor.py:830} INFO - Processing file /opt/airflow/dags/weather_etl_dag.py for tasks to queue
[2026-06-18T08:10:59.672+0000] {logging_mixin.py:188} INFO - [2026-06-18T08:10:59.671+0000] {dagbag.py:545} INFO - Filling up the DagBag from /opt/airflow/dags/weather_etl_dag.py
[2026-06-18T08:10:59.744+0000] {processor.py:840} INFO - DAG(s) 'weather_etl_pipeline' retrieved from /opt/airflow/dags/weather_etl_dag.py
[2026-06-18T08:10:59.875+0000] {logging_mixin.py:188} INFO - [2026-06-18T08:10:59.866+0000] {dag.py:3096} INFO - Sync 1 DAGs
[2026-06-18T08:11:00.003+0000] {logging_mixin.py:188} INFO - [2026-06-18T08:11:00.003+0000] {dag.py:3954} INFO - Setting next_dagrun for weather_etl_pipeline to 2026-06-18 00:00:00+00:00, run_after=2026-06-19 00:00:00+00:00
[2026-06-18T08:11:00.135+0000] {processor.py:183} INFO - Processing /opt/airflow/dags/weather_etl_dag.py took 0.520 seconds
[2026-06-18T08:11:10.509+0000] {processor.py:161} INFO - Started process (PID=7443) to work on /opt/airflow/dags/weather_etl_dag.py
[2026-06-18T08:11:10.512+0000] {processor.py:830} INFO - Processing file /opt/airflow/dags/weather_etl_dag.py for tasks to queue
[2026-06-18T08:11:10.522+0000] {logging_mixin.py:188} INFO - [2026-06-18T08:11:10.516+0000] {dagbag.py:545} INFO - Filling up the DagBag from /opt/airflow/dags/weather_etl_dag.py
[2026-06-18T08:11:10.728+0000] {processor.py:840} INFO - DAG(s) 'weather_etl_pipeline' retrieved from /opt/airflow/dags/weather_etl_dag.py
[2026-06-18T08:11:10.927+0000] {logging_mixin.py:188} INFO - [2026-06-18T08:11:10.927+0000] {dag.py:3096} INFO - Sync 1 DAGs
[2026-06-18T08:11:11.099+0000] {logging_mixin.py:188} INFO - [2026-06-18T08:11:11.098+0000] {dag.py:3954} INFO - Setting next_dagrun for weather_etl_pipeline to 2026-06-18 00:00:00+00:00, run_after=2026-06-19 00:00:00+00:00
[2026-06-18T08:11:11.224+0000] {processor.py:183} INFO - Processing /opt/airflow/dags/weather_etl_dag.py took 0.757 seconds
[2026-06-18T08:11:21.754+0000] {processor.py:161} INFO - Started process (PID=7448) to work on /opt/airflow/dags/weather_etl_dag.py
[2026-06-18T08:11:21.759+0000] {processor.py:830} INFO - Processing file /opt/airflow/dags/weather_etl_dag.py for tasks to queue
[2026-06-18T08:11:21.768+0000] {logging_mixin.py:188} INFO - [2026-06-18T08:11:21.763+0000] {dagbag.py:545} INFO - Filling up the DagBag from /opt/airflow/dags/weather_etl_dag.py
[2026-06-18T08:11:21.865+0000] {processor.py:840} INFO - DAG(s) 'weather_etl_pipeline' retrieved from /opt/airflow/dags/weather_etl_dag.py
[2026-06-18T08:11:22.040+0000] {logging_mixin.py:188} INFO - [2026-06-18T08:11:22.040+0000] {dag.py:3096} INFO - Sync 1 DAGs
[2026-06-18T08:11:22.216+0000] {logging_mixin.py:188} INFO - [2026-06-18T08:11:22.215+0000] {dag.py:3954} INFO - Setting next_dagrun for weather_etl_pipeline to 2026-06-18 00:00:00+00:00, run_after=2026-06-19 00:00:00+00:00
[2026-06-18T08:11:22.330+0000] {processor.py:183} INFO - Processing /opt/airflow/dags/weather_etl_dag.py took 0.598 seconds
[2026-06-18T08:11:32.772+0000] {processor.py:161} INFO - Started process (PID=7453) to work on /opt/airflow/dags/weather_etl_dag.py
[2026-06-18T08:11:32.784+0000] {processor.py:830} INFO - Processing file /opt/airflow/dags/weather_etl_dag.py for tasks to queue
[2026-06-18T08:11:32.791+0000] {logging_mixin.py:188} INFO - [2026-06-18T08:11:32.790+0000] {dagbag.py:545} INFO - Filling up the DagBag from /opt/airflow/dags/weather_etl_dag.py
[2026-06-18T08:11:32.971+0000] {processor.py:840} INFO - DAG(s) 'weather_etl_pipeline' retrieved from /opt/airflow/dags/weather_etl_dag.py
[2026-06-18T08:11:33.124+0000] {logging_mixin.py:188} INFO - [2026-06-18T08:11:33.124+0000] {dag.py:3096} INFO - Sync 1 DAGs
[2026-06-18T08:11:33.233+0000] {logging_mixin.py:188} INFO - [2026-06-18T08:11:33.232+0000] {dag.py:3954} INFO - Setting next_dagrun for weather_etl_pipeline to 2026-06-18 00:00:00+00:00, run_after=2026-06-19 00:00:00+00:00
[2026-06-18T08:11:33.431+0000] {processor.py:183} INFO - Processing /opt/airflow/dags/weather_etl_dag.py took 0.713 seconds
[2026-06-18T08:11:43.747+0000] {processor.py:161} INFO - Started process (PID=7458) to work on /opt/airflow/dags/weather_etl_dag.py
[2026-06-18T08:11:43.750+0000] {processor.py:830} INFO - Processing file /opt/airflow/dags/weather_etl_dag.py for tasks to queue
[2026-06-18T08:11:43.756+0000] {logging_mixin.py:188} INFO - [2026-06-18T08:11:43.755+0000] {dagbag.py:545} INFO - Filling up the DagBag from /opt/airflow/dags/weather_etl_dag.py
[2026-06-18T08:11:43.878+0000] {processor.py:840} INFO - DAG(s) 'weather_etl_pipeline' retrieved from /opt/airflow/dags/weather_etl_dag.py
[2026-06-18T08:11:44.038+0000] {logging_mixin.py:188} INFO - [2026-06-18T08:11:44.038+0000] {dag.py:3096} INFO - Sync 1 DAGs
[2026-06-18T08:11:44.186+0000] {logging_mixin.py:188} INFO - [2026-06-18T08:11:44.185+0000] {dag.py:3954} INFO - Setting next_dagrun for weather_etl_pipeline to 2026-06-18 00:00:00+00:00, run_after=2026-06-19 00:00:00+00:00
[2026-06-18T08:11:44.286+0000] {processor.py:183} INFO - Processing /opt/airflow/dags/weather_etl_dag.py took 0.561 seconds
[2026-06-18T08:11:54.490+0000] {processor.py:161} INFO - Started process (PID=7463) to work on /opt/airflow/dags/weather_etl_dag.py
[2026-06-18T08:11:54.497+0000] {processor.py:830} INFO - Processing file /opt/airflow/dags/weather_etl_dag.py for tasks to queue
[2026-06-18T08:11:54.503+0000] {logging_mixin.py:188} INFO - [2026-06-18T08:11:54.502+0000] {dagbag.py:545} INFO - Filling up the DagBag from /opt/airflow/dags/weather_etl_dag.py
[2026-06-18T08:11:54.574+0000] {processor.py:840} INFO - DAG(s) 'weather_etl_pipeline' retrieved from /opt/airflow/dags/weather_etl_dag.py
[2026-06-18T08:11:54.712+0000] {logging_mixin.py:188} INFO - [2026-06-18T08:11:54.711+0000] {dag.py:3096} INFO - Sync 1 DAGs
[2026-06-18T08:11:54.823+0000] {logging_mixin.py:188} INFO - [2026-06-18T08:11:54.823+0000] {dag.py:3954} INFO - Setting next_dagrun for weather_etl_pipeline to 2026-06-18 00:00:00+00:00, run_after=2026-06-19 00:00:00+00:00
[2026-06-18T08:11:54.905+0000] {processor.py:183} INFO - Processing /opt/airflow/dags/weather_etl_dag.py took 0.439 seconds
[2026-06-18T08:12:05.246+0000] {processor.py:161} INFO - Started process (PID=7468) to work on /opt/airflow/dags/weather_etl_dag.py
[2026-06-18T08:12:05.249+0000] {processor.py:830} INFO - Processing file /opt/airflow/dags/weather_etl_dag.py for tasks to queue
[2026-06-18T08:12:05.259+0000] {logging_mixin.py:188} INFO - [2026-06-18T08:12:05.258+0000] {dagbag.py:545} INFO - Filling up the DagBag from /opt/airflow/dags/weather_etl_dag.py
[2026-06-18T08:12:05.353+0000] {processor.py:840} INFO - DAG(s) 'weather_etl_pipeline' retrieved from /opt/airflow/dags/weather_etl_dag.py
[2026-06-18T08:12:05.493+0000] {logging_mixin.py:188} INFO - [2026-06-18T08:12:05.492+0000] {dag.py:3096} INFO - Sync 1 DAGs
[2026-06-18T08:12:05.651+0000] {logging_mixin.py:188} INFO - [2026-06-18T08:12:05.650+0000] {dag.py:3954} INFO - Setting next_dagrun for weather_etl_pipeline to 2026-06-18 00:00:00+00:00, run_after=2026-06-19 00:00:00+00:00
[2026-06-18T08:12:05.763+0000] {processor.py:183} INFO - Processing /opt/airflow/dags/weather_etl_dag.py took 0.558 seconds
[2026-06-18T08:12:16.104+0000] {processor.py:161} INFO - Started process (PID=7473) to work on /opt/airflow/dags/weather_etl_dag.py
[2026-06-18T08:12:16.130+0000] {processor.py:830} INFO - Processing file /opt/airflow/dags/weather_etl_dag.py for tasks to queue
[2026-06-18T08:12:16.134+0000] {logging_mixin.py:188} INFO - [2026-06-18T08:12:16.134+0000] {dagbag.py:545} INFO - Filling up the DagBag from /opt/airflow/dags/weather_etl_dag.py
[2026-06-18T08:12:16.254+0000] {processor.py:840} INFO - DAG(s) 'weather_etl_pipeline' retrieved from /opt/airflow/dags/weather_etl_dag.py
[2026-06-18T08:12:16.374+0000] {logging_mixin.py:188} INFO - [2026-06-18T08:12:16.372+0000] {dag.py:3096} INFO - Sync 1 DAGs
[2026-06-18T08:12:16.490+0000] {logging_mixin.py:188} INFO - [2026-06-18T08:12:16.489+0000] {dag.py:3954} INFO - Setting next_dagrun for weather_etl_pipeline to 2026-06-18 00:00:00+00:00, run_after=2026-06-19 00:00:00+00:00
[2026-06-18T08:12:16.568+0000] {processor.py:183} INFO - Processing /opt/airflow/dags/weather_etl_dag.py took 0.506 seconds
[2026-06-18T08:12:27.078+0000] {processor.py:161} INFO - Started process (PID=7478) to work on /opt/airflow/dags/weather_etl_dag.py
[2026-06-18T08:12:27.091+0000] {processor.py:830} INFO - Processing file /opt/airflow/dags/weather_etl_dag.py for tasks to queue
[2026-06-18T08:12:27.099+0000] {logging_mixin.py:188} INFO - [2026-06-18T08:12:27.098+0000] {dagbag.py:545} INFO - Filling up the DagBag from /opt/airflow/dags/weather_etl_dag.py
[2026-06-18T08:12:27.909+0000] {processor.py:840} INFO - DAG(s) 'weather_etl_pipeline' retrieved from /opt/airflow/dags/weather_etl_dag.py
[2026-06-18T08:12:28.104+0000] {logging_mixin.py:188} INFO - [2026-06-18T08:12:28.103+0000] {dag.py:3096} INFO - Sync 1 DAGs
[2026-06-18T08:12:28.713+0000] {logging_mixin.py:188} INFO - [2026-06-18T08:12:28.712+0000] {dag.py:3954} INFO - Setting next_dagrun for weather_etl_pipeline to 2026-06-18 00:00:00+00:00, run_after=2026-06-19 00:00:00+00:00
[2026-06-18T08:12:28.886+0000] {processor.py:183} INFO - Processing /opt/airflow/dags/weather_etl_dag.py took 1.839 seconds
[2026-06-18T08:12:39.327+0000] {processor.py:161} INFO - Started process (PID=7483) to work on /opt/airflow/dags/weather_etl_dag.py
[2026-06-18T08:12:39.339+0000] {processor.py:830} INFO - Processing file /opt/airflow/dags/weather_etl_dag.py for tasks to queue
[2026-06-18T08:12:39.352+0000] {logging_mixin.py:188} INFO - [2026-06-18T08:12:39.351+0000] {dagbag.py:545} INFO - Filling up the DagBag from /opt/airflow/dags/weather_etl_dag.py
[2026-06-18T08:12:39.454+0000] {processor.py:840} INFO - DAG(s) 'weather_etl_pipeline' retrieved from /opt/airflow/dags/weather_etl_dag.py
[2026-06-18T08:12:39.542+0000] {logging_mixin.py:188} INFO - [2026-06-18T08:12:39.542+0000] {dag.py:3096} INFO - Sync 1 DAGs
[2026-06-18T08:12:39.636+0000] {logging_mixin.py:188} INFO - [2026-06-18T08:12:39.635+0000] {dag.py:3954} INFO - Setting next_dagrun for weather_etl_pipeline to 2026-06-18 00:00:00+00:00, run_after=2026-06-19 00:00:00+00:00
[2026-06-18T08:12:39.696+0000] {processor.py:183} INFO - Processing /opt/airflow/dags/weather_etl_dag.py took 0.387 seconds
[2026-06-18T08:12:49.972+0000] {processor.py:161} INFO - Started process (PID=7488) to work on /opt/airflow/dags/weather_etl_dag.py
[2026-06-18T08:12:50.005+0000] {processor.py:830} INFO - Processing file /opt/airflow/dags/weather_etl_dag.py for tasks to queue
[2026-06-18T08:12:50.010+0000] {logging_mixin.py:188} INFO - [2026-06-18T08:12:50.010+0000] {dagbag.py:545} INFO - Filling up the DagBag from /opt/airflow/dags/weather_etl_dag.py
[2026-06-18T08:12:50.184+0000] {processor.py:840} INFO - DAG(s) 'weather_etl_pipeline' retrieved from /opt/airflow/dags/weather_etl_dag.py
[2026-06-18T08:12:50.299+0000] {logging_mixin.py:188} INFO - [2026-06-18T08:12:50.299+0000] {dag.py:3096} INFO - Sync 1 DAGs
[2026-06-18T08:12:50.513+0000] {logging_mixin.py:188} INFO - [2026-06-18T08:12:50.512+0000] {dag.py:3954} INFO - Setting next_dagrun for weather_etl_pipeline to 2026-06-18 00:00:00+00:00, run_after=2026-06-19 00:00:00+00:00
[2026-06-18T08:12:50.763+0000] {processor.py:183} INFO - Processing /opt/airflow/dags/weather_etl_dag.py took 0.816 seconds
[2026-06-18T08:13:03.962+0000] {processor.py:161} INFO - Started process (PID=7493) to work on /opt/airflow/dags/weather_etl_dag.py
[2026-06-18T08:13:03.979+0000] {processor.py:830} INFO - Processing file /opt/airflow/dags/weather_etl_dag.py for tasks to queue
[2026-06-18T08:13:03.992+0000] {logging_mixin.py:188} INFO - [2026-06-18T08:13:03.991+0000] {dagbag.py:545} INFO - Filling up the DagBag from /opt/airflow/dags/weather_etl_dag.py
[2026-06-18T08:13:04.200+0000] {processor.py:840} INFO - DAG(s) 'weather_etl_pipeline' retrieved from /opt/airflow/dags/weather_etl_dag.py
[2026-06-18T08:13:04.351+0000] {logging_mixin.py:188} INFO - [2026-06-18T08:13:04.350+0000] {dag.py:3096} INFO - Sync 1 DAGs
[2026-06-18T08:13:04.495+0000] {logging_mixin.py:188} INFO - [2026-06-18T08:13:04.494+0000] {dag.py:3954} INFO - Setting next_dagrun for weather_etl_pipeline to 2026-06-18 00:00:00+00:00, run_after=2026-06-19 00:00:00+00:00
[2026-06-18T08:13:04.584+0000] {processor.py:183} INFO - Processing /opt/airflow/dags/weather_etl_dag.py took 0.644 seconds
[2026-06-18T08:13:14.784+0000] {processor.py:161} INFO - Started process (PID=7498) to work on /opt/airflow/dags/weather_etl_dag.py
[2026-06-18T08:13:14.790+0000] {processor.py:830} INFO - Processing file /opt/airflow/dags/weather_etl_dag.py for tasks to queue
[2026-06-18T08:13:14.796+0000] {logging_mixin.py:188} INFO - [2026-06-18T08:13:14.796+0000] {dagbag.py:545} INFO - Filling up the DagBag from /opt/airflow/dags/weather_etl_dag.py
[2026-06-18T08:13:14.851+0000] {processor.py:840} INFO - DAG(s) 'weather_etl_pipeline' retrieved from /opt/airflow/dags/weather_etl_dag.py
[2026-06-18T08:13:14.929+0000] {logging_mixin.py:188} INFO - [2026-06-18T08:13:14.929+0000] {dag.py:3096} INFO - Sync 1 DAGs
[2026-06-18T08:13:15.024+0000] {logging_mixin.py:188} INFO - [2026-06-18T08:13:15.024+0000] {dag.py:3954} INFO - Setting next_dagrun for weather_etl_pipeline to 2026-06-18 00:00:00+00:00, run_after=2026-06-19 00:00:00+00:00
[2026-06-18T08:13:15.073+0000] {processor.py:183} INFO - Processing /opt/airflow/dags/weather_etl_dag.py took 0.308 seconds
[2026-06-18T08:13:26.867+0000] {processor.py:161} INFO - Started process (PID=7503) to work on /opt/airflow/dags/weather_etl_dag.py
[2026-06-18T08:13:26.869+0000] {processor.py:830} INFO - Processing file /opt/airflow/dags/weather_etl_dag.py for tasks to queue
[2026-06-18T08:13:26.880+0000] {logging_mixin.py:188} INFO - [2026-06-18T08:13:26.879+0000] {dagbag.py:545} INFO - Filling up the DagBag from /opt/airflow/dags/weather_etl_dag.py
[2026-06-18T08:13:26.924+0000] {processor.py:840} INFO - DAG(s) 'weather_etl_pipeline' retrieved from /opt/airflow/dags/weather_etl_dag.py
[2026-06-18T08:13:27.091+0000] {logging_mixin.py:188} INFO - [2026-06-18T08:13:27.090+0000] {dag.py:3096} INFO - Sync 1 DAGs
[2026-06-18T08:13:27.200+0000] {logging_mixin.py:188} INFO - [2026-06-18T08:13:27.199+0000] {dag.py:3954} INFO - Setting next_dagrun for weather_etl_pipeline to 2026-06-18 00:00:00+00:00, run_after=2026-06-19 00:00:00+00:00
[2026-06-18T08:13:27.265+0000] {processor.py:183} INFO - Processing /opt/airflow/dags/weather_etl_dag.py took 0.414 seconds
[2026-06-18T08:13:37.442+0000] {processor.py:161} INFO - Started process (PID=7508) to work on /opt/airflow/dags/weather_etl_dag.py
[2026-06-18T08:13:37.444+0000] {processor.py:830} INFO - Processing file /opt/airflow/dags/weather_etl_dag.py for tasks to queue
[2026-06-18T08:13:37.447+0000] {logging_mixin.py:188} INFO - [2026-06-18T08:13:37.446+0000] {dagbag.py:545} INFO - Filling up the DagBag from /opt/airflow/dags/weather_etl_dag.py
[2026-06-18T08:13:37.506+0000] {processor.py:840} INFO - DAG(s) 'weather_etl_pipeline' retrieved from /opt/airflow/dags/weather_etl_dag.py
[2026-06-18T08:13:37.605+0000] {logging_mixin.py:188} INFO - [2026-06-18T08:13:37.604+0000] {dag.py:3096} INFO - Sync 1 DAGs
[2026-06-18T08:13:37.669+0000] {logging_mixin.py:188} INFO - [2026-06-18T08:13:37.669+0000] {dag.py:3954} INFO - Setting next_dagrun for weather_etl_pipeline to 2026-06-18 00:00:00+00:00, run_after=2026-06-19 00:00:00+00:00
[2026-06-18T08:13:37.828+0000] {processor.py:183} INFO - Processing /opt/airflow/dags/weather_etl_dag.py took 0.399 seconds
[2026-06-18T08:13:48.041+0000] {processor.py:161} INFO - Started process (PID=7513) to work on /opt/airflow/dags/weather_etl_dag.py
[2026-06-18T08:13:48.043+0000] {processor.py:830} INFO - Processing file /opt/airflow/dags/weather_etl_dag.py for tasks to queue
[2026-06-18T08:13:48.046+0000] {logging_mixin.py:188} INFO - [2026-06-18T08:13:48.045+0000] {dagbag.py:545} INFO - Filling up the DagBag from /opt/airflow/dags/weather_etl_dag.py
[2026-06-18T08:13:48.099+0000] {processor.py:840} INFO - DAG(s) 'weather_etl_pipeline' retrieved from /opt/airflow/dags/weather_etl_dag.py
[2026-06-18T08:13:48.252+0000] {logging_mixin.py:188} INFO - [2026-06-18T08:13:48.251+0000] {dag.py:3096} INFO - Sync 1 DAGs
[2026-06-18T08:13:48.399+0000] {logging_mixin.py:188} INFO - [2026-06-18T08:13:48.398+0000] {dag.py:3954} INFO - Setting next_dagrun for weather_etl_pipeline to 2026-06-18 00:00:00+00:00, run_after=2026-06-19 00:00:00+00:00
[2026-06-18T08:13:48.532+0000] {processor.py:183} INFO - Processing /opt/airflow/dags/weather_etl_dag.py took 0.504 seconds
[2026-06-18T08:13:59.391+0000] {processor.py:161} INFO - Started process (PID=7518) to work on /opt/airflow/dags/weather_etl_dag.py
[2026-06-18T08:13:59.393+0000] {processor.py:830} INFO - Processing file /opt/airflow/dags/weather_etl_dag.py for tasks to queue
[2026-06-18T08:13:59.396+0000] {logging_mixin.py:188} INFO - [2026-06-18T08:13:59.395+0000] {dagbag.py:545} INFO - Filling up the DagBag from /opt/airflow/dags/weather_etl_dag.py
[2026-06-18T08:13:59.463+0000] {processor.py:840} INFO - DAG(s) 'weather_etl_pipeline' retrieved from /opt/airflow/dags/weather_etl_dag.py
[2026-06-18T08:13:59.567+0000] {logging_mixin.py:188} INFO - [2026-06-18T08:13:59.567+0000] {dag.py:3096} INFO - Sync 1 DAGs
[2026-06-18T08:13:59.621+0000] {logging_mixin.py:188} INFO - [2026-06-18T08:13:59.621+0000] {dag.py:3954} INFO - Setting next_dagrun for weather_etl_pipeline to 2026-06-18 00:00:00+00:00, run_after=2026-06-19 00:00:00+00:00
[2026-06-18T08:13:59.668+0000] {processor.py:183} INFO - Processing /opt/airflow/dags/weather_etl_dag.py took 0.293 seconds
[2026-06-18T08:14:09.781+0000] {processor.py:161} INFO - Started process (PID=7523) to work on /opt/airflow/dags/weather_etl_dag.py
[2026-06-18T08:14:09.785+0000] {processor.py:830} INFO - Processing file /opt/airflow/dags/weather_etl_dag.py for tasks to queue
[2026-06-18T08:14:09.792+0000] {logging_mixin.py:188} INFO - [2026-06-18T08:14:09.791+0000] {dagbag.py:545} INFO - Filling up the DagBag from /opt/airflow/dags/weather_etl_dag.py
[2026-06-18T08:14:09.855+0000] {processor.py:840} INFO - DAG(s) 'weather_etl_pipeline' retrieved from /opt/airflow/dags/weather_etl_dag.py
[2026-06-18T08:14:09.943+0000] {logging_mixin.py:188} INFO - [2026-06-18T08:14:09.943+0000] {dag.py:3096} INFO - Sync 1 DAGs
[2026-06-18T08:14:10.067+0000] {logging_mixin.py:188} INFO - [2026-06-18T08:14:10.067+0000] {dag.py:3954} INFO - Setting next_dagrun for weather_etl_pipeline to 2026-06-18 00:00:00+00:00, run_after=2026-06-19 00:00:00+00:00
[2026-06-18T08:14:10.178+0000] {processor.py:183} INFO - Processing /opt/airflow/dags/weather_etl_dag.py took 0.412 seconds
[2026-06-18T08:14:20.422+0000] {processor.py:161} INFO - Started process (PID=7528) to work on /opt/airflow/dags/weather_etl_dag.py
[2026-06-18T08:14:20.425+0000] {processor.py:830} INFO - Processing file /opt/airflow/dags/weather_etl_dag.py for tasks to queue
[2026-06-18T08:14:20.429+0000] {logging_mixin.py:188} INFO - [2026-06-18T08:14:20.428+0000] {dagbag.py:545} INFO - Filling up the DagBag from /opt/airflow/dags/weather_etl_dag.py
[2026-06-18T08:14:20.500+0000] {processor.py:840} INFO - DAG(s) 'weather_etl_pipeline' retrieved from /opt/airflow/dags/weather_etl_dag.py
[2026-06-18T08:14:20.586+0000] {logging_mixin.py:188} INFO - [2026-06-18T08:14:20.586+0000] {dag.py:3096} INFO - Sync 1 DAGs
[2026-06-18T08:14:20.658+0000] {logging_mixin.py:188} INFO - [2026-06-18T08:14:20.657+0000] {dag.py:3954} INFO - Setting next_dagrun for weather_etl_pipeline to 2026-06-18 00:00:00+00:00, run_after=2026-06-19 00:00:00+00:00
[2026-06-18T08:14:20.736+0000] {processor.py:183} INFO - Processing /opt/airflow/dags/weather_etl_dag.py took 0.332 seconds
[2026-06-18T08:14:32.275+0000] {processor.py:161} INFO - Started process (PID=7533) to work on /opt/airflow/dags/weather_etl_dag.py
[2026-06-18T08:14:32.278+0000] {processor.py:830} INFO - Processing file /opt/airflow/dags/weather_etl_dag.py for tasks to queue
[2026-06-18T08:14:32.284+0000] {logging_mixin.py:188} INFO - [2026-06-18T08:14:32.283+0000] {dagbag.py:545} INFO - Filling up the DagBag from /opt/airflow/dags/weather_etl_dag.py
[2026-06-18T08:14:32.330+0000] {processor.py:840} INFO - DAG(s) 'weather_etl_pipeline' retrieved from /opt/airflow/dags/weather_etl_dag.py
[2026-06-18T08:14:32.384+0000] {logging_mixin.py:188} INFO - [2026-06-18T08:14:32.384+0000] {dag.py:3096} INFO - Sync 1 DAGs
[2026-06-18T08:14:32.430+0000] {logging_mixin.py:188} INFO - [2026-06-18T08:14:32.429+0000] {dag.py:3954} INFO - Setting next_dagrun for weather_etl_pipeline to 2026-06-18 00:00:00+00:00, run_after=2026-06-19 00:00:00+00:00
[2026-06-18T08:14:32.610+0000] {processor.py:183} INFO - Processing /opt/airflow/dags/weather_etl_dag.py took 0.346 seconds
[2026-06-18T08:14:42.765+0000] {processor.py:161} INFO - Started process (PID=7538) to work on /opt/airflow/dags/weather_etl_dag.py
[2026-06-18T08:14:42.768+0000] {processor.py:830} INFO - Processing file /opt/airflow/dags/weather_etl_dag.py for tasks to queue
[2026-06-18T08:14:42.770+0000] {logging_mixin.py:188} INFO - [2026-06-18T08:14:42.769+0000] {dagbag.py:545} INFO - Filling up the DagBag from /opt/airflow/dags/weather_etl_dag.py
[2026-06-18T08:14:42.813+0000] {processor.py:840} INFO - DAG(s) 'weather_etl_pipeline' retrieved from /opt/airflow/dags/weather_etl_dag.py
[2026-06-18T08:14:42.869+0000] {logging_mixin.py:188} INFO - [2026-06-18T08:14:42.869+0000] {dag.py:3096} INFO - Sync 1 DAGs
[2026-06-18T08:14:42.908+0000] {logging_mixin.py:188} INFO - [2026-06-18T08:14:42.908+0000] {dag.py:3954} INFO - Setting next_dagrun for weather_etl_pipeline to 2026-06-18 00:00:00+00:00, run_after=2026-06-19 00:00:00+00:00
[2026-06-18T08:14:43.007+0000] {processor.py:183} INFO - Processing /opt/airflow/dags/weather_etl_dag.py took 0.254 seconds
[2026-06-18T08:14:53.229+0000] {processor.py:161} INFO - Started process (PID=7543) to work on /opt/airflow/dags/weather_etl_dag.py
[2026-06-18T08:14:53.231+0000] {processor.py:830} INFO - Processing file /opt/airflow/dags/weather_etl_dag.py for tasks to queue
[2026-06-18T08:14:53.234+0000] {logging_mixin.py:188} INFO - [2026-06-18T08:14:53.233+0000] {dagbag.py:545} INFO - Filling up the DagBag from /opt/airflow/dags/weather_etl_dag.py
[2026-06-18T08:14:53.277+0000] {processor.py:840} INFO - DAG(s) 'weather_etl_pipeline' retrieved from /opt/airflow/dags/weather_etl_dag.py
[2026-06-18T08:14:53.328+0000] {logging_mixin.py:188} INFO - [2026-06-18T08:14:53.328+0000] {dag.py:3096} INFO - Sync 1 DAGs
[2026-06-18T08:14:53.368+0000] {logging_mixin.py:188} INFO - [2026-06-18T08:14:53.368+0000] {dag.py:3954} INFO - Setting next_dagrun for weather_etl_pipeline to 2026-06-18 00:00:00+00:00, run_after=2026-06-19 00:00:00+00:00
[2026-06-18T08:14:53.613+0000] {processor.py:183} INFO - Processing /opt/airflow/dags/weather_etl_dag.py took 0.394 seconds
[2026-06-18T08:15:03.820+0000] {processor.py:161} INFO - Started process (PID=7548) to work on /opt/airflow/dags/weather_etl_dag.py
[2026-06-18T08:15:03.823+0000] {processor.py:830} INFO - Processing file /opt/airflow/dags/weather_etl_dag.py for tasks to queue
[2026-06-18T08:15:03.826+0000] {logging_mixin.py:188} INFO - [2026-06-18T08:15:03.825+0000] {dagbag.py:545} INFO - Filling up the DagBag from /opt/airflow/dags/weather_etl_dag.py
[2026-06-18T08:15:03.889+0000] {processor.py:840} INFO - DAG(s) 'weather_etl_pipeline' retrieved from /opt/airflow/dags/weather_etl_dag.py
[2026-06-18T08:15:03.974+0000] {logging_mixin.py:188} INFO - [2026-06-18T08:15:03.974+0000] {dag.py:3096} INFO - Sync 1 DAGs
[2026-06-18T08:15:04.057+0000] {logging_mixin.py:188} INFO - [2026-06-18T08:15:04.057+0000] {dag.py:3954} INFO - Setting next_dagrun for weather_etl_pipeline to 2026-06-18 00:00:00+00:00, run_after=2026-06-19 00:00:00+00:00
[2026-06-18T08:15:04.116+0000] {processor.py:183} INFO - Processing /opt/airflow/dags/weather_etl_dag.py took 0.316 seconds
[2026-06-18T08:15:14.278+0000] {processor.py:161} INFO - Started process (PID=7553) to work on /opt/airflow/dags/weather_etl_dag.py
[2026-06-18T08:15:14.283+0000] {processor.py:830} INFO - Processing file /opt/airflow/dags/weather_etl_dag.py for tasks to queue
[2026-06-18T08:15:14.289+0000] {logging_mixin.py:188} INFO - [2026-06-18T08:15:14.288+0000] {dagbag.py:545} INFO - Filling up the DagBag from /opt/airflow/dags/weather_etl_dag.py
[2026-06-18T08:15:14.366+0000] {processor.py:840} INFO - DAG(s) 'weather_etl_pipeline' retrieved from /opt/airflow/dags/weather_etl_dag.py
[2026-06-18T08:15:14.413+0000] {logging_mixin.py:188} INFO - [2026-06-18T08:15:14.412+0000] {dag.py:3096} INFO - Sync 1 DAGs
[2026-06-18T08:15:14.454+0000] {logging_mixin.py:188} INFO - [2026-06-18T08:15:14.453+0000] {dag.py:3954} INFO - Setting next_dagrun for weather_etl_pipeline to 2026-06-18 00:00:00+00:00, run_after=2026-06-19 00:00:00+00:00
[2026-06-18T08:15:14.490+0000] {processor.py:183} INFO - Processing /opt/airflow/dags/weather_etl_dag.py took 0.234 seconds
[2026-06-18T08:15:24.666+0000] {processor.py:161} INFO - Started process (PID=7558) to work on /opt/airflow/dags/weather_etl_dag.py
[2026-06-18T08:15:24.669+0000] {processor.py:830} INFO - Processing file /opt/airflow/dags/weather_etl_dag.py for tasks to queue
[2026-06-18T08:15:24.672+0000] {logging_mixin.py:188} INFO - [2026-06-18T08:15:24.671+0000] {dagbag.py:545} INFO - Filling up the DagBag from /opt/airflow/dags/weather_etl_dag.py
[2026-06-18T08:15:24.727+0000] {processor.py:840} INFO - DAG(s) 'weather_etl_pipeline' retrieved from /opt/airflow/dags/weather_etl_dag.py
[2026-06-18T08:15:24.788+0000] {logging_mixin.py:188} INFO - [2026-06-18T08:15:24.787+0000] {dag.py:3096} INFO - Sync 1 DAGs
[2026-06-18T08:15:24.845+0000] {logging_mixin.py:188} INFO - [2026-06-18T08:15:24.844+0000] {dag.py:3954} INFO - Setting next_dagrun for weather_etl_pipeline to 2026-06-18 00:00:00+00:00, run_after=2026-06-19 00:00:00+00:00
[2026-06-18T08:15:24.889+0000] {processor.py:183} INFO - Processing /opt/airflow/dags/weather_etl_dag.py took 0.236 seconds
[2026-06-18T08:15:35.579+0000] {processor.py:161} INFO - Started process (PID=7563) to work on /opt/airflow/dags/weather_etl_dag.py
[2026-06-18T08:15:35.582+0000] {processor.py:830} INFO - Processing file /opt/airflow/dags/weather_etl_dag.py for tasks to queue
[2026-06-18T08:15:35.585+0000] {logging_mixin.py:188} INFO - [2026-06-18T08:15:35.584+0000] {dagbag.py:545} INFO - Filling up the DagBag from /opt/airflow/dags/weather_etl_dag.py
[2026-06-18T08:15:35.637+0000] {processor.py:840} INFO - DAG(s) 'weather_etl_pipeline' retrieved from /opt/airflow/dags/weather_etl_dag.py
[2026-06-18T08:15:35.707+0000] {logging_mixin.py:188} INFO - [2026-06-18T08:15:35.706+0000] {dag.py:3096} INFO - Sync 1 DAGs
[2026-06-18T08:15:35.779+0000] {logging_mixin.py:188} INFO - [2026-06-18T08:15:35.779+0000] {dag.py:3954} INFO - Setting next_dagrun for weather_etl_pipeline to 2026-06-18 00:00:00+00:00, run_after=2026-06-19 00:00:00+00:00
[2026-06-18T08:15:35.850+0000] {processor.py:183} INFO - Processing /opt/airflow/dags/weather_etl_dag.py took 0.294 seconds
[2026-06-18T08:15:45.938+0000] {processor.py:161} INFO - Started process (PID=7568) to work on /opt/airflow/dags/weather_etl_dag.py
[2026-06-18T08:15:45.940+0000] {processor.py:830} INFO - Processing file /opt/airflow/dags/weather_etl_dag.py for tasks to queue
[2026-06-18T08:15:45.943+0000] {logging_mixin.py:188} INFO - [2026-06-18T08:15:45.942+0000] {dagbag.py:545} INFO - Filling up the DagBag from /opt/airflow/dags/weather_etl_dag.py
[2026-06-18T08:15:45.998+0000] {processor.py:840} INFO - DAG(s) 'weather_etl_pipeline' retrieved from /opt/airflow/dags/weather_etl_dag.py
[2026-06-18T08:15:46.050+0000] {logging_mixin.py:188} INFO - [2026-06-18T08:15:46.050+0000] {dag.py:3096} INFO - Sync 1 DAGs
[2026-06-18T08:15:46.094+0000] {logging_mixin.py:188} INFO - [2026-06-18T08:15:46.094+0000] {dag.py:3954} INFO - Setting next_dagrun for weather_etl_pipeline to 2026-06-18 00:00:00+00:00, run_after=2026-06-19 00:00:00+00:00
[2026-06-18T08:15:46.129+0000] {processor.py:183} INFO - Processing /opt/airflow/dags/weather_etl_dag.py took 0.200 seconds
[2026-06-18T08:15:56.375+0000] {processor.py:161} INFO - Started process (PID=7573) to work on /opt/airflow/dags/weather_etl_dag.py
[2026-06-18T08:15:56.381+0000] {processor.py:830} INFO - Processing file /opt/airflow/dags/weather_etl_dag.py for tasks to queue
[2026-06-18T08:15:56.391+0000] {logging_mixin.py:188} INFO - [2026-06-18T08:15:56.390+0000] {dagbag.py:545} INFO - Filling up the DagBag from /opt/airflow/dags/weather_etl_dag.py
[2026-06-18T08:15:56.496+0000] {processor.py:840} INFO - DAG(s) 'weather_etl_pipeline' retrieved from /opt/airflow/dags/weather_etl_dag.py
[2026-06-18T08:15:56.626+0000] {logging_mixin.py:188} INFO - [2026-06-18T08:15:56.625+0000] {dag.py:3096} INFO - Sync 1 DAGs
[2026-06-18T08:15:56.726+0000] {logging_mixin.py:188} INFO - [2026-06-18T08:15:56.726+0000] {dag.py:3954} INFO - Setting next_dagrun for weather_etl_pipeline to 2026-06-18 00:00:00+00:00, run_after=2026-06-19 00:00:00+00:00
[2026-06-18T08:15:56.807+0000] {processor.py:183} INFO - Processing /opt/airflow/dags/weather_etl_dag.py took 0.453 seconds
[2026-06-18T08:16:07.115+0000] {processor.py:161} INFO - Started process (PID=7578) to work on /opt/airflow/dags/weather_etl_dag.py
[2026-06-18T08:16:07.120+0000] {processor.py:830} INFO - Processing file /opt/airflow/dags/weather_etl_dag.py for tasks to queue
[2026-06-18T08:16:07.127+0000] {logging_mixin.py:188} INFO - [2026-06-18T08:16:07.126+0000] {dagbag.py:545} INFO - Filling up the DagBag from /opt/airflow/dags/weather_etl_dag.py
[2026-06-18T08:16:07.228+0000] {processor.py:840} INFO - DAG(s) 'weather_etl_pipeline' retrieved from /opt/airflow/dags/weather_etl_dag.py
[2026-06-18T08:16:07.297+0000] {logging_mixin.py:188} INFO - [2026-06-18T08:16:07.297+0000] {dag.py:3096} INFO - Sync 1 DAGs
[2026-06-18T08:16:07.358+0000] {logging_mixin.py:188} INFO - [2026-06-18T08:16:07.357+0000] {dag.py:3954} INFO - Setting next_dagrun for weather_etl_pipeline to 2026-06-18 00:00:00+00:00, run_after=2026-06-19 00:00:00+00:00
[2026-06-18T08:16:07.626+0000] {processor.py:183} INFO - Processing /opt/airflow/dags/weather_etl_dag.py took 0.529 seconds
[2026-06-18T08:16:17.903+0000] {processor.py:161} INFO - Started process (PID=7583) to work on /opt/airflow/dags/weather_etl_dag.py
[2026-06-18T08:16:17.904+0000] {processor.py:830} INFO - Processing file /opt/airflow/dags/weather_etl_dag.py for tasks to queue
[2026-06-18T08:16:17.906+0000] {logging_mixin.py:188} INFO - [2026-06-18T08:16:17.906+0000] {dagbag.py:545} INFO - Filling up the DagBag from /opt/airflow/dags/weather_etl_dag.py
[2026-06-18T08:16:17.942+0000] {processor.py:840} INFO - DAG(s) 'weather_etl_pipeline' retrieved from /opt/airflow/dags/weather_etl_dag.py
[2026-06-18T08:16:17.991+0000] {logging_mixin.py:188} INFO - [2026-06-18T08:16:17.991+0000] {dag.py:3096} INFO - Sync 1 DAGs
[2026-06-18T08:16:18.026+0000] {logging_mixin.py:188} INFO - [2026-06-18T08:16:18.025+0000] {dag.py:3954} INFO - Setting next_dagrun for weather_etl_pipeline to 2026-06-18 00:00:00+00:00, run_after=2026-06-19 00:00:00+00:00
[2026-06-18T08:16:18.061+0000] {processor.py:183} INFO - Processing /opt/airflow/dags/weather_etl_dag.py took 0.167 seconds
[2026-06-18T08:16:28.197+0000] {processor.py:161} INFO - Started process (PID=7588) to work on /opt/airflow/dags/weather_etl_dag.py
[2026-06-18T08:16:28.200+0000] {processor.py:830} INFO - Processing file /opt/airflow/dags/weather_etl_dag.py for tasks to queue
[2026-06-18T08:16:28.204+0000] {logging_mixin.py:188} INFO - [2026-06-18T08:16:28.203+0000] {dagbag.py:545} INFO - Filling up the DagBag from /opt/airflow/dags/weather_etl_dag.py
[2026-06-18T08:16:28.286+0000] {processor.py:840} INFO - DAG(s) 'weather_etl_pipeline' retrieved from /opt/airflow/dags/weather_etl_dag.py
[2026-06-18T08:16:28.360+0000] {logging_mixin.py:188} INFO - [2026-06-18T08:16:28.359+0000] {dag.py:3096} INFO - Sync 1 DAGs
[2026-06-18T08:16:28.402+0000] {logging_mixin.py:188} INFO - [2026-06-18T08:16:28.402+0000] {dag.py:3954} INFO - Setting next_dagrun for weather_etl_pipeline to 2026-06-18 00:00:00+00:00, run_after=2026-06-19 00:00:00+00:00
[2026-06-18T08:16:28.437+0000] {processor.py:183} INFO - Processing /opt/airflow/dags/weather_etl_dag.py took 0.256 seconds
[2026-06-18T08:16:38.998+0000] {processor.py:161} INFO - Started process (PID=7593) to work on /opt/airflow/dags/weather_etl_dag.py
[2026-06-18T08:16:39.001+0000] {processor.py:830} INFO - Processing file /opt/airflow/dags/weather_etl_dag.py for tasks to queue
[2026-06-18T08:16:39.003+0000] {logging_mixin.py:188} INFO - [2026-06-18T08:16:39.002+0000] {dagbag.py:545} INFO - Filling up the DagBag from /opt/airflow/dags/weather_etl_dag.py
[2026-06-18T08:16:39.043+0000] {processor.py:840} INFO - DAG(s) 'weather_etl_pipeline' retrieved from /opt/airflow/dags/weather_etl_dag.py
[2026-06-18T08:16:39.104+0000] {logging_mixin.py:188} INFO - [2026-06-18T08:16:39.104+0000] {dag.py:3096} INFO - Sync 1 DAGs
[2026-06-18T08:16:39.144+0000] {logging_mixin.py:188} INFO - [2026-06-18T08:16:39.143+0000] {dag.py:3954} INFO - Setting next_dagrun for weather_etl_pipeline to 2026-06-18 00:00:00+00:00, run_after=2026-06-19 00:00:00+00:00
[2026-06-18T08:16:39.379+0000] {processor.py:183} INFO - Processing /opt/airflow/dags/weather_etl_dag.py took 0.391 seconds
[2026-06-18T08:16:49.572+0000] {processor.py:161} INFO - Started process (PID=7598) to work on /opt/airflow/dags/weather_etl_dag.py
[2026-06-18T08:16:49.575+0000] {processor.py:830} INFO - Processing file /opt/airflow/dags/weather_etl_dag.py for tasks to queue
[2026-06-18T08:16:49.578+0000] {logging_mixin.py:188} INFO - [2026-06-18T08:16:49.577+0000] {dagbag.py:545} INFO - Filling up the DagBag from /opt/airflow/dags/weather_etl_dag.py
[2026-06-18T08:16:49.616+0000] {processor.py:840} INFO - DAG(s) 'weather_etl_pipeline' retrieved from /opt/airflow/dags/weather_etl_dag.py
[2026-06-18T08:16:49.664+0000] {logging_mixin.py:188} INFO - [2026-06-18T08:16:49.664+0000] {dag.py:3096} INFO - Sync 1 DAGs
[2026-06-18T08:16:49.700+0000] {logging_mixin.py:188} INFO - [2026-06-18T08:16:49.699+0000] {dag.py:3954} INFO - Setting next_dagrun for weather_etl_pipeline to 2026-06-18 00:00:00+00:00, run_after=2026-06-19 00:00:00+00:00
[2026-06-18T08:16:49.725+0000] {processor.py:183} INFO - Processing /opt/airflow/dags/weather_etl_dag.py took 0.165 seconds
[2026-06-18T08:16:59.863+0000] {processor.py:161} INFO - Started process (PID=7603) to work on /opt/airflow/dags/weather_etl_dag.py
[2026-06-18T08:16:59.866+0000] {processor.py:830} INFO - Processing file /opt/airflow/dags/weather_etl_dag.py for tasks to queue
[2026-06-18T08:16:59.870+0000] {logging_mixin.py:188} INFO - [2026-06-18T08:16:59.870+0000] {dagbag.py:545} INFO - Filling up the DagBag from /opt/airflow/dags/weather_etl_dag.py
[2026-06-18T08:16:59.918+0000] {processor.py:840} INFO - DAG(s) 'weather_etl_pipeline' retrieved from /opt/airflow/dags/weather_etl_dag.py
[2026-06-18T08:16:59.976+0000] {logging_mixin.py:188} INFO - [2026-06-18T08:16:59.975+0000] {dag.py:3096} INFO - Sync 1 DAGs
[2026-06-18T08:17:00.033+0000] {logging_mixin.py:188} INFO - [2026-06-18T08:17:00.032+0000] {dag.py:3954} INFO - Setting next_dagrun for weather_etl_pipeline to 2026-06-18 00:00:00+00:00, run_after=2026-06-19 00:00:00+00:00
[2026-06-18T08:17:00.074+0000] {processor.py:183} INFO - Processing /opt/airflow/dags/weather_etl_dag.py took 0.229 seconds
[2026-06-18T08:17:10.673+0000] {processor.py:161} INFO - Started process (PID=7608) to work on /opt/airflow/dags/weather_etl_dag.py
[2026-06-18T08:17:10.675+0000] {processor.py:830} INFO - Processing file /opt/airflow/dags/weather_etl_dag.py for tasks to queue
[2026-06-18T08:17:10.678+0000] {logging_mixin.py:188} INFO - [2026-06-18T08:17:10.677+0000] {dagbag.py:545} INFO - Filling up the DagBag from /opt/airflow/dags/weather_etl_dag.py
[2026-06-18T08:17:10.733+0000] {processor.py:840} INFO - DAG(s) 'weather_etl_pipeline' retrieved from /opt/airflow/dags/weather_etl_dag.py
[2026-06-18T08:17:10.829+0000] {logging_mixin.py:188} INFO - [2026-06-18T08:17:10.829+0000] {dag.py:3096} INFO - Sync 1 DAGs
[2026-06-18T08:17:10.912+0000] {logging_mixin.py:188} INFO - [2026-06-18T08:17:10.911+0000] {dag.py:3954} INFO - Setting next_dagrun for weather_etl_pipeline to 2026-06-18 00:00:00+00:00, run_after=2026-06-19 00:00:00+00:00
[2026-06-18T08:17:10.984+0000] {processor.py:183} INFO - Processing /opt/airflow/dags/weather_etl_dag.py took 0.321 seconds
[2026-06-18T08:17:21.149+0000] {processor.py:161} INFO - Started process (PID=7613) to work on /opt/airflow/dags/weather_etl_dag.py
[2026-06-18T08:17:21.154+0000] {processor.py:830} INFO - Processing file /opt/airflow/dags/weather_etl_dag.py for tasks to queue
[2026-06-18T08:17:21.157+0000] {logging_mixin.py:188} INFO - [2026-06-18T08:17:21.156+0000] {dagbag.py:545} INFO - Filling up the DagBag from /opt/airflow/dags/weather_etl_dag.py
[2026-06-18T08:17:21.205+0000] {processor.py:840} INFO - DAG(s) 'weather_etl_pipeline' retrieved from /opt/airflow/dags/weather_etl_dag.py
[2026-06-18T08:17:21.255+0000] {logging_mixin.py:188} INFO - [2026-06-18T08:17:21.254+0000] {dag.py:3096} INFO - Sync 1 DAGs
[2026-06-18T08:17:21.295+0000] {logging_mixin.py:188} INFO - [2026-06-18T08:17:21.295+0000] {dag.py:3954} INFO - Setting next_dagrun for weather_etl_pipeline to 2026-06-18 00:00:00+00:00, run_after=2026-06-19 00:00:00+00:00
[2026-06-18T08:17:21.329+0000] {processor.py:183} INFO - Processing /opt/airflow/dags/weather_etl_dag.py took 0.191 seconds
[2026-06-18T08:17:31.484+0000] {processor.py:161} INFO - Started process (PID=7618) to work on /opt/airflow/dags/weather_etl_dag.py
[2026-06-18T08:17:31.486+0000] {processor.py:830} INFO - Processing file /opt/airflow/dags/weather_etl_dag.py for tasks to queue
[2026-06-18T08:17:31.487+0000] {logging_mixin.py:188} INFO - [2026-06-18T08:17:31.487+0000] {dagbag.py:545} INFO - Filling up the DagBag from /opt/airflow/dags/weather_etl_dag.py
[2026-06-18T08:17:31.520+0000] {processor.py:840} INFO - DAG(s) 'weather_etl_pipeline' retrieved from /opt/airflow/dags/weather_etl_dag.py
[2026-06-18T08:17:31.558+0000] {logging_mixin.py:188} INFO - [2026-06-18T08:17:31.558+0000] {dag.py:3096} INFO - Sync 1 DAGs
[2026-06-18T08:17:31.591+0000] {logging_mixin.py:188} INFO - [2026-06-18T08:17:31.590+0000] {dag.py:3954} INFO - Setting next_dagrun for weather_etl_pipeline to 2026-06-18 00:00:00+00:00, run_after=2026-06-19 00:00:00+00:00
[2026-06-18T08:17:31.617+0000] {processor.py:183} INFO - Processing /opt/airflow/dags/weather_etl_dag.py took 0.145 seconds
[2026-06-18T08:17:43.274+0000] {processor.py:161} INFO - Started process (PID=7623) to work on /opt/airflow/dags/weather_etl_dag.py
[2026-06-18T08:17:43.276+0000] {processor.py:830} INFO - Processing file /opt/airflow/dags/weather_etl_dag.py for tasks to queue
[2026-06-18T08:17:43.279+0000] {logging_mixin.py:188} INFO - [2026-06-18T08:17:43.278+0000] {dagbag.py:545} INFO - Filling up the DagBag from /opt/airflow/dags/weather_etl_dag.py
[2026-06-18T08:17:43.317+0000] {processor.py:840} INFO - DAG(s) 'weather_etl_pipeline' retrieved from /opt/airflow/dags/weather_etl_dag.py
[2026-06-18T08:17:43.380+0000] {logging_mixin.py:188} INFO - [2026-06-18T08:17:43.380+0000] {dag.py:3096} INFO - Sync 1 DAGs
[2026-06-18T08:17:43.426+0000] {logging_mixin.py:188} INFO - [2026-06-18T08:17:43.425+0000] {dag.py:3954} INFO - Setting next_dagrun for weather_etl_pipeline to 2026-06-18 00:00:00+00:00, run_after=2026-06-19 00:00:00+00:00
[2026-06-18T08:17:43.461+0000] {processor.py:183} INFO - Processing /opt/airflow/dags/weather_etl_dag.py took 0.201 seconds
[2026-06-18T08:17:53.568+0000] {processor.py:161} INFO - Started process (PID=7628) to work on /opt/airflow/dags/weather_etl_dag.py
[2026-06-18T08:17:53.571+0000] {processor.py:830} INFO - Processing file /opt/airflow/dags/weather_etl_dag.py for tasks to queue
[2026-06-18T08:17:53.574+0000] {logging_mixin.py:188} INFO - [2026-06-18T08:17:53.573+0000] {dagbag.py:545} INFO - Filling up the DagBag from /opt/airflow/dags/weather_etl_dag.py
[2026-06-18T08:17:53.627+0000] {processor.py:840} INFO - DAG(s) 'weather_etl_pipeline' retrieved from /opt/airflow/dags/weather_etl_dag.py
[2026-06-18T08:17:53.666+0000] {logging_mixin.py:188} INFO - [2026-06-18T08:17:53.666+0000] {dag.py:3096} INFO - Sync 1 DAGs
[2026-06-18T08:17:53.695+0000] {logging_mixin.py:188} INFO - [2026-06-18T08:17:53.695+0000] {dag.py:3954} INFO - Setting next_dagrun for weather_etl_pipeline to 2026-06-18 00:00:00+00:00, run_after=2026-06-19 00:00:00+00:00
[2026-06-18T08:17:53.733+0000] {processor.py:183} INFO - Processing /opt/airflow/dags/weather_etl_dag.py took 0.181 seconds
[2026-06-18T08:18:03.988+0000] {processor.py:161} INFO - Started process (PID=7633) to work on /opt/airflow/dags/weather_etl_dag.py
[2026-06-18T08:18:03.993+0000] {processor.py:830} INFO - Processing file /opt/airflow/dags/weather_etl_dag.py for tasks to queue
[2026-06-18T08:18:04.000+0000] {logging_mixin.py:188} INFO - [2026-06-18T08:18:03.999+0000] {dagbag.py:545} INFO - Filling up the DagBag from /opt/airflow/dags/weather_etl_dag.py
[2026-06-18T08:18:04.089+0000] {processor.py:840} INFO - DAG(s) 'weather_etl_pipeline' retrieved from /opt/airflow/dags/weather_etl_dag.py
[2026-06-18T08:18:04.147+0000] {logging_mixin.py:188} INFO - [2026-06-18T08:18:04.146+0000] {dag.py:3096} INFO - Sync 1 DAGs
[2026-06-18T08:18:04.183+0000] {logging_mixin.py:188} INFO - [2026-06-18T08:18:04.182+0000] {dag.py:3954} INFO - Setting next_dagrun for weather_etl_pipeline to 2026-06-18 00:00:00+00:00, run_after=2026-06-19 00:00:00+00:00
[2026-06-18T08:18:04.214+0000] {processor.py:183} INFO - Processing /opt/airflow/dags/weather_etl_dag.py took 0.256 seconds
[2026-06-18T08:18:15.807+0000] {processor.py:161} INFO - Started process (PID=7638) to work on /opt/airflow/dags/weather_etl_dag.py
[2026-06-18T08:18:15.809+0000] {processor.py:830} INFO - Processing file /opt/airflow/dags/weather_etl_dag.py for tasks to queue
[2026-06-18T08:18:15.812+0000] {logging_mixin.py:188} INFO - [2026-06-18T08:18:15.811+0000] {dagbag.py:545} INFO - Filling up the DagBag from /opt/airflow/dags/weather_etl_dag.py
[2026-06-18T08:18:15.867+0000] {processor.py:840} INFO - DAG(s) 'weather_etl_pipeline' retrieved from /opt/airflow/dags/weather_etl_dag.py
[2026-06-18T08:18:15.958+0000] {logging_mixin.py:188} INFO - [2026-06-18T08:18:15.958+0000] {dag.py:3096} INFO - Sync 1 DAGs
[2026-06-18T08:18:16.011+0000] {logging_mixin.py:188} INFO - [2026-06-18T08:18:16.011+0000] {dag.py:3954} INFO - Setting next_dagrun for weather_etl_pipeline to 2026-06-18 00:00:00+00:00, run_after=2026-06-19 00:00:00+00:00
[2026-06-18T08:18:16.049+0000] {processor.py:183} INFO - Processing /opt/airflow/dags/weather_etl_dag.py took 0.256 seconds
[2026-06-18T08:18:26.191+0000] {processor.py:161} INFO - Started process (PID=7643) to work on /opt/airflow/dags/weather_etl_dag.py
[2026-06-18T08:18:26.193+0000] {processor.py:830} INFO - Processing file /opt/airflow/dags/weather_etl_dag.py for tasks to queue
[2026-06-18T08:18:26.196+0000] {logging_mixin.py:188} INFO - [2026-06-18T08:18:26.195+0000] {dagbag.py:545} INFO - Filling up the DagBag from /opt/airflow/dags/weather_etl_dag.py
[2026-06-18T08:18:26.243+0000] {processor.py:840} INFO - DAG(s) 'weather_etl_pipeline' retrieved from /opt/airflow/dags/weather_etl_dag.py
[2026-06-18T08:18:26.283+0000] {logging_mixin.py:188} INFO - [2026-06-18T08:18:26.283+0000] {dag.py:3096} INFO - Sync 1 DAGs
[2026-06-18T08:18:26.317+0000] {logging_mixin.py:188} INFO - [2026-06-18T08:18:26.316+0000] {dag.py:3954} INFO - Setting next_dagrun for weather_etl_pipeline to 2026-06-18 00:00:00+00:00, run_after=2026-06-19 00:00:00+00:00
[2026-06-18T08:18:26.377+0000] {processor.py:183} INFO - Processing /opt/airflow/dags/weather_etl_dag.py took 0.198 seconds
[2026-06-18T08:18:36.566+0000] {processor.py:161} INFO - Started process (PID=7648) to work on /opt/airflow/dags/weather_etl_dag.py
[2026-06-18T08:18:36.569+0000] {processor.py:830} INFO - Processing file /opt/airflow/dags/weather_etl_dag.py for tasks to queue
[2026-06-18T08:18:36.576+0000] {logging_mixin.py:188} INFO - [2026-06-18T08:18:36.571+0000] {dagbag.py:545} INFO - Filling up the DagBag from /opt/airflow/dags/weather_etl_dag.py
[2026-06-18T08:18:36.665+0000] {processor.py:840} INFO - DAG(s) 'weather_etl_pipeline' retrieved from /opt/airflow/dags/weather_etl_dag.py
[2026-06-18T08:18:36.747+0000] {logging_mixin.py:188} INFO - [2026-06-18T08:18:36.743+0000] {dag.py:3096} INFO - Sync 1 DAGs
[2026-06-18T08:18:36.811+0000] {logging_mixin.py:188} INFO - [2026-06-18T08:18:36.810+0000] {dag.py:3954} INFO - Setting next_dagrun for weather_etl_pipeline to 2026-06-18 00:00:00+00:00, run_after=2026-06-19 00:00:00+00:00
[2026-06-18T08:18:36.926+0000] {processor.py:183} INFO - Processing /opt/airflow/dags/weather_etl_dag.py took 0.376 seconds
[2026-06-18T08:18:47.139+0000] {processor.py:161} INFO - Started process (PID=7653) to work on /opt/airflow/dags/weather_etl_dag.py
[2026-06-18T08:18:47.142+0000] {processor.py:830} INFO - Processing file /opt/airflow/dags/weather_etl_dag.py for tasks to queue
[2026-06-18T08:18:47.145+0000] {logging_mixin.py:188} INFO - [2026-06-18T08:18:47.144+0000] {dagbag.py:545} INFO - Filling up the DagBag from /opt/airflow/dags/weather_etl_dag.py
[2026-06-18T08:18:47.191+0000] {processor.py:840} INFO - DAG(s) 'weather_etl_pipeline' retrieved from /opt/airflow/dags/weather_etl_dag.py
[2026-06-18T08:18:47.254+0000] {logging_mixin.py:188} INFO - [2026-06-18T08:18:47.253+0000] {dag.py:3096} INFO - Sync 1 DAGs
[2026-06-18T08:18:47.294+0000] {logging_mixin.py:188} INFO - [2026-06-18T08:18:47.294+0000] {dag.py:3954} INFO - Setting next_dagrun for weather_etl_pipeline to 2026-06-18 00:00:00+00:00, run_after=2026-06-19 00:00:00+00:00
[2026-06-18T08:18:47.343+0000] {processor.py:183} INFO - Processing /opt/airflow/dags/weather_etl_dag.py took 0.226 seconds
[2026-06-18T08:18:57.504+0000] {processor.py:161} INFO - Started process (PID=7658) to work on /opt/airflow/dags/weather_etl_dag.py
[2026-06-18T08:18:57.507+0000] {processor.py:830} INFO - Processing file /opt/airflow/dags/weather_etl_dag.py for tasks to queue
[2026-06-18T08:18:57.511+0000] {logging_mixin.py:188} INFO - [2026-06-18T08:18:57.510+0000] {dagbag.py:545} INFO - Filling up the DagBag from /opt/airflow/dags/weather_etl_dag.py
[2026-06-18T08:18:57.604+0000] {processor.py:840} INFO - DAG(s) 'weather_etl_pipeline' retrieved from /opt/airflow/dags/weather_etl_dag.py
[2026-06-18T08:18:57.693+0000] {logging_mixin.py:188} INFO - [2026-06-18T08:18:57.692+0000] {dag.py:3096} INFO - Sync 1 DAGs
[2026-06-18T08:18:57.724+0000] {logging_mixin.py:188} INFO - [2026-06-18T08:18:57.723+0000] {dag.py:3954} INFO - Setting next_dagrun for weather_etl_pipeline to 2026-06-18 00:00:00+00:00, run_after=2026-06-19 00:00:00+00:00
[2026-06-18T08:18:57.758+0000] {processor.py:183} INFO - Processing /opt/airflow/dags/weather_etl_dag.py took 0.268 seconds
[2026-06-18T08:19:07.897+0000] {processor.py:161} INFO - Started process (PID=7663) to work on /opt/airflow/dags/weather_etl_dag.py
[2026-06-18T08:19:07.899+0000] {processor.py:830} INFO - Processing file /opt/airflow/dags/weather_etl_dag.py for tasks to queue
[2026-06-18T08:19:07.900+0000] {logging_mixin.py:188} INFO - [2026-06-18T08:19:07.900+0000] {dagbag.py:545} INFO - Filling up the DagBag from /opt/airflow/dags/weather_etl_dag.py
[2026-06-18T08:19:07.930+0000] {processor.py:840} INFO - DAG(s) 'weather_etl_pipeline' retrieved from /opt/airflow/dags/weather_etl_dag.py
[2026-06-18T08:19:07.969+0000] {logging_mixin.py:188} INFO - [2026-06-18T08:19:07.969+0000] {dag.py:3096} INFO - Sync 1 DAGs
[2026-06-18T08:19:08.186+0000] {logging_mixin.py:188} INFO - [2026-06-18T08:19:08.185+0000] {dag.py:3954} INFO - Setting next_dagrun for weather_etl_pipeline to 2026-06-18 00:00:00+00:00, run_after=2026-06-19 00:00:00+00:00
[2026-06-18T08:19:08.255+0000] {processor.py:183} INFO - Processing /opt/airflow/dags/weather_etl_dag.py took 0.366 seconds
[2026-06-18T08:19:18.422+0000] {processor.py:161} INFO - Started process (PID=7668) to work on /opt/airflow/dags/weather_etl_dag.py
[2026-06-18T08:19:18.424+0000] {processor.py:830} INFO - Processing file /opt/airflow/dags/weather_etl_dag.py for tasks to queue
[2026-06-18T08:19:18.426+0000] {logging_mixin.py:188} INFO - [2026-06-18T08:19:18.425+0000] {dagbag.py:545} INFO - Filling up the DagBag from /opt/airflow/dags/weather_etl_dag.py
[2026-06-18T08:19:18.466+0000] {processor.py:840} INFO - DAG(s) 'weather_etl_pipeline' retrieved from /opt/airflow/dags/weather_etl_dag.py
[2026-06-18T08:19:18.512+0000] {logging_mixin.py:188} INFO - [2026-06-18T08:19:18.512+0000] {dag.py:3096} INFO - Sync 1 DAGs
[2026-06-18T08:19:18.543+0000] {logging_mixin.py:188} INFO - [2026-06-18T08:19:18.542+0000] {dag.py:3954} INFO - Setting next_dagrun for weather_etl_pipeline to 2026-06-18 00:00:00+00:00, run_after=2026-06-19 00:00:00+00:00
[2026-06-18T08:19:18.601+0000] {processor.py:183} INFO - Processing /opt/airflow/dags/weather_etl_dag.py took 0.185 seconds
[2026-06-18T08:19:28.840+0000] {processor.py:161} INFO - Started process (PID=7673) to work on /opt/airflow/dags/weather_etl_dag.py
[2026-06-18T08:19:28.843+0000] {processor.py:830} INFO - Processing file /opt/airflow/dags/weather_etl_dag.py for tasks to queue
[2026-06-18T08:19:28.846+0000] {logging_mixin.py:188} INFO - [2026-06-18T08:19:28.845+0000] {dagbag.py:545} INFO - Filling up the DagBag from /opt/airflow/dags/weather_etl_dag.py
[2026-06-18T08:19:28.921+0000] {processor.py:840} INFO - DAG(s) 'weather_etl_pipeline' retrieved from /opt/airflow/dags/weather_etl_dag.py
[2026-06-18T08:19:28.973+0000] {logging_mixin.py:188} INFO - [2026-06-18T08:19:28.973+0000] {dag.py:3096} INFO - Sync 1 DAGs
[2026-06-18T08:19:29.014+0000] {logging_mixin.py:188} INFO - [2026-06-18T08:19:29.014+0000] {dag.py:3954} INFO - Setting next_dagrun for weather_etl_pipeline to 2026-06-18 00:00:00+00:00, run_after=2026-06-19 00:00:00+00:00
[2026-06-18T08:19:29.050+0000] {processor.py:183} INFO - Processing /opt/airflow/dags/weather_etl_dag.py took 0.220 seconds
[2026-06-18T08:19:39.219+0000] {processor.py:161} INFO - Started process (PID=7678) to work on /opt/airflow/dags/weather_etl_dag.py
[2026-06-18T08:19:39.224+0000] {processor.py:830} INFO - Processing file /opt/airflow/dags/weather_etl_dag.py for tasks to queue
[2026-06-18T08:19:39.228+0000] {logging_mixin.py:188} INFO - [2026-06-18T08:19:39.227+0000] {dagbag.py:545} INFO - Filling up the DagBag from /opt/airflow/dags/weather_etl_dag.py
[2026-06-18T08:19:39.273+0000] {processor.py:840} INFO - DAG(s) 'weather_etl_pipeline' retrieved from /opt/airflow/dags/weather_etl_dag.py
[2026-06-18T08:19:39.317+0000] {logging_mixin.py:188} INFO - [2026-06-18T08:19:39.317+0000] {dag.py:3096} INFO - Sync 1 DAGs
[2026-06-18T08:19:39.351+0000] {logging_mixin.py:188} INFO - [2026-06-18T08:19:39.351+0000] {dag.py:3954} INFO - Setting next_dagrun for weather_etl_pipeline to 2026-06-18 00:00:00+00:00, run_after=2026-06-19 00:00:00+00:00
[2026-06-18T08:19:39.381+0000] {processor.py:183} INFO - Processing /opt/airflow/dags/weather_etl_dag.py took 0.175 seconds
[2026-06-18T08:19:50.290+0000] {processor.py:161} INFO - Started process (PID=7683) to work on /opt/airflow/dags/weather_etl_dag.py
[2026-06-18T08:19:50.294+0000] {processor.py:830} INFO - Processing file /opt/airflow/dags/weather_etl_dag.py for tasks to queue
[2026-06-18T08:19:50.298+0000] {logging_mixin.py:188} INFO - [2026-06-18T08:19:50.297+0000] {dagbag.py:545} INFO - Filling up the DagBag from /opt/airflow/dags/weather_etl_dag.py
[2026-06-18T08:19:50.352+0000] {processor.py:840} INFO - DAG(s) 'weather_etl_pipeline' retrieved from /opt/airflow/dags/weather_etl_dag.py
[2026-06-18T08:19:50.393+0000] {logging_mixin.py:188} INFO - [2026-06-18T08:19:50.393+0000] {dag.py:3096} INFO - Sync 1 DAGs
[2026-06-18T08:19:50.425+0000] {logging_mixin.py:188} INFO - [2026-06-18T08:19:50.424+0000] {dag.py:3954} INFO - Setting next_dagrun for weather_etl_pipeline to 2026-06-18 00:00:00+00:00, run_after=2026-06-19 00:00:00+00:00
[2026-06-18T08:19:50.461+0000] {processor.py:183} INFO - Processing /opt/airflow/dags/weather_etl_dag.py took 0.183 seconds
[2026-06-18T08:20:00.648+0000] {processor.py:161} INFO - Started process (PID=7688) to work on /opt/airflow/dags/weather_etl_dag.py
[2026-06-18T08:20:00.651+0000] {processor.py:830} INFO - Processing file /opt/airflow/dags/weather_etl_dag.py for tasks to queue
[2026-06-18T08:20:00.654+0000] {logging_mixin.py:188} INFO - [2026-06-18T08:20:00.653+0000] {dagbag.py:545} INFO - Filling up the DagBag from /opt/airflow/dags/weather_etl_dag.py
[2026-06-18T08:20:00.711+0000] {processor.py:840} INFO - DAG(s) 'weather_etl_pipeline' retrieved from /opt/airflow/dags/weather_etl_dag.py
[2026-06-18T08:20:00.778+0000] {logging_mixin.py:188} INFO - [2026-06-18T08:20:00.777+0000] {dag.py:3096} INFO - Sync 1 DAGs
[2026-06-18T08:20:00.819+0000] {logging_mixin.py:188} INFO - [2026-06-18T08:20:00.819+0000] {dag.py:3954} INFO - Setting next_dagrun for weather_etl_pipeline to 2026-06-18 00:00:00+00:00, run_after=2026-06-19 00:00:00+00:00
[2026-06-18T08:20:00.845+0000] {processor.py:183} INFO - Processing /opt/airflow/dags/weather_etl_dag.py took 0.212 seconds
[2026-06-18T08:20:10.980+0000] {processor.py:161} INFO - Started process (PID=7693) to work on /opt/airflow/dags/weather_etl_dag.py
[2026-06-18T08:20:10.982+0000] {processor.py:830} INFO - Processing file /opt/airflow/dags/weather_etl_dag.py for tasks to queue
[2026-06-18T08:20:10.984+0000] {logging_mixin.py:188} INFO - [2026-06-18T08:20:10.983+0000] {dagbag.py:545} INFO - Filling up the DagBag from /opt/airflow/dags/weather_etl_dag.py
[2026-06-18T08:20:11.016+0000] {processor.py:840} INFO - DAG(s) 'weather_etl_pipeline' retrieved from /opt/airflow/dags/weather_etl_dag.py
[2026-06-18T08:20:11.059+0000] {logging_mixin.py:188} INFO - [2026-06-18T08:20:11.058+0000] {dag.py:3096} INFO - Sync 1 DAGs
[2026-06-18T08:20:11.095+0000] {logging_mixin.py:188} INFO - [2026-06-18T08:20:11.095+0000] {dag.py:3954} INFO - Setting next_dagrun for weather_etl_pipeline to 2026-06-18 00:00:00+00:00, run_after=2026-06-19 00:00:00+00:00
[2026-06-18T08:20:11.128+0000] {processor.py:183} INFO - Processing /opt/airflow/dags/weather_etl_dag.py took 0.160 seconds
[2026-06-18T08:20:22.778+0000] {processor.py:161} INFO - Started process (PID=7698) to work on /opt/airflow/dags/weather_etl_dag.py
[2026-06-18T08:20:22.779+0000] {processor.py:830} INFO - Processing file /opt/airflow/dags/weather_etl_dag.py for tasks to queue
[2026-06-18T08:20:22.781+0000] {logging_mixin.py:188} INFO - [2026-06-18T08:20:22.781+0000] {dagbag.py:545} INFO - Filling up the DagBag from /opt/airflow/dags/weather_etl_dag.py
[2026-06-18T08:20:22.814+0000] {processor.py:840} INFO - DAG(s) 'weather_etl_pipeline' retrieved from /opt/airflow/dags/weather_etl_dag.py
[2026-06-18T08:20:22.854+0000] {logging_mixin.py:188} INFO - [2026-06-18T08:20:22.853+0000] {dag.py:3096} INFO - Sync 1 DAGs
[2026-06-18T08:20:22.886+0000] {logging_mixin.py:188} INFO - [2026-06-18T08:20:22.886+0000] {dag.py:3954} INFO - Setting next_dagrun for weather_etl_pipeline to 2026-06-18 00:00:00+00:00, run_after=2026-06-19 00:00:00+00:00
[2026-06-18T08:20:22.918+0000] {processor.py:183} INFO - Processing /opt/airflow/dags/weather_etl_dag.py took 0.148 seconds
[2026-06-18T08:20:33.059+0000] {processor.py:161} INFO - Started process (PID=7703) to work on /opt/airflow/dags/weather_etl_dag.py
[2026-06-18T08:20:33.062+0000] {processor.py:830} INFO - Processing file /opt/airflow/dags/weather_etl_dag.py for tasks to queue
[2026-06-18T08:20:33.065+0000] {logging_mixin.py:188} INFO - [2026-06-18T08:20:33.064+0000] {dagbag.py:545} INFO - Filling up the DagBag from /opt/airflow/dags/weather_etl_dag.py
[2026-06-18T08:20:33.104+0000] {processor.py:840} INFO - DAG(s) 'weather_etl_pipeline' retrieved from /opt/airflow/dags/weather_etl_dag.py
[2026-06-18T08:20:33.151+0000] {logging_mixin.py:188} INFO - [2026-06-18T08:20:33.150+0000] {dag.py:3096} INFO - Sync 1 DAGs
[2026-06-18T08:20:33.222+0000] {logging_mixin.py:188} INFO - [2026-06-18T08:20:33.222+0000] {dag.py:3954} INFO - Setting next_dagrun for weather_etl_pipeline to 2026-06-18 00:00:00+00:00, run_after=2026-06-19 00:00:00+00:00
[2026-06-18T08:20:33.252+0000] {processor.py:183} INFO - Processing /opt/airflow/dags/weather_etl_dag.py took 0.203 seconds
[2026-06-18T08:20:43.406+0000] {processor.py:161} INFO - Started process (PID=7708) to work on /opt/airflow/dags/weather_etl_dag.py
[2026-06-18T08:20:43.407+0000] {processor.py:830} INFO - Processing file /opt/airflow/dags/weather_etl_dag.py for tasks to queue
[2026-06-18T08:20:43.409+0000] {logging_mixin.py:188} INFO - [2026-06-18T08:20:43.409+0000] {dagbag.py:545} INFO - Filling up the DagBag from /opt/airflow/dags/weather_etl_dag.py
[2026-06-18T08:20:43.439+0000] {processor.py:840} INFO - DAG(s) 'weather_etl_pipeline' retrieved from /opt/airflow/dags/weather_etl_dag.py
[2026-06-18T08:20:43.474+0000] {logging_mixin.py:188} INFO - [2026-06-18T08:20:43.474+0000] {dag.py:3096} INFO - Sync 1 DAGs
[2026-06-18T08:20:43.509+0000] {logging_mixin.py:188} INFO - [2026-06-18T08:20:43.509+0000] {dag.py:3954} INFO - Setting next_dagrun for weather_etl_pipeline to 2026-06-18 00:00:00+00:00, run_after=2026-06-19 00:00:00+00:00
[2026-06-18T08:20:43.542+0000] {processor.py:183} INFO - Processing /opt/airflow/dags/weather_etl_dag.py took 0.143 seconds
[2026-06-18T08:20:56.257+0000] {processor.py:161} INFO - Started process (PID=7713) to work on /opt/airflow/dags/weather_etl_dag.py
[2026-06-18T08:20:56.259+0000] {processor.py:830} INFO - Processing file /opt/airflow/dags/weather_etl_dag.py for tasks to queue
[2026-06-18T08:20:56.261+0000] {logging_mixin.py:188} INFO - [2026-06-18T08:20:56.261+0000] {dagbag.py:545} INFO - Filling up the DagBag from /opt/airflow/dags/weather_etl_dag.py
[2026-06-18T08:20:56.293+0000] {processor.py:840} INFO - DAG(s) 'weather_etl_pipeline' retrieved from /opt/airflow/dags/weather_etl_dag.py
[2026-06-18T08:20:56.329+0000] {logging_mixin.py:188} INFO - [2026-06-18T08:20:56.329+0000] {dag.py:3096} INFO - Sync 1 DAGs
[2026-06-18T08:20:56.360+0000] {logging_mixin.py:188} INFO - [2026-06-18T08:20:56.360+0000] {dag.py:3954} INFO - Setting next_dagrun for weather_etl_pipeline to 2026-06-18 00:00:00+00:00, run_after=2026-06-19 00:00:00+00:00
[2026-06-18T08:20:56.394+0000] {processor.py:183} INFO - Processing /opt/airflow/dags/weather_etl_dag.py took 0.144 seconds
[2026-06-18T08:21:06.495+0000] {processor.py:161} INFO - Started process (PID=7718) to work on /opt/airflow/dags/weather_etl_dag.py
[2026-06-18T08:21:06.497+0000] {processor.py:830} INFO - Processing file /opt/airflow/dags/weather_etl_dag.py for tasks to queue
[2026-06-18T08:21:06.499+0000] {logging_mixin.py:188} INFO - [2026-06-18T08:21:06.499+0000] {dagbag.py:545} INFO - Filling up the DagBag from /opt/airflow/dags/weather_etl_dag.py
[2026-06-18T08:21:06.527+0000] {processor.py:840} INFO - DAG(s) 'weather_etl_pipeline' retrieved from /opt/airflow/dags/weather_etl_dag.py
[2026-06-18T08:21:06.557+0000] {logging_mixin.py:188} INFO - [2026-06-18T08:21:06.557+0000] {dag.py:3096} INFO - Sync 1 DAGs
[2026-06-18T08:21:06.583+0000] {logging_mixin.py:188} INFO - [2026-06-18T08:21:06.583+0000] {dag.py:3954} INFO - Setting next_dagrun for weather_etl_pipeline to 2026-06-18 00:00:00+00:00, run_after=2026-06-19 00:00:00+00:00
[2026-06-18T08:21:06.615+0000] {processor.py:183} INFO - Processing /opt/airflow/dags/weather_etl_dag.py took 0.125 seconds
[2026-06-18T08:21:16.763+0000] {processor.py:161} INFO - Started process (PID=7723) to work on /opt/airflow/dags/weather_etl_dag.py
[2026-06-18T08:21:16.765+0000] {processor.py:830} INFO - Processing file /opt/airflow/dags/weather_etl_dag.py for tasks to queue
[2026-06-18T08:21:16.768+0000] {logging_mixin.py:188} INFO - [2026-06-18T08:21:16.767+0000] {dagbag.py:545} INFO - Filling up the DagBag from /opt/airflow/dags/weather_etl_dag.py
[2026-06-18T08:21:16.824+0000] {processor.py:840} INFO - DAG(s) 'weather_etl_pipeline' retrieved from /opt/airflow/dags/weather_etl_dag.py
[2026-06-18T08:21:16.900+0000] {logging_mixin.py:188} INFO - [2026-06-18T08:21:16.899+0000] {dag.py:3096} INFO - Sync 1 DAGs
[2026-06-18T08:21:16.941+0000] {logging_mixin.py:188} INFO - [2026-06-18T08:21:16.941+0000] {dag.py:3954} INFO - Setting next_dagrun for weather_etl_pipeline to 2026-06-18 00:00:00+00:00, run_after=2026-06-19 00:00:00+00:00
[2026-06-18T08:21:16.970+0000] {processor.py:183} INFO - Processing /opt/airflow/dags/weather_etl_dag.py took 0.216 seconds
[2026-06-18T08:21:28.641+0000] {processor.py:161} INFO - Started process (PID=7728) to work on /opt/airflow/dags/weather_etl_dag.py
[2026-06-18T08:21:28.644+0000] {processor.py:830} INFO - Processing file /opt/airflow/dags/weather_etl_dag.py for tasks to queue
[2026-06-18T08:21:28.647+0000] {logging_mixin.py:188} INFO - [2026-06-18T08:21:28.646+0000] {dagbag.py:545} INFO - Filling up the DagBag from /opt/airflow/dags/weather_etl_dag.py
[2026-06-18T08:21:28.685+0000] {processor.py:840} INFO - DAG(s) 'weather_etl_pipeline' retrieved from /opt/airflow/dags/weather_etl_dag.py
[2026-06-18T08:21:28.726+0000] {logging_mixin.py:188} INFO - [2026-06-18T08:21:28.726+0000] {dag.py:3096} INFO - Sync 1 DAGs
[2026-06-18T08:21:28.758+0000] {logging_mixin.py:188} INFO - [2026-06-18T08:21:28.758+0000] {dag.py:3954} INFO - Setting next_dagrun for weather_etl_pipeline to 2026-06-18 00:00:00+00:00, run_after=2026-06-19 00:00:00+00:00
[2026-06-18T08:21:28.787+0000] {processor.py:183} INFO - Processing /opt/airflow/dags/weather_etl_dag.py took 0.159 seconds
[2026-06-18T08:21:38.904+0000] {processor.py:161} INFO - Started process (PID=7733) to work on /opt/airflow/dags/weather_etl_dag.py
[2026-06-18T08:21:38.906+0000] {processor.py:830} INFO - Processing file /opt/airflow/dags/weather_etl_dag.py for tasks to queue
[2026-06-18T08:21:38.907+0000] {logging_mixin.py:188} INFO - [2026-06-18T08:21:38.907+0000] {dagbag.py:545} INFO - Filling up the DagBag from /opt/airflow/dags/weather_etl_dag.py
[2026-06-18T08:21:38.944+0000] {processor.py:840} INFO - DAG(s) 'weather_etl_pipeline' retrieved from /opt/airflow/dags/weather_etl_dag.py
[2026-06-18T08:21:38.987+0000] {logging_mixin.py:188} INFO - [2026-06-18T08:21:38.987+0000] {dag.py:3096} INFO - Sync 1 DAGs
[2026-06-18T08:21:39.024+0000] {logging_mixin.py:188} INFO - [2026-06-18T08:21:39.024+0000] {dag.py:3954} INFO - Setting next_dagrun for weather_etl_pipeline to 2026-06-18 00:00:00+00:00, run_after=2026-06-19 00:00:00+00:00
[2026-06-18T08:21:39.055+0000] {processor.py:183} INFO - Processing /opt/airflow/dags/weather_etl_dag.py took 0.160 seconds
[2026-06-18T08:21:49.223+0000] {processor.py:161} INFO - Started process (PID=7738) to work on /opt/airflow/dags/weather_etl_dag.py
[2026-06-18T08:21:49.227+0000] {processor.py:830} INFO - Processing file /opt/airflow/dags/weather_etl_dag.py for tasks to queue
[2026-06-18T08:21:49.231+0000] {logging_mixin.py:188} INFO - [2026-06-18T08:21:49.230+0000] {dagbag.py:545} INFO - Filling up the DagBag from /opt/airflow/dags/weather_etl_dag.py
[2026-06-18T08:21:49.304+0000] {processor.py:840} INFO - DAG(s) 'weather_etl_pipeline' retrieved from /opt/airflow/dags/weather_etl_dag.py
[2026-06-18T08:21:49.394+0000] {logging_mixin.py:188} INFO - [2026-06-18T08:21:49.394+0000] {dag.py:3096} INFO - Sync 1 DAGs
[2026-06-18T08:21:49.448+0000] {logging_mixin.py:188} INFO - [2026-06-18T08:21:49.447+0000] {dag.py:3954} INFO - Setting next_dagrun for weather_etl_pipeline to 2026-06-18 00:00:00+00:00, run_after=2026-06-19 00:00:00+00:00
[2026-06-18T08:21:49.484+0000] {processor.py:183} INFO - Processing /opt/airflow/dags/weather_etl_dag.py took 0.278 seconds
[2026-06-18T08:22:00.106+0000] {processor.py:161} INFO - Started process (PID=7743) to work on /opt/airflow/dags/weather_etl_dag.py
[2026-06-18T08:22:00.109+0000] {processor.py:830} INFO - Processing file /opt/airflow/dags/weather_etl_dag.py for tasks to queue
[2026-06-18T08:22:00.111+0000] {logging_mixin.py:188} INFO - [2026-06-18T08:22:00.110+0000] {dagbag.py:545} INFO - Filling up the DagBag from /opt/airflow/dags/weather_etl_dag.py
[2026-06-18T08:22:00.161+0000] {processor.py:840} INFO - DAG(s) 'weather_etl_pipeline' retrieved from /opt/airflow/dags/weather_etl_dag.py
[2026-06-18T08:22:00.206+0000] {logging_mixin.py:188} INFO - [2026-06-18T08:22:00.206+0000] {dag.py:3096} INFO - Sync 1 DAGs
[2026-06-18T08:22:00.240+0000] {logging_mixin.py:188} INFO - [2026-06-18T08:22:00.239+0000] {dag.py:3954} INFO - Setting next_dagrun for weather_etl_pipeline to 2026-06-18 00:00:00+00:00, run_after=2026-06-19 00:00:00+00:00
[2026-06-18T08:22:00.277+0000] {processor.py:183} INFO - Processing /opt/airflow/dags/weather_etl_dag.py took 0.185 seconds
[2026-06-18T08:22:10.499+0000] {processor.py:161} INFO - Started process (PID=7748) to work on /opt/airflow/dags/weather_etl_dag.py
[2026-06-18T08:22:10.501+0000] {processor.py:830} INFO - Processing file /opt/airflow/dags/weather_etl_dag.py for tasks to queue
[2026-06-18T08:22:10.504+0000] {logging_mixin.py:188} INFO - [2026-06-18T08:22:10.503+0000] {dagbag.py:545} INFO - Filling up the DagBag from /opt/airflow/dags/weather_etl_dag.py
[2026-06-18T08:22:10.543+0000] {processor.py:840} INFO - DAG(s) 'weather_etl_pipeline' retrieved from /opt/airflow/dags/weather_etl_dag.py
[2026-06-18T08:22:10.587+0000] {logging_mixin.py:188} INFO - [2026-06-18T08:22:10.586+0000] {dag.py:3096} INFO - Sync 1 DAGs
[2026-06-18T08:22:10.627+0000] {logging_mixin.py:188} INFO - [2026-06-18T08:22:10.626+0000] {dag.py:3954} INFO - Setting next_dagrun for weather_etl_pipeline to 2026-06-18 00:00:00+00:00, run_after=2026-06-19 00:00:00+00:00
[2026-06-18T08:22:10.655+0000] {processor.py:183} INFO - Processing /opt/airflow/dags/weather_etl_dag.py took 0.171 seconds
[2026-06-18T08:22:20.832+0000] {processor.py:161} INFO - Started process (PID=7753) to work on /opt/airflow/dags/weather_etl_dag.py
[2026-06-18T08:22:20.836+0000] {processor.py:830} INFO - Processing file /opt/airflow/dags/weather_etl_dag.py for tasks to queue
[2026-06-18T08:22:20.839+0000] {logging_mixin.py:188} INFO - [2026-06-18T08:22:20.838+0000] {dagbag.py:545} INFO - Filling up the DagBag from /opt/airflow/dags/weather_etl_dag.py
[2026-06-18T08:22:20.883+0000] {processor.py:840} INFO - DAG(s) 'weather_etl_pipeline' retrieved from /opt/airflow/dags/weather_etl_dag.py
[2026-06-18T08:22:20.944+0000] {logging_mixin.py:188} INFO - [2026-06-18T08:22:20.943+0000] {dag.py:3096} INFO - Sync 1 DAGs
[2026-06-18T08:22:20.985+0000] {logging_mixin.py:188} INFO - [2026-06-18T08:22:20.984+0000] {dag.py:3954} INFO - Setting next_dagrun for weather_etl_pipeline to 2026-06-18 00:00:00+00:00, run_after=2026-06-19 00:00:00+00:00
[2026-06-18T08:22:21.017+0000] {processor.py:183} INFO - Processing /opt/airflow/dags/weather_etl_dag.py took 0.200 seconds
[2026-06-18T08:22:31.497+0000] {processor.py:161} INFO - Started process (PID=7758) to work on /opt/airflow/dags/weather_etl_dag.py
[2026-06-18T08:22:31.499+0000] {processor.py:830} INFO - Processing file /opt/airflow/dags/weather_etl_dag.py for tasks to queue
[2026-06-18T08:22:31.501+0000] {logging_mixin.py:188} INFO - [2026-06-18T08:22:31.500+0000] {dagbag.py:545} INFO - Filling up the DagBag from /opt/airflow/dags/weather_etl_dag.py
[2026-06-18T08:22:31.548+0000] {processor.py:840} INFO - DAG(s) 'weather_etl_pipeline' retrieved from /opt/airflow/dags/weather_etl_dag.py
[2026-06-18T08:22:31.593+0000] {logging_mixin.py:188} INFO - [2026-06-18T08:22:31.593+0000] {dag.py:3096} INFO - Sync 1 DAGs
[2026-06-18T08:22:31.628+0000] {logging_mixin.py:188} INFO - [2026-06-18T08:22:31.628+0000] {dag.py:3954} INFO - Setting next_dagrun for weather_etl_pipeline to 2026-06-18 00:00:00+00:00, run_after=2026-06-19 00:00:00+00:00
[2026-06-18T08:22:31.667+0000] {processor.py:183} INFO - Processing /opt/airflow/dags/weather_etl_dag.py took 0.179 seconds
[2026-06-18T08:22:41.861+0000] {processor.py:161} INFO - Started process (PID=7763) to work on /opt/airflow/dags/weather_etl_dag.py
[2026-06-18T08:22:41.867+0000] {processor.py:830} INFO - Processing file /opt/airflow/dags/weather_etl_dag.py for tasks to queue
[2026-06-18T08:22:41.870+0000] {logging_mixin.py:188} INFO - [2026-06-18T08:22:41.869+0000] {dagbag.py:545} INFO - Filling up the DagBag from /opt/airflow/dags/weather_etl_dag.py
[2026-06-18T08:22:41.942+0000] {processor.py:840} INFO - DAG(s) 'weather_etl_pipeline' retrieved from /opt/airflow/dags/weather_etl_dag.py
[2026-06-18T08:22:41.993+0000] {logging_mixin.py:188} INFO - [2026-06-18T08:22:41.993+0000] {dag.py:3096} INFO - Sync 1 DAGs
[2026-06-18T08:22:42.026+0000] {logging_mixin.py:188} INFO - [2026-06-18T08:22:42.025+0000] {dag.py:3954} INFO - Setting next_dagrun for weather_etl_pipeline to 2026-06-18 00:00:00+00:00, run_after=2026-06-19 00:00:00+00:00
[2026-06-18T08:22:42.063+0000] {processor.py:183} INFO - Processing /opt/airflow/dags/weather_etl_dag.py took 0.221 seconds
[2026-06-18T08:22:52.210+0000] {processor.py:161} INFO - Started process (PID=7768) to work on /opt/airflow/dags/weather_etl_dag.py
[2026-06-18T08:22:52.212+0000] {processor.py:830} INFO - Processing file /opt/airflow/dags/weather_etl_dag.py for tasks to queue
[2026-06-18T08:22:52.214+0000] {logging_mixin.py:188} INFO - [2026-06-18T08:22:52.213+0000] {dagbag.py:545} INFO - Filling up the DagBag from /opt/airflow/dags/weather_etl_dag.py
[2026-06-18T08:22:52.254+0000] {processor.py:840} INFO - DAG(s) 'weather_etl_pipeline' retrieved from /opt/airflow/dags/weather_etl_dag.py
[2026-06-18T08:22:52.320+0000] {logging_mixin.py:188} INFO - [2026-06-18T08:22:52.320+0000] {dag.py:3096} INFO - Sync 1 DAGs
[2026-06-18T08:22:52.360+0000] {logging_mixin.py:188} INFO - [2026-06-18T08:22:52.359+0000] {dag.py:3954} INFO - Setting next_dagrun for weather_etl_pipeline to 2026-06-18 00:00:00+00:00, run_after=2026-06-19 00:00:00+00:00
[2026-06-18T08:22:52.392+0000] {processor.py:183} INFO - Processing /opt/airflow/dags/weather_etl_dag.py took 0.189 seconds
[2026-06-18T08:23:03.118+0000] {processor.py:161} INFO - Started process (PID=7773) to work on /opt/airflow/dags/weather_etl_dag.py
[2026-06-18T08:23:03.122+0000] {processor.py:830} INFO - Processing file /opt/airflow/dags/weather_etl_dag.py for tasks to queue
[2026-06-18T08:23:03.125+0000] {logging_mixin.py:188} INFO - [2026-06-18T08:23:03.125+0000] {dagbag.py:545} INFO - Filling up the DagBag from /opt/airflow/dags/weather_etl_dag.py
[2026-06-18T08:23:03.225+0000] {processor.py:840} INFO - DAG(s) 'weather_etl_pipeline' retrieved from /opt/airflow/dags/weather_etl_dag.py
[2026-06-18T08:23:03.327+0000] {logging_mixin.py:188} INFO - [2026-06-18T08:23:03.326+0000] {dag.py:3096} INFO - Sync 1 DAGs
[2026-06-18T08:23:03.370+0000] {logging_mixin.py:188} INFO - [2026-06-18T08:23:03.370+0000] {dag.py:3954} INFO - Setting next_dagrun for weather_etl_pipeline to 2026-06-18 00:00:00+00:00, run_after=2026-06-19 00:00:00+00:00
[2026-06-18T08:23:03.399+0000] {processor.py:183} INFO - Processing /opt/airflow/dags/weather_etl_dag.py took 0.314 seconds
[2026-06-18T08:23:13.572+0000] {processor.py:161} INFO - Started process (PID=7778) to work on /opt/airflow/dags/weather_etl_dag.py
[2026-06-18T08:23:13.574+0000] {processor.py:830} INFO - Processing file /opt/airflow/dags/weather_etl_dag.py for tasks to queue
[2026-06-18T08:23:13.578+0000] {logging_mixin.py:188} INFO - [2026-06-18T08:23:13.577+0000] {dagbag.py:545} INFO - Filling up the DagBag from /opt/airflow/dags/weather_etl_dag.py
[2026-06-18T08:23:13.615+0000] {processor.py:840} INFO - DAG(s) 'weather_etl_pipeline' retrieved from /opt/airflow/dags/weather_etl_dag.py
[2026-06-18T08:23:13.668+0000] {logging_mixin.py:188} INFO - [2026-06-18T08:23:13.668+0000] {dag.py:3096} INFO - Sync 1 DAGs
[2026-06-18T08:23:13.698+0000] {logging_mixin.py:188} INFO - [2026-06-18T08:23:13.698+0000] {dag.py:3954} INFO - Setting next_dagrun for weather_etl_pipeline to 2026-06-18 00:00:00+00:00, run_after=2026-06-19 00:00:00+00:00
[2026-06-18T08:23:13.722+0000] {processor.py:183} INFO - Processing /opt/airflow/dags/weather_etl_dag.py took 0.168 seconds
[2026-06-18T08:23:23.878+0000] {processor.py:161} INFO - Started process (PID=7783) to work on /opt/airflow/dags/weather_etl_dag.py
[2026-06-18T08:23:23.880+0000] {processor.py:830} INFO - Processing file /opt/airflow/dags/weather_etl_dag.py for tasks to queue
[2026-06-18T08:23:23.882+0000] {logging_mixin.py:188} INFO - [2026-06-18T08:23:23.881+0000] {dagbag.py:545} INFO - Filling up the DagBag from /opt/airflow/dags/weather_etl_dag.py
[2026-06-18T08:23:23.936+0000] {processor.py:840} INFO - DAG(s) 'weather_etl_pipeline' retrieved from /opt/airflow/dags/weather_etl_dag.py
[2026-06-18T08:23:24.008+0000] {logging_mixin.py:188} INFO - [2026-06-18T08:23:24.007+0000] {dag.py:3096} INFO - Sync 1 DAGs
[2026-06-18T08:23:24.072+0000] {logging_mixin.py:188} INFO - [2026-06-18T08:23:24.071+0000] {dag.py:3954} INFO - Setting next_dagrun for weather_etl_pipeline to 2026-06-18 00:00:00+00:00, run_after=2026-06-19 00:00:00+00:00
[2026-06-18T08:23:24.111+0000] {processor.py:183} INFO - Processing /opt/airflow/dags/weather_etl_dag.py took 0.242 seconds
[2026-06-18T08:23:35.734+0000] {processor.py:161} INFO - Started process (PID=7788) to work on /opt/airflow/dags/weather_etl_dag.py
[2026-06-18T08:23:35.736+0000] {processor.py:830} INFO - Processing file /opt/airflow/dags/weather_etl_dag.py for tasks to queue
[2026-06-18T08:23:35.738+0000] {logging_mixin.py:188} INFO - [2026-06-18T08:23:35.738+0000] {dagbag.py:545} INFO - Filling up the DagBag from /opt/airflow/dags/weather_etl_dag.py
[2026-06-18T08:23:35.784+0000] {processor.py:840} INFO - DAG(s) 'weather_etl_pipeline' retrieved from /opt/airflow/dags/weather_etl_dag.py
[2026-06-18T08:23:35.843+0000] {logging_mixin.py:188} INFO - [2026-06-18T08:23:35.843+0000] {dag.py:3096} INFO - Sync 1 DAGs
[2026-06-18T08:23:35.874+0000] {logging_mixin.py:188} INFO - [2026-06-18T08:23:35.873+0000] {dag.py:3954} INFO - Setting next_dagrun for weather_etl_pipeline to 2026-06-18 00:00:00+00:00, run_after=2026-06-19 00:00:00+00:00
[2026-06-18T08:23:35.902+0000] {processor.py:183} INFO - Processing /opt/airflow/dags/weather_etl_dag.py took 0.175 seconds
[2026-06-18T08:23:46.092+0000] {processor.py:161} INFO - Started process (PID=7793) to work on /opt/airflow/dags/weather_etl_dag.py
[2026-06-18T08:23:46.096+0000] {processor.py:830} INFO - Processing file /opt/airflow/dags/weather_etl_dag.py for tasks to queue
[2026-06-18T08:23:46.100+0000] {logging_mixin.py:188} INFO - [2026-06-18T08:23:46.099+0000] {dagbag.py:545} INFO - Filling up the DagBag from /opt/airflow/dags/weather_etl_dag.py
[2026-06-18T08:23:46.166+0000] {processor.py:840} INFO - DAG(s) 'weather_etl_pipeline' retrieved from /opt/airflow/dags/weather_etl_dag.py
[2026-06-18T08:23:46.252+0000] {logging_mixin.py:188} INFO - [2026-06-18T08:23:46.252+0000] {dag.py:3096} INFO - Sync 1 DAGs
[2026-06-18T08:23:46.326+0000] {logging_mixin.py:188} INFO - [2026-06-18T08:23:46.325+0000] {dag.py:3954} INFO - Setting next_dagrun for weather_etl_pipeline to 2026-06-18 00:00:00+00:00, run_after=2026-06-19 00:00:00+00:00
[2026-06-18T08:23:46.360+0000] {processor.py:183} INFO - Processing /opt/airflow/dags/weather_etl_dag.py took 0.285 seconds
[2026-06-18T08:23:56.545+0000] {processor.py:161} INFO - Started process (PID=7798) to work on /opt/airflow/dags/weather_etl_dag.py
[2026-06-18T08:23:56.549+0000] {processor.py:830} INFO - Processing file /opt/airflow/dags/weather_etl_dag.py for tasks to queue
[2026-06-18T08:23:56.552+0000] {logging_mixin.py:188} INFO - [2026-06-18T08:23:56.551+0000] {dagbag.py:545} INFO - Filling up the DagBag from /opt/airflow/dags/weather_etl_dag.py
[2026-06-18T08:23:56.627+0000] {processor.py:840} INFO - DAG(s) 'weather_etl_pipeline' retrieved from /opt/airflow/dags/weather_etl_dag.py
[2026-06-18T08:23:56.688+0000] {logging_mixin.py:188} INFO - [2026-06-18T08:23:56.688+0000] {dag.py:3096} INFO - Sync 1 DAGs
[2026-06-18T08:23:56.738+0000] {logging_mixin.py:188} INFO - [2026-06-18T08:23:56.737+0000] {dag.py:3954} INFO - Setting next_dagrun for weather_etl_pipeline to 2026-06-18 00:00:00+00:00, run_after=2026-06-19 00:00:00+00:00
[2026-06-18T08:23:56.772+0000] {processor.py:183} INFO - Processing /opt/airflow/dags/weather_etl_dag.py took 0.240 seconds
[2026-06-18T08:24:08.362+0000] {processor.py:161} INFO - Started process (PID=7803) to work on /opt/airflow/dags/weather_etl_dag.py
[2026-06-18T08:24:08.365+0000] {processor.py:830} INFO - Processing file /opt/airflow/dags/weather_etl_dag.py for tasks to queue
[2026-06-18T08:24:08.368+0000] {logging_mixin.py:188} INFO - [2026-06-18T08:24:08.367+0000] {dagbag.py:545} INFO - Filling up the DagBag from /opt/airflow/dags/weather_etl_dag.py
[2026-06-18T08:24:08.412+0000] {processor.py:840} INFO - DAG(s) 'weather_etl_pipeline' retrieved from /opt/airflow/dags/weather_etl_dag.py
[2026-06-18T08:24:08.461+0000] {logging_mixin.py:188} INFO - [2026-06-18T08:24:08.461+0000] {dag.py:3096} INFO - Sync 1 DAGs
[2026-06-18T08:24:08.498+0000] {logging_mixin.py:188} INFO - [2026-06-18T08:24:08.497+0000] {dag.py:3954} INFO - Setting next_dagrun for weather_etl_pipeline to 2026-06-18 00:00:00+00:00, run_after=2026-06-19 00:00:00+00:00
[2026-06-18T08:24:08.543+0000] {processor.py:183} INFO - Processing /opt/airflow/dags/weather_etl_dag.py took 0.191 seconds
[2026-06-18T08:24:18.730+0000] {processor.py:161} INFO - Started process (PID=7808) to work on /opt/airflow/dags/weather_etl_dag.py
[2026-06-18T08:24:18.732+0000] {processor.py:830} INFO - Processing file /opt/airflow/dags/weather_etl_dag.py for tasks to queue
[2026-06-18T08:24:18.734+0000] {logging_mixin.py:188} INFO - [2026-06-18T08:24:18.734+0000] {dagbag.py:545} INFO - Filling up the DagBag from /opt/airflow/dags/weather_etl_dag.py
[2026-06-18T08:24:18.771+0000] {processor.py:840} INFO - DAG(s) 'weather_etl_pipeline' retrieved from /opt/airflow/dags/weather_etl_dag.py
[2026-06-18T08:24:18.810+0000] {logging_mixin.py:188} INFO - [2026-06-18T08:24:18.810+0000] {dag.py:3096} INFO - Sync 1 DAGs
[2026-06-18T08:24:18.840+0000] {logging_mixin.py:188} INFO - [2026-06-18T08:24:18.839+0000] {dag.py:3954} INFO - Setting next_dagrun for weather_etl_pipeline to 2026-06-18 00:00:00+00:00, run_after=2026-06-19 00:00:00+00:00
[2026-06-18T08:24:18.867+0000] {processor.py:183} INFO - Processing /opt/airflow/dags/weather_etl_dag.py took 0.146 seconds
[2026-06-18T08:24:29.089+0000] {processor.py:161} INFO - Started process (PID=7813) to work on /opt/airflow/dags/weather_etl_dag.py
[2026-06-18T08:24:29.093+0000] {processor.py:830} INFO - Processing file /opt/airflow/dags/weather_etl_dag.py for tasks to queue
[2026-06-18T08:24:29.097+0000] {logging_mixin.py:188} INFO - [2026-06-18T08:24:29.096+0000] {dagbag.py:545} INFO - Filling up the DagBag from /opt/airflow/dags/weather_etl_dag.py
[2026-06-18T08:24:29.151+0000] {processor.py:840} INFO - DAG(s) 'weather_etl_pipeline' retrieved from /opt/airflow/dags/weather_etl_dag.py
[2026-06-18T08:24:29.216+0000] {logging_mixin.py:188} INFO - [2026-06-18T08:24:29.216+0000] {dag.py:3096} INFO - Sync 1 DAGs
[2026-06-18T08:24:29.263+0000] {logging_mixin.py:188} INFO - [2026-06-18T08:24:29.263+0000] {dag.py:3954} INFO - Setting next_dagrun for weather_etl_pipeline to 2026-06-18 00:00:00+00:00, run_after=2026-06-19 00:00:00+00:00
[2026-06-18T08:24:29.306+0000] {processor.py:183} INFO - Processing /opt/airflow/dags/weather_etl_dag.py took 0.237 seconds
[2026-06-18T08:24:40.947+0000] {processor.py:161} INFO - Started process (PID=7818) to work on /opt/airflow/dags/weather_etl_dag.py
[2026-06-18T08:24:40.952+0000] {processor.py:830} INFO - Processing file /opt/airflow/dags/weather_etl_dag.py for tasks to queue
[2026-06-18T08:24:40.957+0000] {logging_mixin.py:188} INFO - [2026-06-18T08:24:40.955+0000] {dagbag.py:545} INFO - Filling up the DagBag from /opt/airflow/dags/weather_etl_dag.py
[2026-06-18T08:24:41.050+0000] {processor.py:840} INFO - DAG(s) 'weather_etl_pipeline' retrieved from /opt/airflow/dags/weather_etl_dag.py
[2026-06-18T08:24:41.150+0000] {logging_mixin.py:188} INFO - [2026-06-18T08:24:41.149+0000] {dag.py:3096} INFO - Sync 1 DAGs
[2026-06-18T08:24:41.213+0000] {logging_mixin.py:188} INFO - [2026-06-18T08:24:41.212+0000] {dag.py:3954} INFO - Setting next_dagrun for weather_etl_pipeline to 2026-06-18 00:00:00+00:00, run_after=2026-06-19 00:00:00+00:00
[2026-06-18T08:24:41.256+0000] {processor.py:183} INFO - Processing /opt/airflow/dags/weather_etl_dag.py took 0.330 seconds
[2026-06-18T08:24:51.376+0000] {processor.py:161} INFO - Started process (PID=7823) to work on /opt/airflow/dags/weather_etl_dag.py
[2026-06-18T08:24:51.378+0000] {processor.py:830} INFO - Processing file /opt/airflow/dags/weather_etl_dag.py for tasks to queue
[2026-06-18T08:24:51.380+0000] {logging_mixin.py:188} INFO - [2026-06-18T08:24:51.379+0000] {dagbag.py:545} INFO - Filling up the DagBag from /opt/airflow/dags/weather_etl_dag.py
[2026-06-18T08:24:51.417+0000] {processor.py:840} INFO - DAG(s) 'weather_etl_pipeline' retrieved from /opt/airflow/dags/weather_etl_dag.py
[2026-06-18T08:24:51.457+0000] {logging_mixin.py:188} INFO - [2026-06-18T08:24:51.457+0000] {dag.py:3096} INFO - Sync 1 DAGs
[2026-06-18T08:24:51.489+0000] {logging_mixin.py:188} INFO - [2026-06-18T08:24:51.489+0000] {dag.py:3954} INFO - Setting next_dagrun for weather_etl_pipeline to 2026-06-18 00:00:00+00:00, run_after=2026-06-19 00:00:00+00:00
[2026-06-18T08:24:51.520+0000] {processor.py:183} INFO - Processing /opt/airflow/dags/weather_etl_dag.py took 0.153 seconds
[2026-06-18T08:25:01.668+0000] {processor.py:161} INFO - Started process (PID=7828) to work on /opt/airflow/dags/weather_etl_dag.py
[2026-06-18T08:25:01.670+0000] {processor.py:830} INFO - Processing file /opt/airflow/dags/weather_etl_dag.py for tasks to queue
[2026-06-18T08:25:01.671+0000] {logging_mixin.py:188} INFO - [2026-06-18T08:25:01.671+0000] {dagbag.py:545} INFO - Filling up the DagBag from /opt/airflow/dags/weather_etl_dag.py
[2026-06-18T08:25:01.705+0000] {processor.py:840} INFO - DAG(s) 'weather_etl_pipeline' retrieved from /opt/airflow/dags/weather_etl_dag.py
[2026-06-18T08:25:01.761+0000] {logging_mixin.py:188} INFO - [2026-06-18T08:25:01.761+0000] {dag.py:3096} INFO - Sync 1 DAGs
[2026-06-18T08:25:01.796+0000] {logging_mixin.py:188} INFO - [2026-06-18T08:25:01.796+0000] {dag.py:3954} INFO - Setting next_dagrun for weather_etl_pipeline to 2026-06-18 00:00:00+00:00, run_after=2026-06-19 00:00:00+00:00
[2026-06-18T08:25:01.834+0000] {processor.py:183} INFO - Processing /opt/airflow/dags/weather_etl_dag.py took 0.178 seconds
[2026-06-18T08:25:12.633+0000] {processor.py:161} INFO - Started process (PID=7833) to work on /opt/airflow/dags/weather_etl_dag.py
[2026-06-18T08:25:12.636+0000] {processor.py:830} INFO - Processing file /opt/airflow/dags/weather_etl_dag.py for tasks to queue
[2026-06-18T08:25:12.642+0000] {logging_mixin.py:188} INFO - [2026-06-18T08:25:12.640+0000] {dagbag.py:545} INFO - Filling up the DagBag from /opt/airflow/dags/weather_etl_dag.py
[2026-06-18T08:25:12.734+0000] {processor.py:840} INFO - DAG(s) 'weather_etl_pipeline' retrieved from /opt/airflow/dags/weather_etl_dag.py
[2026-06-18T08:25:12.821+0000] {logging_mixin.py:188} INFO - [2026-06-18T08:25:12.821+0000] {dag.py:3096} INFO - Sync 1 DAGs
[2026-06-18T08:25:12.875+0000] {logging_mixin.py:188} INFO - [2026-06-18T08:25:12.874+0000] {dag.py:3954} INFO - Setting next_dagrun for weather_etl_pipeline to 2026-06-18 00:00:00+00:00, run_after=2026-06-19 00:00:00+00:00
[2026-06-18T08:25:12.998+0000] {processor.py:183} INFO - Processing /opt/airflow/dags/weather_etl_dag.py took 0.391 seconds
[2026-06-18T08:25:23.178+0000] {processor.py:161} INFO - Started process (PID=7838) to work on /opt/airflow/dags/weather_etl_dag.py
[2026-06-18T08:25:23.181+0000] {processor.py:830} INFO - Processing file /opt/airflow/dags/weather_etl_dag.py for tasks to queue
[2026-06-18T08:25:23.183+0000] {logging_mixin.py:188} INFO - [2026-06-18T08:25:23.183+0000] {dagbag.py:545} INFO - Filling up the DagBag from /opt/airflow/dags/weather_etl_dag.py
[2026-06-18T08:25:23.235+0000] {processor.py:840} INFO - DAG(s) 'weather_etl_pipeline' retrieved from /opt/airflow/dags/weather_etl_dag.py
[2026-06-18T08:25:23.295+0000] {logging_mixin.py:188} INFO - [2026-06-18T08:25:23.295+0000] {dag.py:3096} INFO - Sync 1 DAGs
[2026-06-18T08:25:23.351+0000] {logging_mixin.py:188} INFO - [2026-06-18T08:25:23.350+0000] {dag.py:3954} INFO - Setting next_dagrun for weather_etl_pipeline to 2026-06-18 00:00:00+00:00, run_after=2026-06-19 00:00:00+00:00
[2026-06-18T08:25:23.398+0000] {processor.py:183} INFO - Processing /opt/airflow/dags/weather_etl_dag.py took 0.232 seconds
[2026-06-18T08:25:33.576+0000] {processor.py:161} INFO - Started process (PID=7843) to work on /opt/airflow/dags/weather_etl_dag.py
[2026-06-18T08:25:33.578+0000] {processor.py:830} INFO - Processing file /opt/airflow/dags/weather_etl_dag.py for tasks to queue
[2026-06-18T08:25:33.580+0000] {logging_mixin.py:188} INFO - [2026-06-18T08:25:33.579+0000] {dagbag.py:545} INFO - Filling up the DagBag from /opt/airflow/dags/weather_etl_dag.py
[2026-06-18T08:25:33.828+0000] {processor.py:840} INFO - DAG(s) 'weather_etl_pipeline' retrieved from /opt/airflow/dags/weather_etl_dag.py
[2026-06-18T08:25:33.875+0000] {logging_mixin.py:188} INFO - [2026-06-18T08:25:33.875+0000] {dag.py:3096} INFO - Sync 1 DAGs
[2026-06-18T08:25:33.917+0000] {logging_mixin.py:188} INFO - [2026-06-18T08:25:33.917+0000] {dag.py:3954} INFO - Setting next_dagrun for weather_etl_pipeline to 2026-06-18 00:00:00+00:00, run_after=2026-06-19 00:00:00+00:00
[2026-06-18T08:25:33.943+0000] {processor.py:183} INFO - Processing /opt/airflow/dags/weather_etl_dag.py took 0.376 seconds
[2026-06-18T08:25:44.621+0000] {processor.py:161} INFO - Started process (PID=7848) to work on /opt/airflow/dags/weather_etl_dag.py
[2026-06-18T08:25:44.623+0000] {processor.py:830} INFO - Processing file /opt/airflow/dags/weather_etl_dag.py for tasks to queue
[2026-06-18T08:25:44.626+0000] {logging_mixin.py:188} INFO - [2026-06-18T08:25:44.625+0000] {dagbag.py:545} INFO - Filling up the DagBag from /opt/airflow/dags/weather_etl_dag.py
[2026-06-18T08:25:44.680+0000] {processor.py:840} INFO - DAG(s) 'weather_etl_pipeline' retrieved from /opt/airflow/dags/weather_etl_dag.py
[2026-06-18T08:25:44.748+0000] {logging_mixin.py:188} INFO - [2026-06-18T08:25:44.747+0000] {dag.py:3096} INFO - Sync 1 DAGs
[2026-06-18T08:25:44.783+0000] {logging_mixin.py:188} INFO - [2026-06-18T08:25:44.782+0000] {dag.py:3954} INFO - Setting next_dagrun for weather_etl_pipeline to 2026-06-18 00:00:00+00:00, run_after=2026-06-19 00:00:00+00:00
[2026-06-18T08:25:44.813+0000] {processor.py:183} INFO - Processing /opt/airflow/dags/weather_etl_dag.py took 0.207 seconds
[2026-06-18T08:25:54.998+0000] {processor.py:161} INFO - Started process (PID=7853) to work on /opt/airflow/dags/weather_etl_dag.py
[2026-06-18T08:25:55.002+0000] {processor.py:830} INFO - Processing file /opt/airflow/dags/weather_etl_dag.py for tasks to queue
[2026-06-18T08:25:55.005+0000] {logging_mixin.py:188} INFO - [2026-06-18T08:25:55.004+0000] {dagbag.py:545} INFO - Filling up the DagBag from /opt/airflow/dags/weather_etl_dag.py
[2026-06-18T08:25:55.046+0000] {processor.py:840} INFO - DAG(s) 'weather_etl_pipeline' retrieved from /opt/airflow/dags/weather_etl_dag.py
[2026-06-18T08:25:55.127+0000] {logging_mixin.py:188} INFO - [2026-06-18T08:25:55.126+0000] {dag.py:3096} INFO - Sync 1 DAGs
[2026-06-18T08:25:55.191+0000] {logging_mixin.py:188} INFO - [2026-06-18T08:25:55.191+0000] {dag.py:3954} INFO - Setting next_dagrun for weather_etl_pipeline to 2026-06-18 00:00:00+00:00, run_after=2026-06-19 00:00:00+00:00
[2026-06-18T08:25:55.225+0000] {processor.py:183} INFO - Processing /opt/airflow/dags/weather_etl_dag.py took 0.240 seconds
[2026-06-18T08:26:05.424+0000] {processor.py:161} INFO - Started process (PID=7858) to work on /opt/airflow/dags/weather_etl_dag.py
[2026-06-18T08:26:05.427+0000] {processor.py:830} INFO - Processing file /opt/airflow/dags/weather_etl_dag.py for tasks to queue
[2026-06-18T08:26:05.430+0000] {logging_mixin.py:188} INFO - [2026-06-18T08:26:05.429+0000] {dagbag.py:545} INFO - Filling up the DagBag from /opt/airflow/dags/weather_etl_dag.py
[2026-06-18T08:26:05.476+0000] {processor.py:840} INFO - DAG(s) 'weather_etl_pipeline' retrieved from /opt/airflow/dags/weather_etl_dag.py
[2026-06-18T08:26:05.536+0000] {logging_mixin.py:188} INFO - [2026-06-18T08:26:05.535+0000] {dag.py:3096} INFO - Sync 1 DAGs
[2026-06-18T08:26:05.596+0000] {logging_mixin.py:188} INFO - [2026-06-18T08:26:05.596+0000] {dag.py:3954} INFO - Setting next_dagrun for weather_etl_pipeline to 2026-06-18 00:00:00+00:00, run_after=2026-06-19 00:00:00+00:00
[2026-06-18T08:26:05.628+0000] {processor.py:183} INFO - Processing /opt/airflow/dags/weather_etl_dag.py took 0.218 seconds
[2026-06-18T08:26:16.234+0000] {processor.py:161} INFO - Started process (PID=7863) to work on /opt/airflow/dags/weather_etl_dag.py
[2026-06-18T08:26:16.237+0000] {processor.py:830} INFO - Processing file /opt/airflow/dags/weather_etl_dag.py for tasks to queue
[2026-06-18T08:26:16.240+0000] {logging_mixin.py:188} INFO - [2026-06-18T08:26:16.240+0000] {dagbag.py:545} INFO - Filling up the DagBag from /opt/airflow/dags/weather_etl_dag.py
[2026-06-18T08:26:16.291+0000] {processor.py:840} INFO - DAG(s) 'weather_etl_pipeline' retrieved from /opt/airflow/dags/weather_etl_dag.py
[2026-06-18T08:26:16.350+0000] {logging_mixin.py:188} INFO - [2026-06-18T08:26:16.350+0000] {dag.py:3096} INFO - Sync 1 DAGs
[2026-06-18T08:26:16.395+0000] {logging_mixin.py:188} INFO - [2026-06-18T08:26:16.395+0000] {dag.py:3954} INFO - Setting next_dagrun for weather_etl_pipeline to 2026-06-18 00:00:00+00:00, run_after=2026-06-19 00:00:00+00:00
[2026-06-18T08:26:16.442+0000] {processor.py:183} INFO - Processing /opt/airflow/dags/weather_etl_dag.py took 0.221 seconds
[2026-06-18T08:26:26.573+0000] {processor.py:161} INFO - Started process (PID=7868) to work on /opt/airflow/dags/weather_etl_dag.py
[2026-06-18T08:26:26.575+0000] {processor.py:830} INFO - Processing file /opt/airflow/dags/weather_etl_dag.py for tasks to queue
[2026-06-18T08:26:26.578+0000] {logging_mixin.py:188} INFO - [2026-06-18T08:26:26.577+0000] {dagbag.py:545} INFO - Filling up the DagBag from /opt/airflow/dags/weather_etl_dag.py
[2026-06-18T08:26:26.614+0000] {processor.py:840} INFO - DAG(s) 'weather_etl_pipeline' retrieved from /opt/airflow/dags/weather_etl_dag.py
[2026-06-18T08:26:26.658+0000] {logging_mixin.py:188} INFO - [2026-06-18T08:26:26.657+0000] {dag.py:3096} INFO - Sync 1 DAGs
[2026-06-18T08:26:26.693+0000] {logging_mixin.py:188} INFO - [2026-06-18T08:26:26.692+0000] {dag.py:3954} INFO - Setting next_dagrun for weather_etl_pipeline to 2026-06-18 00:00:00+00:00, run_after=2026-06-19 00:00:00+00:00
[2026-06-18T08:26:26.725+0000] {processor.py:183} INFO - Processing /opt/airflow/dags/weather_etl_dag.py took 0.160 seconds
[2026-06-18T08:26:36.912+0000] {processor.py:161} INFO - Started process (PID=7873) to work on /opt/airflow/dags/weather_etl_dag.py
[2026-06-18T08:26:36.915+0000] {processor.py:830} INFO - Processing file /opt/airflow/dags/weather_etl_dag.py for tasks to queue
[2026-06-18T08:26:36.919+0000] {logging_mixin.py:188} INFO - [2026-06-18T08:26:36.918+0000] {dagbag.py:545} INFO - Filling up the DagBag from /opt/airflow/dags/weather_etl_dag.py
[2026-06-18T08:26:36.986+0000] {processor.py:840} INFO - DAG(s) 'weather_etl_pipeline' retrieved from /opt/airflow/dags/weather_etl_dag.py
[2026-06-18T08:26:37.057+0000] {logging_mixin.py:188} INFO - [2026-06-18T08:26:37.056+0000] {dag.py:3096} INFO - Sync 1 DAGs
[2026-06-18T08:26:37.093+0000] {logging_mixin.py:188} INFO - [2026-06-18T08:26:37.092+0000] {dag.py:3954} INFO - Setting next_dagrun for weather_etl_pipeline to 2026-06-18 00:00:00+00:00, run_after=2026-06-19 00:00:00+00:00
[2026-06-18T08:26:37.120+0000] {processor.py:183} INFO - Processing /opt/airflow/dags/weather_etl_dag.py took 0.223 seconds
[2026-06-18T08:26:47.718+0000] {processor.py:161} INFO - Started process (PID=7878) to work on /opt/airflow/dags/weather_etl_dag.py
[2026-06-18T08:26:47.723+0000] {processor.py:830} INFO - Processing file /opt/airflow/dags/weather_etl_dag.py for tasks to queue
[2026-06-18T08:26:47.727+0000] {logging_mixin.py:188} INFO - [2026-06-18T08:26:47.726+0000] {dagbag.py:545} INFO - Filling up the DagBag from /opt/airflow/dags/weather_etl_dag.py
[2026-06-18T08:26:47.774+0000] {processor.py:840} INFO - DAG(s) 'weather_etl_pipeline' retrieved from /opt/airflow/dags/weather_etl_dag.py
[2026-06-18T08:26:47.833+0000] {logging_mixin.py:188} INFO - [2026-06-18T08:26:47.833+0000] {dag.py:3096} INFO - Sync 1 DAGs
[2026-06-18T08:26:47.886+0000] {logging_mixin.py:188} INFO - [2026-06-18T08:26:47.886+0000] {dag.py:3954} INFO - Setting next_dagrun for weather_etl_pipeline to 2026-06-18 00:00:00+00:00, run_after=2026-06-19 00:00:00+00:00
[2026-06-18T08:26:47.924+0000] {processor.py:183} INFO - Processing /opt/airflow/dags/weather_etl_dag.py took 0.228 seconds
[2026-06-18T08:26:58.064+0000] {processor.py:161} INFO - Started process (PID=7883) to work on /opt/airflow/dags/weather_etl_dag.py
[2026-06-18T08:26:58.067+0000] {processor.py:830} INFO - Processing file /opt/airflow/dags/weather_etl_dag.py for tasks to queue
[2026-06-18T08:26:58.070+0000] {logging_mixin.py:188} INFO - [2026-06-18T08:26:58.069+0000] {dagbag.py:545} INFO - Filling up the DagBag from /opt/airflow/dags/weather_etl_dag.py
[2026-06-18T08:26:58.117+0000] {processor.py:840} INFO - DAG(s) 'weather_etl_pipeline' retrieved from /opt/airflow/dags/weather_etl_dag.py
[2026-06-18T08:26:58.175+0000] {logging_mixin.py:188} INFO - [2026-06-18T08:26:58.174+0000] {dag.py:3096} INFO - Sync 1 DAGs
[2026-06-18T08:26:58.230+0000] {logging_mixin.py:188} INFO - [2026-06-18T08:26:58.230+0000] {dag.py:3954} INFO - Setting next_dagrun for weather_etl_pipeline to 2026-06-18 00:00:00+00:00, run_after=2026-06-19 00:00:00+00:00
[2026-06-18T08:26:58.267+0000] {processor.py:183} INFO - Processing /opt/airflow/dags/weather_etl_dag.py took 0.213 seconds
[2026-06-18T08:27:08.415+0000] {processor.py:161} INFO - Started process (PID=7888) to work on /opt/airflow/dags/weather_etl_dag.py
[2026-06-18T08:27:08.418+0000] {processor.py:830} INFO - Processing file /opt/airflow/dags/weather_etl_dag.py for tasks to queue
[2026-06-18T08:27:08.421+0000] {logging_mixin.py:188} INFO - [2026-06-18T08:27:08.420+0000] {dagbag.py:545} INFO - Filling up the DagBag from /opt/airflow/dags/weather_etl_dag.py
[2026-06-18T08:27:08.456+0000] {processor.py:840} INFO - DAG(s) 'weather_etl_pipeline' retrieved from /opt/airflow/dags/weather_etl_dag.py
[2026-06-18T08:27:08.495+0000] {logging_mixin.py:188} INFO - [2026-06-18T08:27:08.494+0000] {dag.py:3096} INFO - Sync 1 DAGs
[2026-06-18T08:27:08.528+0000] {logging_mixin.py:188} INFO - [2026-06-18T08:27:08.527+0000] {dag.py:3954} INFO - Setting next_dagrun for weather_etl_pipeline to 2026-06-18 00:00:00+00:00, run_after=2026-06-19 00:00:00+00:00
[2026-06-18T08:27:08.561+0000] {processor.py:183} INFO - Processing /opt/airflow/dags/weather_etl_dag.py took 0.155 seconds
[2026-06-18T08:27:19.257+0000] {processor.py:161} INFO - Started process (PID=7893) to work on /opt/airflow/dags/weather_etl_dag.py
[2026-06-18T08:27:19.259+0000] {processor.py:830} INFO - Processing file /opt/airflow/dags/weather_etl_dag.py for tasks to queue
[2026-06-18T08:27:19.261+0000] {logging_mixin.py:188} INFO - [2026-06-18T08:27:19.261+0000] {dagbag.py:545} INFO - Filling up the DagBag from /opt/airflow/dags/weather_etl_dag.py
[2026-06-18T08:27:19.296+0000] {processor.py:840} INFO - DAG(s) 'weather_etl_pipeline' retrieved from /opt/airflow/dags/weather_etl_dag.py
[2026-06-18T08:27:19.407+0000] {logging_mixin.py:188} INFO - [2026-06-18T08:27:19.406+0000] {dag.py:3096} INFO - Sync 1 DAGs
[2026-06-18T08:27:19.488+0000] {logging_mixin.py:188} INFO - [2026-06-18T08:27:19.488+0000] {dag.py:3954} INFO - Setting next_dagrun for weather_etl_pipeline to 2026-06-18 00:00:00+00:00, run_after=2026-06-19 00:00:00+00:00
[2026-06-18T08:27:19.523+0000] {processor.py:183} INFO - Processing /opt/airflow/dags/weather_etl_dag.py took 0.274 seconds
[2026-06-18T08:27:29.691+0000] {processor.py:161} INFO - Started process (PID=7898) to work on /opt/airflow/dags/weather_etl_dag.py
[2026-06-18T08:27:29.694+0000] {processor.py:830} INFO - Processing file /opt/airflow/dags/weather_etl_dag.py for tasks to queue
[2026-06-18T08:27:29.699+0000] {logging_mixin.py:188} INFO - [2026-06-18T08:27:29.698+0000] {dagbag.py:545} INFO - Filling up the DagBag from /opt/airflow/dags/weather_etl_dag.py
[2026-06-18T08:27:29.748+0000] {processor.py:840} INFO - DAG(s) 'weather_etl_pipeline' retrieved from /opt/airflow/dags/weather_etl_dag.py
[2026-06-18T08:27:29.844+0000] {logging_mixin.py:188} INFO - [2026-06-18T08:27:29.843+0000] {dag.py:3096} INFO - Sync 1 DAGs
[2026-06-18T08:27:29.877+0000] {logging_mixin.py:188} INFO - [2026-06-18T08:27:29.877+0000] {dag.py:3954} INFO - Setting next_dagrun for weather_etl_pipeline to 2026-06-18 00:00:00+00:00, run_after=2026-06-19 00:00:00+00:00
[2026-06-18T08:27:29.906+0000] {processor.py:183} INFO - Processing /opt/airflow/dags/weather_etl_dag.py took 0.235 seconds
[2026-06-18T08:27:40.089+0000] {processor.py:161} INFO - Started process (PID=7903) to work on /opt/airflow/dags/weather_etl_dag.py
[2026-06-18T08:27:40.092+0000] {processor.py:830} INFO - Processing file /opt/airflow/dags/weather_etl_dag.py for tasks to queue
[2026-06-18T08:27:40.095+0000] {logging_mixin.py:188} INFO - [2026-06-18T08:27:40.094+0000] {dagbag.py:545} INFO - Filling up the DagBag from /opt/airflow/dags/weather_etl_dag.py
[2026-06-18T08:27:40.151+0000] {processor.py:840} INFO - DAG(s) 'weather_etl_pipeline' retrieved from /opt/airflow/dags/weather_etl_dag.py
[2026-06-18T08:27:40.198+0000] {logging_mixin.py:188} INFO - [2026-06-18T08:27:40.198+0000] {dag.py:3096} INFO - Sync 1 DAGs
[2026-06-18T08:27:40.236+0000] {logging_mixin.py:188} INFO - [2026-06-18T08:27:40.235+0000] {dag.py:3954} INFO - Setting next_dagrun for weather_etl_pipeline to 2026-06-18 00:00:00+00:00, run_after=2026-06-19 00:00:00+00:00
[2026-06-18T08:27:40.269+0000] {processor.py:183} INFO - Processing /opt/airflow/dags/weather_etl_dag.py took 0.192 seconds
[2026-06-18T08:27:51.888+0000] {processor.py:161} INFO - Started process (PID=7908) to work on /opt/airflow/dags/weather_etl_dag.py
[2026-06-18T08:27:51.889+0000] {processor.py:830} INFO - Processing file /opt/airflow/dags/weather_etl_dag.py for tasks to queue
[2026-06-18T08:27:51.892+0000] {logging_mixin.py:188} INFO - [2026-06-18T08:27:51.891+0000] {dagbag.py:545} INFO - Filling up the DagBag from /opt/airflow/dags/weather_etl_dag.py
[2026-06-18T08:27:51.920+0000] {processor.py:840} INFO - DAG(s) 'weather_etl_pipeline' retrieved from /opt/airflow/dags/weather_etl_dag.py
[2026-06-18T08:27:51.955+0000] {logging_mixin.py:188} INFO - [2026-06-18T08:27:51.955+0000] {dag.py:3096} INFO - Sync 1 DAGs
[2026-06-18T08:27:51.984+0000] {logging_mixin.py:188} INFO - [2026-06-18T08:27:51.984+0000] {dag.py:3954} INFO - Setting next_dagrun for weather_etl_pipeline to 2026-06-18 00:00:00+00:00, run_after=2026-06-19 00:00:00+00:00
[2026-06-18T08:27:52.009+0000] {processor.py:183} INFO - Processing /opt/airflow/dags/weather_etl_dag.py took 0.128 seconds
[2026-06-18T08:28:03.486+0000] {processor.py:161} INFO - Started process (PID=7913) to work on /opt/airflow/dags/weather_etl_dag.py
[2026-06-18T08:28:03.536+0000] {processor.py:830} INFO - Processing file /opt/airflow/dags/weather_etl_dag.py for tasks to queue
[2026-06-18T08:28:03.604+0000] {logging_mixin.py:188} INFO - [2026-06-18T08:28:03.604+0000] {dagbag.py:545} INFO - Filling up the DagBag from /opt/airflow/dags/weather_etl_dag.py
[2026-06-18T08:28:04.790+0000] {processor.py:840} INFO - DAG(s) 'weather_etl_pipeline' retrieved from /opt/airflow/dags/weather_etl_dag.py
[2026-06-18T08:28:04.932+0000] {logging_mixin.py:188} INFO - [2026-06-18T08:28:04.928+0000] {dag.py:3096} INFO - Sync 1 DAGs
[2026-06-18T08:28:05.044+0000] {logging_mixin.py:188} INFO - [2026-06-18T08:28:05.043+0000] {dag.py:3954} INFO - Setting next_dagrun for weather_etl_pipeline to 2026-06-18 00:00:00+00:00, run_after=2026-06-19 00:00:00+00:00
[2026-06-18T08:28:05.282+0000] {processor.py:183} INFO - Processing /opt/airflow/dags/weather_etl_dag.py took 1.816 seconds
[2026-06-18T08:28:15.709+0000] {processor.py:161} INFO - Started process (PID=7918) to work on /opt/airflow/dags/weather_etl_dag.py
[2026-06-18T08:28:15.734+0000] {processor.py:830} INFO - Processing file /opt/airflow/dags/weather_etl_dag.py for tasks to queue
[2026-06-18T08:28:15.775+0000] {logging_mixin.py:188} INFO - [2026-06-18T08:28:15.774+0000] {dagbag.py:545} INFO - Filling up the DagBag from /opt/airflow/dags/weather_etl_dag.py
[2026-06-18T08:28:15.973+0000] {processor.py:840} INFO - DAG(s) 'weather_etl_pipeline' retrieved from /opt/airflow/dags/weather_etl_dag.py
[2026-06-18T08:28:16.127+0000] {logging_mixin.py:188} INFO - [2026-06-18T08:28:16.126+0000] {dag.py:3096} INFO - Sync 1 DAGs
[2026-06-18T08:28:16.290+0000] {logging_mixin.py:188} INFO - [2026-06-18T08:28:16.289+0000] {dag.py:3954} INFO - Setting next_dagrun for weather_etl_pipeline to 2026-06-18 00:00:00+00:00, run_after=2026-06-19 00:00:00+00:00
[2026-06-18T08:28:16.474+0000] {processor.py:183} INFO - Processing /opt/airflow/dags/weather_etl_dag.py took 0.788 seconds
[2026-06-18T08:28:27.456+0000] {processor.py:161} INFO - Started process (PID=7923) to work on /opt/airflow/dags/weather_etl_dag.py
[2026-06-18T08:28:27.464+0000] {processor.py:830} INFO - Processing file /opt/airflow/dags/weather_etl_dag.py for tasks to queue
[2026-06-18T08:28:27.470+0000] {logging_mixin.py:188} INFO - [2026-06-18T08:28:27.469+0000] {dagbag.py:545} INFO - Filling up the DagBag from /opt/airflow/dags/weather_etl_dag.py
[2026-06-18T08:28:27.558+0000] {processor.py:840} INFO - DAG(s) 'weather_etl_pipeline' retrieved from /opt/airflow/dags/weather_etl_dag.py
[2026-06-18T08:28:27.655+0000] {logging_mixin.py:188} INFO - [2026-06-18T08:28:27.654+0000] {dag.py:3096} INFO - Sync 1 DAGs
[2026-06-18T08:28:27.736+0000] {logging_mixin.py:188} INFO - [2026-06-18T08:28:27.735+0000] {dag.py:3954} INFO - Setting next_dagrun for weather_etl_pipeline to 2026-06-18 00:00:00+00:00, run_after=2026-06-19 00:00:00+00:00
[2026-06-18T08:28:27.791+0000] {processor.py:183} INFO - Processing /opt/airflow/dags/weather_etl_dag.py took 0.353 seconds
[2026-06-18T08:28:37.925+0000] {processor.py:161} INFO - Started process (PID=7928) to work on /opt/airflow/dags/weather_etl_dag.py
[2026-06-18T08:28:37.927+0000] {processor.py:830} INFO - Processing file /opt/airflow/dags/weather_etl_dag.py for tasks to queue
[2026-06-18T08:28:37.929+0000] {logging_mixin.py:188} INFO - [2026-06-18T08:28:37.929+0000] {dagbag.py:545} INFO - Filling up the DagBag from /opt/airflow/dags/weather_etl_dag.py
[2026-06-18T08:28:37.961+0000] {processor.py:840} INFO - DAG(s) 'weather_etl_pipeline' retrieved from /opt/airflow/dags/weather_etl_dag.py
[2026-06-18T08:28:38.003+0000] {logging_mixin.py:188} INFO - [2026-06-18T08:28:38.003+0000] {dag.py:3096} INFO - Sync 1 DAGs
[2026-06-18T08:28:38.033+0000] {logging_mixin.py:188} INFO - [2026-06-18T08:28:38.033+0000] {dag.py:3954} INFO - Setting next_dagrun for weather_etl_pipeline to 2026-06-18 00:00:00+00:00, run_after=2026-06-19 00:00:00+00:00
[2026-06-18T08:28:38.059+0000] {processor.py:183} INFO - Processing /opt/airflow/dags/weather_etl_dag.py took 0.141 seconds
[2026-06-18T08:28:48.178+0000] {processor.py:161} INFO - Started process (PID=7933) to work on /opt/airflow/dags/weather_etl_dag.py
[2026-06-18T08:28:48.181+0000] {processor.py:830} INFO - Processing file /opt/airflow/dags/weather_etl_dag.py for tasks to queue
[2026-06-18T08:28:48.183+0000] {logging_mixin.py:188} INFO - [2026-06-18T08:28:48.182+0000] {dagbag.py:545} INFO - Filling up the DagBag from /opt/airflow/dags/weather_etl_dag.py
[2026-06-18T08:28:48.218+0000] {processor.py:840} INFO - DAG(s) 'weather_etl_pipeline' retrieved from /opt/airflow/dags/weather_etl_dag.py
[2026-06-18T08:28:48.262+0000] {logging_mixin.py:188} INFO - [2026-06-18T08:28:48.262+0000] {dag.py:3096} INFO - Sync 1 DAGs
[2026-06-18T08:28:48.302+0000] {logging_mixin.py:188} INFO - [2026-06-18T08:28:48.301+0000] {dag.py:3954} INFO - Setting next_dagrun for weather_etl_pipeline to 2026-06-18 00:00:00+00:00, run_after=2026-06-19 00:00:00+00:00
[2026-06-18T08:28:48.335+0000] {processor.py:183} INFO - Processing /opt/airflow/dags/weather_etl_dag.py took 0.166 seconds
[2026-06-18T08:28:58.763+0000] {processor.py:161} INFO - Started process (PID=7938) to work on /opt/airflow/dags/weather_etl_dag.py
[2026-06-18T08:28:58.765+0000] {processor.py:830} INFO - Processing file /opt/airflow/dags/weather_etl_dag.py for tasks to queue
[2026-06-18T08:28:58.767+0000] {logging_mixin.py:188} INFO - [2026-06-18T08:28:58.766+0000] {dagbag.py:545} INFO - Filling up the DagBag from /opt/airflow/dags/weather_etl_dag.py
[2026-06-18T08:28:58.792+0000] {processor.py:840} INFO - DAG(s) 'weather_etl_pipeline' retrieved from /opt/airflow/dags/weather_etl_dag.py
[2026-06-18T08:28:58.828+0000] {logging_mixin.py:188} INFO - [2026-06-18T08:28:58.827+0000] {dag.py:3096} INFO - Sync 1 DAGs
[2026-06-18T08:28:58.857+0000] {logging_mixin.py:188} INFO - [2026-06-18T08:28:58.856+0000] {dag.py:3954} INFO - Setting next_dagrun for weather_etl_pipeline to 2026-06-18 00:00:00+00:00, run_after=2026-06-19 00:00:00+00:00
[2026-06-18T08:28:58.887+0000] {processor.py:183} INFO - Processing /opt/airflow/dags/weather_etl_dag.py took 0.129 seconds
[2026-06-18T08:29:08.998+0000] {processor.py:161} INFO - Started process (PID=7943) to work on /opt/airflow/dags/weather_etl_dag.py
[2026-06-18T08:29:08.999+0000] {processor.py:830} INFO - Processing file /opt/airflow/dags/weather_etl_dag.py for tasks to queue
[2026-06-18T08:29:09.001+0000] {logging_mixin.py:188} INFO - [2026-06-18T08:29:09.001+0000] {dagbag.py:545} INFO - Filling up the DagBag from /opt/airflow/dags/weather_etl_dag.py
[2026-06-18T08:29:09.035+0000] {processor.py:840} INFO - DAG(s) 'weather_etl_pipeline' retrieved from /opt/airflow/dags/weather_etl_dag.py
[2026-06-18T08:29:09.085+0000] {logging_mixin.py:188} INFO - [2026-06-18T08:29:09.085+0000] {dag.py:3096} INFO - Sync 1 DAGs
[2026-06-18T08:29:09.123+0000] {logging_mixin.py:188} INFO - [2026-06-18T08:29:09.123+0000] {dag.py:3954} INFO - Setting next_dagrun for weather_etl_pipeline to 2026-06-18 00:00:00+00:00, run_after=2026-06-19 00:00:00+00:00
[2026-06-18T08:29:09.153+0000] {processor.py:183} INFO - Processing /opt/airflow/dags/weather_etl_dag.py took 0.164 seconds
[2026-06-18T08:29:19.255+0000] {processor.py:161} INFO - Started process (PID=7948) to work on /opt/airflow/dags/weather_etl_dag.py
[2026-06-18T08:29:19.257+0000] {processor.py:830} INFO - Processing file /opt/airflow/dags/weather_etl_dag.py for tasks to queue
[2026-06-18T08:29:19.258+0000] {logging_mixin.py:188} INFO - [2026-06-18T08:29:19.258+0000] {dagbag.py:545} INFO - Filling up the DagBag from /opt/airflow/dags/weather_etl_dag.py
[2026-06-18T08:29:19.283+0000] {processor.py:840} INFO - DAG(s) 'weather_etl_pipeline' retrieved from /opt/airflow/dags/weather_etl_dag.py
[2026-06-18T08:29:19.318+0000] {logging_mixin.py:188} INFO - [2026-06-18T08:29:19.317+0000] {dag.py:3096} INFO - Sync 1 DAGs
[2026-06-18T08:29:19.347+0000] {logging_mixin.py:188} INFO - [2026-06-18T08:29:19.347+0000] {dag.py:3954} INFO - Setting next_dagrun for weather_etl_pipeline to 2026-06-18 00:00:00+00:00, run_after=2026-06-19 00:00:00+00:00
[2026-06-18T08:29:19.369+0000] {processor.py:183} INFO - Processing /opt/airflow/dags/weather_etl_dag.py took 0.123 seconds
[2026-06-18T08:29:29.536+0000] {processor.py:161} INFO - Started process (PID=7953) to work on /opt/airflow/dags/weather_etl_dag.py
[2026-06-18T08:29:29.538+0000] {processor.py:830} INFO - Processing file /opt/airflow/dags/weather_etl_dag.py for tasks to queue
[2026-06-18T08:29:29.539+0000] {logging_mixin.py:188} INFO - [2026-06-18T08:29:29.539+0000] {dagbag.py:545} INFO - Filling up the DagBag from /opt/airflow/dags/weather_etl_dag.py
[2026-06-18T08:29:29.568+0000] {processor.py:840} INFO - DAG(s) 'weather_etl_pipeline' retrieved from /opt/airflow/dags/weather_etl_dag.py
[2026-06-18T08:29:29.608+0000] {logging_mixin.py:188} INFO - [2026-06-18T08:29:29.608+0000] {dag.py:3096} INFO - Sync 1 DAGs
[2026-06-18T08:29:29.635+0000] {logging_mixin.py:188} INFO - [2026-06-18T08:29:29.635+0000] {dag.py:3954} INFO - Setting next_dagrun for weather_etl_pipeline to 2026-06-18 00:00:00+00:00, run_after=2026-06-19 00:00:00+00:00
[2026-06-18T08:29:29.662+0000] {processor.py:183} INFO - Processing /opt/airflow/dags/weather_etl_dag.py took 0.132 seconds
[2026-06-18T08:29:39.762+0000] {processor.py:161} INFO - Started process (PID=7958) to work on /opt/airflow/dags/weather_etl_dag.py
[2026-06-18T08:29:39.763+0000] {processor.py:830} INFO - Processing file /opt/airflow/dags/weather_etl_dag.py for tasks to queue
[2026-06-18T08:29:39.765+0000] {logging_mixin.py:188} INFO - [2026-06-18T08:29:39.764+0000] {dagbag.py:545} INFO - Filling up the DagBag from /opt/airflow/dags/weather_etl_dag.py
[2026-06-18T08:29:39.791+0000] {processor.py:840} INFO - DAG(s) 'weather_etl_pipeline' retrieved from /opt/airflow/dags/weather_etl_dag.py
[2026-06-18T08:29:39.828+0000] {logging_mixin.py:188} INFO - [2026-06-18T08:29:39.827+0000] {dag.py:3096} INFO - Sync 1 DAGs
[2026-06-18T08:29:39.858+0000] {logging_mixin.py:188} INFO - [2026-06-18T08:29:39.858+0000] {dag.py:3954} INFO - Setting next_dagrun for weather_etl_pipeline to 2026-06-18 00:00:00+00:00, run_after=2026-06-19 00:00:00+00:00
[2026-06-18T08:29:39.888+0000] {processor.py:183} INFO - Processing /opt/airflow/dags/weather_etl_dag.py took 0.133 seconds
[2026-06-18T08:29:50.004+0000] {processor.py:161} INFO - Started process (PID=7963) to work on /opt/airflow/dags/weather_etl_dag.py
[2026-06-18T08:29:50.006+0000] {processor.py:830} INFO - Processing file /opt/airflow/dags/weather_etl_dag.py for tasks to queue
[2026-06-18T08:29:50.008+0000] {logging_mixin.py:188} INFO - [2026-06-18T08:29:50.008+0000] {dagbag.py:545} INFO - Filling up the DagBag from /opt/airflow/dags/weather_etl_dag.py
[2026-06-18T08:29:50.045+0000] {processor.py:840} INFO - DAG(s) 'weather_etl_pipeline' retrieved from /opt/airflow/dags/weather_etl_dag.py
[2026-06-18T08:29:50.084+0000] {logging_mixin.py:188} INFO - [2026-06-18T08:29:50.083+0000] {dag.py:3096} INFO - Sync 1 DAGs
[2026-06-18T08:29:50.117+0000] {logging_mixin.py:188} INFO - [2026-06-18T08:29:50.116+0000] {dag.py:3954} INFO - Setting next_dagrun for weather_etl_pipeline to 2026-06-18 00:00:00+00:00, run_after=2026-06-19 00:00:00+00:00
[2026-06-18T08:29:50.144+0000] {processor.py:183} INFO - Processing /opt/airflow/dags/weather_etl_dag.py took 0.149 seconds
[2026-06-18T08:30:00.929+0000] {processor.py:161} INFO - Started process (PID=7968) to work on /opt/airflow/dags/weather_etl_dag.py
[2026-06-18T08:30:00.932+0000] {processor.py:830} INFO - Processing file /opt/airflow/dags/weather_etl_dag.py for tasks to queue
[2026-06-18T08:30:00.934+0000] {logging_mixin.py:188} INFO - [2026-06-18T08:30:00.934+0000] {dagbag.py:545} INFO - Filling up the DagBag from /opt/airflow/dags/weather_etl_dag.py
[2026-06-18T08:30:00.975+0000] {processor.py:840} INFO - DAG(s) 'weather_etl_pipeline' retrieved from /opt/airflow/dags/weather_etl_dag.py
[2026-06-18T08:30:01.023+0000] {logging_mixin.py:188} INFO - [2026-06-18T08:30:01.023+0000] {dag.py:3096} INFO - Sync 1 DAGs
[2026-06-18T08:30:01.059+0000] {logging_mixin.py:188} INFO - [2026-06-18T08:30:01.059+0000] {dag.py:3954} INFO - Setting next_dagrun for weather_etl_pipeline to 2026-06-18 00:00:00+00:00, run_after=2026-06-19 00:00:00+00:00
[2026-06-18T08:30:01.099+0000] {processor.py:183} INFO - Processing /opt/airflow/dags/weather_etl_dag.py took 0.195 seconds
[2026-06-18T08:30:11.328+0000] {processor.py:161} INFO - Started process (PID=7973) to work on /opt/airflow/dags/weather_etl_dag.py
[2026-06-18T08:30:11.339+0000] {processor.py:830} INFO - Processing file /opt/airflow/dags/weather_etl_dag.py for tasks to queue
[2026-06-18T08:30:11.345+0000] {logging_mixin.py:188} INFO - [2026-06-18T08:30:11.344+0000] {dagbag.py:545} INFO - Filling up the DagBag from /opt/airflow/dags/weather_etl_dag.py
[2026-06-18T08:30:11.489+0000] {processor.py:840} INFO - DAG(s) 'weather_etl_pipeline' retrieved from /opt/airflow/dags/weather_etl_dag.py
[2026-06-18T08:30:11.612+0000] {logging_mixin.py:188} INFO - [2026-06-18T08:30:11.612+0000] {dag.py:3096} INFO - Sync 1 DAGs
[2026-06-18T08:30:11.723+0000] {logging_mixin.py:188} INFO - [2026-06-18T08:30:11.723+0000] {dag.py:3954} INFO - Setting next_dagrun for weather_etl_pipeline to 2026-06-18 00:00:00+00:00, run_after=2026-06-19 00:00:00+00:00
[2026-06-18T08:30:11.815+0000] {processor.py:183} INFO - Processing /opt/airflow/dags/weather_etl_dag.py took 0.511 seconds
[2026-06-18T08:30:22.047+0000] {processor.py:161} INFO - Started process (PID=7978) to work on /opt/airflow/dags/weather_etl_dag.py
[2026-06-18T08:30:22.049+0000] {processor.py:830} INFO - Processing file /opt/airflow/dags/weather_etl_dag.py for tasks to queue
[2026-06-18T08:30:22.053+0000] {logging_mixin.py:188} INFO - [2026-06-18T08:30:22.052+0000] {dagbag.py:545} INFO - Filling up the DagBag from /opt/airflow/dags/weather_etl_dag.py
[2026-06-18T08:30:22.149+0000] {processor.py:840} INFO - DAG(s) 'weather_etl_pipeline' retrieved from /opt/airflow/dags/weather_etl_dag.py
[2026-06-18T08:30:22.246+0000] {logging_mixin.py:188} INFO - [2026-06-18T08:30:22.245+0000] {dag.py:3096} INFO - Sync 1 DAGs
[2026-06-18T08:30:22.315+0000] {logging_mixin.py:188} INFO - [2026-06-18T08:30:22.314+0000] {dag.py:3954} INFO - Setting next_dagrun for weather_etl_pipeline to 2026-06-18 00:00:00+00:00, run_after=2026-06-19 00:00:00+00:00
[2026-06-18T08:30:22.359+0000] {processor.py:183} INFO - Processing /opt/airflow/dags/weather_etl_dag.py took 0.324 seconds
[2026-06-18T08:30:33.241+0000] {processor.py:161} INFO - Started process (PID=7983) to work on /opt/airflow/dags/weather_etl_dag.py
[2026-06-18T08:30:33.243+0000] {processor.py:830} INFO - Processing file /opt/airflow/dags/weather_etl_dag.py for tasks to queue
[2026-06-18T08:30:33.245+0000] {logging_mixin.py:188} INFO - [2026-06-18T08:30:33.244+0000] {dagbag.py:545} INFO - Filling up the DagBag from /opt/airflow/dags/weather_etl_dag.py
[2026-06-18T08:30:33.276+0000] {processor.py:840} INFO - DAG(s) 'weather_etl_pipeline' retrieved from /opt/airflow/dags/weather_etl_dag.py
[2026-06-18T08:30:33.318+0000] {logging_mixin.py:188} INFO - [2026-06-18T08:30:33.318+0000] {dag.py:3096} INFO - Sync 1 DAGs
[2026-06-18T08:30:33.357+0000] {logging_mixin.py:188} INFO - [2026-06-18T08:30:33.356+0000] {dag.py:3954} INFO - Setting next_dagrun for weather_etl_pipeline to 2026-06-18 00:00:00+00:00, run_after=2026-06-19 00:00:00+00:00
[2026-06-18T08:30:33.386+0000] {processor.py:183} INFO - Processing /opt/airflow/dags/weather_etl_dag.py took 0.153 seconds
[2026-06-18T08:30:43.506+0000] {processor.py:161} INFO - Started process (PID=7988) to work on /opt/airflow/dags/weather_etl_dag.py
[2026-06-18T08:30:43.509+0000] {processor.py:830} INFO - Processing file /opt/airflow/dags/weather_etl_dag.py for tasks to queue
[2026-06-18T08:30:43.511+0000] {logging_mixin.py:188} INFO - [2026-06-18T08:30:43.510+0000] {dagbag.py:545} INFO - Filling up the DagBag from /opt/airflow/dags/weather_etl_dag.py
[2026-06-18T08:30:43.556+0000] {processor.py:840} INFO - DAG(s) 'weather_etl_pipeline' retrieved from /opt/airflow/dags/weather_etl_dag.py
[2026-06-18T08:30:43.626+0000] {logging_mixin.py:188} INFO - [2026-06-18T08:30:43.625+0000] {dag.py:3096} INFO - Sync 1 DAGs
[2026-06-18T08:30:43.664+0000] {logging_mixin.py:188} INFO - [2026-06-18T08:30:43.663+0000] {dag.py:3954} INFO - Setting next_dagrun for weather_etl_pipeline to 2026-06-18 00:00:00+00:00, run_after=2026-06-19 00:00:00+00:00
[2026-06-18T08:30:43.694+0000] {processor.py:183} INFO - Processing /opt/airflow/dags/weather_etl_dag.py took 0.197 seconds
[2026-06-18T08:30:53.901+0000] {processor.py:161} INFO - Started process (PID=7993) to work on /opt/airflow/dags/weather_etl_dag.py
[2026-06-18T08:30:53.904+0000] {processor.py:830} INFO - Processing file /opt/airflow/dags/weather_etl_dag.py for tasks to queue
[2026-06-18T08:30:53.906+0000] {logging_mixin.py:188} INFO - [2026-06-18T08:30:53.905+0000] {dagbag.py:545} INFO - Filling up the DagBag from /opt/airflow/dags/weather_etl_dag.py
[2026-06-18T08:30:53.954+0000] {processor.py:840} INFO - DAG(s) 'weather_etl_pipeline' retrieved from /opt/airflow/dags/weather_etl_dag.py
[2026-06-18T08:30:54.004+0000] {logging_mixin.py:188} INFO - [2026-06-18T08:30:54.004+0000] {dag.py:3096} INFO - Sync 1 DAGs
[2026-06-18T08:30:54.056+0000] {logging_mixin.py:188} INFO - [2026-06-18T08:30:54.056+0000] {dag.py:3954} INFO - Setting next_dagrun for weather_etl_pipeline to 2026-06-18 00:00:00+00:00, run_after=2026-06-19 00:00:00+00:00
[2026-06-18T08:30:54.105+0000] {processor.py:183} INFO - Processing /opt/airflow/dags/weather_etl_dag.py took 0.217 seconds
[2026-06-18T08:31:04.849+0000] {processor.py:161} INFO - Started process (PID=7998) to work on /opt/airflow/dags/weather_etl_dag.py
[2026-06-18T08:31:04.862+0000] {processor.py:830} INFO - Processing file /opt/airflow/dags/weather_etl_dag.py for tasks to queue
[2026-06-18T08:31:04.877+0000] {logging_mixin.py:188} INFO - [2026-06-18T08:31:04.868+0000] {dagbag.py:545} INFO - Filling up the DagBag from /opt/airflow/dags/weather_etl_dag.py
[2026-06-18T08:31:05.008+0000] {processor.py:840} INFO - DAG(s) 'weather_etl_pipeline' retrieved from /opt/airflow/dags/weather_etl_dag.py
[2026-06-18T08:31:05.187+0000] {logging_mixin.py:188} INFO - [2026-06-18T08:31:05.186+0000] {dag.py:3096} INFO - Sync 1 DAGs
[2026-06-18T08:31:05.337+0000] {logging_mixin.py:188} INFO - [2026-06-18T08:31:05.336+0000] {dag.py:3954} INFO - Setting next_dagrun for weather_etl_pipeline to 2026-06-18 00:00:00+00:00, run_after=2026-06-19 00:00:00+00:00
[2026-06-18T08:31:05.415+0000] {processor.py:183} INFO - Processing /opt/airflow/dags/weather_etl_dag.py took 0.608 seconds
[2026-06-18T08:31:15.629+0000] {processor.py:161} INFO - Started process (PID=8003) to work on /opt/airflow/dags/weather_etl_dag.py
[2026-06-18T08:31:15.636+0000] {processor.py:830} INFO - Processing file /opt/airflow/dags/weather_etl_dag.py for tasks to queue
[2026-06-18T08:31:15.641+0000] {logging_mixin.py:188} INFO - [2026-06-18T08:31:15.640+0000] {dagbag.py:545} INFO - Filling up the DagBag from /opt/airflow/dags/weather_etl_dag.py
[2026-06-18T08:31:15.701+0000] {processor.py:840} INFO - DAG(s) 'weather_etl_pipeline' retrieved from /opt/airflow/dags/weather_etl_dag.py
[2026-06-18T08:31:15.759+0000] {logging_mixin.py:188} INFO - [2026-06-18T08:31:15.759+0000] {dag.py:3096} INFO - Sync 1 DAGs
[2026-06-18T08:31:15.813+0000] {logging_mixin.py:188} INFO - [2026-06-18T08:31:15.813+0000] {dag.py:3954} INFO - Setting next_dagrun for weather_etl_pipeline to 2026-06-18 00:00:00+00:00, run_after=2026-06-19 00:00:00+00:00
[2026-06-18T08:31:15.851+0000] {processor.py:183} INFO - Processing /opt/airflow/dags/weather_etl_dag.py took 0.244 seconds
[2026-06-18T08:31:26.572+0000] {processor.py:161} INFO - Started process (PID=8008) to work on /opt/airflow/dags/weather_etl_dag.py
[2026-06-18T08:31:26.596+0000] {processor.py:830} INFO - Processing file /opt/airflow/dags/weather_etl_dag.py for tasks to queue
[2026-06-18T08:31:26.625+0000] {logging_mixin.py:188} INFO - [2026-06-18T08:31:26.624+0000] {dagbag.py:545} INFO - Filling up the DagBag from /opt/airflow/dags/weather_etl_dag.py
[2026-06-18T08:31:26.942+0000] {processor.py:840} INFO - DAG(s) 'weather_etl_pipeline' retrieved from /opt/airflow/dags/weather_etl_dag.py
[2026-06-18T08:31:27.127+0000] {logging_mixin.py:188} INFO - [2026-06-18T08:31:27.126+0000] {dag.py:3096} INFO - Sync 1 DAGs
[2026-06-18T08:31:27.285+0000] {logging_mixin.py:188} INFO - [2026-06-18T08:31:27.285+0000] {dag.py:3954} INFO - Setting next_dagrun for weather_etl_pipeline to 2026-06-18 00:00:00+00:00, run_after=2026-06-19 00:00:00+00:00
[2026-06-18T08:31:27.401+0000] {processor.py:183} INFO - Processing /opt/airflow/dags/weather_etl_dag.py took 0.859 seconds
[2026-06-18T08:31:38.278+0000] {processor.py:161} INFO - Started process (PID=8013) to work on /opt/airflow/dags/weather_etl_dag.py
[2026-06-18T08:31:38.291+0000] {processor.py:830} INFO - Processing file /opt/airflow/dags/weather_etl_dag.py for tasks to queue
[2026-06-18T08:31:38.301+0000] {logging_mixin.py:188} INFO - [2026-06-18T08:31:38.300+0000] {dagbag.py:545} INFO - Filling up the DagBag from /opt/airflow/dags/weather_etl_dag.py
[2026-06-18T08:31:38.464+0000] {processor.py:840} INFO - DAG(s) 'weather_etl_pipeline' retrieved from /opt/airflow/dags/weather_etl_dag.py
[2026-06-18T08:31:38.629+0000] {logging_mixin.py:188} INFO - [2026-06-18T08:31:38.629+0000] {dag.py:3096} INFO - Sync 1 DAGs
[2026-06-18T08:31:38.729+0000] {logging_mixin.py:188} INFO - [2026-06-18T08:31:38.728+0000] {dag.py:3954} INFO - Setting next_dagrun for weather_etl_pipeline to 2026-06-18 00:00:00+00:00, run_after=2026-06-19 00:00:00+00:00
[2026-06-18T08:31:38.874+0000] {processor.py:183} INFO - Processing /opt/airflow/dags/weather_etl_dag.py took 0.618 seconds
[2026-06-18T08:31:49.135+0000] {processor.py:161} INFO - Started process (PID=8018) to work on /opt/airflow/dags/weather_etl_dag.py
[2026-06-18T08:31:49.140+0000] {processor.py:830} INFO - Processing file /opt/airflow/dags/weather_etl_dag.py for tasks to queue
[2026-06-18T08:31:49.143+0000] {logging_mixin.py:188} INFO - [2026-06-18T08:31:49.143+0000] {dagbag.py:545} INFO - Filling up the DagBag from /opt/airflow/dags/weather_etl_dag.py
[2026-06-18T08:31:49.195+0000] {processor.py:840} INFO - DAG(s) 'weather_etl_pipeline' retrieved from /opt/airflow/dags/weather_etl_dag.py
[2026-06-18T08:31:49.258+0000] {logging_mixin.py:188} INFO - [2026-06-18T08:31:49.258+0000] {dag.py:3096} INFO - Sync 1 DAGs
[2026-06-18T08:31:49.322+0000] {logging_mixin.py:188} INFO - [2026-06-18T08:31:49.322+0000] {dag.py:3954} INFO - Setting next_dagrun for weather_etl_pipeline to 2026-06-18 00:00:00+00:00, run_after=2026-06-19 00:00:00+00:00
[2026-06-18T08:31:49.385+0000] {processor.py:183} INFO - Processing /opt/airflow/dags/weather_etl_dag.py took 0.266 seconds
[2026-06-18T08:31:59.545+0000] {processor.py:161} INFO - Started process (PID=8023) to work on /opt/airflow/dags/weather_etl_dag.py
[2026-06-18T08:31:59.548+0000] {processor.py:830} INFO - Processing file /opt/airflow/dags/weather_etl_dag.py for tasks to queue
[2026-06-18T08:31:59.551+0000] {logging_mixin.py:188} INFO - [2026-06-18T08:31:59.550+0000] {dagbag.py:545} INFO - Filling up the DagBag from /opt/airflow/dags/weather_etl_dag.py
[2026-06-18T08:31:59.627+0000] {processor.py:840} INFO - DAG(s) 'weather_etl_pipeline' retrieved from /opt/airflow/dags/weather_etl_dag.py
[2026-06-18T08:31:59.723+0000] {logging_mixin.py:188} INFO - [2026-06-18T08:31:59.722+0000] {dag.py:3096} INFO - Sync 1 DAGs
[2026-06-18T08:31:59.783+0000] {logging_mixin.py:188} INFO - [2026-06-18T08:31:59.782+0000] {dag.py:3954} INFO - Setting next_dagrun for weather_etl_pipeline to 2026-06-18 00:00:00+00:00, run_after=2026-06-19 00:00:00+00:00
[2026-06-18T08:31:59.830+0000] {processor.py:183} INFO - Processing /opt/airflow/dags/weather_etl_dag.py took 0.296 seconds
[2026-06-18T08:32:10.948+0000] {processor.py:161} INFO - Started process (PID=8028) to work on /opt/airflow/dags/weather_etl_dag.py
[2026-06-18T08:32:10.952+0000] {processor.py:830} INFO - Processing file /opt/airflow/dags/weather_etl_dag.py for tasks to queue
[2026-06-18T08:32:10.956+0000] {logging_mixin.py:188} INFO - [2026-06-18T08:32:10.955+0000] {dagbag.py:545} INFO - Filling up the DagBag from /opt/airflow/dags/weather_etl_dag.py
[2026-06-18T08:32:11.044+0000] {processor.py:840} INFO - DAG(s) 'weather_etl_pipeline' retrieved from /opt/airflow/dags/weather_etl_dag.py
[2026-06-18T08:32:11.113+0000] {logging_mixin.py:188} INFO - [2026-06-18T08:32:11.112+0000] {dag.py:3096} INFO - Sync 1 DAGs
[2026-06-18T08:32:11.188+0000] {logging_mixin.py:188} INFO - [2026-06-18T08:32:11.187+0000] {dag.py:3954} INFO - Setting next_dagrun for weather_etl_pipeline to 2026-06-18 00:00:00+00:00, run_after=2026-06-19 00:00:00+00:00
[2026-06-18T08:32:11.240+0000] {processor.py:183} INFO - Processing /opt/airflow/dags/weather_etl_dag.py took 0.315 seconds
[2026-06-18T08:32:21.585+0000] {processor.py:161} INFO - Started process (PID=8033) to work on /opt/airflow/dags/weather_etl_dag.py
[2026-06-18T08:32:21.590+0000] {processor.py:830} INFO - Processing file /opt/airflow/dags/weather_etl_dag.py for tasks to queue
[2026-06-18T08:32:21.599+0000] {logging_mixin.py:188} INFO - [2026-06-18T08:32:21.592+0000] {dagbag.py:545} INFO - Filling up the DagBag from /opt/airflow/dags/weather_etl_dag.py
[2026-06-18T08:32:21.878+0000] {processor.py:840} INFO - DAG(s) 'weather_etl_pipeline' retrieved from /opt/airflow/dags/weather_etl_dag.py
[2026-06-18T08:32:22.062+0000] {logging_mixin.py:188} INFO - [2026-06-18T08:32:22.061+0000] {dag.py:3096} INFO - Sync 1 DAGs
[2026-06-18T08:32:22.150+0000] {logging_mixin.py:188} INFO - [2026-06-18T08:32:22.149+0000] {dag.py:3954} INFO - Setting next_dagrun for weather_etl_pipeline to 2026-06-18 00:00:00+00:00, run_after=2026-06-19 00:00:00+00:00
[2026-06-18T08:32:22.221+0000] {processor.py:183} INFO - Processing /opt/airflow/dags/weather_etl_dag.py took 0.658 seconds
[2026-06-18T08:32:32.404+0000] {processor.py:161} INFO - Started process (PID=8038) to work on /opt/airflow/dags/weather_etl_dag.py
[2026-06-18T08:32:32.407+0000] {processor.py:830} INFO - Processing file /opt/airflow/dags/weather_etl_dag.py for tasks to queue
[2026-06-18T08:32:32.409+0000] {logging_mixin.py:188} INFO - [2026-06-18T08:32:32.409+0000] {dagbag.py:545} INFO - Filling up the DagBag from /opt/airflow/dags/weather_etl_dag.py
[2026-06-18T08:32:32.472+0000] {processor.py:840} INFO - DAG(s) 'weather_etl_pipeline' retrieved from /opt/airflow/dags/weather_etl_dag.py
[2026-06-18T08:32:32.537+0000] {logging_mixin.py:188} INFO - [2026-06-18T08:32:32.537+0000] {dag.py:3096} INFO - Sync 1 DAGs
[2026-06-18T08:32:32.584+0000] {logging_mixin.py:188} INFO - [2026-06-18T08:32:32.584+0000] {dag.py:3954} INFO - Setting next_dagrun for weather_etl_pipeline to 2026-06-18 00:00:00+00:00, run_after=2026-06-19 00:00:00+00:00
[2026-06-18T08:32:32.625+0000] {processor.py:183} INFO - Processing /opt/airflow/dags/weather_etl_dag.py took 0.237 seconds
[2026-06-18T08:32:43.170+0000] {processor.py:161} INFO - Started process (PID=8043) to work on /opt/airflow/dags/weather_etl_dag.py
[2026-06-18T08:32:43.172+0000] {processor.py:830} INFO - Processing file /opt/airflow/dags/weather_etl_dag.py for tasks to queue
[2026-06-18T08:32:43.176+0000] {logging_mixin.py:188} INFO - [2026-06-18T08:32:43.175+0000] {dagbag.py:545} INFO - Filling up the DagBag from /opt/airflow/dags/weather_etl_dag.py
[2026-06-18T08:32:43.222+0000] {processor.py:840} INFO - DAG(s) 'weather_etl_pipeline' retrieved from /opt/airflow/dags/weather_etl_dag.py
[2026-06-18T08:32:43.290+0000] {logging_mixin.py:188} INFO - [2026-06-18T08:32:43.290+0000] {dag.py:3096} INFO - Sync 1 DAGs
[2026-06-18T08:32:43.350+0000] {logging_mixin.py:188} INFO - [2026-06-18T08:32:43.349+0000] {dag.py:3954} INFO - Setting next_dagrun for weather_etl_pipeline to 2026-06-18 00:00:00+00:00, run_after=2026-06-19 00:00:00+00:00
[2026-06-18T08:32:43.411+0000] {processor.py:183} INFO - Processing /opt/airflow/dags/weather_etl_dag.py took 0.255 seconds
[2026-06-18T08:32:53.566+0000] {processor.py:161} INFO - Started process (PID=8048) to work on /opt/airflow/dags/weather_etl_dag.py
[2026-06-18T08:32:53.570+0000] {processor.py:830} INFO - Processing file /opt/airflow/dags/weather_etl_dag.py for tasks to queue
[2026-06-18T08:32:53.573+0000] {logging_mixin.py:188} INFO - [2026-06-18T08:32:53.572+0000] {dagbag.py:545} INFO - Filling up the DagBag from /opt/airflow/dags/weather_etl_dag.py
[2026-06-18T08:32:53.622+0000] {processor.py:840} INFO - DAG(s) 'weather_etl_pipeline' retrieved from /opt/airflow/dags/weather_etl_dag.py
[2026-06-18T08:32:53.685+0000] {logging_mixin.py:188} INFO - [2026-06-18T08:32:53.684+0000] {dag.py:3096} INFO - Sync 1 DAGs
[2026-06-18T08:32:53.737+0000] {logging_mixin.py:188} INFO - [2026-06-18T08:32:53.736+0000] {dag.py:3954} INFO - Setting next_dagrun for weather_etl_pipeline to 2026-06-18 00:00:00+00:00, run_after=2026-06-19 00:00:00+00:00
[2026-06-18T08:32:53.798+0000] {processor.py:183} INFO - Processing /opt/airflow/dags/weather_etl_dag.py took 0.240 seconds
[2026-06-18T08:33:03.970+0000] {processor.py:161} INFO - Started process (PID=8053) to work on /opt/airflow/dags/weather_etl_dag.py
[2026-06-18T08:33:03.972+0000] {processor.py:830} INFO - Processing file /opt/airflow/dags/weather_etl_dag.py for tasks to queue
[2026-06-18T08:33:03.974+0000] {logging_mixin.py:188} INFO - [2026-06-18T08:33:03.974+0000] {dagbag.py:545} INFO - Filling up the DagBag from /opt/airflow/dags/weather_etl_dag.py
[2026-06-18T08:33:04.021+0000] {processor.py:840} INFO - DAG(s) 'weather_etl_pipeline' retrieved from /opt/airflow/dags/weather_etl_dag.py
[2026-06-18T08:33:04.074+0000] {logging_mixin.py:188} INFO - [2026-06-18T08:33:04.074+0000] {dag.py:3096} INFO - Sync 1 DAGs
[2026-06-18T08:33:04.117+0000] {logging_mixin.py:188} INFO - [2026-06-18T08:33:04.116+0000] {dag.py:3954} INFO - Setting next_dagrun for weather_etl_pipeline to 2026-06-18 00:00:00+00:00, run_after=2026-06-19 00:00:00+00:00
[2026-06-18T08:33:04.154+0000] {processor.py:183} INFO - Processing /opt/airflow/dags/weather_etl_dag.py took 0.195 seconds
[2026-06-18T08:33:14.593+0000] {processor.py:161} INFO - Started process (PID=8058) to work on /opt/airflow/dags/weather_etl_dag.py
[2026-06-18T08:33:14.596+0000] {processor.py:830} INFO - Processing file /opt/airflow/dags/weather_etl_dag.py for tasks to queue
[2026-06-18T08:33:14.599+0000] {logging_mixin.py:188} INFO - [2026-06-18T08:33:14.598+0000] {dagbag.py:545} INFO - Filling up the DagBag from /opt/airflow/dags/weather_etl_dag.py
[2026-06-18T08:33:14.643+0000] {processor.py:840} INFO - DAG(s) 'weather_etl_pipeline' retrieved from /opt/airflow/dags/weather_etl_dag.py
[2026-06-18T08:33:14.697+0000] {logging_mixin.py:188} INFO - [2026-06-18T08:33:14.696+0000] {dag.py:3096} INFO - Sync 1 DAGs
[2026-06-18T08:33:14.746+0000] {logging_mixin.py:188} INFO - [2026-06-18T08:33:14.745+0000] {dag.py:3954} INFO - Setting next_dagrun for weather_etl_pipeline to 2026-06-18 00:00:00+00:00, run_after=2026-06-19 00:00:00+00:00
[2026-06-18T08:33:14.803+0000] {processor.py:183} INFO - Processing /opt/airflow/dags/weather_etl_dag.py took 0.225 seconds
[2026-06-18T08:33:25.283+0000] {processor.py:161} INFO - Started process (PID=8063) to work on /opt/airflow/dags/weather_etl_dag.py
[2026-06-18T08:33:25.293+0000] {processor.py:830} INFO - Processing file /opt/airflow/dags/weather_etl_dag.py for tasks to queue
[2026-06-18T08:33:25.303+0000] {logging_mixin.py:188} INFO - [2026-06-18T08:33:25.302+0000] {dagbag.py:545} INFO - Filling up the DagBag from /opt/airflow/dags/weather_etl_dag.py
[2026-06-18T08:33:25.423+0000] {processor.py:840} INFO - DAG(s) 'weather_etl_pipeline' retrieved from /opt/airflow/dags/weather_etl_dag.py
[2026-06-18T08:33:25.508+0000] {logging_mixin.py:188} INFO - [2026-06-18T08:33:25.508+0000] {dag.py:3096} INFO - Sync 1 DAGs
[2026-06-18T08:33:25.570+0000] {logging_mixin.py:188} INFO - [2026-06-18T08:33:25.569+0000] {dag.py:3954} INFO - Setting next_dagrun for weather_etl_pipeline to 2026-06-18 00:00:00+00:00, run_after=2026-06-19 00:00:00+00:00
[2026-06-18T08:33:25.615+0000] {processor.py:183} INFO - Processing /opt/airflow/dags/weather_etl_dag.py took 0.373 seconds
[2026-06-18T08:33:35.759+0000] {processor.py:161} INFO - Started process (PID=8068) to work on /opt/airflow/dags/weather_etl_dag.py
[2026-06-18T08:33:35.761+0000] {processor.py:830} INFO - Processing file /opt/airflow/dags/weather_etl_dag.py for tasks to queue
[2026-06-18T08:33:35.764+0000] {logging_mixin.py:188} INFO - [2026-06-18T08:33:35.763+0000] {dagbag.py:545} INFO - Filling up the DagBag from /opt/airflow/dags/weather_etl_dag.py
[2026-06-18T08:33:35.807+0000] {processor.py:840} INFO - DAG(s) 'weather_etl_pipeline' retrieved from /opt/airflow/dags/weather_etl_dag.py
[2026-06-18T08:33:35.858+0000] {logging_mixin.py:188} INFO - [2026-06-18T08:33:35.858+0000] {dag.py:3096} INFO - Sync 1 DAGs
[2026-06-18T08:33:35.899+0000] {logging_mixin.py:188} INFO - [2026-06-18T08:33:35.899+0000] {dag.py:3954} INFO - Setting next_dagrun for weather_etl_pipeline to 2026-06-18 00:00:00+00:00, run_after=2026-06-19 00:00:00+00:00
[2026-06-18T08:33:35.937+0000] {processor.py:183} INFO - Processing /opt/airflow/dags/weather_etl_dag.py took 0.188 seconds
[2026-06-18T08:33:46.567+0000] {processor.py:161} INFO - Started process (PID=8073) to work on /opt/airflow/dags/weather_etl_dag.py
[2026-06-18T08:33:46.569+0000] {processor.py:830} INFO - Processing file /opt/airflow/dags/weather_etl_dag.py for tasks to queue
[2026-06-18T08:33:46.571+0000] {logging_mixin.py:188} INFO - [2026-06-18T08:33:46.571+0000] {dagbag.py:545} INFO - Filling up the DagBag from /opt/airflow/dags/weather_etl_dag.py
[2026-06-18T08:33:46.622+0000] {processor.py:840} INFO - DAG(s) 'weather_etl_pipeline' retrieved from /opt/airflow/dags/weather_etl_dag.py
[2026-06-18T08:33:46.680+0000] {logging_mixin.py:188} INFO - [2026-06-18T08:33:46.680+0000] {dag.py:3096} INFO - Sync 1 DAGs
[2026-06-18T08:33:46.738+0000] {logging_mixin.py:188} INFO - [2026-06-18T08:33:46.738+0000] {dag.py:3954} INFO - Setting next_dagrun for weather_etl_pipeline to 2026-06-18 00:00:00+00:00, run_after=2026-06-19 00:00:00+00:00
[2026-06-18T08:33:46.787+0000] {processor.py:183} INFO - Processing /opt/airflow/dags/weather_etl_dag.py took 0.228 seconds
[2026-06-18T08:33:56.925+0000] {processor.py:161} INFO - Started process (PID=8078) to work on /opt/airflow/dags/weather_etl_dag.py
[2026-06-18T08:33:56.928+0000] {processor.py:830} INFO - Processing file /opt/airflow/dags/weather_etl_dag.py for tasks to queue
[2026-06-18T08:33:56.931+0000] {logging_mixin.py:188} INFO - [2026-06-18T08:33:56.930+0000] {dagbag.py:545} INFO - Filling up the DagBag from /opt/airflow/dags/weather_etl_dag.py
[2026-06-18T08:33:56.984+0000] {processor.py:840} INFO - DAG(s) 'weather_etl_pipeline' retrieved from /opt/airflow/dags/weather_etl_dag.py
[2026-06-18T08:33:57.052+0000] {logging_mixin.py:188} INFO - [2026-06-18T08:33:57.051+0000] {dag.py:3096} INFO - Sync 1 DAGs
[2026-06-18T08:33:57.119+0000] {logging_mixin.py:188} INFO - [2026-06-18T08:33:57.118+0000] {dag.py:3954} INFO - Setting next_dagrun for weather_etl_pipeline to 2026-06-18 00:00:00+00:00, run_after=2026-06-19 00:00:00+00:00
[2026-06-18T08:33:57.165+0000] {processor.py:183} INFO - Processing /opt/airflow/dags/weather_etl_dag.py took 0.252 seconds
[2026-06-18T08:34:07.348+0000] {processor.py:161} INFO - Started process (PID=8083) to work on /opt/airflow/dags/weather_etl_dag.py
[2026-06-18T08:34:07.351+0000] {processor.py:830} INFO - Processing file /opt/airflow/dags/weather_etl_dag.py for tasks to queue
[2026-06-18T08:34:07.353+0000] {logging_mixin.py:188} INFO - [2026-06-18T08:34:07.353+0000] {dagbag.py:545} INFO - Filling up the DagBag from /opt/airflow/dags/weather_etl_dag.py
[2026-06-18T08:34:07.402+0000] {processor.py:840} INFO - DAG(s) 'weather_etl_pipeline' retrieved from /opt/airflow/dags/weather_etl_dag.py
[2026-06-18T08:34:07.454+0000] {logging_mixin.py:188} INFO - [2026-06-18T08:34:07.454+0000] {dag.py:3096} INFO - Sync 1 DAGs
[2026-06-18T08:34:07.494+0000] {logging_mixin.py:188} INFO - [2026-06-18T08:34:07.493+0000] {dag.py:3954} INFO - Setting next_dagrun for weather_etl_pipeline to 2026-06-18 00:00:00+00:00, run_after=2026-06-19 00:00:00+00:00
[2026-06-18T08:34:07.528+0000] {processor.py:183} INFO - Processing /opt/airflow/dags/weather_etl_dag.py took 0.191 seconds
[2026-06-18T08:34:18.216+0000] {processor.py:161} INFO - Started process (PID=8088) to work on /opt/airflow/dags/weather_etl_dag.py
[2026-06-18T08:34:18.230+0000] {processor.py:830} INFO - Processing file /opt/airflow/dags/weather_etl_dag.py for tasks to queue
[2026-06-18T08:34:18.234+0000] {logging_mixin.py:188} INFO - [2026-06-18T08:34:18.233+0000] {dagbag.py:545} INFO - Filling up the DagBag from /opt/airflow/dags/weather_etl_dag.py
[2026-06-18T08:34:18.355+0000] {processor.py:840} INFO - DAG(s) 'weather_etl_pipeline' retrieved from /opt/airflow/dags/weather_etl_dag.py
[2026-06-18T08:34:18.524+0000] {logging_mixin.py:188} INFO - [2026-06-18T08:34:18.523+0000] {dag.py:3096} INFO - Sync 1 DAGs
[2026-06-18T08:34:18.718+0000] {logging_mixin.py:188} INFO - [2026-06-18T08:34:18.717+0000] {dag.py:3954} INFO - Setting next_dagrun for weather_etl_pipeline to 2026-06-18 00:00:00+00:00, run_after=2026-06-19 00:00:00+00:00
[2026-06-18T08:34:18.874+0000] {processor.py:183} INFO - Processing /opt/airflow/dags/weather_etl_dag.py took 0.681 seconds
[2026-06-18T08:34:29.110+0000] {processor.py:161} INFO - Started process (PID=8093) to work on /opt/airflow/dags/weather_etl_dag.py
[2026-06-18T08:34:29.113+0000] {processor.py:830} INFO - Processing file /opt/airflow/dags/weather_etl_dag.py for tasks to queue
[2026-06-18T08:34:29.115+0000] {logging_mixin.py:188} INFO - [2026-06-18T08:34:29.114+0000] {dagbag.py:545} INFO - Filling up the DagBag from /opt/airflow/dags/weather_etl_dag.py
[2026-06-18T08:34:29.156+0000] {processor.py:840} INFO - DAG(s) 'weather_etl_pipeline' retrieved from /opt/airflow/dags/weather_etl_dag.py
[2026-06-18T08:34:29.213+0000] {logging_mixin.py:188} INFO - [2026-06-18T08:34:29.212+0000] {dag.py:3096} INFO - Sync 1 DAGs
[2026-06-18T08:34:29.264+0000] {logging_mixin.py:188} INFO - [2026-06-18T08:34:29.263+0000] {dag.py:3954} INFO - Setting next_dagrun for weather_etl_pipeline to 2026-06-18 00:00:00+00:00, run_after=2026-06-19 00:00:00+00:00
[2026-06-18T08:34:29.307+0000] {processor.py:183} INFO - Processing /opt/airflow/dags/weather_etl_dag.py took 0.207 seconds
[2026-06-18T08:34:39.477+0000] {processor.py:161} INFO - Started process (PID=8098) to work on /opt/airflow/dags/weather_etl_dag.py
[2026-06-18T08:34:39.480+0000] {processor.py:830} INFO - Processing file /opt/airflow/dags/weather_etl_dag.py for tasks to queue
[2026-06-18T08:34:39.484+0000] {logging_mixin.py:188} INFO - [2026-06-18T08:34:39.483+0000] {dagbag.py:545} INFO - Filling up the DagBag from /opt/airflow/dags/weather_etl_dag.py
[2026-06-18T08:34:39.533+0000] {processor.py:840} INFO - DAG(s) 'weather_etl_pipeline' retrieved from /opt/airflow/dags/weather_etl_dag.py
[2026-06-18T08:34:39.592+0000] {logging_mixin.py:188} INFO - [2026-06-18T08:34:39.591+0000] {dag.py:3096} INFO - Sync 1 DAGs
[2026-06-18T08:34:39.644+0000] {logging_mixin.py:188} INFO - [2026-06-18T08:34:39.644+0000] {dag.py:3954} INFO - Setting next_dagrun for weather_etl_pipeline to 2026-06-18 00:00:00+00:00, run_after=2026-06-19 00:00:00+00:00
[2026-06-18T08:34:39.682+0000] {processor.py:183} INFO - Processing /opt/airflow/dags/weather_etl_dag.py took 0.221 seconds
[2026-06-18T08:34:50.258+0000] {processor.py:161} INFO - Started process (PID=8103) to work on /opt/airflow/dags/weather_etl_dag.py
[2026-06-18T08:34:50.260+0000] {processor.py:830} INFO - Processing file /opt/airflow/dags/weather_etl_dag.py for tasks to queue
[2026-06-18T08:34:50.262+0000] {logging_mixin.py:188} INFO - [2026-06-18T08:34:50.262+0000] {dagbag.py:545} INFO - Filling up the DagBag from /opt/airflow/dags/weather_etl_dag.py
[2026-06-18T08:34:50.302+0000] {processor.py:840} INFO - DAG(s) 'weather_etl_pipeline' retrieved from /opt/airflow/dags/weather_etl_dag.py
[2026-06-18T08:34:50.352+0000] {logging_mixin.py:188} INFO - [2026-06-18T08:34:50.351+0000] {dag.py:3096} INFO - Sync 1 DAGs
[2026-06-18T08:34:50.389+0000] {logging_mixin.py:188} INFO - [2026-06-18T08:34:50.389+0000] {dag.py:3954} INFO - Setting next_dagrun for weather_etl_pipeline to 2026-06-18 00:00:00+00:00, run_after=2026-06-19 00:00:00+00:00
[2026-06-18T08:34:50.421+0000] {processor.py:183} INFO - Processing /opt/airflow/dags/weather_etl_dag.py took 0.171 seconds
[2026-06-18T08:35:00.538+0000] {processor.py:161} INFO - Started process (PID=8108) to work on /opt/airflow/dags/weather_etl_dag.py
[2026-06-18T08:35:00.540+0000] {processor.py:830} INFO - Processing file /opt/airflow/dags/weather_etl_dag.py for tasks to queue
[2026-06-18T08:35:00.543+0000] {logging_mixin.py:188} INFO - [2026-06-18T08:35:00.543+0000] {dagbag.py:545} INFO - Filling up the DagBag from /opt/airflow/dags/weather_etl_dag.py
[2026-06-18T08:35:00.584+0000] {processor.py:840} INFO - DAG(s) 'weather_etl_pipeline' retrieved from /opt/airflow/dags/weather_etl_dag.py
[2026-06-18T08:35:00.640+0000] {logging_mixin.py:188} INFO - [2026-06-18T08:35:00.640+0000] {dag.py:3096} INFO - Sync 1 DAGs
[2026-06-18T08:35:00.700+0000] {logging_mixin.py:188} INFO - [2026-06-18T08:35:00.700+0000] {dag.py:3954} INFO - Setting next_dagrun for weather_etl_pipeline to 2026-06-18 00:00:00+00:00, run_after=2026-06-19 00:00:00+00:00
[2026-06-18T08:35:00.739+0000] {processor.py:183} INFO - Processing /opt/airflow/dags/weather_etl_dag.py took 0.210 seconds
[2026-06-18T08:35:10.927+0000] {processor.py:161} INFO - Started process (PID=8113) to work on /opt/airflow/dags/weather_etl_dag.py
[2026-06-18T08:35:10.930+0000] {processor.py:830} INFO - Processing file /opt/airflow/dags/weather_etl_dag.py for tasks to queue
[2026-06-18T08:35:10.936+0000] {logging_mixin.py:188} INFO - [2026-06-18T08:35:10.932+0000] {dagbag.py:545} INFO - Filling up the DagBag from /opt/airflow/dags/weather_etl_dag.py
[2026-06-18T08:35:11.014+0000] {processor.py:840} INFO - DAG(s) 'weather_etl_pipeline' retrieved from /opt/airflow/dags/weather_etl_dag.py
[2026-06-18T08:35:11.090+0000] {logging_mixin.py:188} INFO - [2026-06-18T08:35:11.090+0000] {dag.py:3096} INFO - Sync 1 DAGs
[2026-06-18T08:35:11.151+0000] {logging_mixin.py:188} INFO - [2026-06-18T08:35:11.150+0000] {dag.py:3954} INFO - Setting next_dagrun for weather_etl_pipeline to 2026-06-18 00:00:00+00:00, run_after=2026-06-19 00:00:00+00:00
[2026-06-18T08:35:11.210+0000] {processor.py:183} INFO - Processing /opt/airflow/dags/weather_etl_dag.py took 0.303 seconds
[2026-06-18T08:35:21.750+0000] {processor.py:161} INFO - Started process (PID=8118) to work on /opt/airflow/dags/weather_etl_dag.py
[2026-06-18T08:35:21.752+0000] {processor.py:830} INFO - Processing file /opt/airflow/dags/weather_etl_dag.py for tasks to queue
[2026-06-18T08:35:21.755+0000] {logging_mixin.py:188} INFO - [2026-06-18T08:35:21.754+0000] {dagbag.py:545} INFO - Filling up the DagBag from /opt/airflow/dags/weather_etl_dag.py
[2026-06-18T08:35:21.805+0000] {processor.py:840} INFO - DAG(s) 'weather_etl_pipeline' retrieved from /opt/airflow/dags/weather_etl_dag.py
[2026-06-18T08:35:21.869+0000] {logging_mixin.py:188} INFO - [2026-06-18T08:35:21.869+0000] {dag.py:3096} INFO - Sync 1 DAGs
[2026-06-18T08:35:21.922+0000] {logging_mixin.py:188} INFO - [2026-06-18T08:35:21.921+0000] {dag.py:3954} INFO - Setting next_dagrun for weather_etl_pipeline to 2026-06-18 00:00:00+00:00, run_after=2026-06-19 00:00:00+00:00
[2026-06-18T08:35:21.969+0000] {processor.py:183} INFO - Processing /opt/airflow/dags/weather_etl_dag.py took 0.234 seconds
[2026-06-18T08:35:32.123+0000] {processor.py:161} INFO - Started process (PID=8123) to work on /opt/airflow/dags/weather_etl_dag.py
[2026-06-18T08:35:32.125+0000] {processor.py:830} INFO - Processing file /opt/airflow/dags/weather_etl_dag.py for tasks to queue
[2026-06-18T08:35:32.128+0000] {logging_mixin.py:188} INFO - [2026-06-18T08:35:32.127+0000] {dagbag.py:545} INFO - Filling up the DagBag from /opt/airflow/dags/weather_etl_dag.py
[2026-06-18T08:35:32.169+0000] {processor.py:840} INFO - DAG(s) 'weather_etl_pipeline' retrieved from /opt/airflow/dags/weather_etl_dag.py
[2026-06-18T08:35:32.231+0000] {logging_mixin.py:188} INFO - [2026-06-18T08:35:32.231+0000] {dag.py:3096} INFO - Sync 1 DAGs
[2026-06-18T08:35:32.278+0000] {logging_mixin.py:188} INFO - [2026-06-18T08:35:32.278+0000] {dag.py:3954} INFO - Setting next_dagrun for weather_etl_pipeline to 2026-06-18 00:00:00+00:00, run_after=2026-06-19 00:00:00+00:00
[2026-06-18T08:35:32.322+0000] {processor.py:183} INFO - Processing /opt/airflow/dags/weather_etl_dag.py took 0.210 seconds
[2026-06-18T08:35:42.443+0000] {processor.py:161} INFO - Started process (PID=8128) to work on /opt/airflow/dags/weather_etl_dag.py
[2026-06-18T08:35:42.445+0000] {processor.py:830} INFO - Processing file /opt/airflow/dags/weather_etl_dag.py for tasks to queue
[2026-06-18T08:35:42.448+0000] {logging_mixin.py:188} INFO - [2026-06-18T08:35:42.447+0000] {dagbag.py:545} INFO - Filling up the DagBag from /opt/airflow/dags/weather_etl_dag.py
[2026-06-18T08:35:42.482+0000] {processor.py:840} INFO - DAG(s) 'weather_etl_pipeline' retrieved from /opt/airflow/dags/weather_etl_dag.py
[2026-06-18T08:35:42.521+0000] {logging_mixin.py:188} INFO - [2026-06-18T08:35:42.521+0000] {dag.py:3096} INFO - Sync 1 DAGs
[2026-06-18T08:35:42.569+0000] {logging_mixin.py:188} INFO - [2026-06-18T08:35:42.569+0000] {dag.py:3954} INFO - Setting next_dagrun for weather_etl_pipeline to 2026-06-18 00:00:00+00:00, run_after=2026-06-19 00:00:00+00:00
[2026-06-18T08:35:42.643+0000] {processor.py:183} INFO - Processing /opt/airflow/dags/weather_etl_dag.py took 0.206 seconds
[2026-06-18T08:35:52.830+0000] {processor.py:161} INFO - Started process (PID=8133) to work on /opt/airflow/dags/weather_etl_dag.py
[2026-06-18T08:35:52.833+0000] {processor.py:830} INFO - Processing file /opt/airflow/dags/weather_etl_dag.py for tasks to queue
[2026-06-18T08:35:52.836+0000] {logging_mixin.py:188} INFO - [2026-06-18T08:35:52.835+0000] {dagbag.py:545} INFO - Filling up the DagBag from /opt/airflow/dags/weather_etl_dag.py
[2026-06-18T08:35:52.944+0000] {processor.py:840} INFO - DAG(s) 'weather_etl_pipeline' retrieved from /opt/airflow/dags/weather_etl_dag.py
[2026-06-18T08:35:53.042+0000] {logging_mixin.py:188} INFO - [2026-06-18T08:35:53.042+0000] {dag.py:3096} INFO - Sync 1 DAGs
[2026-06-18T08:35:53.099+0000] {logging_mixin.py:188} INFO - [2026-06-18T08:35:53.099+0000] {dag.py:3954} INFO - Setting next_dagrun for weather_etl_pipeline to 2026-06-18 00:00:00+00:00, run_after=2026-06-19 00:00:00+00:00
[2026-06-18T08:35:53.155+0000] {processor.py:183} INFO - Processing /opt/airflow/dags/weather_etl_dag.py took 0.338 seconds
[2026-06-18T08:36:03.519+0000] {processor.py:161} INFO - Started process (PID=8138) to work on /opt/airflow/dags/weather_etl_dag.py
[2026-06-18T08:36:03.526+0000] {processor.py:830} INFO - Processing file /opt/airflow/dags/weather_etl_dag.py for tasks to queue
[2026-06-18T08:36:03.532+0000] {logging_mixin.py:188} INFO - [2026-06-18T08:36:03.531+0000] {dagbag.py:545} INFO - Filling up the DagBag from /opt/airflow/dags/weather_etl_dag.py
[2026-06-18T08:36:03.672+0000] {processor.py:840} INFO - DAG(s) 'weather_etl_pipeline' retrieved from /opt/airflow/dags/weather_etl_dag.py
[2026-06-18T08:36:03.738+0000] {logging_mixin.py:188} INFO - [2026-06-18T08:36:03.738+0000] {dag.py:3096} INFO - Sync 1 DAGs
[2026-06-18T08:36:03.794+0000] {logging_mixin.py:188} INFO - [2026-06-18T08:36:03.793+0000] {dag.py:3954} INFO - Setting next_dagrun for weather_etl_pipeline to 2026-06-18 00:00:00+00:00, run_after=2026-06-19 00:00:00+00:00
[2026-06-18T08:36:03.836+0000] {processor.py:183} INFO - Processing /opt/airflow/dags/weather_etl_dag.py took 0.357 seconds
[2026-06-18T08:36:13.982+0000] {processor.py:161} INFO - Started process (PID=8143) to work on /opt/airflow/dags/weather_etl_dag.py
[2026-06-18T08:36:13.985+0000] {processor.py:830} INFO - Processing file /opt/airflow/dags/weather_etl_dag.py for tasks to queue
[2026-06-18T08:36:13.988+0000] {logging_mixin.py:188} INFO - [2026-06-18T08:36:13.987+0000] {dagbag.py:545} INFO - Filling up the DagBag from /opt/airflow/dags/weather_etl_dag.py
[2026-06-18T08:36:14.027+0000] {processor.py:840} INFO - DAG(s) 'weather_etl_pipeline' retrieved from /opt/airflow/dags/weather_etl_dag.py
[2026-06-18T08:36:14.072+0000] {logging_mixin.py:188} INFO - [2026-06-18T08:36:14.072+0000] {dag.py:3096} INFO - Sync 1 DAGs
[2026-06-18T08:36:14.110+0000] {logging_mixin.py:188} INFO - [2026-06-18T08:36:14.110+0000] {dag.py:3954} INFO - Setting next_dagrun for weather_etl_pipeline to 2026-06-18 00:00:00+00:00, run_after=2026-06-19 00:00:00+00:00
[2026-06-18T08:36:14.140+0000] {processor.py:183} INFO - Processing /opt/airflow/dags/weather_etl_dag.py took 0.168 seconds
[2026-06-18T08:36:24.895+0000] {processor.py:161} INFO - Started process (PID=8148) to work on /opt/airflow/dags/weather_etl_dag.py
[2026-06-18T08:36:24.897+0000] {processor.py:830} INFO - Processing file /opt/airflow/dags/weather_etl_dag.py for tasks to queue
[2026-06-18T08:36:24.900+0000] {logging_mixin.py:188} INFO - [2026-06-18T08:36:24.899+0000] {dagbag.py:545} INFO - Filling up the DagBag from /opt/airflow/dags/weather_etl_dag.py
[2026-06-18T08:36:24.936+0000] {processor.py:840} INFO - DAG(s) 'weather_etl_pipeline' retrieved from /opt/airflow/dags/weather_etl_dag.py
[2026-06-18T08:36:24.981+0000] {logging_mixin.py:188} INFO - [2026-06-18T08:36:24.980+0000] {dag.py:3096} INFO - Sync 1 DAGs
[2026-06-18T08:36:25.036+0000] {logging_mixin.py:188} INFO - [2026-06-18T08:36:25.036+0000] {dag.py:3954} INFO - Setting next_dagrun for weather_etl_pipeline to 2026-06-18 00:00:00+00:00, run_after=2026-06-19 00:00:00+00:00
[2026-06-18T08:36:25.070+0000] {processor.py:183} INFO - Processing /opt/airflow/dags/weather_etl_dag.py took 0.183 seconds
[2026-06-18T08:36:35.187+0000] {processor.py:161} INFO - Started process (PID=8153) to work on /opt/airflow/dags/weather_etl_dag.py
[2026-06-18T08:36:35.188+0000] {processor.py:830} INFO - Processing file /opt/airflow/dags/weather_etl_dag.py for tasks to queue
[2026-06-18T08:36:35.192+0000] {logging_mixin.py:188} INFO - [2026-06-18T08:36:35.191+0000] {dagbag.py:545} INFO - Filling up the DagBag from /opt/airflow/dags/weather_etl_dag.py
[2026-06-18T08:36:35.236+0000] {processor.py:840} INFO - DAG(s) 'weather_etl_pipeline' retrieved from /opt/airflow/dags/weather_etl_dag.py
[2026-06-18T08:36:35.284+0000] {logging_mixin.py:188} INFO - [2026-06-18T08:36:35.284+0000] {dag.py:3096} INFO - Sync 1 DAGs
[2026-06-18T08:36:35.325+0000] {logging_mixin.py:188} INFO - [2026-06-18T08:36:35.324+0000] {dag.py:3954} INFO - Setting next_dagrun for weather_etl_pipeline to 2026-06-18 00:00:00+00:00, run_after=2026-06-19 00:00:00+00:00
[2026-06-18T08:36:35.359+0000] {processor.py:183} INFO - Processing /opt/airflow/dags/weather_etl_dag.py took 0.181 seconds
[2026-06-18T08:36:45.510+0000] {processor.py:161} INFO - Started process (PID=8158) to work on /opt/airflow/dags/weather_etl_dag.py
[2026-06-18T08:36:45.512+0000] {processor.py:830} INFO - Processing file /opt/airflow/dags/weather_etl_dag.py for tasks to queue
[2026-06-18T08:36:45.515+0000] {logging_mixin.py:188} INFO - [2026-06-18T08:36:45.514+0000] {dagbag.py:545} INFO - Filling up the DagBag from /opt/airflow/dags/weather_etl_dag.py
[2026-06-18T08:36:45.567+0000] {processor.py:840} INFO - DAG(s) 'weather_etl_pipeline' retrieved from /opt/airflow/dags/weather_etl_dag.py
[2026-06-18T08:36:45.622+0000] {logging_mixin.py:188} INFO - [2026-06-18T08:36:45.622+0000] {dag.py:3096} INFO - Sync 1 DAGs
[2026-06-18T08:36:45.669+0000] {logging_mixin.py:188} INFO - [2026-06-18T08:36:45.669+0000] {dag.py:3954} INFO - Setting next_dagrun for weather_etl_pipeline to 2026-06-18 00:00:00+00:00, run_after=2026-06-19 00:00:00+00:00
[2026-06-18T08:36:45.730+0000] {processor.py:183} INFO - Processing /opt/airflow/dags/weather_etl_dag.py took 0.233 seconds
[2026-06-18T08:36:56.281+0000] {processor.py:161} INFO - Started process (PID=8163) to work on /opt/airflow/dags/weather_etl_dag.py
[2026-06-18T08:36:56.285+0000] {processor.py:830} INFO - Processing file /opt/airflow/dags/weather_etl_dag.py for tasks to queue
[2026-06-18T08:36:56.290+0000] {logging_mixin.py:188} INFO - [2026-06-18T08:36:56.289+0000] {dagbag.py:545} INFO - Filling up the DagBag from /opt/airflow/dags/weather_etl_dag.py
[2026-06-18T08:36:56.354+0000] {processor.py:840} INFO - DAG(s) 'weather_etl_pipeline' retrieved from /opt/airflow/dags/weather_etl_dag.py
[2026-06-18T08:36:56.423+0000] {logging_mixin.py:188} INFO - [2026-06-18T08:36:56.423+0000] {dag.py:3096} INFO - Sync 1 DAGs
[2026-06-18T08:36:56.479+0000] {logging_mixin.py:188} INFO - [2026-06-18T08:36:56.479+0000] {dag.py:3954} INFO - Setting next_dagrun for weather_etl_pipeline to 2026-06-18 00:00:00+00:00, run_after=2026-06-19 00:00:00+00:00
[2026-06-18T08:36:56.520+0000] {processor.py:183} INFO - Processing /opt/airflow/dags/weather_etl_dag.py took 0.257 seconds
[2026-06-18T08:37:06.647+0000] {processor.py:161} INFO - Started process (PID=8168) to work on /opt/airflow/dags/weather_etl_dag.py
[2026-06-18T08:37:06.650+0000] {processor.py:830} INFO - Processing file /opt/airflow/dags/weather_etl_dag.py for tasks to queue
[2026-06-18T08:37:06.655+0000] {logging_mixin.py:188} INFO - [2026-06-18T08:37:06.654+0000] {dagbag.py:545} INFO - Filling up the DagBag from /opt/airflow/dags/weather_etl_dag.py
[2026-06-18T08:37:06.729+0000] {processor.py:840} INFO - DAG(s) 'weather_etl_pipeline' retrieved from /opt/airflow/dags/weather_etl_dag.py
[2026-06-18T08:37:06.814+0000] {logging_mixin.py:188} INFO - [2026-06-18T08:37:06.814+0000] {dag.py:3096} INFO - Sync 1 DAGs
[2026-06-18T08:37:06.874+0000] {logging_mixin.py:188} INFO - [2026-06-18T08:37:06.874+0000] {dag.py:3954} INFO - Setting next_dagrun for weather_etl_pipeline to 2026-06-18 00:00:00+00:00, run_after=2026-06-19 00:00:00+00:00
[2026-06-18T08:37:06.935+0000] {processor.py:183} INFO - Processing /opt/airflow/dags/weather_etl_dag.py took 0.302 seconds
[2026-06-18T08:37:17.108+0000] {processor.py:161} INFO - Started process (PID=8173) to work on /opt/airflow/dags/weather_etl_dag.py
[2026-06-18T08:37:17.111+0000] {processor.py:830} INFO - Processing file /opt/airflow/dags/weather_etl_dag.py for tasks to queue
[2026-06-18T08:37:17.115+0000] {logging_mixin.py:188} INFO - [2026-06-18T08:37:17.114+0000] {dagbag.py:545} INFO - Filling up the DagBag from /opt/airflow/dags/weather_etl_dag.py
[2026-06-18T08:37:17.171+0000] {processor.py:840} INFO - DAG(s) 'weather_etl_pipeline' retrieved from /opt/airflow/dags/weather_etl_dag.py
[2026-06-18T08:37:17.241+0000] {logging_mixin.py:188} INFO - [2026-06-18T08:37:17.240+0000] {dag.py:3096} INFO - Sync 1 DAGs
[2026-06-18T08:37:17.290+0000] {logging_mixin.py:188} INFO - [2026-06-18T08:37:17.290+0000] {dag.py:3954} INFO - Setting next_dagrun for weather_etl_pipeline to 2026-06-18 00:00:00+00:00, run_after=2026-06-19 00:00:00+00:00
[2026-06-18T08:37:17.334+0000] {processor.py:183} INFO - Processing /opt/airflow/dags/weather_etl_dag.py took 0.245 seconds
[2026-06-18T08:37:27.871+0000] {processor.py:161} INFO - Started process (PID=8178) to work on /opt/airflow/dags/weather_etl_dag.py
[2026-06-18T08:37:27.873+0000] {processor.py:830} INFO - Processing file /opt/airflow/dags/weather_etl_dag.py for tasks to queue
[2026-06-18T08:37:27.876+0000] {logging_mixin.py:188} INFO - [2026-06-18T08:37:27.875+0000] {dagbag.py:545} INFO - Filling up the DagBag from /opt/airflow/dags/weather_etl_dag.py
[2026-06-18T08:37:27.916+0000] {processor.py:840} INFO - DAG(s) 'weather_etl_pipeline' retrieved from /opt/airflow/dags/weather_etl_dag.py
[2026-06-18T08:37:27.961+0000] {logging_mixin.py:188} INFO - [2026-06-18T08:37:27.961+0000] {dag.py:3096} INFO - Sync 1 DAGs
[2026-06-18T08:37:28.000+0000] {logging_mixin.py:188} INFO - [2026-06-18T08:37:28.000+0000] {dag.py:3954} INFO - Setting next_dagrun for weather_etl_pipeline to 2026-06-18 00:00:00+00:00, run_after=2026-06-19 00:00:00+00:00
[2026-06-18T08:37:28.047+0000] {processor.py:183} INFO - Processing /opt/airflow/dags/weather_etl_dag.py took 0.183 seconds
[2026-06-18T08:37:38.189+0000] {processor.py:161} INFO - Started process (PID=8183) to work on /opt/airflow/dags/weather_etl_dag.py
[2026-06-18T08:37:38.191+0000] {processor.py:830} INFO - Processing file /opt/airflow/dags/weather_etl_dag.py for tasks to queue
[2026-06-18T08:37:38.193+0000] {logging_mixin.py:188} INFO - [2026-06-18T08:37:38.192+0000] {dagbag.py:545} INFO - Filling up the DagBag from /opt/airflow/dags/weather_etl_dag.py
[2026-06-18T08:37:38.236+0000] {processor.py:840} INFO - DAG(s) 'weather_etl_pipeline' retrieved from /opt/airflow/dags/weather_etl_dag.py
[2026-06-18T08:37:38.283+0000] {logging_mixin.py:188} INFO - [2026-06-18T08:37:38.282+0000] {dag.py:3096} INFO - Sync 1 DAGs
[2026-06-18T08:37:38.315+0000] {logging_mixin.py:188} INFO - [2026-06-18T08:37:38.315+0000] {dag.py:3954} INFO - Setting next_dagrun for weather_etl_pipeline to 2026-06-18 00:00:00+00:00, run_after=2026-06-19 00:00:00+00:00
[2026-06-18T08:37:38.349+0000] {processor.py:183} INFO - Processing /opt/airflow/dags/weather_etl_dag.py took 0.170 seconds
[2026-06-18T08:37:48.478+0000] {processor.py:161} INFO - Started process (PID=8188) to work on /opt/airflow/dags/weather_etl_dag.py
[2026-06-18T08:37:48.482+0000] {processor.py:830} INFO - Processing file /opt/airflow/dags/weather_etl_dag.py for tasks to queue
[2026-06-18T08:37:48.485+0000] {logging_mixin.py:188} INFO - [2026-06-18T08:37:48.484+0000] {dagbag.py:545} INFO - Filling up the DagBag from /opt/airflow/dags/weather_etl_dag.py
[2026-06-18T08:37:48.528+0000] {processor.py:840} INFO - DAG(s) 'weather_etl_pipeline' retrieved from /opt/airflow/dags/weather_etl_dag.py
[2026-06-18T08:37:48.575+0000] {logging_mixin.py:188} INFO - [2026-06-18T08:37:48.574+0000] {dag.py:3096} INFO - Sync 1 DAGs
[2026-06-18T08:37:48.617+0000] {logging_mixin.py:188} INFO - [2026-06-18T08:37:48.616+0000] {dag.py:3954} INFO - Setting next_dagrun for weather_etl_pipeline to 2026-06-18 00:00:00+00:00, run_after=2026-06-19 00:00:00+00:00
[2026-06-18T08:37:48.647+0000] {processor.py:183} INFO - Processing /opt/airflow/dags/weather_etl_dag.py took 0.180 seconds
[2026-06-18T08:37:59.321+0000] {processor.py:161} INFO - Started process (PID=8193) to work on /opt/airflow/dags/weather_etl_dag.py
[2026-06-18T08:37:59.324+0000] {processor.py:830} INFO - Processing file /opt/airflow/dags/weather_etl_dag.py for tasks to queue
[2026-06-18T08:37:59.327+0000] {logging_mixin.py:188} INFO - [2026-06-18T08:37:59.326+0000] {dagbag.py:545} INFO - Filling up the DagBag from /opt/airflow/dags/weather_etl_dag.py
[2026-06-18T08:37:59.383+0000] {processor.py:840} INFO - DAG(s) 'weather_etl_pipeline' retrieved from /opt/airflow/dags/weather_etl_dag.py
[2026-06-18T08:37:59.448+0000] {logging_mixin.py:188} INFO - [2026-06-18T08:37:59.447+0000] {dag.py:3096} INFO - Sync 1 DAGs
[2026-06-18T08:37:59.539+0000] {logging_mixin.py:188} INFO - [2026-06-18T08:37:59.536+0000] {dag.py:3954} INFO - Setting next_dagrun for weather_etl_pipeline to 2026-06-18 00:00:00+00:00, run_after=2026-06-19 00:00:00+00:00
[2026-06-18T08:37:59.598+0000] {processor.py:183} INFO - Processing /opt/airflow/dags/weather_etl_dag.py took 0.296 seconds
[2026-06-18T08:38:09.836+0000] {processor.py:161} INFO - Started process (PID=8198) to work on /opt/airflow/dags/weather_etl_dag.py
[2026-06-18T08:38:09.839+0000] {processor.py:830} INFO - Processing file /opt/airflow/dags/weather_etl_dag.py for tasks to queue
[2026-06-18T08:38:09.843+0000] {logging_mixin.py:188} INFO - [2026-06-18T08:38:09.842+0000] {dagbag.py:545} INFO - Filling up the DagBag from /opt/airflow/dags/weather_etl_dag.py
[2026-06-18T08:38:09.927+0000] {processor.py:840} INFO - DAG(s) 'weather_etl_pipeline' retrieved from /opt/airflow/dags/weather_etl_dag.py
[2026-06-18T08:38:10.027+0000] {logging_mixin.py:188} INFO - [2026-06-18T08:38:10.027+0000] {dag.py:3096} INFO - Sync 1 DAGs
[2026-06-18T08:38:10.103+0000] {logging_mixin.py:188} INFO - [2026-06-18T08:38:10.102+0000] {dag.py:3954} INFO - Setting next_dagrun for weather_etl_pipeline to 2026-06-18 00:00:00+00:00, run_after=2026-06-19 00:00:00+00:00
[2026-06-18T08:38:10.183+0000] {processor.py:183} INFO - Processing /opt/airflow/dags/weather_etl_dag.py took 0.363 seconds
[2026-06-18T08:38:20.396+0000] {processor.py:161} INFO - Started process (PID=8203) to work on /opt/airflow/dags/weather_etl_dag.py
[2026-06-18T08:38:20.398+0000] {processor.py:830} INFO - Processing file /opt/airflow/dags/weather_etl_dag.py for tasks to queue
[2026-06-18T08:38:20.403+0000] {logging_mixin.py:188} INFO - [2026-06-18T08:38:20.402+0000] {dagbag.py:545} INFO - Filling up the DagBag from /opt/airflow/dags/weather_etl_dag.py
[2026-06-18T08:38:20.457+0000] {processor.py:840} INFO - DAG(s) 'weather_etl_pipeline' retrieved from /opt/airflow/dags/weather_etl_dag.py
[2026-06-18T08:38:20.529+0000] {logging_mixin.py:188} INFO - [2026-06-18T08:38:20.529+0000] {dag.py:3096} INFO - Sync 1 DAGs
[2026-06-18T08:38:20.626+0000] {logging_mixin.py:188} INFO - [2026-06-18T08:38:20.625+0000] {dag.py:3954} INFO - Setting next_dagrun for weather_etl_pipeline to 2026-06-18 00:00:00+00:00, run_after=2026-06-19 00:00:00+00:00
[2026-06-18T08:38:20.704+0000] {processor.py:183} INFO - Processing /opt/airflow/dags/weather_etl_dag.py took 0.326 seconds
[2026-06-18T08:38:31.248+0000] {processor.py:161} INFO - Started process (PID=8208) to work on /opt/airflow/dags/weather_etl_dag.py
[2026-06-18T08:38:31.261+0000] {processor.py:830} INFO - Processing file /opt/airflow/dags/weather_etl_dag.py for tasks to queue
[2026-06-18T08:38:31.265+0000] {logging_mixin.py:188} INFO - [2026-06-18T08:38:31.264+0000] {dagbag.py:545} INFO - Filling up the DagBag from /opt/airflow/dags/weather_etl_dag.py
[2026-06-18T08:38:31.438+0000] {processor.py:840} INFO - DAG(s) 'weather_etl_pipeline' retrieved from /opt/airflow/dags/weather_etl_dag.py
[2026-06-18T08:38:31.518+0000] {logging_mixin.py:188} INFO - [2026-06-18T08:38:31.518+0000] {dag.py:3096} INFO - Sync 1 DAGs
[2026-06-18T08:38:31.606+0000] {logging_mixin.py:188} INFO - [2026-06-18T08:38:31.605+0000] {dag.py:3954} INFO - Setting next_dagrun for weather_etl_pipeline to 2026-06-18 00:00:00+00:00, run_after=2026-06-19 00:00:00+00:00
[2026-06-18T08:38:31.668+0000] {processor.py:183} INFO - Processing /opt/airflow/dags/weather_etl_dag.py took 0.442 seconds
[2026-06-18T08:38:41.818+0000] {processor.py:161} INFO - Started process (PID=8213) to work on /opt/airflow/dags/weather_etl_dag.py
[2026-06-18T08:38:41.821+0000] {processor.py:830} INFO - Processing file /opt/airflow/dags/weather_etl_dag.py for tasks to queue
[2026-06-18T08:38:41.823+0000] {logging_mixin.py:188} INFO - [2026-06-18T08:38:41.822+0000] {dagbag.py:545} INFO - Filling up the DagBag from /opt/airflow/dags/weather_etl_dag.py
[2026-06-18T08:38:41.866+0000] {processor.py:840} INFO - DAG(s) 'weather_etl_pipeline' retrieved from /opt/airflow/dags/weather_etl_dag.py
[2026-06-18T08:38:41.914+0000] {logging_mixin.py:188} INFO - [2026-06-18T08:38:41.913+0000] {dag.py:3096} INFO - Sync 1 DAGs
[2026-06-18T08:38:41.952+0000] {logging_mixin.py:188} INFO - [2026-06-18T08:38:41.952+0000] {dag.py:3954} INFO - Setting next_dagrun for weather_etl_pipeline to 2026-06-18 00:00:00+00:00, run_after=2026-06-19 00:00:00+00:00
[2026-06-18T08:38:41.992+0000] {processor.py:183} INFO - Processing /opt/airflow/dags/weather_etl_dag.py took 0.187 seconds
[2026-06-18T08:38:52.369+0000] {processor.py:161} INFO - Started process (PID=8218) to work on /opt/airflow/dags/weather_etl_dag.py
[2026-06-18T08:38:52.380+0000] {processor.py:830} INFO - Processing file /opt/airflow/dags/weather_etl_dag.py for tasks to queue
[2026-06-18T08:38:52.383+0000] {logging_mixin.py:188} INFO - [2026-06-18T08:38:52.382+0000] {dagbag.py:545} INFO - Filling up the DagBag from /opt/airflow/dags/weather_etl_dag.py
[2026-06-18T08:38:52.508+0000] {processor.py:840} INFO - DAG(s) 'weather_etl_pipeline' retrieved from /opt/airflow/dags/weather_etl_dag.py
[2026-06-18T08:38:52.687+0000] {logging_mixin.py:188} INFO - [2026-06-18T08:38:52.687+0000] {dag.py:3096} INFO - Sync 1 DAGs
[2026-06-18T08:38:52.806+0000] {logging_mixin.py:188} INFO - [2026-06-18T08:38:52.806+0000] {dag.py:3954} INFO - Setting next_dagrun for weather_etl_pipeline to 2026-06-18 00:00:00+00:00, run_after=2026-06-19 00:00:00+00:00
[2026-06-18T08:38:52.872+0000] {processor.py:183} INFO - Processing /opt/airflow/dags/weather_etl_dag.py took 0.531 seconds
[2026-06-18T08:39:04.118+0000] {processor.py:161} INFO - Started process (PID=8223) to work on /opt/airflow/dags/weather_etl_dag.py
[2026-06-18T08:39:04.123+0000] {processor.py:830} INFO - Processing file /opt/airflow/dags/weather_etl_dag.py for tasks to queue
[2026-06-18T08:39:04.130+0000] {logging_mixin.py:188} INFO - [2026-06-18T08:39:04.128+0000] {dagbag.py:545} INFO - Filling up the DagBag from /opt/airflow/dags/weather_etl_dag.py
[2026-06-18T08:39:04.191+0000] {processor.py:840} INFO - DAG(s) 'weather_etl_pipeline' retrieved from /opt/airflow/dags/weather_etl_dag.py
[2026-06-18T08:39:04.288+0000] {logging_mixin.py:188} INFO - [2026-06-18T08:39:04.287+0000] {dag.py:3096} INFO - Sync 1 DAGs
[2026-06-18T08:39:04.343+0000] {logging_mixin.py:188} INFO - [2026-06-18T08:39:04.343+0000] {dag.py:3954} INFO - Setting next_dagrun for weather_etl_pipeline to 2026-06-18 00:00:00+00:00, run_after=2026-06-19 00:00:00+00:00
[2026-06-18T08:39:04.387+0000] {processor.py:183} INFO - Processing /opt/airflow/dags/weather_etl_dag.py took 0.301 seconds
[2026-06-18T08:39:14.578+0000] {processor.py:161} INFO - Started process (PID=8228) to work on /opt/airflow/dags/weather_etl_dag.py
[2026-06-18T08:39:14.581+0000] {processor.py:830} INFO - Processing file /opt/airflow/dags/weather_etl_dag.py for tasks to queue
[2026-06-18T08:39:14.585+0000] {logging_mixin.py:188} INFO - [2026-06-18T08:39:14.584+0000] {dagbag.py:545} INFO - Filling up the DagBag from /opt/airflow/dags/weather_etl_dag.py
[2026-06-18T08:39:14.676+0000] {processor.py:840} INFO - DAG(s) 'weather_etl_pipeline' retrieved from /opt/airflow/dags/weather_etl_dag.py
[2026-06-18T08:39:14.752+0000] {logging_mixin.py:188} INFO - [2026-06-18T08:39:14.749+0000] {dag.py:3096} INFO - Sync 1 DAGs
[2026-06-18T08:39:14.818+0000] {logging_mixin.py:188} INFO - [2026-06-18T08:39:14.818+0000] {dag.py:3954} INFO - Setting next_dagrun for weather_etl_pipeline to 2026-06-18 00:00:00+00:00, run_after=2026-06-19 00:00:00+00:00
[2026-06-18T08:39:14.859+0000] {processor.py:183} INFO - Processing /opt/airflow/dags/weather_etl_dag.py took 0.296 seconds
[2026-06-18T08:39:25.068+0000] {processor.py:161} INFO - Started process (PID=8233) to work on /opt/airflow/dags/weather_etl_dag.py
[2026-06-18T08:39:25.070+0000] {processor.py:830} INFO - Processing file /opt/airflow/dags/weather_etl_dag.py for tasks to queue
[2026-06-18T08:39:25.074+0000] {logging_mixin.py:188} INFO - [2026-06-18T08:39:25.073+0000] {dagbag.py:545} INFO - Filling up the DagBag from /opt/airflow/dags/weather_etl_dag.py
[2026-06-18T08:39:25.128+0000] {processor.py:840} INFO - DAG(s) 'weather_etl_pipeline' retrieved from /opt/airflow/dags/weather_etl_dag.py
[2026-06-18T08:39:25.188+0000] {logging_mixin.py:188} INFO - [2026-06-18T08:39:25.188+0000] {dag.py:3096} INFO - Sync 1 DAGs
[2026-06-18T08:39:25.237+0000] {logging_mixin.py:188} INFO - [2026-06-18T08:39:25.237+0000] {dag.py:3954} INFO - Setting next_dagrun for weather_etl_pipeline to 2026-06-18 00:00:00+00:00, run_after=2026-06-19 00:00:00+00:00
[2026-06-18T08:39:25.287+0000] {processor.py:183} INFO - Processing /opt/airflow/dags/weather_etl_dag.py took 0.235 seconds
[2026-06-18T08:39:36.126+0000] {processor.py:161} INFO - Started process (PID=8238) to work on /opt/airflow/dags/weather_etl_dag.py
[2026-06-18T08:39:36.128+0000] {processor.py:830} INFO - Processing file /opt/airflow/dags/weather_etl_dag.py for tasks to queue
[2026-06-18T08:39:36.131+0000] {logging_mixin.py:188} INFO - [2026-06-18T08:39:36.131+0000] {dagbag.py:545} INFO - Filling up the DagBag from /opt/airflow/dags/weather_etl_dag.py
[2026-06-18T08:39:36.192+0000] {processor.py:840} INFO - DAG(s) 'weather_etl_pipeline' retrieved from /opt/airflow/dags/weather_etl_dag.py
[2026-06-18T08:39:36.250+0000] {logging_mixin.py:188} INFO - [2026-06-18T08:39:36.250+0000] {dag.py:3096} INFO - Sync 1 DAGs
[2026-06-18T08:39:36.289+0000] {logging_mixin.py:188} INFO - [2026-06-18T08:39:36.289+0000] {dag.py:3954} INFO - Setting next_dagrun for weather_etl_pipeline to 2026-06-18 00:00:00+00:00, run_after=2026-06-19 00:00:00+00:00
[2026-06-18T08:39:36.323+0000] {processor.py:183} INFO - Processing /opt/airflow/dags/weather_etl_dag.py took 0.212 seconds
[2026-06-18T08:39:46.556+0000] {processor.py:161} INFO - Started process (PID=8243) to work on /opt/airflow/dags/weather_etl_dag.py
[2026-06-18T08:39:46.559+0000] {processor.py:830} INFO - Processing file /opt/airflow/dags/weather_etl_dag.py for tasks to queue
[2026-06-18T08:39:46.563+0000] {logging_mixin.py:188} INFO - [2026-06-18T08:39:46.562+0000] {dagbag.py:545} INFO - Filling up the DagBag from /opt/airflow/dags/weather_etl_dag.py
[2026-06-18T08:39:46.614+0000] {processor.py:840} INFO - DAG(s) 'weather_etl_pipeline' retrieved from /opt/airflow/dags/weather_etl_dag.py
[2026-06-18T08:39:46.697+0000] {logging_mixin.py:188} INFO - [2026-06-18T08:39:46.696+0000] {dag.py:3096} INFO - Sync 1 DAGs
[2026-06-18T08:39:46.767+0000] {logging_mixin.py:188} INFO - [2026-06-18T08:39:46.767+0000] {dag.py:3954} INFO - Setting next_dagrun for weather_etl_pipeline to 2026-06-18 00:00:00+00:00, run_after=2026-06-19 00:00:00+00:00
[2026-06-18T08:39:46.810+0000] {processor.py:183} INFO - Processing /opt/airflow/dags/weather_etl_dag.py took 0.272 seconds
[2026-06-18T08:39:57.013+0000] {processor.py:161} INFO - Started process (PID=8248) to work on /opt/airflow/dags/weather_etl_dag.py
[2026-06-18T08:39:57.023+0000] {processor.py:830} INFO - Processing file /opt/airflow/dags/weather_etl_dag.py for tasks to queue
[2026-06-18T08:39:57.033+0000] {logging_mixin.py:188} INFO - [2026-06-18T08:39:57.032+0000] {dagbag.py:545} INFO - Filling up the DagBag from /opt/airflow/dags/weather_etl_dag.py
[2026-06-18T08:39:57.149+0000] {processor.py:840} INFO - DAG(s) 'weather_etl_pipeline' retrieved from /opt/airflow/dags/weather_etl_dag.py
[2026-06-18T08:39:57.286+0000] {logging_mixin.py:188} INFO - [2026-06-18T08:39:57.286+0000] {dag.py:3096} INFO - Sync 1 DAGs
[2026-06-18T08:39:57.364+0000] {logging_mixin.py:188} INFO - [2026-06-18T08:39:57.364+0000] {dag.py:3954} INFO - Setting next_dagrun for weather_etl_pipeline to 2026-06-18 00:00:00+00:00, run_after=2026-06-19 00:00:00+00:00
[2026-06-18T08:39:57.474+0000] {processor.py:183} INFO - Processing /opt/airflow/dags/weather_etl_dag.py took 0.486 seconds
[2026-06-18T08:40:08.813+0000] {processor.py:161} INFO - Started process (PID=8253) to work on /opt/airflow/dags/weather_etl_dag.py
[2026-06-18T08:40:08.816+0000] {processor.py:830} INFO - Processing file /opt/airflow/dags/weather_etl_dag.py for tasks to queue
[2026-06-18T08:40:08.820+0000] {logging_mixin.py:188} INFO - [2026-06-18T08:40:08.819+0000] {dagbag.py:545} INFO - Filling up the DagBag from /opt/airflow/dags/weather_etl_dag.py
[2026-06-18T08:40:08.876+0000] {processor.py:840} INFO - DAG(s) 'weather_etl_pipeline' retrieved from /opt/airflow/dags/weather_etl_dag.py
[2026-06-18T08:40:08.996+0000] {logging_mixin.py:188} INFO - [2026-06-18T08:40:08.995+0000] {dag.py:3096} INFO - Sync 1 DAGs
[2026-06-18T08:40:09.120+0000] {logging_mixin.py:188} INFO - [2026-06-18T08:40:09.119+0000] {dag.py:3954} INFO - Setting next_dagrun for weather_etl_pipeline to 2026-06-18 00:00:00+00:00, run_after=2026-06-19 00:00:00+00:00
[2026-06-18T08:40:09.264+0000] {processor.py:183} INFO - Processing /opt/airflow/dags/weather_etl_dag.py took 0.470 seconds
[2026-06-18T08:40:19.477+0000] {processor.py:161} INFO - Started process (PID=8258) to work on /opt/airflow/dags/weather_etl_dag.py
[2026-06-18T08:40:19.480+0000] {processor.py:830} INFO - Processing file /opt/airflow/dags/weather_etl_dag.py for tasks to queue
[2026-06-18T08:40:19.483+0000] {logging_mixin.py:188} INFO - [2026-06-18T08:40:19.482+0000] {dagbag.py:545} INFO - Filling up the DagBag from /opt/airflow/dags/weather_etl_dag.py
[2026-06-18T08:40:19.540+0000] {processor.py:840} INFO - DAG(s) 'weather_etl_pipeline' retrieved from /opt/airflow/dags/weather_etl_dag.py
[2026-06-18T08:40:19.613+0000] {logging_mixin.py:188} INFO - [2026-06-18T08:40:19.613+0000] {dag.py:3096} INFO - Sync 1 DAGs
[2026-06-18T08:40:19.683+0000] {logging_mixin.py:188} INFO - [2026-06-18T08:40:19.683+0000] {dag.py:3954} INFO - Setting next_dagrun for weather_etl_pipeline to 2026-06-18 00:00:00+00:00, run_after=2026-06-19 00:00:00+00:00
[2026-06-18T08:40:19.748+0000] {processor.py:183} INFO - Processing /opt/airflow/dags/weather_etl_dag.py took 0.284 seconds
[2026-06-18T08:40:29.940+0000] {processor.py:161} INFO - Started process (PID=8263) to work on /opt/airflow/dags/weather_etl_dag.py
[2026-06-18T08:40:29.942+0000] {processor.py:830} INFO - Processing file /opt/airflow/dags/weather_etl_dag.py for tasks to queue
[2026-06-18T08:40:29.946+0000] {logging_mixin.py:188} INFO - [2026-06-18T08:40:29.945+0000] {dagbag.py:545} INFO - Filling up the DagBag from /opt/airflow/dags/weather_etl_dag.py
[2026-06-18T08:40:29.992+0000] {processor.py:840} INFO - DAG(s) 'weather_etl_pipeline' retrieved from /opt/airflow/dags/weather_etl_dag.py
[2026-06-18T08:40:30.048+0000] {logging_mixin.py:188} INFO - [2026-06-18T08:40:30.048+0000] {dag.py:3096} INFO - Sync 1 DAGs
[2026-06-18T08:40:30.098+0000] {logging_mixin.py:188} INFO - [2026-06-18T08:40:30.097+0000] {dag.py:3954} INFO - Setting next_dagrun for weather_etl_pipeline to 2026-06-18 00:00:00+00:00, run_after=2026-06-19 00:00:00+00:00
[2026-06-18T08:40:30.142+0000] {processor.py:183} INFO - Processing /opt/airflow/dags/weather_etl_dag.py took 0.218 seconds
[2026-06-18T08:40:40.853+0000] {processor.py:161} INFO - Started process (PID=8268) to work on /opt/airflow/dags/weather_etl_dag.py
[2026-06-18T08:40:40.856+0000] {processor.py:830} INFO - Processing file /opt/airflow/dags/weather_etl_dag.py for tasks to queue
[2026-06-18T08:40:40.858+0000] {logging_mixin.py:188} INFO - [2026-06-18T08:40:40.858+0000] {dagbag.py:545} INFO - Filling up the DagBag from /opt/airflow/dags/weather_etl_dag.py
[2026-06-18T08:40:40.918+0000] {processor.py:840} INFO - DAG(s) 'weather_etl_pipeline' retrieved from /opt/airflow/dags/weather_etl_dag.py
[2026-06-18T08:40:40.983+0000] {logging_mixin.py:188} INFO - [2026-06-18T08:40:40.982+0000] {dag.py:3096} INFO - Sync 1 DAGs
[2026-06-18T08:40:41.031+0000] {logging_mixin.py:188} INFO - [2026-06-18T08:40:41.031+0000] {dag.py:3954} INFO - Setting next_dagrun for weather_etl_pipeline to 2026-06-18 00:00:00+00:00, run_after=2026-06-19 00:00:00+00:00
[2026-06-18T08:40:41.072+0000] {processor.py:183} INFO - Processing /opt/airflow/dags/weather_etl_dag.py took 0.235 seconds
[2026-06-18T08:40:51.283+0000] {processor.py:161} INFO - Started process (PID=8273) to work on /opt/airflow/dags/weather_etl_dag.py
[2026-06-18T08:40:51.287+0000] {processor.py:830} INFO - Processing file /opt/airflow/dags/weather_etl_dag.py for tasks to queue
[2026-06-18T08:40:51.291+0000] {logging_mixin.py:188} INFO - [2026-06-18T08:40:51.290+0000] {dagbag.py:545} INFO - Filling up the DagBag from /opt/airflow/dags/weather_etl_dag.py
[2026-06-18T08:40:51.354+0000] {processor.py:840} INFO - DAG(s) 'weather_etl_pipeline' retrieved from /opt/airflow/dags/weather_etl_dag.py
[2026-06-18T08:40:51.437+0000] {logging_mixin.py:188} INFO - [2026-06-18T08:40:51.437+0000] {dag.py:3096} INFO - Sync 1 DAGs
[2026-06-18T08:40:51.522+0000] {logging_mixin.py:188} INFO - [2026-06-18T08:40:51.521+0000] {dag.py:3954} INFO - Setting next_dagrun for weather_etl_pipeline to 2026-06-18 00:00:00+00:00, run_after=2026-06-19 00:00:00+00:00
[2026-06-18T08:40:51.573+0000] {processor.py:183} INFO - Processing /opt/airflow/dags/weather_etl_dag.py took 0.309 seconds
[2026-06-18T08:41:01.780+0000] {processor.py:161} INFO - Started process (PID=8278) to work on /opt/airflow/dags/weather_etl_dag.py
[2026-06-18T08:41:01.783+0000] {processor.py:830} INFO - Processing file /opt/airflow/dags/weather_etl_dag.py for tasks to queue
[2026-06-18T08:41:01.786+0000] {logging_mixin.py:188} INFO - [2026-06-18T08:41:01.785+0000] {dagbag.py:545} INFO - Filling up the DagBag from /opt/airflow/dags/weather_etl_dag.py
[2026-06-18T08:41:01.842+0000] {processor.py:840} INFO - DAG(s) 'weather_etl_pipeline' retrieved from /opt/airflow/dags/weather_etl_dag.py
[2026-06-18T08:41:01.950+0000] {logging_mixin.py:188} INFO - [2026-06-18T08:41:01.949+0000] {dag.py:3096} INFO - Sync 1 DAGs
[2026-06-18T08:41:02.017+0000] {logging_mixin.py:188} INFO - [2026-06-18T08:41:02.017+0000] {dag.py:3954} INFO - Setting next_dagrun for weather_etl_pipeline to 2026-06-18 00:00:00+00:00, run_after=2026-06-19 00:00:00+00:00
[2026-06-18T08:41:02.077+0000] {processor.py:183} INFO - Processing /opt/airflow/dags/weather_etl_dag.py took 0.308 seconds
[2026-06-18T08:41:12.527+0000] {processor.py:161} INFO - Started process (PID=8283) to work on /opt/airflow/dags/weather_etl_dag.py
[2026-06-18T08:41:12.529+0000] {processor.py:830} INFO - Processing file /opt/airflow/dags/weather_etl_dag.py for tasks to queue
[2026-06-18T08:41:12.532+0000] {logging_mixin.py:188} INFO - [2026-06-18T08:41:12.532+0000] {dagbag.py:545} INFO - Filling up the DagBag from /opt/airflow/dags/weather_etl_dag.py
[2026-06-18T08:41:12.574+0000] {processor.py:840} INFO - DAG(s) 'weather_etl_pipeline' retrieved from /opt/airflow/dags/weather_etl_dag.py
[2026-06-18T08:41:12.631+0000] {logging_mixin.py:188} INFO - [2026-06-18T08:41:12.630+0000] {dag.py:3096} INFO - Sync 1 DAGs
[2026-06-18T08:41:12.696+0000] {logging_mixin.py:188} INFO - [2026-06-18T08:41:12.696+0000] {dag.py:3954} INFO - Setting next_dagrun for weather_etl_pipeline to 2026-06-18 00:00:00+00:00, run_after=2026-06-19 00:00:00+00:00
[2026-06-18T08:41:12.747+0000] {processor.py:183} INFO - Processing /opt/airflow/dags/weather_etl_dag.py took 0.230 seconds
[2026-06-18T08:41:23.007+0000] {processor.py:161} INFO - Started process (PID=8288) to work on /opt/airflow/dags/weather_etl_dag.py
[2026-06-18T08:41:23.011+0000] {processor.py:830} INFO - Processing file /opt/airflow/dags/weather_etl_dag.py for tasks to queue
[2026-06-18T08:41:23.016+0000] {logging_mixin.py:188} INFO - [2026-06-18T08:41:23.014+0000] {dagbag.py:545} INFO - Filling up the DagBag from /opt/airflow/dags/weather_etl_dag.py
[2026-06-18T08:41:23.207+0000] {processor.py:840} INFO - DAG(s) 'weather_etl_pipeline' retrieved from /opt/airflow/dags/weather_etl_dag.py
[2026-06-18T08:41:23.344+0000] {logging_mixin.py:188} INFO - [2026-06-18T08:41:23.334+0000] {dag.py:3096} INFO - Sync 1 DAGs
[2026-06-18T08:41:23.490+0000] {logging_mixin.py:188} INFO - [2026-06-18T08:41:23.490+0000] {dag.py:3954} INFO - Setting next_dagrun for weather_etl_pipeline to 2026-06-18 00:00:00+00:00, run_after=2026-06-19 00:00:00+00:00
[2026-06-18T08:41:23.542+0000] {processor.py:183} INFO - Processing /opt/airflow/dags/weather_etl_dag.py took 0.566 seconds
[2026-06-18T08:41:33.739+0000] {processor.py:161} INFO - Started process (PID=8293) to work on /opt/airflow/dags/weather_etl_dag.py
[2026-06-18T08:41:33.741+0000] {processor.py:830} INFO - Processing file /opt/airflow/dags/weather_etl_dag.py for tasks to queue
[2026-06-18T08:41:33.744+0000] {logging_mixin.py:188} INFO - [2026-06-18T08:41:33.743+0000] {dagbag.py:545} INFO - Filling up the DagBag from /opt/airflow/dags/weather_etl_dag.py
[2026-06-18T08:41:33.814+0000] {processor.py:840} INFO - DAG(s) 'weather_etl_pipeline' retrieved from /opt/airflow/dags/weather_etl_dag.py
[2026-06-18T08:41:33.876+0000] {logging_mixin.py:188} INFO - [2026-06-18T08:41:33.875+0000] {dag.py:3096} INFO - Sync 1 DAGs
[2026-06-18T08:41:33.931+0000] {logging_mixin.py:188} INFO - [2026-06-18T08:41:33.931+0000] {dag.py:3954} INFO - Setting next_dagrun for weather_etl_pipeline to 2026-06-18 00:00:00+00:00, run_after=2026-06-19 00:00:00+00:00
[2026-06-18T08:41:33.964+0000] {processor.py:183} INFO - Processing /opt/airflow/dags/weather_etl_dag.py took 0.237 seconds
[2026-06-18T08:41:44.618+0000] {processor.py:161} INFO - Started process (PID=8298) to work on /opt/airflow/dags/weather_etl_dag.py
[2026-06-18T08:41:44.622+0000] {processor.py:830} INFO - Processing file /opt/airflow/dags/weather_etl_dag.py for tasks to queue
[2026-06-18T08:41:44.626+0000] {logging_mixin.py:188} INFO - [2026-06-18T08:41:44.625+0000] {dagbag.py:545} INFO - Filling up the DagBag from /opt/airflow/dags/weather_etl_dag.py
[2026-06-18T08:41:44.701+0000] {processor.py:840} INFO - DAG(s) 'weather_etl_pipeline' retrieved from /opt/airflow/dags/weather_etl_dag.py
[2026-06-18T08:41:44.822+0000] {logging_mixin.py:188} INFO - [2026-06-18T08:41:44.822+0000] {dag.py:3096} INFO - Sync 1 DAGs
[2026-06-18T08:41:44.883+0000] {logging_mixin.py:188} INFO - [2026-06-18T08:41:44.883+0000] {dag.py:3954} INFO - Setting next_dagrun for weather_etl_pipeline to 2026-06-18 00:00:00+00:00, run_after=2026-06-19 00:00:00+00:00
[2026-06-18T08:41:44.926+0000] {processor.py:183} INFO - Processing /opt/airflow/dags/weather_etl_dag.py took 0.330 seconds
[2026-06-18T08:41:55.128+0000] {processor.py:161} INFO - Started process (PID=8303) to work on /opt/airflow/dags/weather_etl_dag.py
[2026-06-18T08:41:55.131+0000] {processor.py:830} INFO - Processing file /opt/airflow/dags/weather_etl_dag.py for tasks to queue
[2026-06-18T08:41:55.133+0000] {logging_mixin.py:188} INFO - [2026-06-18T08:41:55.133+0000] {dagbag.py:545} INFO - Filling up the DagBag from /opt/airflow/dags/weather_etl_dag.py
[2026-06-18T08:41:55.195+0000] {processor.py:840} INFO - DAG(s) 'weather_etl_pipeline' retrieved from /opt/airflow/dags/weather_etl_dag.py
[2026-06-18T08:41:55.256+0000] {logging_mixin.py:188} INFO - [2026-06-18T08:41:55.256+0000] {dag.py:3096} INFO - Sync 1 DAGs
[2026-06-18T08:41:55.312+0000] {logging_mixin.py:188} INFO - [2026-06-18T08:41:55.312+0000] {dag.py:3954} INFO - Setting next_dagrun for weather_etl_pipeline to 2026-06-18 00:00:00+00:00, run_after=2026-06-19 00:00:00+00:00
[2026-06-18T08:41:55.357+0000] {processor.py:183} INFO - Processing /opt/airflow/dags/weather_etl_dag.py took 0.241 seconds
[2026-06-18T08:42:05.550+0000] {processor.py:161} INFO - Started process (PID=8308) to work on /opt/airflow/dags/weather_etl_dag.py
[2026-06-18T08:42:05.555+0000] {processor.py:830} INFO - Processing file /opt/airflow/dags/weather_etl_dag.py for tasks to queue
[2026-06-18T08:42:05.559+0000] {logging_mixin.py:188} INFO - [2026-06-18T08:42:05.558+0000] {dagbag.py:545} INFO - Filling up the DagBag from /opt/airflow/dags/weather_etl_dag.py
[2026-06-18T08:42:05.622+0000] {processor.py:840} INFO - DAG(s) 'weather_etl_pipeline' retrieved from /opt/airflow/dags/weather_etl_dag.py
[2026-06-18T08:42:05.735+0000] {logging_mixin.py:188} INFO - [2026-06-18T08:42:05.735+0000] {dag.py:3096} INFO - Sync 1 DAGs
[2026-06-18T08:42:05.879+0000] {logging_mixin.py:188} INFO - [2026-06-18T08:42:05.878+0000] {dag.py:3954} INFO - Setting next_dagrun for weather_etl_pipeline to 2026-06-18 00:00:00+00:00, run_after=2026-06-19 00:00:00+00:00
[2026-06-18T08:42:06.249+0000] {processor.py:183} INFO - Processing /opt/airflow/dags/weather_etl_dag.py took 0.712 seconds
[2026-06-18T08:42:17.099+0000] {processor.py:161} INFO - Started process (PID=8313) to work on /opt/airflow/dags/weather_etl_dag.py
[2026-06-18T08:42:17.103+0000] {processor.py:830} INFO - Processing file /opt/airflow/dags/weather_etl_dag.py for tasks to queue
[2026-06-18T08:42:17.107+0000] {logging_mixin.py:188} INFO - [2026-06-18T08:42:17.106+0000] {dagbag.py:545} INFO - Filling up the DagBag from /opt/airflow/dags/weather_etl_dag.py
[2026-06-18T08:42:17.171+0000] {processor.py:840} INFO - DAG(s) 'weather_etl_pipeline' retrieved from /opt/airflow/dags/weather_etl_dag.py
[2026-06-18T08:42:17.268+0000] {logging_mixin.py:188} INFO - [2026-06-18T08:42:17.267+0000] {dag.py:3096} INFO - Sync 1 DAGs
[2026-06-18T08:42:17.325+0000] {logging_mixin.py:188} INFO - [2026-06-18T08:42:17.325+0000] {dag.py:3954} INFO - Setting next_dagrun for weather_etl_pipeline to 2026-06-18 00:00:00+00:00, run_after=2026-06-19 00:00:00+00:00
[2026-06-18T08:42:17.370+0000] {processor.py:183} INFO - Processing /opt/airflow/dags/weather_etl_dag.py took 0.285 seconds
[2026-06-18T08:42:27.654+0000] {processor.py:161} INFO - Started process (PID=8318) to work on /opt/airflow/dags/weather_etl_dag.py
[2026-06-18T08:42:27.661+0000] {processor.py:830} INFO - Processing file /opt/airflow/dags/weather_etl_dag.py for tasks to queue
[2026-06-18T08:42:27.666+0000] {logging_mixin.py:188} INFO - [2026-06-18T08:42:27.664+0000] {dagbag.py:545} INFO - Filling up the DagBag from /opt/airflow/dags/weather_etl_dag.py
[2026-06-18T08:42:27.785+0000] {processor.py:840} INFO - DAG(s) 'weather_etl_pipeline' retrieved from /opt/airflow/dags/weather_etl_dag.py
[2026-06-18T08:42:27.899+0000] {logging_mixin.py:188} INFO - [2026-06-18T08:42:27.899+0000] {dag.py:3096} INFO - Sync 1 DAGs
[2026-06-18T08:42:28.005+0000] {logging_mixin.py:188} INFO - [2026-06-18T08:42:28.004+0000] {dag.py:3954} INFO - Setting next_dagrun for weather_etl_pipeline to 2026-06-18 00:00:00+00:00, run_after=2026-06-19 00:00:00+00:00
[2026-06-18T08:42:28.082+0000] {processor.py:183} INFO - Processing /opt/airflow/dags/weather_etl_dag.py took 0.445 seconds
[2026-06-18T08:42:38.280+0000] {processor.py:161} INFO - Started process (PID=8323) to work on /opt/airflow/dags/weather_etl_dag.py
[2026-06-18T08:42:38.282+0000] {processor.py:830} INFO - Processing file /opt/airflow/dags/weather_etl_dag.py for tasks to queue
[2026-06-18T08:42:38.286+0000] {logging_mixin.py:188} INFO - [2026-06-18T08:42:38.285+0000] {dagbag.py:545} INFO - Filling up the DagBag from /opt/airflow/dags/weather_etl_dag.py
[2026-06-18T08:42:38.330+0000] {processor.py:840} INFO - DAG(s) 'weather_etl_pipeline' retrieved from /opt/airflow/dags/weather_etl_dag.py
[2026-06-18T08:42:38.395+0000] {logging_mixin.py:188} INFO - [2026-06-18T08:42:38.394+0000] {dag.py:3096} INFO - Sync 1 DAGs
[2026-06-18T08:42:38.482+0000] {logging_mixin.py:188} INFO - [2026-06-18T08:42:38.482+0000] {dag.py:3954} INFO - Setting next_dagrun for weather_etl_pipeline to 2026-06-18 00:00:00+00:00, run_after=2026-06-19 00:00:00+00:00
[2026-06-18T08:42:38.528+0000] {processor.py:183} INFO - Processing /opt/airflow/dags/weather_etl_dag.py took 0.258 seconds
[2026-06-18T08:42:49.209+0000] {processor.py:161} INFO - Started process (PID=8328) to work on /opt/airflow/dags/weather_etl_dag.py
[2026-06-18T08:42:49.215+0000] {processor.py:830} INFO - Processing file /opt/airflow/dags/weather_etl_dag.py for tasks to queue
[2026-06-18T08:42:49.221+0000] {logging_mixin.py:188} INFO - [2026-06-18T08:42:49.221+0000] {dagbag.py:545} INFO - Filling up the DagBag from /opt/airflow/dags/weather_etl_dag.py
[2026-06-18T08:42:49.379+0000] {processor.py:840} INFO - DAG(s) 'weather_etl_pipeline' retrieved from /opt/airflow/dags/weather_etl_dag.py
[2026-06-18T08:42:49.533+0000] {logging_mixin.py:188} INFO - [2026-06-18T08:42:49.533+0000] {dag.py:3096} INFO - Sync 1 DAGs
[2026-06-18T08:42:49.669+0000] {logging_mixin.py:188} INFO - [2026-06-18T08:42:49.669+0000] {dag.py:3954} INFO - Setting next_dagrun for weather_etl_pipeline to 2026-06-18 00:00:00+00:00, run_after=2026-06-19 00:00:00+00:00
[2026-06-18T08:42:49.763+0000] {processor.py:183} INFO - Processing /opt/airflow/dags/weather_etl_dag.py took 0.631 seconds
[2026-06-18T08:42:59.984+0000] {processor.py:161} INFO - Started process (PID=8333) to work on /opt/airflow/dags/weather_etl_dag.py
[2026-06-18T08:42:59.987+0000] {processor.py:830} INFO - Processing file /opt/airflow/dags/weather_etl_dag.py for tasks to queue
[2026-06-18T08:42:59.991+0000] {logging_mixin.py:188} INFO - [2026-06-18T08:42:59.990+0000] {dagbag.py:545} INFO - Filling up the DagBag from /opt/airflow/dags/weather_etl_dag.py
[2026-06-18T08:43:00.055+0000] {processor.py:840} INFO - DAG(s) 'weather_etl_pipeline' retrieved from /opt/airflow/dags/weather_etl_dag.py
[2026-06-18T08:43:00.158+0000] {logging_mixin.py:188} INFO - [2026-06-18T08:43:00.157+0000] {dag.py:3096} INFO - Sync 1 DAGs
[2026-06-18T08:43:00.252+0000] {logging_mixin.py:188} INFO - [2026-06-18T08:43:00.251+0000] {dag.py:3954} INFO - Setting next_dagrun for weather_etl_pipeline to 2026-06-18 00:00:00+00:00, run_after=2026-06-19 00:00:00+00:00
[2026-06-18T08:43:00.312+0000] {processor.py:183} INFO - Processing /opt/airflow/dags/weather_etl_dag.py took 0.347 seconds
[2026-06-18T08:43:10.489+0000] {processor.py:161} INFO - Started process (PID=8338) to work on /opt/airflow/dags/weather_etl_dag.py
[2026-06-18T08:43:10.492+0000] {processor.py:830} INFO - Processing file /opt/airflow/dags/weather_etl_dag.py for tasks to queue
[2026-06-18T08:43:10.495+0000] {logging_mixin.py:188} INFO - [2026-06-18T08:43:10.494+0000] {dagbag.py:545} INFO - Filling up the DagBag from /opt/airflow/dags/weather_etl_dag.py
[2026-06-18T08:43:10.555+0000] {processor.py:840} INFO - DAG(s) 'weather_etl_pipeline' retrieved from /opt/airflow/dags/weather_etl_dag.py
[2026-06-18T08:43:10.628+0000] {logging_mixin.py:188} INFO - [2026-06-18T08:43:10.628+0000] {dag.py:3096} INFO - Sync 1 DAGs
[2026-06-18T08:43:10.689+0000] {logging_mixin.py:188} INFO - [2026-06-18T08:43:10.689+0000] {dag.py:3954} INFO - Setting next_dagrun for weather_etl_pipeline to 2026-06-18 00:00:00+00:00, run_after=2026-06-19 00:00:00+00:00
[2026-06-18T08:43:10.730+0000] {processor.py:183} INFO - Processing /opt/airflow/dags/weather_etl_dag.py took 0.257 seconds
[2026-06-18T08:43:21.416+0000] {processor.py:161} INFO - Started process (PID=8343) to work on /opt/airflow/dags/weather_etl_dag.py
[2026-06-18T08:43:21.420+0000] {processor.py:830} INFO - Processing file /opt/airflow/dags/weather_etl_dag.py for tasks to queue
[2026-06-18T08:43:21.426+0000] {logging_mixin.py:188} INFO - [2026-06-18T08:43:21.425+0000] {dagbag.py:545} INFO - Filling up the DagBag from /opt/airflow/dags/weather_etl_dag.py
[2026-06-18T08:43:21.526+0000] {processor.py:840} INFO - DAG(s) 'weather_etl_pipeline' retrieved from /opt/airflow/dags/weather_etl_dag.py
[2026-06-18T08:43:21.659+0000] {logging_mixin.py:188} INFO - [2026-06-18T08:43:21.659+0000] {dag.py:3096} INFO - Sync 1 DAGs
[2026-06-18T08:43:21.821+0000] {logging_mixin.py:188} INFO - [2026-06-18T08:43:21.820+0000] {dag.py:3954} INFO - Setting next_dagrun for weather_etl_pipeline to 2026-06-18 00:00:00+00:00, run_after=2026-06-19 00:00:00+00:00
[2026-06-18T08:43:21.942+0000] {processor.py:183} INFO - Processing /opt/airflow/dags/weather_etl_dag.py took 0.561 seconds
[2026-06-18T08:43:32.297+0000] {processor.py:161} INFO - Started process (PID=8348) to work on /opt/airflow/dags/weather_etl_dag.py
[2026-06-18T08:43:32.302+0000] {processor.py:830} INFO - Processing file /opt/airflow/dags/weather_etl_dag.py for tasks to queue
[2026-06-18T08:43:32.306+0000] {logging_mixin.py:188} INFO - [2026-06-18T08:43:32.305+0000] {dagbag.py:545} INFO - Filling up the DagBag from /opt/airflow/dags/weather_etl_dag.py
[2026-06-18T08:43:32.386+0000] {processor.py:840} INFO - DAG(s) 'weather_etl_pipeline' retrieved from /opt/airflow/dags/weather_etl_dag.py
[2026-06-18T08:43:32.457+0000] {logging_mixin.py:188} INFO - [2026-06-18T08:43:32.457+0000] {dag.py:3096} INFO - Sync 1 DAGs
[2026-06-18T08:43:32.575+0000] {logging_mixin.py:188} INFO - [2026-06-18T08:43:32.575+0000] {dag.py:3954} INFO - Setting next_dagrun for weather_etl_pipeline to 2026-06-18 00:00:00+00:00, run_after=2026-06-19 00:00:00+00:00
[2026-06-18T08:43:32.630+0000] {processor.py:183} INFO - Processing /opt/airflow/dags/weather_etl_dag.py took 0.345 seconds
[2026-06-18T08:43:42.939+0000] {processor.py:161} INFO - Started process (PID=8353) to work on /opt/airflow/dags/weather_etl_dag.py
[2026-06-18T08:43:42.943+0000] {processor.py:830} INFO - Processing file /opt/airflow/dags/weather_etl_dag.py for tasks to queue
[2026-06-18T08:43:42.947+0000] {logging_mixin.py:188} INFO - [2026-06-18T08:43:42.946+0000] {dagbag.py:545} INFO - Filling up the DagBag from /opt/airflow/dags/weather_etl_dag.py
[2026-06-18T08:43:43.062+0000] {processor.py:840} INFO - DAG(s) 'weather_etl_pipeline' retrieved from /opt/airflow/dags/weather_etl_dag.py
[2026-06-18T08:43:43.244+0000] {logging_mixin.py:188} INFO - [2026-06-18T08:43:43.243+0000] {dag.py:3096} INFO - Sync 1 DAGs
[2026-06-18T08:43:43.411+0000] {logging_mixin.py:188} INFO - [2026-06-18T08:43:43.411+0000] {dag.py:3954} INFO - Setting next_dagrun for weather_etl_pipeline to 2026-06-18 00:00:00+00:00, run_after=2026-06-19 00:00:00+00:00
[2026-06-18T08:43:43.527+0000] {processor.py:183} INFO - Processing /opt/airflow/dags/weather_etl_dag.py took 0.637 seconds
[2026-06-18T08:43:53.932+0000] {processor.py:161} INFO - Started process (PID=8358) to work on /opt/airflow/dags/weather_etl_dag.py
[2026-06-18T08:43:53.935+0000] {processor.py:830} INFO - Processing file /opt/airflow/dags/weather_etl_dag.py for tasks to queue
[2026-06-18T08:43:53.940+0000] {logging_mixin.py:188} INFO - [2026-06-18T08:43:53.939+0000] {dagbag.py:545} INFO - Filling up the DagBag from /opt/airflow/dags/weather_etl_dag.py
[2026-06-18T08:43:54.071+0000] {processor.py:840} INFO - DAG(s) 'weather_etl_pipeline' retrieved from /opt/airflow/dags/weather_etl_dag.py
[2026-06-18T08:43:54.280+0000] {logging_mixin.py:188} INFO - [2026-06-18T08:43:54.280+0000] {dag.py:3096} INFO - Sync 1 DAGs
[2026-06-18T08:43:54.459+0000] {logging_mixin.py:188} INFO - [2026-06-18T08:43:54.458+0000] {dag.py:3954} INFO - Setting next_dagrun for weather_etl_pipeline to 2026-06-18 00:00:00+00:00, run_after=2026-06-19 00:00:00+00:00
[2026-06-18T08:43:54.725+0000] {processor.py:183} INFO - Processing /opt/airflow/dags/weather_etl_dag.py took 0.829 seconds
[2026-06-18T08:44:05.123+0000] {processor.py:161} INFO - Started process (PID=8363) to work on /opt/airflow/dags/weather_etl_dag.py
[2026-06-18T08:44:05.126+0000] {processor.py:830} INFO - Processing file /opt/airflow/dags/weather_etl_dag.py for tasks to queue
[2026-06-18T08:44:05.132+0000] {logging_mixin.py:188} INFO - [2026-06-18T08:44:05.129+0000] {dagbag.py:545} INFO - Filling up the DagBag from /opt/airflow/dags/weather_etl_dag.py
[2026-06-18T08:44:05.210+0000] {processor.py:840} INFO - DAG(s) 'weather_etl_pipeline' retrieved from /opt/airflow/dags/weather_etl_dag.py
[2026-06-18T08:44:05.307+0000] {logging_mixin.py:188} INFO - [2026-06-18T08:44:05.306+0000] {dag.py:3096} INFO - Sync 1 DAGs
[2026-06-18T08:44:05.420+0000] {logging_mixin.py:188} INFO - [2026-06-18T08:44:05.419+0000] {dag.py:3954} INFO - Setting next_dagrun for weather_etl_pipeline to 2026-06-18 00:00:00+00:00, run_after=2026-06-19 00:00:00+00:00
[2026-06-18T08:44:05.508+0000] {processor.py:183} INFO - Processing /opt/airflow/dags/weather_etl_dag.py took 0.410 seconds
[2026-06-18T08:44:15.707+0000] {processor.py:161} INFO - Started process (PID=8368) to work on /opt/airflow/dags/weather_etl_dag.py
[2026-06-18T08:44:15.709+0000] {processor.py:830} INFO - Processing file /opt/airflow/dags/weather_etl_dag.py for tasks to queue
[2026-06-18T08:44:15.712+0000] {logging_mixin.py:188} INFO - [2026-06-18T08:44:15.711+0000] {dagbag.py:545} INFO - Filling up the DagBag from /opt/airflow/dags/weather_etl_dag.py
[2026-06-18T08:44:15.761+0000] {processor.py:840} INFO - DAG(s) 'weather_etl_pipeline' retrieved from /opt/airflow/dags/weather_etl_dag.py
[2026-06-18T08:44:15.839+0000] {logging_mixin.py:188} INFO - [2026-06-18T08:44:15.838+0000] {dag.py:3096} INFO - Sync 1 DAGs
[2026-06-18T08:44:15.892+0000] {logging_mixin.py:188} INFO - [2026-06-18T08:44:15.892+0000] {dag.py:3954} INFO - Setting next_dagrun for weather_etl_pipeline to 2026-06-18 00:00:00+00:00, run_after=2026-06-19 00:00:00+00:00
[2026-06-18T08:44:15.939+0000] {processor.py:183} INFO - Processing /opt/airflow/dags/weather_etl_dag.py took 0.243 seconds
[2026-06-18T08:44:26.064+0000] {processor.py:161} INFO - Started process (PID=8373) to work on /opt/airflow/dags/weather_etl_dag.py
[2026-06-18T08:44:26.067+0000] {processor.py:830} INFO - Processing file /opt/airflow/dags/weather_etl_dag.py for tasks to queue
[2026-06-18T08:44:26.069+0000] {logging_mixin.py:188} INFO - [2026-06-18T08:44:26.068+0000] {dagbag.py:545} INFO - Filling up the DagBag from /opt/airflow/dags/weather_etl_dag.py
[2026-06-18T08:44:26.112+0000] {processor.py:840} INFO - DAG(s) 'weather_etl_pipeline' retrieved from /opt/airflow/dags/weather_etl_dag.py
[2026-06-18T08:44:26.180+0000] {logging_mixin.py:188} INFO - [2026-06-18T08:44:26.180+0000] {dag.py:3096} INFO - Sync 1 DAGs
[2026-06-18T08:44:26.222+0000] {logging_mixin.py:188} INFO - [2026-06-18T08:44:26.222+0000] {dag.py:3954} INFO - Setting next_dagrun for weather_etl_pipeline to 2026-06-18 00:00:00+00:00, run_after=2026-06-19 00:00:00+00:00
[2026-06-18T08:44:26.256+0000] {processor.py:183} INFO - Processing /opt/airflow/dags/weather_etl_dag.py took 0.203 seconds
[2026-06-18T08:44:36.392+0000] {processor.py:161} INFO - Started process (PID=8378) to work on /opt/airflow/dags/weather_etl_dag.py
[2026-06-18T08:44:36.394+0000] {processor.py:830} INFO - Processing file /opt/airflow/dags/weather_etl_dag.py for tasks to queue
[2026-06-18T08:44:36.396+0000] {logging_mixin.py:188} INFO - [2026-06-18T08:44:36.395+0000] {dagbag.py:545} INFO - Filling up the DagBag from /opt/airflow/dags/weather_etl_dag.py
[2026-06-18T08:44:36.432+0000] {processor.py:840} INFO - DAG(s) 'weather_etl_pipeline' retrieved from /opt/airflow/dags/weather_etl_dag.py
[2026-06-18T08:44:36.479+0000] {logging_mixin.py:188} INFO - [2026-06-18T08:44:36.478+0000] {dag.py:3096} INFO - Sync 1 DAGs
[2026-06-18T08:44:36.513+0000] {logging_mixin.py:188} INFO - [2026-06-18T08:44:36.512+0000] {dag.py:3954} INFO - Setting next_dagrun for weather_etl_pipeline to 2026-06-18 00:00:00+00:00, run_after=2026-06-19 00:00:00+00:00
[2026-06-18T08:44:36.545+0000] {processor.py:183} INFO - Processing /opt/airflow/dags/weather_etl_dag.py took 0.164 seconds
[2026-06-18T08:44:46.685+0000] {processor.py:161} INFO - Started process (PID=8383) to work on /opt/airflow/dags/weather_etl_dag.py
[2026-06-18T08:44:46.687+0000] {processor.py:830} INFO - Processing file /opt/airflow/dags/weather_etl_dag.py for tasks to queue
[2026-06-18T08:44:46.689+0000] {logging_mixin.py:188} INFO - [2026-06-18T08:44:46.689+0000] {dagbag.py:545} INFO - Filling up the DagBag from /opt/airflow/dags/weather_etl_dag.py
[2026-06-18T08:44:46.733+0000] {processor.py:840} INFO - DAG(s) 'weather_etl_pipeline' retrieved from /opt/airflow/dags/weather_etl_dag.py
[2026-06-18T08:44:46.775+0000] {logging_mixin.py:188} INFO - [2026-06-18T08:44:46.774+0000] {dag.py:3096} INFO - Sync 1 DAGs
[2026-06-18T08:44:46.819+0000] {logging_mixin.py:188} INFO - [2026-06-18T08:44:46.819+0000] {dag.py:3954} INFO - Setting next_dagrun for weather_etl_pipeline to 2026-06-18 00:00:00+00:00, run_after=2026-06-19 00:00:00+00:00
[2026-06-18T08:44:46.857+0000] {processor.py:183} INFO - Processing /opt/airflow/dags/weather_etl_dag.py took 0.180 seconds
[2026-06-18T08:44:57.693+0000] {processor.py:161} INFO - Started process (PID=8388) to work on /opt/airflow/dags/weather_etl_dag.py
[2026-06-18T08:44:57.696+0000] {processor.py:830} INFO - Processing file /opt/airflow/dags/weather_etl_dag.py for tasks to queue
[2026-06-18T08:44:57.699+0000] {logging_mixin.py:188} INFO - [2026-06-18T08:44:57.698+0000] {dagbag.py:545} INFO - Filling up the DagBag from /opt/airflow/dags/weather_etl_dag.py
[2026-06-18T08:44:57.768+0000] {processor.py:840} INFO - DAG(s) 'weather_etl_pipeline' retrieved from /opt/airflow/dags/weather_etl_dag.py
[2026-06-18T08:44:57.829+0000] {logging_mixin.py:188} INFO - [2026-06-18T08:44:57.828+0000] {dag.py:3096} INFO - Sync 1 DAGs
[2026-06-18T08:44:57.870+0000] {logging_mixin.py:188} INFO - [2026-06-18T08:44:57.870+0000] {dag.py:3954} INFO - Setting next_dagrun for weather_etl_pipeline to 2026-06-18 00:00:00+00:00, run_after=2026-06-19 00:00:00+00:00
[2026-06-18T08:44:57.912+0000] {processor.py:183} INFO - Processing /opt/airflow/dags/weather_etl_dag.py took 0.232 seconds
[2026-06-18T08:45:08.142+0000] {processor.py:161} INFO - Started process (PID=8393) to work on /opt/airflow/dags/weather_etl_dag.py
[2026-06-18T08:45:08.147+0000] {processor.py:830} INFO - Processing file /opt/airflow/dags/weather_etl_dag.py for tasks to queue
[2026-06-18T08:45:08.151+0000] {logging_mixin.py:188} INFO - [2026-06-18T08:45:08.150+0000] {dagbag.py:545} INFO - Filling up the DagBag from /opt/airflow/dags/weather_etl_dag.py
[2026-06-18T08:45:08.248+0000] {processor.py:840} INFO - DAG(s) 'weather_etl_pipeline' retrieved from /opt/airflow/dags/weather_etl_dag.py
[2026-06-18T08:45:08.326+0000] {logging_mixin.py:188} INFO - [2026-06-18T08:45:08.326+0000] {dag.py:3096} INFO - Sync 1 DAGs
[2026-06-18T08:45:08.381+0000] {logging_mixin.py:188} INFO - [2026-06-18T08:45:08.381+0000] {dag.py:3954} INFO - Setting next_dagrun for weather_etl_pipeline to 2026-06-18 00:00:00+00:00, run_after=2026-06-19 00:00:00+00:00
[2026-06-18T08:45:08.425+0000] {processor.py:183} INFO - Processing /opt/airflow/dags/weather_etl_dag.py took 0.308 seconds
[2026-06-18T08:45:18.591+0000] {processor.py:161} INFO - Started process (PID=8398) to work on /opt/airflow/dags/weather_etl_dag.py
[2026-06-18T08:45:18.596+0000] {processor.py:830} INFO - Processing file /opt/airflow/dags/weather_etl_dag.py for tasks to queue
[2026-06-18T08:45:18.599+0000] {logging_mixin.py:188} INFO - [2026-06-18T08:45:18.598+0000] {dagbag.py:545} INFO - Filling up the DagBag from /opt/airflow/dags/weather_etl_dag.py
[2026-06-18T08:45:18.668+0000] {processor.py:840} INFO - DAG(s) 'weather_etl_pipeline' retrieved from /opt/airflow/dags/weather_etl_dag.py
[2026-06-18T08:45:18.743+0000] {logging_mixin.py:188} INFO - [2026-06-18T08:45:18.743+0000] {dag.py:3096} INFO - Sync 1 DAGs
[2026-06-18T08:45:18.802+0000] {logging_mixin.py:188} INFO - [2026-06-18T08:45:18.801+0000] {dag.py:3954} INFO - Setting next_dagrun for weather_etl_pipeline to 2026-06-18 00:00:00+00:00, run_after=2026-06-19 00:00:00+00:00
[2026-06-18T08:45:18.853+0000] {processor.py:183} INFO - Processing /opt/airflow/dags/weather_etl_dag.py took 0.277 seconds
[2026-06-18T08:45:29.426+0000] {processor.py:161} INFO - Started process (PID=8403) to work on /opt/airflow/dags/weather_etl_dag.py
[2026-06-18T08:45:29.428+0000] {processor.py:830} INFO - Processing file /opt/airflow/dags/weather_etl_dag.py for tasks to queue
[2026-06-18T08:45:29.431+0000] {logging_mixin.py:188} INFO - [2026-06-18T08:45:29.430+0000] {dagbag.py:545} INFO - Filling up the DagBag from /opt/airflow/dags/weather_etl_dag.py
[2026-06-18T08:45:29.484+0000] {processor.py:840} INFO - DAG(s) 'weather_etl_pipeline' retrieved from /opt/airflow/dags/weather_etl_dag.py
[2026-06-18T08:45:29.554+0000] {logging_mixin.py:188} INFO - [2026-06-18T08:45:29.554+0000] {dag.py:3096} INFO - Sync 1 DAGs
[2026-06-18T08:45:29.603+0000] {logging_mixin.py:188} INFO - [2026-06-18T08:45:29.602+0000] {dag.py:3954} INFO - Setting next_dagrun for weather_etl_pipeline to 2026-06-18 00:00:00+00:00, run_after=2026-06-19 00:00:00+00:00
[2026-06-18T08:45:29.646+0000] {processor.py:183} INFO - Processing /opt/airflow/dags/weather_etl_dag.py took 0.233 seconds
[2026-06-18T08:45:39.798+0000] {processor.py:161} INFO - Started process (PID=8408) to work on /opt/airflow/dags/weather_etl_dag.py
[2026-06-18T08:45:39.801+0000] {processor.py:830} INFO - Processing file /opt/airflow/dags/weather_etl_dag.py for tasks to queue
[2026-06-18T08:45:39.804+0000] {logging_mixin.py:188} INFO - [2026-06-18T08:45:39.803+0000] {dagbag.py:545} INFO - Filling up the DagBag from /opt/airflow/dags/weather_etl_dag.py
[2026-06-18T08:45:39.846+0000] {processor.py:840} INFO - DAG(s) 'weather_etl_pipeline' retrieved from /opt/airflow/dags/weather_etl_dag.py
[2026-06-18T08:45:39.895+0000] {logging_mixin.py:188} INFO - [2026-06-18T08:45:39.895+0000] {dag.py:3096} INFO - Sync 1 DAGs
[2026-06-18T08:45:39.940+0000] {logging_mixin.py:188} INFO - [2026-06-18T08:45:39.940+0000] {dag.py:3954} INFO - Setting next_dagrun for weather_etl_pipeline to 2026-06-18 00:00:00+00:00, run_after=2026-06-19 00:00:00+00:00
[2026-06-18T08:45:39.974+0000] {processor.py:183} INFO - Processing /opt/airflow/dags/weather_etl_dag.py took 0.187 seconds
[2026-06-18T08:45:50.341+0000] {processor.py:161} INFO - Started process (PID=8413) to work on /opt/airflow/dags/weather_etl_dag.py
[2026-06-18T08:45:50.349+0000] {processor.py:830} INFO - Processing file /opt/airflow/dags/weather_etl_dag.py for tasks to queue
[2026-06-18T08:45:50.356+0000] {logging_mixin.py:188} INFO - [2026-06-18T08:45:50.353+0000] {dagbag.py:545} INFO - Filling up the DagBag from /opt/airflow/dags/weather_etl_dag.py
[2026-06-18T08:45:50.479+0000] {processor.py:840} INFO - DAG(s) 'weather_etl_pipeline' retrieved from /opt/airflow/dags/weather_etl_dag.py
[2026-06-18T08:45:50.615+0000] {logging_mixin.py:188} INFO - [2026-06-18T08:45:50.615+0000] {dag.py:3096} INFO - Sync 1 DAGs
[2026-06-18T08:45:50.729+0000] {logging_mixin.py:188} INFO - [2026-06-18T08:45:50.728+0000] {dag.py:3954} INFO - Setting next_dagrun for weather_etl_pipeline to 2026-06-18 00:00:00+00:00, run_after=2026-06-19 00:00:00+00:00
[2026-06-18T08:45:50.863+0000] {processor.py:183} INFO - Processing /opt/airflow/dags/weather_etl_dag.py took 0.553 seconds
[2026-06-18T08:46:01.192+0000] {processor.py:161} INFO - Started process (PID=8418) to work on /opt/airflow/dags/weather_etl_dag.py
[2026-06-18T08:46:01.196+0000] {processor.py:830} INFO - Processing file /opt/airflow/dags/weather_etl_dag.py for tasks to queue
[2026-06-18T08:46:01.201+0000] {logging_mixin.py:188} INFO - [2026-06-18T08:46:01.200+0000] {dagbag.py:545} INFO - Filling up the DagBag from /opt/airflow/dags/weather_etl_dag.py
[2026-06-18T08:46:01.333+0000] {processor.py:840} INFO - DAG(s) 'weather_etl_pipeline' retrieved from /opt/airflow/dags/weather_etl_dag.py
[2026-06-18T08:46:01.457+0000] {logging_mixin.py:188} INFO - [2026-06-18T08:46:01.456+0000] {dag.py:3096} INFO - Sync 1 DAGs
[2026-06-18T08:46:01.539+0000] {logging_mixin.py:188} INFO - [2026-06-18T08:46:01.539+0000] {dag.py:3954} INFO - Setting next_dagrun for weather_etl_pipeline to 2026-06-18 00:00:00+00:00, run_after=2026-06-19 00:00:00+00:00
[2026-06-18T08:46:01.596+0000] {processor.py:183} INFO - Processing /opt/airflow/dags/weather_etl_dag.py took 0.444 seconds
[2026-06-18T08:46:11.788+0000] {processor.py:161} INFO - Started process (PID=8423) to work on /opt/airflow/dags/weather_etl_dag.py
[2026-06-18T08:46:11.792+0000] {processor.py:830} INFO - Processing file /opt/airflow/dags/weather_etl_dag.py for tasks to queue
[2026-06-18T08:46:11.795+0000] {logging_mixin.py:188} INFO - [2026-06-18T08:46:11.794+0000] {dagbag.py:545} INFO - Filling up the DagBag from /opt/airflow/dags/weather_etl_dag.py
[2026-06-18T08:46:11.844+0000] {processor.py:840} INFO - DAG(s) 'weather_etl_pipeline' retrieved from /opt/airflow/dags/weather_etl_dag.py
[2026-06-18T08:46:11.891+0000] {logging_mixin.py:188} INFO - [2026-06-18T08:46:11.890+0000] {dag.py:3096} INFO - Sync 1 DAGs
[2026-06-18T08:46:11.928+0000] {logging_mixin.py:188} INFO - [2026-06-18T08:46:11.927+0000] {dag.py:3954} INFO - Setting next_dagrun for weather_etl_pipeline to 2026-06-18 00:00:00+00:00, run_after=2026-06-19 00:00:00+00:00
[2026-06-18T08:46:11.961+0000] {processor.py:183} INFO - Processing /opt/airflow/dags/weather_etl_dag.py took 0.184 seconds
[2026-06-18T08:46:22.119+0000] {processor.py:161} INFO - Started process (PID=8428) to work on /opt/airflow/dags/weather_etl_dag.py
[2026-06-18T08:46:22.122+0000] {processor.py:830} INFO - Processing file /opt/airflow/dags/weather_etl_dag.py for tasks to queue
[2026-06-18T08:46:22.125+0000] {logging_mixin.py:188} INFO - [2026-06-18T08:46:22.124+0000] {dagbag.py:545} INFO - Filling up the DagBag from /opt/airflow/dags/weather_etl_dag.py
[2026-06-18T08:46:22.181+0000] {processor.py:840} INFO - DAG(s) 'weather_etl_pipeline' retrieved from /opt/airflow/dags/weather_etl_dag.py
[2026-06-18T08:46:22.254+0000] {logging_mixin.py:188} INFO - [2026-06-18T08:46:22.254+0000] {dag.py:3096} INFO - Sync 1 DAGs
[2026-06-18T08:46:22.310+0000] {logging_mixin.py:188} INFO - [2026-06-18T08:46:22.310+0000] {dag.py:3954} INFO - Setting next_dagrun for weather_etl_pipeline to 2026-06-18 00:00:00+00:00, run_after=2026-06-19 00:00:00+00:00
[2026-06-18T08:46:22.360+0000] {processor.py:183} INFO - Processing /opt/airflow/dags/weather_etl_dag.py took 0.254 seconds
[2026-06-18T08:46:32.917+0000] {processor.py:161} INFO - Started process (PID=8433) to work on /opt/airflow/dags/weather_etl_dag.py
[2026-06-18T08:46:32.919+0000] {processor.py:830} INFO - Processing file /opt/airflow/dags/weather_etl_dag.py for tasks to queue
[2026-06-18T08:46:32.921+0000] {logging_mixin.py:188} INFO - [2026-06-18T08:46:32.921+0000] {dagbag.py:545} INFO - Filling up the DagBag from /opt/airflow/dags/weather_etl_dag.py
[2026-06-18T08:46:32.967+0000] {processor.py:840} INFO - DAG(s) 'weather_etl_pipeline' retrieved from /opt/airflow/dags/weather_etl_dag.py
[2026-06-18T08:46:33.029+0000] {logging_mixin.py:188} INFO - [2026-06-18T08:46:33.028+0000] {dag.py:3096} INFO - Sync 1 DAGs
[2026-06-18T08:46:33.081+0000] {logging_mixin.py:188} INFO - [2026-06-18T08:46:33.080+0000] {dag.py:3954} INFO - Setting next_dagrun for weather_etl_pipeline to 2026-06-18 00:00:00+00:00, run_after=2026-06-19 00:00:00+00:00
[2026-06-18T08:46:33.131+0000] {processor.py:183} INFO - Processing /opt/airflow/dags/weather_etl_dag.py took 0.224 seconds
[2026-06-18T08:46:43.373+0000] {processor.py:161} INFO - Started process (PID=8438) to work on /opt/airflow/dags/weather_etl_dag.py
[2026-06-18T08:46:43.377+0000] {processor.py:830} INFO - Processing file /opt/airflow/dags/weather_etl_dag.py for tasks to queue
[2026-06-18T08:46:43.383+0000] {logging_mixin.py:188} INFO - [2026-06-18T08:46:43.380+0000] {dagbag.py:545} INFO - Filling up the DagBag from /opt/airflow/dags/weather_etl_dag.py
[2026-06-18T08:46:43.469+0000] {processor.py:840} INFO - DAG(s) 'weather_etl_pipeline' retrieved from /opt/airflow/dags/weather_etl_dag.py
[2026-06-18T08:46:43.553+0000] {logging_mixin.py:188} INFO - [2026-06-18T08:46:43.553+0000] {dag.py:3096} INFO - Sync 1 DAGs
[2026-06-18T08:46:43.604+0000] {logging_mixin.py:188} INFO - [2026-06-18T08:46:43.604+0000] {dag.py:3954} INFO - Setting next_dagrun for weather_etl_pipeline to 2026-06-18 00:00:00+00:00, run_after=2026-06-19 00:00:00+00:00
[2026-06-18T08:46:43.642+0000] {processor.py:183} INFO - Processing /opt/airflow/dags/weather_etl_dag.py took 0.290 seconds
[2026-06-18T08:46:53.809+0000] {processor.py:161} INFO - Started process (PID=8443) to work on /opt/airflow/dags/weather_etl_dag.py
[2026-06-18T08:46:53.812+0000] {processor.py:830} INFO - Processing file /opt/airflow/dags/weather_etl_dag.py for tasks to queue
[2026-06-18T08:46:53.814+0000] {logging_mixin.py:188} INFO - [2026-06-18T08:46:53.813+0000] {dagbag.py:545} INFO - Filling up the DagBag from /opt/airflow/dags/weather_etl_dag.py
[2026-06-18T08:46:53.862+0000] {processor.py:840} INFO - DAG(s) 'weather_etl_pipeline' retrieved from /opt/airflow/dags/weather_etl_dag.py
[2026-06-18T08:46:53.950+0000] {logging_mixin.py:188} INFO - [2026-06-18T08:46:53.949+0000] {dag.py:3096} INFO - Sync 1 DAGs
[2026-06-18T08:46:54.036+0000] {logging_mixin.py:188} INFO - [2026-06-18T08:46:54.036+0000] {dag.py:3954} INFO - Setting next_dagrun for weather_etl_pipeline to 2026-06-18 00:00:00+00:00, run_after=2026-06-19 00:00:00+00:00
[2026-06-18T08:46:54.073+0000] {processor.py:183} INFO - Processing /opt/airflow/dags/weather_etl_dag.py took 0.278 seconds
[2026-06-18T08:47:05.615+0000] {processor.py:161} INFO - Started process (PID=8448) to work on /opt/airflow/dags/weather_etl_dag.py
[2026-06-18T08:47:05.618+0000] {processor.py:830} INFO - Processing file /opt/airflow/dags/weather_etl_dag.py for tasks to queue
[2026-06-18T08:47:05.620+0000] {logging_mixin.py:188} INFO - [2026-06-18T08:47:05.620+0000] {dagbag.py:545} INFO - Filling up the DagBag from /opt/airflow/dags/weather_etl_dag.py
[2026-06-18T08:47:05.658+0000] {processor.py:840} INFO - DAG(s) 'weather_etl_pipeline' retrieved from /opt/airflow/dags/weather_etl_dag.py
[2026-06-18T08:47:05.710+0000] {logging_mixin.py:188} INFO - [2026-06-18T08:47:05.709+0000] {dag.py:3096} INFO - Sync 1 DAGs
[2026-06-18T08:47:05.750+0000] {logging_mixin.py:188} INFO - [2026-06-18T08:47:05.750+0000] {dag.py:3954} INFO - Setting next_dagrun for weather_etl_pipeline to 2026-06-18 00:00:00+00:00, run_after=2026-06-19 00:00:00+00:00
[2026-06-18T08:47:05.789+0000] {processor.py:183} INFO - Processing /opt/airflow/dags/weather_etl_dag.py took 0.183 seconds
[2026-06-18T08:47:15.924+0000] {processor.py:161} INFO - Started process (PID=8453) to work on /opt/airflow/dags/weather_etl_dag.py
[2026-06-18T08:47:15.926+0000] {processor.py:830} INFO - Processing file /opt/airflow/dags/weather_etl_dag.py for tasks to queue
[2026-06-18T08:47:15.928+0000] {logging_mixin.py:188} INFO - [2026-06-18T08:47:15.928+0000] {dagbag.py:545} INFO - Filling up the DagBag from /opt/airflow/dags/weather_etl_dag.py
[2026-06-18T08:47:15.979+0000] {processor.py:840} INFO - DAG(s) 'weather_etl_pipeline' retrieved from /opt/airflow/dags/weather_etl_dag.py
[2026-06-18T08:47:16.033+0000] {logging_mixin.py:188} INFO - [2026-06-18T08:47:16.033+0000] {dag.py:3096} INFO - Sync 1 DAGs
[2026-06-18T08:47:16.073+0000] {logging_mixin.py:188} INFO - [2026-06-18T08:47:16.073+0000] {dag.py:3954} INFO - Setting next_dagrun for weather_etl_pipeline to 2026-06-18 00:00:00+00:00, run_after=2026-06-19 00:00:00+00:00
[2026-06-18T08:47:16.108+0000] {processor.py:183} INFO - Processing /opt/airflow/dags/weather_etl_dag.py took 0.193 seconds
[2026-06-18T08:47:26.245+0000] {processor.py:161} INFO - Started process (PID=8458) to work on /opt/airflow/dags/weather_etl_dag.py
[2026-06-18T08:47:26.247+0000] {processor.py:830} INFO - Processing file /opt/airflow/dags/weather_etl_dag.py for tasks to queue
[2026-06-18T08:47:26.250+0000] {logging_mixin.py:188} INFO - [2026-06-18T08:47:26.249+0000] {dagbag.py:545} INFO - Filling up the DagBag from /opt/airflow/dags/weather_etl_dag.py
[2026-06-18T08:47:26.295+0000] {processor.py:840} INFO - DAG(s) 'weather_etl_pipeline' retrieved from /opt/airflow/dags/weather_etl_dag.py
[2026-06-18T08:47:26.346+0000] {logging_mixin.py:188} INFO - [2026-06-18T08:47:26.345+0000] {dag.py:3096} INFO - Sync 1 DAGs
[2026-06-18T08:47:26.387+0000] {logging_mixin.py:188} INFO - [2026-06-18T08:47:26.386+0000] {dag.py:3954} INFO - Setting next_dagrun for weather_etl_pipeline to 2026-06-18 00:00:00+00:00, run_after=2026-06-19 00:00:00+00:00
[2026-06-18T08:47:26.419+0000] {processor.py:183} INFO - Processing /opt/airflow/dags/weather_etl_dag.py took 0.186 seconds
[2026-06-18T08:47:38.115+0000] {processor.py:161} INFO - Started process (PID=8463) to work on /opt/airflow/dags/weather_etl_dag.py
[2026-06-18T08:47:38.117+0000] {processor.py:830} INFO - Processing file /opt/airflow/dags/weather_etl_dag.py for tasks to queue
[2026-06-18T08:47:38.121+0000] {logging_mixin.py:188} INFO - [2026-06-18T08:47:38.120+0000] {dagbag.py:545} INFO - Filling up the DagBag from /opt/airflow/dags/weather_etl_dag.py
[2026-06-18T08:47:38.215+0000] {processor.py:840} INFO - DAG(s) 'weather_etl_pipeline' retrieved from /opt/airflow/dags/weather_etl_dag.py
[2026-06-18T08:47:38.317+0000] {logging_mixin.py:188} INFO - [2026-06-18T08:47:38.316+0000] {dag.py:3096} INFO - Sync 1 DAGs
[2026-06-18T08:47:38.399+0000] {logging_mixin.py:188} INFO - [2026-06-18T08:47:38.399+0000] {dag.py:3954} INFO - Setting next_dagrun for weather_etl_pipeline to 2026-06-18 00:00:00+00:00, run_after=2026-06-19 00:00:00+00:00
[2026-06-18T08:47:38.469+0000] {processor.py:183} INFO - Processing /opt/airflow/dags/weather_etl_dag.py took 0.366 seconds
[2026-06-18T08:47:48.677+0000] {processor.py:161} INFO - Started process (PID=8468) to work on /opt/airflow/dags/weather_etl_dag.py
[2026-06-18T08:47:48.679+0000] {processor.py:830} INFO - Processing file /opt/airflow/dags/weather_etl_dag.py for tasks to queue
[2026-06-18T08:47:48.682+0000] {logging_mixin.py:188} INFO - [2026-06-18T08:47:48.681+0000] {dagbag.py:545} INFO - Filling up the DagBag from /opt/airflow/dags/weather_etl_dag.py
[2026-06-18T08:47:48.743+0000] {processor.py:840} INFO - DAG(s) 'weather_etl_pipeline' retrieved from /opt/airflow/dags/weather_etl_dag.py
[2026-06-18T08:47:48.793+0000] {logging_mixin.py:188} INFO - [2026-06-18T08:47:48.792+0000] {dag.py:3096} INFO - Sync 1 DAGs
[2026-06-18T08:47:48.838+0000] {logging_mixin.py:188} INFO - [2026-06-18T08:47:48.837+0000] {dag.py:3954} INFO - Setting next_dagrun for weather_etl_pipeline to 2026-06-18 00:00:00+00:00, run_after=2026-06-19 00:00:00+00:00
[2026-06-18T08:47:48.884+0000] {processor.py:183} INFO - Processing /opt/airflow/dags/weather_etl_dag.py took 0.216 seconds
[2026-06-18T08:47:59.100+0000] {processor.py:161} INFO - Started process (PID=8473) to work on /opt/airflow/dags/weather_etl_dag.py
[2026-06-18T08:47:59.104+0000] {processor.py:830} INFO - Processing file /opt/airflow/dags/weather_etl_dag.py for tasks to queue
[2026-06-18T08:47:59.109+0000] {logging_mixin.py:188} INFO - [2026-06-18T08:47:59.108+0000] {dagbag.py:545} INFO - Filling up the DagBag from /opt/airflow/dags/weather_etl_dag.py
[2026-06-18T08:47:59.340+0000] {processor.py:840} INFO - DAG(s) 'weather_etl_pipeline' retrieved from /opt/airflow/dags/weather_etl_dag.py
[2026-06-18T08:47:59.468+0000] {logging_mixin.py:188} INFO - [2026-06-18T08:47:59.468+0000] {dag.py:3096} INFO - Sync 1 DAGs
[2026-06-18T08:47:59.585+0000] {logging_mixin.py:188} INFO - [2026-06-18T08:47:59.583+0000] {dag.py:3954} INFO - Setting next_dagrun for weather_etl_pipeline to 2026-06-18 00:00:00+00:00, run_after=2026-06-19 00:00:00+00:00
[2026-06-18T08:47:59.644+0000] {processor.py:183} INFO - Processing /opt/airflow/dags/weather_etl_dag.py took 0.578 seconds
[2026-06-18T08:48:09.921+0000] {processor.py:161} INFO - Started process (PID=8478) to work on /opt/airflow/dags/weather_etl_dag.py
[2026-06-18T08:48:09.924+0000] {processor.py:830} INFO - Processing file /opt/airflow/dags/weather_etl_dag.py for tasks to queue
[2026-06-18T08:48:09.929+0000] {logging_mixin.py:188} INFO - [2026-06-18T08:48:09.928+0000] {dagbag.py:545} INFO - Filling up the DagBag from /opt/airflow/dags/weather_etl_dag.py
[2026-06-18T08:48:09.989+0000] {processor.py:840} INFO - DAG(s) 'weather_etl_pipeline' retrieved from /opt/airflow/dags/weather_etl_dag.py
[2026-06-18T08:48:10.052+0000] {logging_mixin.py:188} INFO - [2026-06-18T08:48:10.052+0000] {dag.py:3096} INFO - Sync 1 DAGs
[2026-06-18T08:48:10.112+0000] {logging_mixin.py:188} INFO - [2026-06-18T08:48:10.112+0000] {dag.py:3954} INFO - Setting next_dagrun for weather_etl_pipeline to 2026-06-18 00:00:00+00:00, run_after=2026-06-19 00:00:00+00:00
[2026-06-18T08:48:10.151+0000] {processor.py:183} INFO - Processing /opt/airflow/dags/weather_etl_dag.py took 0.240 seconds
[2026-06-18T08:48:20.328+0000] {processor.py:161} INFO - Started process (PID=8483) to work on /opt/airflow/dags/weather_etl_dag.py
[2026-06-18T08:48:20.331+0000] {processor.py:830} INFO - Processing file /opt/airflow/dags/weather_etl_dag.py for tasks to queue
[2026-06-18T08:48:20.335+0000] {logging_mixin.py:188} INFO - [2026-06-18T08:48:20.334+0000] {dagbag.py:545} INFO - Filling up the DagBag from /opt/airflow/dags/weather_etl_dag.py
[2026-06-18T08:48:20.400+0000] {processor.py:840} INFO - DAG(s) 'weather_etl_pipeline' retrieved from /opt/airflow/dags/weather_etl_dag.py
[2026-06-18T08:48:20.452+0000] {logging_mixin.py:188} INFO - [2026-06-18T08:48:20.452+0000] {dag.py:3096} INFO - Sync 1 DAGs
[2026-06-18T08:48:20.501+0000] {logging_mixin.py:188} INFO - [2026-06-18T08:48:20.500+0000] {dag.py:3954} INFO - Setting next_dagrun for weather_etl_pipeline to 2026-06-18 00:00:00+00:00, run_after=2026-06-19 00:00:00+00:00
[2026-06-18T08:48:20.543+0000] {processor.py:183} INFO - Processing /opt/airflow/dags/weather_etl_dag.py took 0.231 seconds
[2026-06-18T08:48:30.789+0000] {processor.py:161} INFO - Started process (PID=8488) to work on /opt/airflow/dags/weather_etl_dag.py
[2026-06-18T08:48:30.794+0000] {processor.py:830} INFO - Processing file /opt/airflow/dags/weather_etl_dag.py for tasks to queue
[2026-06-18T08:48:30.797+0000] {logging_mixin.py:188} INFO - [2026-06-18T08:48:30.797+0000] {dagbag.py:545} INFO - Filling up the DagBag from /opt/airflow/dags/weather_etl_dag.py
[2026-06-18T08:48:30.898+0000] {processor.py:840} INFO - DAG(s) 'weather_etl_pipeline' retrieved from /opt/airflow/dags/weather_etl_dag.py
[2026-06-18T08:48:30.969+0000] {logging_mixin.py:188} INFO - [2026-06-18T08:48:30.968+0000] {dag.py:3096} INFO - Sync 1 DAGs
[2026-06-18T08:48:31.027+0000] {logging_mixin.py:188} INFO - [2026-06-18T08:48:31.027+0000] {dag.py:3954} INFO - Setting next_dagrun for weather_etl_pipeline to 2026-06-18 00:00:00+00:00, run_after=2026-06-19 00:00:00+00:00
[2026-06-18T08:48:31.071+0000] {processor.py:183} INFO - Processing /opt/airflow/dags/weather_etl_dag.py took 0.319 seconds
[2026-06-18T08:48:41.195+0000] {processor.py:161} INFO - Started process (PID=8493) to work on /opt/airflow/dags/weather_etl_dag.py
[2026-06-18T08:48:41.199+0000] {processor.py:830} INFO - Processing file /opt/airflow/dags/weather_etl_dag.py for tasks to queue
[2026-06-18T08:48:41.204+0000] {logging_mixin.py:188} INFO - [2026-06-18T08:48:41.203+0000] {dagbag.py:545} INFO - Filling up the DagBag from /opt/airflow/dags/weather_etl_dag.py
[2026-06-18T08:48:41.267+0000] {processor.py:840} INFO - DAG(s) 'weather_etl_pipeline' retrieved from /opt/airflow/dags/weather_etl_dag.py
[2026-06-18T08:48:41.343+0000] {logging_mixin.py:188} INFO - [2026-06-18T08:48:41.342+0000] {dag.py:3096} INFO - Sync 1 DAGs
[2026-06-18T08:48:41.410+0000] {logging_mixin.py:188} INFO - [2026-06-18T08:48:41.409+0000] {dag.py:3954} INFO - Setting next_dagrun for weather_etl_pipeline to 2026-06-18 00:00:00+00:00, run_after=2026-06-19 00:00:00+00:00
[2026-06-18T08:48:41.472+0000] {processor.py:183} INFO - Processing /opt/airflow/dags/weather_etl_dag.py took 0.294 seconds
[2026-06-18T08:48:51.693+0000] {processor.py:161} INFO - Started process (PID=8498) to work on /opt/airflow/dags/weather_etl_dag.py
[2026-06-18T08:48:51.695+0000] {processor.py:830} INFO - Processing file /opt/airflow/dags/weather_etl_dag.py for tasks to queue
[2026-06-18T08:48:51.699+0000] {logging_mixin.py:188} INFO - [2026-06-18T08:48:51.697+0000] {dagbag.py:545} INFO - Filling up the DagBag from /opt/airflow/dags/weather_etl_dag.py
[2026-06-18T08:48:51.783+0000] {processor.py:840} INFO - DAG(s) 'weather_etl_pipeline' retrieved from /opt/airflow/dags/weather_etl_dag.py
[2026-06-18T08:48:51.882+0000] {logging_mixin.py:188} INFO - [2026-06-18T08:48:51.881+0000] {dag.py:3096} INFO - Sync 1 DAGs
[2026-06-18T08:48:51.949+0000] {logging_mixin.py:188} INFO - [2026-06-18T08:48:51.948+0000] {dag.py:3954} INFO - Setting next_dagrun for weather_etl_pipeline to 2026-06-18 00:00:00+00:00, run_after=2026-06-19 00:00:00+00:00
[2026-06-18T08:48:51.991+0000] {processor.py:183} INFO - Processing /opt/airflow/dags/weather_etl_dag.py took 0.306 seconds
[2026-06-18T08:49:02.156+0000] {processor.py:161} INFO - Started process (PID=8503) to work on /opt/airflow/dags/weather_etl_dag.py
[2026-06-18T08:49:02.158+0000] {processor.py:830} INFO - Processing file /opt/airflow/dags/weather_etl_dag.py for tasks to queue
[2026-06-18T08:49:02.161+0000] {logging_mixin.py:188} INFO - [2026-06-18T08:49:02.160+0000] {dagbag.py:545} INFO - Filling up the DagBag from /opt/airflow/dags/weather_etl_dag.py
[2026-06-18T08:49:02.237+0000] {processor.py:840} INFO - DAG(s) 'weather_etl_pipeline' retrieved from /opt/airflow/dags/weather_etl_dag.py
[2026-06-18T08:49:02.312+0000] {logging_mixin.py:188} INFO - [2026-06-18T08:49:02.312+0000] {dag.py:3096} INFO - Sync 1 DAGs
[2026-06-18T08:49:02.377+0000] {logging_mixin.py:188} INFO - [2026-06-18T08:49:02.376+0000] {dag.py:3954} INFO - Setting next_dagrun for weather_etl_pipeline to 2026-06-18 00:00:00+00:00, run_after=2026-06-19 00:00:00+00:00
[2026-06-18T08:49:02.433+0000] {processor.py:183} INFO - Processing /opt/airflow/dags/weather_etl_dag.py took 0.291 seconds
[2026-06-18T08:49:13.034+0000] {processor.py:161} INFO - Started process (PID=8508) to work on /opt/airflow/dags/weather_etl_dag.py
[2026-06-18T08:49:13.037+0000] {processor.py:830} INFO - Processing file /opt/airflow/dags/weather_etl_dag.py for tasks to queue
[2026-06-18T08:49:13.040+0000] {logging_mixin.py:188} INFO - [2026-06-18T08:49:13.039+0000] {dagbag.py:545} INFO - Filling up the DagBag from /opt/airflow/dags/weather_etl_dag.py
[2026-06-18T08:49:13.087+0000] {processor.py:840} INFO - DAG(s) 'weather_etl_pipeline' retrieved from /opt/airflow/dags/weather_etl_dag.py
[2026-06-18T08:49:13.138+0000] {logging_mixin.py:188} INFO - [2026-06-18T08:49:13.137+0000] {dag.py:3096} INFO - Sync 1 DAGs
[2026-06-18T08:49:13.187+0000] {logging_mixin.py:188} INFO - [2026-06-18T08:49:13.187+0000] {dag.py:3954} INFO - Setting next_dagrun for weather_etl_pipeline to 2026-06-18 00:00:00+00:00, run_after=2026-06-19 00:00:00+00:00
[2026-06-18T08:49:15.111+0000] {processor.py:183} INFO - Processing /opt/airflow/dags/weather_etl_dag.py took 2.091 seconds
[2026-06-18T08:49:25.285+0000] {processor.py:161} INFO - Started process (PID=8513) to work on /opt/airflow/dags/weather_etl_dag.py
[2026-06-18T08:49:25.289+0000] {processor.py:830} INFO - Processing file /opt/airflow/dags/weather_etl_dag.py for tasks to queue
[2026-06-18T08:49:25.293+0000] {logging_mixin.py:188} INFO - [2026-06-18T08:49:25.292+0000] {dagbag.py:545} INFO - Filling up the DagBag from /opt/airflow/dags/weather_etl_dag.py
[2026-06-18T08:49:25.358+0000] {processor.py:840} INFO - DAG(s) 'weather_etl_pipeline' retrieved from /opt/airflow/dags/weather_etl_dag.py
[2026-06-18T08:49:25.468+0000] {logging_mixin.py:188} INFO - [2026-06-18T08:49:25.467+0000] {dag.py:3096} INFO - Sync 1 DAGs
[2026-06-18T08:49:25.540+0000] {logging_mixin.py:188} INFO - [2026-06-18T08:49:25.539+0000] {dag.py:3954} INFO - Setting next_dagrun for weather_etl_pipeline to 2026-06-18 00:00:00+00:00, run_after=2026-06-19 00:00:00+00:00
[2026-06-18T08:49:25.951+0000] {processor.py:183} INFO - Processing /opt/airflow/dags/weather_etl_dag.py took 0.689 seconds
[2026-06-18T08:49:36.106+0000] {processor.py:161} INFO - Started process (PID=8518) to work on /opt/airflow/dags/weather_etl_dag.py
[2026-06-18T08:49:36.109+0000] {processor.py:830} INFO - Processing file /opt/airflow/dags/weather_etl_dag.py for tasks to queue
[2026-06-18T08:49:36.112+0000] {logging_mixin.py:188} INFO - [2026-06-18T08:49:36.111+0000] {dagbag.py:545} INFO - Filling up the DagBag from /opt/airflow/dags/weather_etl_dag.py
[2026-06-18T08:49:36.158+0000] {processor.py:840} INFO - DAG(s) 'weather_etl_pipeline' retrieved from /opt/airflow/dags/weather_etl_dag.py
[2026-06-18T08:49:36.218+0000] {logging_mixin.py:188} INFO - [2026-06-18T08:49:36.217+0000] {dag.py:3096} INFO - Sync 1 DAGs
[2026-06-18T08:49:36.262+0000] {logging_mixin.py:188} INFO - [2026-06-18T08:49:36.262+0000] {dag.py:3954} INFO - Setting next_dagrun for weather_etl_pipeline to 2026-06-18 00:00:00+00:00, run_after=2026-06-19 00:00:00+00:00
[2026-06-18T08:49:36.305+0000] {processor.py:183} INFO - Processing /opt/airflow/dags/weather_etl_dag.py took 0.211 seconds
[2026-06-18T08:49:46.986+0000] {processor.py:161} INFO - Started process (PID=8523) to work on /opt/airflow/dags/weather_etl_dag.py
[2026-06-18T08:49:46.988+0000] {processor.py:830} INFO - Processing file /opt/airflow/dags/weather_etl_dag.py for tasks to queue
[2026-06-18T08:49:46.991+0000] {logging_mixin.py:188} INFO - [2026-06-18T08:49:46.990+0000] {dagbag.py:545} INFO - Filling up the DagBag from /opt/airflow/dags/weather_etl_dag.py
[2026-06-18T08:49:47.032+0000] {processor.py:840} INFO - DAG(s) 'weather_etl_pipeline' retrieved from /opt/airflow/dags/weather_etl_dag.py
[2026-06-18T08:49:47.088+0000] {logging_mixin.py:188} INFO - [2026-06-18T08:49:47.088+0000] {dag.py:3096} INFO - Sync 1 DAGs
[2026-06-18T08:49:47.141+0000] {logging_mixin.py:188} INFO - [2026-06-18T08:49:47.140+0000] {dag.py:3954} INFO - Setting next_dagrun for weather_etl_pipeline to 2026-06-18 00:00:00+00:00, run_after=2026-06-19 00:00:00+00:00
[2026-06-18T08:49:47.187+0000] {processor.py:183} INFO - Processing /opt/airflow/dags/weather_etl_dag.py took 0.210 seconds
[2026-06-18T08:49:57.352+0000] {processor.py:161} INFO - Started process (PID=8528) to work on /opt/airflow/dags/weather_etl_dag.py
[2026-06-18T08:49:57.355+0000] {processor.py:830} INFO - Processing file /opt/airflow/dags/weather_etl_dag.py for tasks to queue
[2026-06-18T08:49:57.358+0000] {logging_mixin.py:188} INFO - [2026-06-18T08:49:57.358+0000] {dagbag.py:545} INFO - Filling up the DagBag from /opt/airflow/dags/weather_etl_dag.py
[2026-06-18T08:49:57.425+0000] {processor.py:840} INFO - DAG(s) 'weather_etl_pipeline' retrieved from /opt/airflow/dags/weather_etl_dag.py
[2026-06-18T08:49:57.534+0000] {logging_mixin.py:188} INFO - [2026-06-18T08:49:57.533+0000] {dag.py:3096} INFO - Sync 1 DAGs
[2026-06-18T08:49:57.603+0000] {logging_mixin.py:188} INFO - [2026-06-18T08:49:57.603+0000] {dag.py:3954} INFO - Setting next_dagrun for weather_etl_pipeline to 2026-06-18 00:00:00+00:00, run_after=2026-06-19 00:00:00+00:00
[2026-06-18T08:49:57.657+0000] {processor.py:183} INFO - Processing /opt/airflow/dags/weather_etl_dag.py took 0.319 seconds
[2026-06-18T08:50:07.973+0000] {processor.py:161} INFO - Started process (PID=8533) to work on /opt/airflow/dags/weather_etl_dag.py
[2026-06-18T08:50:07.976+0000] {processor.py:830} INFO - Processing file /opt/airflow/dags/weather_etl_dag.py for tasks to queue
[2026-06-18T08:50:07.979+0000] {logging_mixin.py:188} INFO - [2026-06-18T08:50:07.978+0000] {dagbag.py:545} INFO - Filling up the DagBag from /opt/airflow/dags/weather_etl_dag.py
[2026-06-18T08:50:08.027+0000] {processor.py:840} INFO - DAG(s) 'weather_etl_pipeline' retrieved from /opt/airflow/dags/weather_etl_dag.py
[2026-06-18T08:50:08.081+0000] {logging_mixin.py:188} INFO - [2026-06-18T08:50:08.080+0000] {dag.py:3096} INFO - Sync 1 DAGs
[2026-06-18T08:50:08.122+0000] {logging_mixin.py:188} INFO - [2026-06-18T08:50:08.122+0000] {dag.py:3954} INFO - Setting next_dagrun for weather_etl_pipeline to 2026-06-18 00:00:00+00:00, run_after=2026-06-19 00:00:00+00:00
[2026-06-18T08:50:08.158+0000] {processor.py:183} INFO - Processing /opt/airflow/dags/weather_etl_dag.py took 0.202 seconds
[2026-06-18T08:50:18.549+0000] {processor.py:161} INFO - Started process (PID=8538) to work on /opt/airflow/dags/weather_etl_dag.py
[2026-06-18T08:50:18.552+0000] {processor.py:830} INFO - Processing file /opt/airflow/dags/weather_etl_dag.py for tasks to queue
[2026-06-18T08:50:18.556+0000] {logging_mixin.py:188} INFO - [2026-06-18T08:50:18.555+0000] {dagbag.py:545} INFO - Filling up the DagBag from /opt/airflow/dags/weather_etl_dag.py
[2026-06-18T08:50:18.649+0000] {processor.py:840} INFO - DAG(s) 'weather_etl_pipeline' retrieved from /opt/airflow/dags/weather_etl_dag.py
[2026-06-18T08:50:18.753+0000] {logging_mixin.py:188} INFO - [2026-06-18T08:50:18.753+0000] {dag.py:3096} INFO - Sync 1 DAGs
[2026-06-18T08:50:18.829+0000] {logging_mixin.py:188} INFO - [2026-06-18T08:50:18.828+0000] {dag.py:3954} INFO - Setting next_dagrun for weather_etl_pipeline to 2026-06-18 00:00:00+00:00, run_after=2026-06-19 00:00:00+00:00
[2026-06-18T08:50:18.887+0000] {processor.py:183} INFO - Processing /opt/airflow/dags/weather_etl_dag.py took 0.360 seconds
[2026-06-18T08:50:29.048+0000] {processor.py:161} INFO - Started process (PID=8543) to work on /opt/airflow/dags/weather_etl_dag.py
[2026-06-18T08:50:29.051+0000] {processor.py:830} INFO - Processing file /opt/airflow/dags/weather_etl_dag.py for tasks to queue
[2026-06-18T08:50:29.053+0000] {logging_mixin.py:188} INFO - [2026-06-18T08:50:29.052+0000] {dagbag.py:545} INFO - Filling up the DagBag from /opt/airflow/dags/weather_etl_dag.py
[2026-06-18T08:50:29.095+0000] {processor.py:840} INFO - DAG(s) 'weather_etl_pipeline' retrieved from /opt/airflow/dags/weather_etl_dag.py
[2026-06-18T08:50:29.153+0000] {logging_mixin.py:188} INFO - [2026-06-18T08:50:29.152+0000] {dag.py:3096} INFO - Sync 1 DAGs
[2026-06-18T08:50:29.206+0000] {logging_mixin.py:188} INFO - [2026-06-18T08:50:29.205+0000] {dag.py:3954} INFO - Setting next_dagrun for weather_etl_pipeline to 2026-06-18 00:00:00+00:00, run_after=2026-06-19 00:00:00+00:00
[2026-06-18T08:50:29.241+0000] {processor.py:183} INFO - Processing /opt/airflow/dags/weather_etl_dag.py took 0.204 seconds
[2026-06-18T08:50:39.426+0000] {processor.py:161} INFO - Started process (PID=8548) to work on /opt/airflow/dags/weather_etl_dag.py
[2026-06-18T08:50:39.428+0000] {processor.py:830} INFO - Processing file /opt/airflow/dags/weather_etl_dag.py for tasks to queue
[2026-06-18T08:50:39.430+0000] {logging_mixin.py:188} INFO - [2026-06-18T08:50:39.429+0000] {dagbag.py:545} INFO - Filling up the DagBag from /opt/airflow/dags/weather_etl_dag.py
[2026-06-18T08:50:39.464+0000] {processor.py:840} INFO - DAG(s) 'weather_etl_pipeline' retrieved from /opt/airflow/dags/weather_etl_dag.py
[2026-06-18T08:50:39.509+0000] {logging_mixin.py:188} INFO - [2026-06-18T08:50:39.509+0000] {dag.py:3096} INFO - Sync 1 DAGs
[2026-06-18T08:50:39.542+0000] {logging_mixin.py:188} INFO - [2026-06-18T08:50:39.541+0000] {dag.py:3954} INFO - Setting next_dagrun for weather_etl_pipeline to 2026-06-18 00:00:00+00:00, run_after=2026-06-19 00:00:00+00:00
[2026-06-18T08:50:39.570+0000] {processor.py:183} INFO - Processing /opt/airflow/dags/weather_etl_dag.py took 0.153 seconds
[2026-06-18T08:50:50.216+0000] {processor.py:161} INFO - Started process (PID=8553) to work on /opt/airflow/dags/weather_etl_dag.py
[2026-06-18T08:50:50.218+0000] {processor.py:830} INFO - Processing file /opt/airflow/dags/weather_etl_dag.py for tasks to queue
[2026-06-18T08:50:50.221+0000] {logging_mixin.py:188} INFO - [2026-06-18T08:50:50.220+0000] {dagbag.py:545} INFO - Filling up the DagBag from /opt/airflow/dags/weather_etl_dag.py
[2026-06-18T08:50:50.256+0000] {processor.py:840} INFO - DAG(s) 'weather_etl_pipeline' retrieved from /opt/airflow/dags/weather_etl_dag.py
[2026-06-18T08:50:50.300+0000] {logging_mixin.py:188} INFO - [2026-06-18T08:50:50.300+0000] {dag.py:3096} INFO - Sync 1 DAGs
[2026-06-18T08:50:50.339+0000] {logging_mixin.py:188} INFO - [2026-06-18T08:50:50.339+0000] {dag.py:3954} INFO - Setting next_dagrun for weather_etl_pipeline to 2026-06-18 00:00:00+00:00, run_after=2026-06-19 00:00:00+00:00
[2026-06-18T08:50:50.371+0000] {processor.py:183} INFO - Processing /opt/airflow/dags/weather_etl_dag.py took 0.163 seconds
[2026-06-18T08:51:00.610+0000] {processor.py:161} INFO - Started process (PID=8558) to work on /opt/airflow/dags/weather_etl_dag.py
[2026-06-18T08:51:00.613+0000] {processor.py:830} INFO - Processing file /opt/airflow/dags/weather_etl_dag.py for tasks to queue
[2026-06-18T08:51:00.618+0000] {logging_mixin.py:188} INFO - [2026-06-18T08:51:00.616+0000] {dagbag.py:545} INFO - Filling up the DagBag from /opt/airflow/dags/weather_etl_dag.py
[2026-06-18T08:51:00.683+0000] {processor.py:840} INFO - DAG(s) 'weather_etl_pipeline' retrieved from /opt/airflow/dags/weather_etl_dag.py
[2026-06-18T08:51:00.746+0000] {logging_mixin.py:188} INFO - [2026-06-18T08:51:00.745+0000] {dag.py:3096} INFO - Sync 1 DAGs
[2026-06-18T08:51:00.807+0000] {logging_mixin.py:188} INFO - [2026-06-18T08:51:00.806+0000] {dag.py:3954} INFO - Setting next_dagrun for weather_etl_pipeline to 2026-06-18 00:00:00+00:00, run_after=2026-06-19 00:00:00+00:00
[2026-06-18T08:51:00.852+0000] {processor.py:183} INFO - Processing /opt/airflow/dags/weather_etl_dag.py took 0.265 seconds
[2026-06-18T08:51:11.003+0000] {processor.py:161} INFO - Started process (PID=8563) to work on /opt/airflow/dags/weather_etl_dag.py
[2026-06-18T08:51:11.006+0000] {processor.py:830} INFO - Processing file /opt/airflow/dags/weather_etl_dag.py for tasks to queue
[2026-06-18T08:51:11.008+0000] {logging_mixin.py:188} INFO - [2026-06-18T08:51:11.008+0000] {dagbag.py:545} INFO - Filling up the DagBag from /opt/airflow/dags/weather_etl_dag.py
[2026-06-18T08:51:11.045+0000] {processor.py:840} INFO - DAG(s) 'weather_etl_pipeline' retrieved from /opt/airflow/dags/weather_etl_dag.py
[2026-06-18T08:51:11.093+0000] {logging_mixin.py:188} INFO - [2026-06-18T08:51:11.092+0000] {dag.py:3096} INFO - Sync 1 DAGs
[2026-06-18T08:51:11.132+0000] {logging_mixin.py:188} INFO - [2026-06-18T08:51:11.132+0000] {dag.py:3954} INFO - Setting next_dagrun for weather_etl_pipeline to 2026-06-18 00:00:00+00:00, run_after=2026-06-19 00:00:00+00:00
[2026-06-18T08:51:11.162+0000] {processor.py:183} INFO - Processing /opt/airflow/dags/weather_etl_dag.py took 0.169 seconds
[2026-06-18T08:51:21.829+0000] {processor.py:161} INFO - Started process (PID=8568) to work on /opt/airflow/dags/weather_etl_dag.py
[2026-06-18T08:51:21.833+0000] {processor.py:830} INFO - Processing file /opt/airflow/dags/weather_etl_dag.py for tasks to queue
[2026-06-18T08:51:21.836+0000] {logging_mixin.py:188} INFO - [2026-06-18T08:51:21.835+0000] {dagbag.py:545} INFO - Filling up the DagBag from /opt/airflow/dags/weather_etl_dag.py
[2026-06-18T08:51:21.918+0000] {processor.py:840} INFO - DAG(s) 'weather_etl_pipeline' retrieved from /opt/airflow/dags/weather_etl_dag.py
[2026-06-18T08:51:22.039+0000] {logging_mixin.py:188} INFO - [2026-06-18T08:51:22.038+0000] {dag.py:3096} INFO - Sync 1 DAGs
[2026-06-18T08:51:22.119+0000] {logging_mixin.py:188} INFO - [2026-06-18T08:51:22.118+0000] {dag.py:3954} INFO - Setting next_dagrun for weather_etl_pipeline to 2026-06-18 00:00:00+00:00, run_after=2026-06-19 00:00:00+00:00
[2026-06-18T08:51:22.508+0000] {processor.py:183} INFO - Processing /opt/airflow/dags/weather_etl_dag.py took 0.698 seconds
[2026-06-18T08:51:32.724+0000] {processor.py:161} INFO - Started process (PID=8573) to work on /opt/airflow/dags/weather_etl_dag.py
[2026-06-18T08:51:32.726+0000] {processor.py:830} INFO - Processing file /opt/airflow/dags/weather_etl_dag.py for tasks to queue
[2026-06-18T08:51:32.731+0000] {logging_mixin.py:188} INFO - [2026-06-18T08:51:32.730+0000] {dagbag.py:545} INFO - Filling up the DagBag from /opt/airflow/dags/weather_etl_dag.py
[2026-06-18T08:51:32.778+0000] {processor.py:840} INFO - DAG(s) 'weather_etl_pipeline' retrieved from /opt/airflow/dags/weather_etl_dag.py
[2026-06-18T08:51:32.831+0000] {logging_mixin.py:188} INFO - [2026-06-18T08:51:32.830+0000] {dag.py:3096} INFO - Sync 1 DAGs
[2026-06-18T08:51:32.881+0000] {logging_mixin.py:188} INFO - [2026-06-18T08:51:32.881+0000] {dag.py:3954} INFO - Setting next_dagrun for weather_etl_pipeline to 2026-06-18 00:00:00+00:00, run_after=2026-06-19 00:00:00+00:00
[2026-06-18T08:51:33.186+0000] {processor.py:183} INFO - Processing /opt/airflow/dags/weather_etl_dag.py took 0.473 seconds
[2026-06-18T08:51:43.316+0000] {processor.py:161} INFO - Started process (PID=8578) to work on /opt/airflow/dags/weather_etl_dag.py
[2026-06-18T08:51:43.318+0000] {processor.py:830} INFO - Processing file /opt/airflow/dags/weather_etl_dag.py for tasks to queue
[2026-06-18T08:51:43.321+0000] {logging_mixin.py:188} INFO - [2026-06-18T08:51:43.321+0000] {dagbag.py:545} INFO - Filling up the DagBag from /opt/airflow/dags/weather_etl_dag.py
[2026-06-18T08:51:43.397+0000] {processor.py:840} INFO - DAG(s) 'weather_etl_pipeline' retrieved from /opt/airflow/dags/weather_etl_dag.py
[2026-06-18T08:51:43.470+0000] {logging_mixin.py:188} INFO - [2026-06-18T08:51:43.470+0000] {dag.py:3096} INFO - Sync 1 DAGs
[2026-06-18T08:51:43.718+0000] {logging_mixin.py:188} INFO - [2026-06-18T08:51:43.717+0000] {dag.py:3954} INFO - Setting next_dagrun for weather_etl_pipeline to 2026-06-18 00:00:00+00:00, run_after=2026-06-19 00:00:00+00:00
[2026-06-18T08:51:43.747+0000] {processor.py:183} INFO - Processing /opt/airflow/dags/weather_etl_dag.py took 0.443 seconds
[2026-06-18T08:51:54.116+0000] {processor.py:161} INFO - Started process (PID=8583) to work on /opt/airflow/dags/weather_etl_dag.py
[2026-06-18T08:51:54.120+0000] {processor.py:830} INFO - Processing file /opt/airflow/dags/weather_etl_dag.py for tasks to queue
[2026-06-18T08:51:54.123+0000] {logging_mixin.py:188} INFO - [2026-06-18T08:51:54.122+0000] {dagbag.py:545} INFO - Filling up the DagBag from /opt/airflow/dags/weather_etl_dag.py
[2026-06-18T08:51:54.188+0000] {processor.py:840} INFO - DAG(s) 'weather_etl_pipeline' retrieved from /opt/airflow/dags/weather_etl_dag.py
[2026-06-18T08:51:54.269+0000] {logging_mixin.py:188} INFO - [2026-06-18T08:51:54.268+0000] {dag.py:3096} INFO - Sync 1 DAGs
[2026-06-18T08:51:54.316+0000] {logging_mixin.py:188} INFO - [2026-06-18T08:51:54.315+0000] {dag.py:3954} INFO - Setting next_dagrun for weather_etl_pipeline to 2026-06-18 00:00:00+00:00, run_after=2026-06-19 00:00:00+00:00
[2026-06-18T08:51:54.362+0000] {processor.py:183} INFO - Processing /opt/airflow/dags/weather_etl_dag.py took 0.259 seconds
[2026-06-18T08:52:04.652+0000] {processor.py:161} INFO - Started process (PID=8588) to work on /opt/airflow/dags/weather_etl_dag.py
[2026-06-18T08:52:04.669+0000] {processor.py:830} INFO - Processing file /opt/airflow/dags/weather_etl_dag.py for tasks to queue
[2026-06-18T08:52:04.702+0000] {logging_mixin.py:188} INFO - [2026-06-18T08:52:04.700+0000] {dagbag.py:545} INFO - Filling up the DagBag from /opt/airflow/dags/weather_etl_dag.py
[2026-06-18T08:52:04.821+0000] {processor.py:840} INFO - DAG(s) 'weather_etl_pipeline' retrieved from /opt/airflow/dags/weather_etl_dag.py
[2026-06-18T08:52:04.924+0000] {logging_mixin.py:188} INFO - [2026-06-18T08:52:04.923+0000] {dag.py:3096} INFO - Sync 1 DAGs
[2026-06-18T08:52:05.051+0000] {logging_mixin.py:188} INFO - [2026-06-18T08:52:05.050+0000] {dag.py:3954} INFO - Setting next_dagrun for weather_etl_pipeline to 2026-06-18 00:00:00+00:00, run_after=2026-06-19 00:00:00+00:00
[2026-06-18T08:52:05.161+0000] {processor.py:183} INFO - Processing /opt/airflow/dags/weather_etl_dag.py took 0.535 seconds
[2026-06-18T08:52:15.302+0000] {processor.py:161} INFO - Started process (PID=8593) to work on /opt/airflow/dags/weather_etl_dag.py
[2026-06-18T08:52:15.303+0000] {processor.py:830} INFO - Processing file /opt/airflow/dags/weather_etl_dag.py for tasks to queue
[2026-06-18T08:52:15.305+0000] {logging_mixin.py:188} INFO - [2026-06-18T08:52:15.305+0000] {dagbag.py:545} INFO - Filling up the DagBag from /opt/airflow/dags/weather_etl_dag.py
[2026-06-18T08:52:15.347+0000] {processor.py:840} INFO - DAG(s) 'weather_etl_pipeline' retrieved from /opt/airflow/dags/weather_etl_dag.py
[2026-06-18T08:52:15.394+0000] {logging_mixin.py:188} INFO - [2026-06-18T08:52:15.394+0000] {dag.py:3096} INFO - Sync 1 DAGs
[2026-06-18T08:52:15.442+0000] {logging_mixin.py:188} INFO - [2026-06-18T08:52:15.442+0000] {dag.py:3954} INFO - Setting next_dagrun for weather_etl_pipeline to 2026-06-18 00:00:00+00:00, run_after=2026-06-19 00:00:00+00:00
[2026-06-18T08:52:15.487+0000] {processor.py:183} INFO - Processing /opt/airflow/dags/weather_etl_dag.py took 0.195 seconds
[2026-06-18T08:52:26.217+0000] {processor.py:161} INFO - Started process (PID=8598) to work on /opt/airflow/dags/weather_etl_dag.py
[2026-06-18T08:52:26.222+0000] {processor.py:830} INFO - Processing file /opt/airflow/dags/weather_etl_dag.py for tasks to queue
[2026-06-18T08:52:26.226+0000] {logging_mixin.py:188} INFO - [2026-06-18T08:52:26.225+0000] {dagbag.py:545} INFO - Filling up the DagBag from /opt/airflow/dags/weather_etl_dag.py
[2026-06-18T08:52:26.317+0000] {processor.py:840} INFO - DAG(s) 'weather_etl_pipeline' retrieved from /opt/airflow/dags/weather_etl_dag.py
[2026-06-18T08:52:26.410+0000] {logging_mixin.py:188} INFO - [2026-06-18T08:52:26.409+0000] {dag.py:3096} INFO - Sync 1 DAGs
[2026-06-18T08:52:26.500+0000] {logging_mixin.py:188} INFO - [2026-06-18T08:52:26.500+0000] {dag.py:3954} INFO - Setting next_dagrun for weather_etl_pipeline to 2026-06-18 00:00:00+00:00, run_after=2026-06-19 00:00:00+00:00
[2026-06-18T08:52:26.576+0000] {processor.py:183} INFO - Processing /opt/airflow/dags/weather_etl_dag.py took 0.382 seconds
[2026-06-18T08:52:36.723+0000] {processor.py:161} INFO - Started process (PID=8603) to work on /opt/airflow/dags/weather_etl_dag.py
[2026-06-18T08:52:36.725+0000] {processor.py:830} INFO - Processing file /opt/airflow/dags/weather_etl_dag.py for tasks to queue
[2026-06-18T08:52:36.728+0000] {logging_mixin.py:188} INFO - [2026-06-18T08:52:36.727+0000] {dagbag.py:545} INFO - Filling up the DagBag from /opt/airflow/dags/weather_etl_dag.py
[2026-06-18T08:52:36.780+0000] {processor.py:840} INFO - DAG(s) 'weather_etl_pipeline' retrieved from /opt/airflow/dags/weather_etl_dag.py
[2026-06-18T08:52:36.833+0000] {logging_mixin.py:188} INFO - [2026-06-18T08:52:36.832+0000] {dag.py:3096} INFO - Sync 1 DAGs
[2026-06-18T08:52:36.881+0000] {logging_mixin.py:188} INFO - [2026-06-18T08:52:36.881+0000] {dag.py:3954} INFO - Setting next_dagrun for weather_etl_pipeline to 2026-06-18 00:00:00+00:00, run_after=2026-06-19 00:00:00+00:00
[2026-06-18T08:52:36.926+0000] {processor.py:183} INFO - Processing /opt/airflow/dags/weather_etl_dag.py took 0.216 seconds
[2026-06-18T08:52:47.086+0000] {processor.py:161} INFO - Started process (PID=8608) to work on /opt/airflow/dags/weather_etl_dag.py
[2026-06-18T08:52:47.091+0000] {processor.py:830} INFO - Processing file /opt/airflow/dags/weather_etl_dag.py for tasks to queue
[2026-06-18T08:52:47.095+0000] {logging_mixin.py:188} INFO - [2026-06-18T08:52:47.094+0000] {dagbag.py:545} INFO - Filling up the DagBag from /opt/airflow/dags/weather_etl_dag.py
[2026-06-18T08:52:47.153+0000] {processor.py:840} INFO - DAG(s) 'weather_etl_pipeline' retrieved from /opt/airflow/dags/weather_etl_dag.py
[2026-06-18T08:52:47.250+0000] {logging_mixin.py:188} INFO - [2026-06-18T08:52:47.250+0000] {dag.py:3096} INFO - Sync 1 DAGs
[2026-06-18T08:52:47.298+0000] {logging_mixin.py:188} INFO - [2026-06-18T08:52:47.298+0000] {dag.py:3954} INFO - Setting next_dagrun for weather_etl_pipeline to 2026-06-18 00:00:00+00:00, run_after=2026-06-19 00:00:00+00:00
[2026-06-18T08:52:47.337+0000] {processor.py:183} INFO - Processing /opt/airflow/dags/weather_etl_dag.py took 0.268 seconds
[2026-06-18T08:52:58.127+0000] {processor.py:161} INFO - Started process (PID=8613) to work on /opt/airflow/dags/weather_etl_dag.py
[2026-06-18T08:52:58.132+0000] {processor.py:830} INFO - Processing file /opt/airflow/dags/weather_etl_dag.py for tasks to queue
[2026-06-18T08:52:58.136+0000] {logging_mixin.py:188} INFO - [2026-06-18T08:52:58.135+0000] {dagbag.py:545} INFO - Filling up the DagBag from /opt/airflow/dags/weather_etl_dag.py
[2026-06-18T08:52:58.212+0000] {processor.py:840} INFO - DAG(s) 'weather_etl_pipeline' retrieved from /opt/airflow/dags/weather_etl_dag.py
[2026-06-18T08:52:58.302+0000] {logging_mixin.py:188} INFO - [2026-06-18T08:52:58.302+0000] {dag.py:3096} INFO - Sync 1 DAGs
[2026-06-18T08:52:58.375+0000] {logging_mixin.py:188} INFO - [2026-06-18T08:52:58.375+0000] {dag.py:3954} INFO - Setting next_dagrun for weather_etl_pipeline to 2026-06-18 00:00:00+00:00, run_after=2026-06-19 00:00:00+00:00
[2026-06-18T08:52:58.416+0000] {processor.py:183} INFO - Processing /opt/airflow/dags/weather_etl_dag.py took 0.309 seconds
[2026-06-18T08:53:08.487+0000] {processor.py:161} INFO - Started process (PID=8618) to work on /opt/airflow/dags/weather_etl_dag.py
[2026-06-18T08:53:08.489+0000] {processor.py:830} INFO - Processing file /opt/airflow/dags/weather_etl_dag.py for tasks to queue
[2026-06-18T08:53:08.491+0000] {logging_mixin.py:188} INFO - [2026-06-18T08:53:08.491+0000] {dagbag.py:545} INFO - Filling up the DagBag from /opt/airflow/dags/weather_etl_dag.py
[2026-06-18T08:53:08.531+0000] {processor.py:840} INFO - DAG(s) 'weather_etl_pipeline' retrieved from /opt/airflow/dags/weather_etl_dag.py
[2026-06-18T08:53:08.581+0000] {logging_mixin.py:188} INFO - [2026-06-18T08:53:08.581+0000] {dag.py:3096} INFO - Sync 1 DAGs
[2026-06-18T08:53:08.618+0000] {logging_mixin.py:188} INFO - [2026-06-18T08:53:08.618+0000] {dag.py:3954} INFO - Setting next_dagrun for weather_etl_pipeline to 2026-06-18 00:00:00+00:00, run_after=2026-06-19 00:00:00+00:00
[2026-06-18T08:53:08.651+0000] {processor.py:183} INFO - Processing /opt/airflow/dags/weather_etl_dag.py took 0.173 seconds
[2026-06-18T08:53:18.823+0000] {processor.py:161} INFO - Started process (PID=8623) to work on /opt/airflow/dags/weather_etl_dag.py
[2026-06-18T08:53:18.828+0000] {processor.py:830} INFO - Processing file /opt/airflow/dags/weather_etl_dag.py for tasks to queue
[2026-06-18T08:53:18.832+0000] {logging_mixin.py:188} INFO - [2026-06-18T08:53:18.831+0000] {dagbag.py:545} INFO - Filling up the DagBag from /opt/airflow/dags/weather_etl_dag.py
[2026-06-18T08:53:18.936+0000] {processor.py:840} INFO - DAG(s) 'weather_etl_pipeline' retrieved from /opt/airflow/dags/weather_etl_dag.py
[2026-06-18T08:53:19.234+0000] {logging_mixin.py:188} INFO - [2026-06-18T08:53:19.233+0000] {dag.py:3096} INFO - Sync 1 DAGs
[2026-06-18T08:53:19.536+0000] {logging_mixin.py:188} INFO - [2026-06-18T08:53:19.536+0000] {dag.py:3954} INFO - Setting next_dagrun for weather_etl_pipeline to 2026-06-18 00:00:00+00:00, run_after=2026-06-19 00:00:00+00:00
[2026-06-18T08:53:19.662+0000] {processor.py:183} INFO - Processing /opt/airflow/dags/weather_etl_dag.py took 0.857 seconds
[2026-06-18T08:53:30.493+0000] {processor.py:161} INFO - Started process (PID=8628) to work on /opt/airflow/dags/weather_etl_dag.py
[2026-06-18T08:53:30.497+0000] {processor.py:830} INFO - Processing file /opt/airflow/dags/weather_etl_dag.py for tasks to queue
[2026-06-18T08:53:30.500+0000] {logging_mixin.py:188} INFO - [2026-06-18T08:53:30.499+0000] {dagbag.py:545} INFO - Filling up the DagBag from /opt/airflow/dags/weather_etl_dag.py
[2026-06-18T08:53:30.548+0000] {processor.py:840} INFO - DAG(s) 'weather_etl_pipeline' retrieved from /opt/airflow/dags/weather_etl_dag.py
[2026-06-18T08:53:30.601+0000] {logging_mixin.py:188} INFO - [2026-06-18T08:53:30.600+0000] {dag.py:3096} INFO - Sync 1 DAGs
[2026-06-18T08:53:30.642+0000] {logging_mixin.py:188} INFO - [2026-06-18T08:53:30.641+0000] {dag.py:3954} INFO - Setting next_dagrun for weather_etl_pipeline to 2026-06-18 00:00:00+00:00, run_after=2026-06-19 00:00:00+00:00
[2026-06-18T08:53:30.680+0000] {processor.py:183} INFO - Processing /opt/airflow/dags/weather_etl_dag.py took 0.208 seconds
[2026-06-18T08:53:40.817+0000] {processor.py:161} INFO - Started process (PID=8633) to work on /opt/airflow/dags/weather_etl_dag.py
[2026-06-18T08:53:40.820+0000] {processor.py:830} INFO - Processing file /opt/airflow/dags/weather_etl_dag.py for tasks to queue
[2026-06-18T08:53:40.828+0000] {logging_mixin.py:188} INFO - [2026-06-18T08:53:40.826+0000] {dagbag.py:545} INFO - Filling up the DagBag from /opt/airflow/dags/weather_etl_dag.py
[2026-06-18T08:53:40.905+0000] {processor.py:840} INFO - DAG(s) 'weather_etl_pipeline' retrieved from /opt/airflow/dags/weather_etl_dag.py
[2026-06-18T08:53:40.959+0000] {logging_mixin.py:188} INFO - [2026-06-18T08:53:40.958+0000] {dag.py:3096} INFO - Sync 1 DAGs
[2026-06-18T08:53:41.005+0000] {logging_mixin.py:188} INFO - [2026-06-18T08:53:41.005+0000] {dag.py:3954} INFO - Setting next_dagrun for weather_etl_pipeline to 2026-06-18 00:00:00+00:00, run_after=2026-06-19 00:00:00+00:00
[2026-06-18T08:53:41.408+0000] {processor.py:183} INFO - Processing /opt/airflow/dags/weather_etl_dag.py took 0.604 seconds
[2026-06-18T08:53:51.589+0000] {processor.py:161} INFO - Started process (PID=8638) to work on /opt/airflow/dags/weather_etl_dag.py
[2026-06-18T08:53:51.593+0000] {processor.py:830} INFO - Processing file /opt/airflow/dags/weather_etl_dag.py for tasks to queue
[2026-06-18T08:53:51.597+0000] {logging_mixin.py:188} INFO - [2026-06-18T08:53:51.596+0000] {dagbag.py:545} INFO - Filling up the DagBag from /opt/airflow/dags/weather_etl_dag.py
[2026-06-18T08:53:51.661+0000] {processor.py:840} INFO - DAG(s) 'weather_etl_pipeline' retrieved from /opt/airflow/dags/weather_etl_dag.py
[2026-06-18T08:53:51.732+0000] {logging_mixin.py:188} INFO - [2026-06-18T08:53:51.731+0000] {dag.py:3096} INFO - Sync 1 DAGs
[2026-06-18T08:53:52.026+0000] {logging_mixin.py:188} INFO - [2026-06-18T08:53:52.025+0000] {dag.py:3954} INFO - Setting next_dagrun for weather_etl_pipeline to 2026-06-18 00:00:00+00:00, run_after=2026-06-19 00:00:00+00:00
[2026-06-18T08:53:52.064+0000] {processor.py:183} INFO - Processing /opt/airflow/dags/weather_etl_dag.py took 0.496 seconds
[2026-06-18T08:54:02.843+0000] {processor.py:161} INFO - Started process (PID=8643) to work on /opt/airflow/dags/weather_etl_dag.py
[2026-06-18T08:54:02.848+0000] {processor.py:830} INFO - Processing file /opt/airflow/dags/weather_etl_dag.py for tasks to queue
[2026-06-18T08:54:02.853+0000] {logging_mixin.py:188} INFO - [2026-06-18T08:54:02.852+0000] {dagbag.py:545} INFO - Filling up the DagBag from /opt/airflow/dags/weather_etl_dag.py
[2026-06-18T08:54:03.006+0000] {processor.py:840} INFO - DAG(s) 'weather_etl_pipeline' retrieved from /opt/airflow/dags/weather_etl_dag.py
[2026-06-18T08:54:03.164+0000] {logging_mixin.py:188} INFO - [2026-06-18T08:54:03.163+0000] {dag.py:3096} INFO - Sync 1 DAGs
[2026-06-18T08:54:03.774+0000] {logging_mixin.py:188} INFO - [2026-06-18T08:54:03.773+0000] {dag.py:3954} INFO - Setting next_dagrun for weather_etl_pipeline to 2026-06-18 00:00:00+00:00, run_after=2026-06-19 00:00:00+00:00
[2026-06-18T08:54:03.821+0000] {processor.py:183} INFO - Processing /opt/airflow/dags/weather_etl_dag.py took 1.015 seconds
[2026-06-18T08:54:14.035+0000] {processor.py:161} INFO - Started process (PID=8648) to work on /opt/airflow/dags/weather_etl_dag.py
[2026-06-18T08:54:14.039+0000] {processor.py:830} INFO - Processing file /opt/airflow/dags/weather_etl_dag.py for tasks to queue
[2026-06-18T08:54:14.049+0000] {logging_mixin.py:188} INFO - [2026-06-18T08:54:14.048+0000] {dagbag.py:545} INFO - Filling up the DagBag from /opt/airflow/dags/weather_etl_dag.py
[2026-06-18T08:54:14.136+0000] {processor.py:840} INFO - DAG(s) 'weather_etl_pipeline' retrieved from /opt/airflow/dags/weather_etl_dag.py
[2026-06-18T08:54:14.220+0000] {logging_mixin.py:188} INFO - [2026-06-18T08:54:14.219+0000] {dag.py:3096} INFO - Sync 1 DAGs
[2026-06-18T08:54:14.281+0000] {logging_mixin.py:188} INFO - [2026-06-18T08:54:14.280+0000] {dag.py:3954} INFO - Setting next_dagrun for weather_etl_pipeline to 2026-06-18 00:00:00+00:00, run_after=2026-06-19 00:00:00+00:00
[2026-06-18T08:54:14.340+0000] {processor.py:183} INFO - Processing /opt/airflow/dags/weather_etl_dag.py took 0.332 seconds
[2026-06-18T08:54:24.476+0000] {processor.py:161} INFO - Started process (PID=8653) to work on /opt/airflow/dags/weather_etl_dag.py
[2026-06-18T08:54:24.479+0000] {processor.py:830} INFO - Processing file /opt/airflow/dags/weather_etl_dag.py for tasks to queue
[2026-06-18T08:54:24.481+0000] {logging_mixin.py:188} INFO - [2026-06-18T08:54:24.480+0000] {dagbag.py:545} INFO - Filling up the DagBag from /opt/airflow/dags/weather_etl_dag.py
[2026-06-18T08:54:24.518+0000] {processor.py:840} INFO - DAG(s) 'weather_etl_pipeline' retrieved from /opt/airflow/dags/weather_etl_dag.py
[2026-06-18T08:54:24.560+0000] {logging_mixin.py:188} INFO - [2026-06-18T08:54:24.560+0000] {dag.py:3096} INFO - Sync 1 DAGs
[2026-06-18T08:54:24.594+0000] {logging_mixin.py:188} INFO - [2026-06-18T08:54:24.594+0000] {dag.py:3954} INFO - Setting next_dagrun for weather_etl_pipeline to 2026-06-18 00:00:00+00:00, run_after=2026-06-19 00:00:00+00:00
[2026-06-18T08:54:24.628+0000] {processor.py:183} INFO - Processing /opt/airflow/dags/weather_etl_dag.py took 0.161 seconds
[2026-06-18T08:54:35.299+0000] {processor.py:161} INFO - Started process (PID=8658) to work on /opt/airflow/dags/weather_etl_dag.py
[2026-06-18T08:54:35.304+0000] {processor.py:830} INFO - Processing file /opt/airflow/dags/weather_etl_dag.py for tasks to queue
[2026-06-18T08:54:35.306+0000] {logging_mixin.py:188} INFO - [2026-06-18T08:54:35.306+0000] {dagbag.py:545} INFO - Filling up the DagBag from /opt/airflow/dags/weather_etl_dag.py
[2026-06-18T08:54:35.349+0000] {processor.py:840} INFO - DAG(s) 'weather_etl_pipeline' retrieved from /opt/airflow/dags/weather_etl_dag.py
[2026-06-18T08:54:35.400+0000] {logging_mixin.py:188} INFO - [2026-06-18T08:54:35.400+0000] {dag.py:3096} INFO - Sync 1 DAGs
[2026-06-18T08:54:35.443+0000] {logging_mixin.py:188} INFO - [2026-06-18T08:54:35.443+0000] {dag.py:3954} INFO - Setting next_dagrun for weather_etl_pipeline to 2026-06-18 00:00:00+00:00, run_after=2026-06-19 00:00:00+00:00
[2026-06-18T08:54:35.480+0000] {processor.py:183} INFO - Processing /opt/airflow/dags/weather_etl_dag.py took 0.191 seconds
[2026-06-18T08:54:45.609+0000] {processor.py:161} INFO - Started process (PID=8663) to work on /opt/airflow/dags/weather_etl_dag.py
[2026-06-18T08:54:45.611+0000] {processor.py:830} INFO - Processing file /opt/airflow/dags/weather_etl_dag.py for tasks to queue
[2026-06-18T08:54:45.613+0000] {logging_mixin.py:188} INFO - [2026-06-18T08:54:45.613+0000] {dagbag.py:545} INFO - Filling up the DagBag from /opt/airflow/dags/weather_etl_dag.py
[2026-06-18T08:54:45.648+0000] {processor.py:840} INFO - DAG(s) 'weather_etl_pipeline' retrieved from /opt/airflow/dags/weather_etl_dag.py
[2026-06-18T08:54:45.690+0000] {logging_mixin.py:188} INFO - [2026-06-18T08:54:45.689+0000] {dag.py:3096} INFO - Sync 1 DAGs
[2026-06-18T08:54:45.722+0000] {logging_mixin.py:188} INFO - [2026-06-18T08:54:45.722+0000] {dag.py:3954} INFO - Setting next_dagrun for weather_etl_pipeline to 2026-06-18 00:00:00+00:00, run_after=2026-06-19 00:00:00+00:00
[2026-06-18T08:54:45.756+0000] {processor.py:183} INFO - Processing /opt/airflow/dags/weather_etl_dag.py took 0.164 seconds
[2026-06-18T08:54:55.963+0000] {processor.py:161} INFO - Started process (PID=8668) to work on /opt/airflow/dags/weather_etl_dag.py
[2026-06-18T08:54:55.968+0000] {processor.py:830} INFO - Processing file /opt/airflow/dags/weather_etl_dag.py for tasks to queue
[2026-06-18T08:54:55.977+0000] {logging_mixin.py:188} INFO - [2026-06-18T08:54:55.970+0000] {dagbag.py:545} INFO - Filling up the DagBag from /opt/airflow/dags/weather_etl_dag.py
[2026-06-18T08:54:56.075+0000] {processor.py:840} INFO - DAG(s) 'weather_etl_pipeline' retrieved from /opt/airflow/dags/weather_etl_dag.py
[2026-06-18T08:54:56.263+0000] {logging_mixin.py:188} INFO - [2026-06-18T08:54:56.263+0000] {dag.py:3096} INFO - Sync 1 DAGs
[2026-06-18T08:54:56.409+0000] {logging_mixin.py:188} INFO - [2026-06-18T08:54:56.408+0000] {dag.py:3954} INFO - Setting next_dagrun for weather_etl_pipeline to 2026-06-18 00:00:00+00:00, run_after=2026-06-19 00:00:00+00:00
[2026-06-18T08:54:56.520+0000] {processor.py:183} INFO - Processing /opt/airflow/dags/weather_etl_dag.py took 0.591 seconds
[2026-06-18T08:55:07.001+0000] {processor.py:161} INFO - Started process (PID=8673) to work on /opt/airflow/dags/weather_etl_dag.py
[2026-06-18T08:55:07.005+0000] {processor.py:830} INFO - Processing file /opt/airflow/dags/weather_etl_dag.py for tasks to queue
[2026-06-18T08:55:07.017+0000] {logging_mixin.py:188} INFO - [2026-06-18T08:55:07.015+0000] {dagbag.py:545} INFO - Filling up the DagBag from /opt/airflow/dags/weather_etl_dag.py
[2026-06-18T08:55:07.380+0000] {processor.py:840} INFO - DAG(s) 'weather_etl_pipeline' retrieved from /opt/airflow/dags/weather_etl_dag.py
[2026-06-18T08:55:07.524+0000] {logging_mixin.py:188} INFO - [2026-06-18T08:55:07.524+0000] {dag.py:3096} INFO - Sync 1 DAGs
[2026-06-18T08:55:07.796+0000] {logging_mixin.py:188} INFO - [2026-06-18T08:55:07.795+0000] {dag.py:3954} INFO - Setting next_dagrun for weather_etl_pipeline to 2026-06-18 00:00:00+00:00, run_after=2026-06-19 00:00:00+00:00
[2026-06-18T08:55:07.921+0000] {processor.py:183} INFO - Processing /opt/airflow/dags/weather_etl_dag.py took 0.953 seconds
[2026-06-18T08:55:18.167+0000] {processor.py:161} INFO - Started process (PID=8678) to work on /opt/airflow/dags/weather_etl_dag.py
[2026-06-18T08:55:18.199+0000] {processor.py:830} INFO - Processing file /opt/airflow/dags/weather_etl_dag.py for tasks to queue
[2026-06-18T08:55:18.211+0000] {logging_mixin.py:188} INFO - [2026-06-18T08:55:18.206+0000] {dagbag.py:545} INFO - Filling up the DagBag from /opt/airflow/dags/weather_etl_dag.py
[2026-06-18T08:55:18.353+0000] {processor.py:840} INFO - DAG(s) 'weather_etl_pipeline' retrieved from /opt/airflow/dags/weather_etl_dag.py
[2026-06-18T08:55:18.497+0000] {logging_mixin.py:188} INFO - [2026-06-18T08:55:18.497+0000] {dag.py:3096} INFO - Sync 1 DAGs
[2026-06-18T08:55:18.641+0000] {logging_mixin.py:188} INFO - [2026-06-18T08:55:18.640+0000] {dag.py:3954} INFO - Setting next_dagrun for weather_etl_pipeline to 2026-06-18 00:00:00+00:00, run_after=2026-06-19 00:00:00+00:00
[2026-06-18T08:55:18.758+0000] {processor.py:183} INFO - Processing /opt/airflow/dags/weather_etl_dag.py took 0.628 seconds
[2026-06-18T08:55:29.051+0000] {processor.py:161} INFO - Started process (PID=8683) to work on /opt/airflow/dags/weather_etl_dag.py
[2026-06-18T08:55:29.057+0000] {processor.py:830} INFO - Processing file /opt/airflow/dags/weather_etl_dag.py for tasks to queue
[2026-06-18T08:55:29.061+0000] {logging_mixin.py:188} INFO - [2026-06-18T08:55:29.060+0000] {dagbag.py:545} INFO - Filling up the DagBag from /opt/airflow/dags/weather_etl_dag.py
[2026-06-18T08:55:29.139+0000] {processor.py:840} INFO - DAG(s) 'weather_etl_pipeline' retrieved from /opt/airflow/dags/weather_etl_dag.py
[2026-06-18T08:55:29.213+0000] {logging_mixin.py:188} INFO - [2026-06-18T08:55:29.213+0000] {dag.py:3096} INFO - Sync 1 DAGs
[2026-06-18T08:55:29.271+0000] {logging_mixin.py:188} INFO - [2026-06-18T08:55:29.271+0000] {dag.py:3954} INFO - Setting next_dagrun for weather_etl_pipeline to 2026-06-18 00:00:00+00:00, run_after=2026-06-19 00:00:00+00:00
[2026-06-18T08:55:29.322+0000] {processor.py:183} INFO - Processing /opt/airflow/dags/weather_etl_dag.py took 0.295 seconds
[2026-06-18T08:55:40.250+0000] {processor.py:161} INFO - Started process (PID=8688) to work on /opt/airflow/dags/weather_etl_dag.py
[2026-06-18T08:55:40.254+0000] {processor.py:830} INFO - Processing file /opt/airflow/dags/weather_etl_dag.py for tasks to queue
[2026-06-18T08:55:40.259+0000] {logging_mixin.py:188} INFO - [2026-06-18T08:55:40.257+0000] {dagbag.py:545} INFO - Filling up the DagBag from /opt/airflow/dags/weather_etl_dag.py
[2026-06-18T08:55:40.360+0000] {processor.py:840} INFO - DAG(s) 'weather_etl_pipeline' retrieved from /opt/airflow/dags/weather_etl_dag.py
[2026-06-18T08:55:40.450+0000] {logging_mixin.py:188} INFO - [2026-06-18T08:55:40.449+0000] {dag.py:3096} INFO - Sync 1 DAGs
[2026-06-18T08:55:40.517+0000] {logging_mixin.py:188} INFO - [2026-06-18T08:55:40.517+0000] {dag.py:3954} INFO - Setting next_dagrun for weather_etl_pipeline to 2026-06-18 00:00:00+00:00, run_after=2026-06-19 00:00:00+00:00
[2026-06-18T08:55:40.893+0000] {processor.py:183} INFO - Processing /opt/airflow/dags/weather_etl_dag.py took 0.672 seconds
[2026-06-18T08:55:51.074+0000] {processor.py:161} INFO - Started process (PID=8693) to work on /opt/airflow/dags/weather_etl_dag.py
[2026-06-18T08:55:51.076+0000] {processor.py:830} INFO - Processing file /opt/airflow/dags/weather_etl_dag.py for tasks to queue
[2026-06-18T08:55:51.079+0000] {logging_mixin.py:188} INFO - [2026-06-18T08:55:51.078+0000] {dagbag.py:545} INFO - Filling up the DagBag from /opt/airflow/dags/weather_etl_dag.py
[2026-06-18T08:55:51.119+0000] {processor.py:840} INFO - DAG(s) 'weather_etl_pipeline' retrieved from /opt/airflow/dags/weather_etl_dag.py
[2026-06-18T08:55:51.173+0000] {logging_mixin.py:188} INFO - [2026-06-18T08:55:51.172+0000] {dag.py:3096} INFO - Sync 1 DAGs
[2026-06-18T08:55:51.224+0000] {logging_mixin.py:188} INFO - [2026-06-18T08:55:51.223+0000] {dag.py:3954} INFO - Setting next_dagrun for weather_etl_pipeline to 2026-06-18 00:00:00+00:00, run_after=2026-06-19 00:00:00+00:00
[2026-06-18T08:55:51.491+0000] {processor.py:183} INFO - Processing /opt/airflow/dags/weather_etl_dag.py took 0.432 seconds
[2026-06-18T08:56:01.673+0000] {processor.py:161} INFO - Started process (PID=8698) to work on /opt/airflow/dags/weather_etl_dag.py
[2026-06-18T08:56:01.681+0000] {processor.py:830} INFO - Processing file /opt/airflow/dags/weather_etl_dag.py for tasks to queue
[2026-06-18T08:56:01.684+0000] {logging_mixin.py:188} INFO - [2026-06-18T08:56:01.683+0000] {dagbag.py:545} INFO - Filling up the DagBag from /opt/airflow/dags/weather_etl_dag.py
[2026-06-18T08:56:01.740+0000] {processor.py:840} INFO - DAG(s) 'weather_etl_pipeline' retrieved from /opt/airflow/dags/weather_etl_dag.py
[2026-06-18T08:56:01.796+0000] {logging_mixin.py:188} INFO - [2026-06-18T08:56:01.795+0000] {dag.py:3096} INFO - Sync 1 DAGs
[2026-06-18T08:56:02.073+0000] {logging_mixin.py:188} INFO - [2026-06-18T08:56:02.072+0000] {dag.py:3954} INFO - Setting next_dagrun for weather_etl_pipeline to 2026-06-18 00:00:00+00:00, run_after=2026-06-19 00:00:00+00:00
[2026-06-18T08:56:02.122+0000] {processor.py:183} INFO - Processing /opt/airflow/dags/weather_etl_dag.py took 0.471 seconds
[2026-06-18T08:56:12.270+0000] {processor.py:161} INFO - Started process (PID=8703) to work on /opt/airflow/dags/weather_etl_dag.py
[2026-06-18T08:56:12.273+0000] {processor.py:830} INFO - Processing file /opt/airflow/dags/weather_etl_dag.py for tasks to queue
[2026-06-18T08:56:12.275+0000] {logging_mixin.py:188} INFO - [2026-06-18T08:56:12.274+0000] {dagbag.py:545} INFO - Filling up the DagBag from /opt/airflow/dags/weather_etl_dag.py
[2026-06-18T08:56:12.348+0000] {processor.py:840} INFO - DAG(s) 'weather_etl_pipeline' retrieved from /opt/airflow/dags/weather_etl_dag.py
[2026-06-18T08:56:12.401+0000] {logging_mixin.py:188} INFO - [2026-06-18T08:56:12.401+0000] {dag.py:3096} INFO - Sync 1 DAGs
[2026-06-18T08:56:12.653+0000] {logging_mixin.py:188} INFO - [2026-06-18T08:56:12.653+0000] {dag.py:3954} INFO - Setting next_dagrun for weather_etl_pipeline to 2026-06-18 00:00:00+00:00, run_after=2026-06-19 00:00:00+00:00
[2026-06-18T08:56:12.714+0000] {processor.py:183} INFO - Processing /opt/airflow/dags/weather_etl_dag.py took 0.459 seconds
[2026-06-18T08:56:22.864+0000] {processor.py:161} INFO - Started process (PID=8708) to work on /opt/airflow/dags/weather_etl_dag.py
[2026-06-18T08:56:22.866+0000] {processor.py:830} INFO - Processing file /opt/airflow/dags/weather_etl_dag.py for tasks to queue
[2026-06-18T08:56:22.869+0000] {logging_mixin.py:188} INFO - [2026-06-18T08:56:22.868+0000] {dagbag.py:545} INFO - Filling up the DagBag from /opt/airflow/dags/weather_etl_dag.py
[2026-06-18T08:56:22.913+0000] {processor.py:840} INFO - DAG(s) 'weather_etl_pipeline' retrieved from /opt/airflow/dags/weather_etl_dag.py
[2026-06-18T08:56:22.958+0000] {logging_mixin.py:188} INFO - [2026-06-18T08:56:22.957+0000] {dag.py:3096} INFO - Sync 1 DAGs
[2026-06-18T08:56:23.207+0000] {logging_mixin.py:188} INFO - [2026-06-18T08:56:23.206+0000] {dag.py:3954} INFO - Setting next_dagrun for weather_etl_pipeline to 2026-06-18 00:00:00+00:00, run_after=2026-06-19 00:00:00+00:00
[2026-06-18T08:56:23.247+0000] {processor.py:183} INFO - Processing /opt/airflow/dags/weather_etl_dag.py took 0.392 seconds
[2026-06-18T08:56:33.374+0000] {processor.py:161} INFO - Started process (PID=8713) to work on /opt/airflow/dags/weather_etl_dag.py
[2026-06-18T08:56:33.378+0000] {processor.py:830} INFO - Processing file /opt/airflow/dags/weather_etl_dag.py for tasks to queue
[2026-06-18T08:56:33.382+0000] {logging_mixin.py:188} INFO - [2026-06-18T08:56:33.382+0000] {dagbag.py:545} INFO - Filling up the DagBag from /opt/airflow/dags/weather_etl_dag.py
[2026-06-18T08:56:33.429+0000] {processor.py:840} INFO - DAG(s) 'weather_etl_pipeline' retrieved from /opt/airflow/dags/weather_etl_dag.py
[2026-06-18T08:56:33.478+0000] {logging_mixin.py:188} INFO - [2026-06-18T08:56:33.478+0000] {dag.py:3096} INFO - Sync 1 DAGs
[2026-06-18T08:56:33.757+0000] {logging_mixin.py:188} INFO - [2026-06-18T08:56:33.756+0000] {dag.py:3954} INFO - Setting next_dagrun for weather_etl_pipeline to 2026-06-18 00:00:00+00:00, run_after=2026-06-19 00:00:00+00:00
[2026-06-18T08:56:33.796+0000] {processor.py:183} INFO - Processing /opt/airflow/dags/weather_etl_dag.py took 0.433 seconds
[2026-06-18T08:56:43.982+0000] {processor.py:161} INFO - Started process (PID=8718) to work on /opt/airflow/dags/weather_etl_dag.py
[2026-06-18T08:56:43.985+0000] {processor.py:830} INFO - Processing file /opt/airflow/dags/weather_etl_dag.py for tasks to queue
[2026-06-18T08:56:43.987+0000] {logging_mixin.py:188} INFO - [2026-06-18T08:56:43.986+0000] {dagbag.py:545} INFO - Filling up the DagBag from /opt/airflow/dags/weather_etl_dag.py
[2026-06-18T08:56:44.023+0000] {processor.py:840} INFO - DAG(s) 'weather_etl_pipeline' retrieved from /opt/airflow/dags/weather_etl_dag.py
[2026-06-18T08:56:44.066+0000] {logging_mixin.py:188} INFO - [2026-06-18T08:56:44.066+0000] {dag.py:3096} INFO - Sync 1 DAGs
[2026-06-18T08:56:44.104+0000] {logging_mixin.py:188} INFO - [2026-06-18T08:56:44.104+0000] {dag.py:3954} INFO - Setting next_dagrun for weather_etl_pipeline to 2026-06-18 00:00:00+00:00, run_after=2026-06-19 00:00:00+00:00
[2026-06-18T08:56:44.139+0000] {processor.py:183} INFO - Processing /opt/airflow/dags/weather_etl_dag.py took 0.164 seconds
[2026-06-18T08:56:54.371+0000] {processor.py:161} INFO - Started process (PID=8723) to work on /opt/airflow/dags/weather_etl_dag.py
[2026-06-18T08:56:54.373+0000] {processor.py:830} INFO - Processing file /opt/airflow/dags/weather_etl_dag.py for tasks to queue
[2026-06-18T08:56:54.377+0000] {logging_mixin.py:188} INFO - [2026-06-18T08:56:54.376+0000] {dagbag.py:545} INFO - Filling up the DagBag from /opt/airflow/dags/weather_etl_dag.py
[2026-06-18T08:56:54.427+0000] {processor.py:840} INFO - DAG(s) 'weather_etl_pipeline' retrieved from /opt/airflow/dags/weather_etl_dag.py
[2026-06-18T08:56:54.489+0000] {logging_mixin.py:188} INFO - [2026-06-18T08:56:54.488+0000] {dag.py:3096} INFO - Sync 1 DAGs
[2026-06-18T08:56:54.574+0000] {logging_mixin.py:188} INFO - [2026-06-18T08:56:54.573+0000] {dag.py:3954} INFO - Setting next_dagrun for weather_etl_pipeline to 2026-06-18 00:00:00+00:00, run_after=2026-06-19 00:00:00+00:00
[2026-06-18T08:56:54.614+0000] {processor.py:183} INFO - Processing /opt/airflow/dags/weather_etl_dag.py took 0.251 seconds
[2026-06-18T08:57:04.747+0000] {processor.py:161} INFO - Started process (PID=8728) to work on /opt/airflow/dags/weather_etl_dag.py
[2026-06-18T08:57:04.749+0000] {processor.py:830} INFO - Processing file /opt/airflow/dags/weather_etl_dag.py for tasks to queue
[2026-06-18T08:57:04.751+0000] {logging_mixin.py:188} INFO - [2026-06-18T08:57:04.750+0000] {dagbag.py:545} INFO - Filling up the DagBag from /opt/airflow/dags/weather_etl_dag.py
[2026-06-18T08:57:04.786+0000] {processor.py:840} INFO - DAG(s) 'weather_etl_pipeline' retrieved from /opt/airflow/dags/weather_etl_dag.py
[2026-06-18T08:57:04.831+0000] {logging_mixin.py:188} INFO - [2026-06-18T08:57:04.830+0000] {dag.py:3096} INFO - Sync 1 DAGs
[2026-06-18T08:57:04.870+0000] {logging_mixin.py:188} INFO - [2026-06-18T08:57:04.870+0000] {dag.py:3954} INFO - Setting next_dagrun for weather_etl_pipeline to 2026-06-18 00:00:00+00:00, run_after=2026-06-19 00:00:00+00:00
[2026-06-18T08:57:04.914+0000] {processor.py:183} INFO - Processing /opt/airflow/dags/weather_etl_dag.py took 0.176 seconds
[2026-06-18T08:57:15.587+0000] {processor.py:161} INFO - Started process (PID=8733) to work on /opt/airflow/dags/weather_etl_dag.py
[2026-06-18T08:57:15.589+0000] {processor.py:830} INFO - Processing file /opt/airflow/dags/weather_etl_dag.py for tasks to queue
[2026-06-18T08:57:15.593+0000] {logging_mixin.py:188} INFO - [2026-06-18T08:57:15.592+0000] {dagbag.py:545} INFO - Filling up the DagBag from /opt/airflow/dags/weather_etl_dag.py
[2026-06-18T08:57:15.651+0000] {processor.py:840} INFO - DAG(s) 'weather_etl_pipeline' retrieved from /opt/airflow/dags/weather_etl_dag.py
[2026-06-18T08:57:15.779+0000] {logging_mixin.py:188} INFO - [2026-06-18T08:57:15.779+0000] {dag.py:3096} INFO - Sync 1 DAGs
[2026-06-18T08:57:15.845+0000] {logging_mixin.py:188} INFO - [2026-06-18T08:57:15.844+0000] {dag.py:3954} INFO - Setting next_dagrun for weather_etl_pipeline to 2026-06-18 00:00:00+00:00, run_after=2026-06-19 00:00:00+00:00
[2026-06-18T08:57:15.896+0000] {processor.py:183} INFO - Processing /opt/airflow/dags/weather_etl_dag.py took 0.324 seconds
[2026-06-18T08:57:26.037+0000] {processor.py:161} INFO - Started process (PID=8738) to work on /opt/airflow/dags/weather_etl_dag.py
[2026-06-18T08:57:26.039+0000] {processor.py:830} INFO - Processing file /opt/airflow/dags/weather_etl_dag.py for tasks to queue
[2026-06-18T08:57:26.042+0000] {logging_mixin.py:188} INFO - [2026-06-18T08:57:26.041+0000] {dagbag.py:545} INFO - Filling up the DagBag from /opt/airflow/dags/weather_etl_dag.py
[2026-06-18T08:57:26.085+0000] {processor.py:840} INFO - DAG(s) 'weather_etl_pipeline' retrieved from /opt/airflow/dags/weather_etl_dag.py
[2026-06-18T08:57:26.136+0000] {logging_mixin.py:188} INFO - [2026-06-18T08:57:26.135+0000] {dag.py:3096} INFO - Sync 1 DAGs
[2026-06-18T08:57:26.177+0000] {logging_mixin.py:188} INFO - [2026-06-18T08:57:26.176+0000] {dag.py:3954} INFO - Setting next_dagrun for weather_etl_pipeline to 2026-06-18 00:00:00+00:00, run_after=2026-06-19 00:00:00+00:00
[2026-06-18T08:57:26.212+0000] {processor.py:183} INFO - Processing /opt/airflow/dags/weather_etl_dag.py took 0.186 seconds
[2026-06-18T08:57:36.345+0000] {processor.py:161} INFO - Started process (PID=8743) to work on /opt/airflow/dags/weather_etl_dag.py
[2026-06-18T08:57:36.347+0000] {processor.py:830} INFO - Processing file /opt/airflow/dags/weather_etl_dag.py for tasks to queue
[2026-06-18T08:57:36.350+0000] {logging_mixin.py:188} INFO - [2026-06-18T08:57:36.349+0000] {dagbag.py:545} INFO - Filling up the DagBag from /opt/airflow/dags/weather_etl_dag.py
[2026-06-18T08:57:36.420+0000] {processor.py:840} INFO - DAG(s) 'weather_etl_pipeline' retrieved from /opt/airflow/dags/weather_etl_dag.py
[2026-06-18T08:57:36.487+0000] {logging_mixin.py:188} INFO - [2026-06-18T08:57:36.487+0000] {dag.py:3096} INFO - Sync 1 DAGs
[2026-06-18T08:57:36.542+0000] {logging_mixin.py:188} INFO - [2026-06-18T08:57:36.541+0000] {dag.py:3954} INFO - Setting next_dagrun for weather_etl_pipeline to 2026-06-18 00:00:00+00:00, run_after=2026-06-19 00:00:00+00:00
[2026-06-18T08:57:36.583+0000] {processor.py:183} INFO - Processing /opt/airflow/dags/weather_etl_dag.py took 0.248 seconds
[2026-06-18T08:57:47.158+0000] {processor.py:161} INFO - Started process (PID=8748) to work on /opt/airflow/dags/weather_etl_dag.py
[2026-06-18T08:57:47.160+0000] {processor.py:830} INFO - Processing file /opt/airflow/dags/weather_etl_dag.py for tasks to queue
[2026-06-18T08:57:47.163+0000] {logging_mixin.py:188} INFO - [2026-06-18T08:57:47.162+0000] {dagbag.py:545} INFO - Filling up the DagBag from /opt/airflow/dags/weather_etl_dag.py
[2026-06-18T08:57:47.204+0000] {processor.py:840} INFO - DAG(s) 'weather_etl_pipeline' retrieved from /opt/airflow/dags/weather_etl_dag.py
[2026-06-18T08:57:47.251+0000] {logging_mixin.py:188} INFO - [2026-06-18T08:57:47.251+0000] {dag.py:3096} INFO - Sync 1 DAGs
[2026-06-18T08:57:47.287+0000] {logging_mixin.py:188} INFO - [2026-06-18T08:57:47.287+0000] {dag.py:3954} INFO - Setting next_dagrun for weather_etl_pipeline to 2026-06-18 00:00:00+00:00, run_after=2026-06-19 00:00:00+00:00
[2026-06-18T08:57:47.674+0000] {processor.py:183} INFO - Processing /opt/airflow/dags/weather_etl_dag.py took 0.525 seconds
[2026-06-18T08:57:57.863+0000] {processor.py:161} INFO - Started process (PID=8753) to work on /opt/airflow/dags/weather_etl_dag.py
[2026-06-18T08:57:57.866+0000] {processor.py:830} INFO - Processing file /opt/airflow/dags/weather_etl_dag.py for tasks to queue
[2026-06-18T08:57:57.869+0000] {logging_mixin.py:188} INFO - [2026-06-18T08:57:57.868+0000] {dagbag.py:545} INFO - Filling up the DagBag from /opt/airflow/dags/weather_etl_dag.py
[2026-06-18T08:57:57.919+0000] {processor.py:840} INFO - DAG(s) 'weather_etl_pipeline' retrieved from /opt/airflow/dags/weather_etl_dag.py
[2026-06-18T08:57:57.980+0000] {logging_mixin.py:188} INFO - [2026-06-18T08:57:57.979+0000] {dag.py:3096} INFO - Sync 1 DAGs
[2026-06-18T08:57:58.035+0000] {logging_mixin.py:188} INFO - [2026-06-18T08:57:58.034+0000] {dag.py:3954} INFO - Setting next_dagrun for weather_etl_pipeline to 2026-06-18 00:00:00+00:00, run_after=2026-06-19 00:00:00+00:00
[2026-06-18T08:57:58.295+0000] {processor.py:183} INFO - Processing /opt/airflow/dags/weather_etl_dag.py took 0.450 seconds
[2026-06-18T08:58:08.467+0000] {processor.py:161} INFO - Started process (PID=8758) to work on /opt/airflow/dags/weather_etl_dag.py
[2026-06-18T08:58:08.468+0000] {processor.py:830} INFO - Processing file /opt/airflow/dags/weather_etl_dag.py for tasks to queue
[2026-06-18T08:58:08.471+0000] {logging_mixin.py:188} INFO - [2026-06-18T08:58:08.470+0000] {dagbag.py:545} INFO - Filling up the DagBag from /opt/airflow/dags/weather_etl_dag.py
[2026-06-18T08:58:08.517+0000] {processor.py:840} INFO - DAG(s) 'weather_etl_pipeline' retrieved from /opt/airflow/dags/weather_etl_dag.py
[2026-06-18T08:58:08.579+0000] {logging_mixin.py:188} INFO - [2026-06-18T08:58:08.578+0000] {dag.py:3096} INFO - Sync 1 DAGs
[2026-06-18T08:58:08.826+0000] {logging_mixin.py:188} INFO - [2026-06-18T08:58:08.825+0000] {dag.py:3954} INFO - Setting next_dagrun for weather_etl_pipeline to 2026-06-18 00:00:00+00:00, run_after=2026-06-19 00:00:00+00:00
[2026-06-18T08:58:08.858+0000] {processor.py:183} INFO - Processing /opt/airflow/dags/weather_etl_dag.py took 0.403 seconds
[2026-06-18T08:58:19.231+0000] {processor.py:161} INFO - Started process (PID=8763) to work on /opt/airflow/dags/weather_etl_dag.py
[2026-06-18T08:58:19.239+0000] {processor.py:830} INFO - Processing file /opt/airflow/dags/weather_etl_dag.py for tasks to queue
[2026-06-18T08:58:19.247+0000] {logging_mixin.py:188} INFO - [2026-06-18T08:58:19.246+0000] {dagbag.py:545} INFO - Filling up the DagBag from /opt/airflow/dags/weather_etl_dag.py
[2026-06-18T08:58:19.387+0000] {processor.py:840} INFO - DAG(s) 'weather_etl_pipeline' retrieved from /opt/airflow/dags/weather_etl_dag.py
[2026-06-18T08:58:19.562+0000] {logging_mixin.py:188} INFO - [2026-06-18T08:58:19.561+0000] {dag.py:3096} INFO - Sync 1 DAGs
[2026-06-18T08:58:20.334+0000] {logging_mixin.py:188} INFO - [2026-06-18T08:58:20.334+0000] {dag.py:3954} INFO - Setting next_dagrun for weather_etl_pipeline to 2026-06-18 00:00:00+00:00, run_after=2026-06-19 00:00:00+00:00
[2026-06-18T08:58:20.765+0000] {processor.py:183} INFO - Processing /opt/airflow/dags/weather_etl_dag.py took 1.565 seconds
[2026-06-18T08:58:31.154+0000] {processor.py:161} INFO - Started process (PID=8768) to work on /opt/airflow/dags/weather_etl_dag.py
[2026-06-18T08:58:31.163+0000] {processor.py:830} INFO - Processing file /opt/airflow/dags/weather_etl_dag.py for tasks to queue
[2026-06-18T08:58:31.167+0000] {logging_mixin.py:188} INFO - [2026-06-18T08:58:31.166+0000] {dagbag.py:545} INFO - Filling up the DagBag from /opt/airflow/dags/weather_etl_dag.py
[2026-06-18T08:58:31.285+0000] {processor.py:840} INFO - DAG(s) 'weather_etl_pipeline' retrieved from /opt/airflow/dags/weather_etl_dag.py
[2026-06-18T08:58:31.412+0000] {logging_mixin.py:188} INFO - [2026-06-18T08:58:31.411+0000] {dag.py:3096} INFO - Sync 1 DAGs
[2026-06-18T08:58:31.965+0000] {logging_mixin.py:188} INFO - [2026-06-18T08:58:31.964+0000] {dag.py:3954} INFO - Setting next_dagrun for weather_etl_pipeline to 2026-06-18 00:00:00+00:00, run_after=2026-06-19 00:00:00+00:00
[2026-06-18T08:58:32.031+0000] {processor.py:183} INFO - Processing /opt/airflow/dags/weather_etl_dag.py took 0.897 seconds
[2026-06-18T08:58:42.184+0000] {processor.py:161} INFO - Started process (PID=8773) to work on /opt/airflow/dags/weather_etl_dag.py
[2026-06-18T08:58:42.186+0000] {processor.py:830} INFO - Processing file /opt/airflow/dags/weather_etl_dag.py for tasks to queue
[2026-06-18T08:58:42.189+0000] {logging_mixin.py:188} INFO - [2026-06-18T08:58:42.188+0000] {dagbag.py:545} INFO - Filling up the DagBag from /opt/airflow/dags/weather_etl_dag.py
[2026-06-18T08:58:42.232+0000] {processor.py:840} INFO - DAG(s) 'weather_etl_pipeline' retrieved from /opt/airflow/dags/weather_etl_dag.py
[2026-06-18T08:58:42.281+0000] {logging_mixin.py:188} INFO - [2026-06-18T08:58:42.281+0000] {dag.py:3096} INFO - Sync 1 DAGs
[2026-06-18T08:58:42.520+0000] {logging_mixin.py:188} INFO - [2026-06-18T08:58:42.519+0000] {dag.py:3954} INFO - Setting next_dagrun for weather_etl_pipeline to 2026-06-18 00:00:00+00:00, run_after=2026-06-19 00:00:00+00:00
[2026-06-18T08:58:42.555+0000] {processor.py:183} INFO - Processing /opt/airflow/dags/weather_etl_dag.py took 0.388 seconds
[2026-06-18T08:58:52.737+0000] {processor.py:161} INFO - Started process (PID=8778) to work on /opt/airflow/dags/weather_etl_dag.py
[2026-06-18T08:58:52.739+0000] {processor.py:830} INFO - Processing file /opt/airflow/dags/weather_etl_dag.py for tasks to queue
[2026-06-18T08:58:52.742+0000] {logging_mixin.py:188} INFO - [2026-06-18T08:58:52.741+0000] {dagbag.py:545} INFO - Filling up the DagBag from /opt/airflow/dags/weather_etl_dag.py
[2026-06-18T08:58:52.788+0000] {processor.py:840} INFO - DAG(s) 'weather_etl_pipeline' retrieved from /opt/airflow/dags/weather_etl_dag.py
[2026-06-18T08:58:53.053+0000] {logging_mixin.py:188} INFO - [2026-06-18T08:58:53.053+0000] {dag.py:3096} INFO - Sync 1 DAGs
[2026-06-18T08:58:53.100+0000] {logging_mixin.py:188} INFO - [2026-06-18T08:58:53.099+0000] {dag.py:3954} INFO - Setting next_dagrun for weather_etl_pipeline to 2026-06-18 00:00:00+00:00, run_after=2026-06-19 00:00:00+00:00
[2026-06-18T08:58:53.141+0000] {processor.py:183} INFO - Processing /opt/airflow/dags/weather_etl_dag.py took 0.415 seconds
[2026-06-18T08:59:03.622+0000] {processor.py:161} INFO - Started process (PID=8783) to work on /opt/airflow/dags/weather_etl_dag.py
[2026-06-18T08:59:03.669+0000] {processor.py:830} INFO - Processing file /opt/airflow/dags/weather_etl_dag.py for tasks to queue
[2026-06-18T08:59:03.677+0000] {logging_mixin.py:188} INFO - [2026-06-18T08:59:03.676+0000] {dagbag.py:545} INFO - Filling up the DagBag from /opt/airflow/dags/weather_etl_dag.py
[2026-06-18T08:59:04.114+0000] {processor.py:840} INFO - DAG(s) 'weather_etl_pipeline' retrieved from /opt/airflow/dags/weather_etl_dag.py
[2026-06-18T08:59:04.709+0000] {logging_mixin.py:188} INFO - [2026-06-18T08:59:04.708+0000] {dag.py:3096} INFO - Sync 1 DAGs
[2026-06-18T08:59:04.794+0000] {logging_mixin.py:188} INFO - [2026-06-18T08:59:04.794+0000] {dag.py:3954} INFO - Setting next_dagrun for weather_etl_pipeline to 2026-06-18 00:00:00+00:00, run_after=2026-06-19 00:00:00+00:00
[2026-06-18T08:59:04.841+0000] {processor.py:183} INFO - Processing /opt/airflow/dags/weather_etl_dag.py took 1.285 seconds
[2026-06-18T08:59:14.982+0000] {processor.py:161} INFO - Started process (PID=8788) to work on /opt/airflow/dags/weather_etl_dag.py
[2026-06-18T08:59:14.985+0000] {processor.py:830} INFO - Processing file /opt/airflow/dags/weather_etl_dag.py for tasks to queue
[2026-06-18T08:59:14.990+0000] {logging_mixin.py:188} INFO - [2026-06-18T08:59:14.989+0000] {dagbag.py:545} INFO - Filling up the DagBag from /opt/airflow/dags/weather_etl_dag.py
[2026-06-18T08:59:15.290+0000] {processor.py:840} INFO - DAG(s) 'weather_etl_pipeline' retrieved from /opt/airflow/dags/weather_etl_dag.py
[2026-06-18T08:59:15.348+0000] {logging_mixin.py:188} INFO - [2026-06-18T08:59:15.348+0000] {dag.py:3096} INFO - Sync 1 DAGs
[2026-06-18T08:59:15.400+0000] {logging_mixin.py:188} INFO - [2026-06-18T08:59:15.399+0000] {dag.py:3954} INFO - Setting next_dagrun for weather_etl_pipeline to 2026-06-18 00:00:00+00:00, run_after=2026-06-19 00:00:00+00:00
[2026-06-18T08:59:15.436+0000] {processor.py:183} INFO - Processing /opt/airflow/dags/weather_etl_dag.py took 0.468 seconds
[2026-06-18T08:59:26.297+0000] {processor.py:161} INFO - Started process (PID=8793) to work on /opt/airflow/dags/weather_etl_dag.py
[2026-06-18T08:59:26.299+0000] {processor.py:830} INFO - Processing file /opt/airflow/dags/weather_etl_dag.py for tasks to queue
[2026-06-18T08:59:26.302+0000] {logging_mixin.py:188} INFO - [2026-06-18T08:59:26.301+0000] {dagbag.py:545} INFO - Filling up the DagBag from /opt/airflow/dags/weather_etl_dag.py
[2026-06-18T08:59:26.358+0000] {processor.py:840} INFO - DAG(s) 'weather_etl_pipeline' retrieved from /opt/airflow/dags/weather_etl_dag.py
[2026-06-18T08:59:26.414+0000] {logging_mixin.py:188} INFO - [2026-06-18T08:59:26.414+0000] {dag.py:3096} INFO - Sync 1 DAGs
[2026-06-18T08:59:26.457+0000] {logging_mixin.py:188} INFO - [2026-06-18T08:59:26.457+0000] {dag.py:3954} INFO - Setting next_dagrun for weather_etl_pipeline to 2026-06-18 00:00:00+00:00, run_after=2026-06-19 00:00:00+00:00
[2026-06-18T08:59:26.490+0000] {processor.py:183} INFO - Processing /opt/airflow/dags/weather_etl_dag.py took 0.202 seconds
[2026-06-18T08:59:36.631+0000] {processor.py:161} INFO - Started process (PID=8798) to work on /opt/airflow/dags/weather_etl_dag.py
[2026-06-18T08:59:36.633+0000] {processor.py:830} INFO - Processing file /opt/airflow/dags/weather_etl_dag.py for tasks to queue
[2026-06-18T08:59:36.636+0000] {logging_mixin.py:188} INFO - [2026-06-18T08:59:36.635+0000] {dagbag.py:545} INFO - Filling up the DagBag from /opt/airflow/dags/weather_etl_dag.py
[2026-06-18T08:59:36.680+0000] {processor.py:840} INFO - DAG(s) 'weather_etl_pipeline' retrieved from /opt/airflow/dags/weather_etl_dag.py
[2026-06-18T08:59:36.731+0000] {logging_mixin.py:188} INFO - [2026-06-18T08:59:36.730+0000] {dag.py:3096} INFO - Sync 1 DAGs
[2026-06-18T08:59:36.769+0000] {logging_mixin.py:188} INFO - [2026-06-18T08:59:36.768+0000] {dag.py:3954} INFO - Setting next_dagrun for weather_etl_pipeline to 2026-06-18 00:00:00+00:00, run_after=2026-06-19 00:00:00+00:00
[2026-06-18T08:59:36.806+0000] {processor.py:183} INFO - Processing /opt/airflow/dags/weather_etl_dag.py took 0.187 seconds
[2026-06-18T08:59:46.942+0000] {processor.py:161} INFO - Started process (PID=8803) to work on /opt/airflow/dags/weather_etl_dag.py
[2026-06-18T08:59:46.944+0000] {processor.py:830} INFO - Processing file /opt/airflow/dags/weather_etl_dag.py for tasks to queue
[2026-06-18T08:59:46.947+0000] {logging_mixin.py:188} INFO - [2026-06-18T08:59:46.946+0000] {dagbag.py:545} INFO - Filling up the DagBag from /opt/airflow/dags/weather_etl_dag.py
[2026-06-18T08:59:46.996+0000] {processor.py:840} INFO - DAG(s) 'weather_etl_pipeline' retrieved from /opt/airflow/dags/weather_etl_dag.py
[2026-06-18T08:59:47.037+0000] {logging_mixin.py:188} INFO - [2026-06-18T08:59:47.037+0000] {dag.py:3096} INFO - Sync 1 DAGs
[2026-06-18T08:59:47.069+0000] {logging_mixin.py:188} INFO - [2026-06-18T08:59:47.068+0000] {dag.py:3954} INFO - Setting next_dagrun for weather_etl_pipeline to 2026-06-18 00:00:00+00:00, run_after=2026-06-19 00:00:00+00:00
[2026-06-18T08:59:47.097+0000] {processor.py:183} INFO - Processing /opt/airflow/dags/weather_etl_dag.py took 0.164 seconds
[2026-06-18T08:59:57.176+0000] {processor.py:161} INFO - Started process (PID=8808) to work on /opt/airflow/dags/weather_etl_dag.py
[2026-06-18T08:59:57.178+0000] {processor.py:830} INFO - Processing file /opt/airflow/dags/weather_etl_dag.py for tasks to queue
[2026-06-18T08:59:57.181+0000] {logging_mixin.py:188} INFO - [2026-06-18T08:59:57.180+0000] {dagbag.py:545} INFO - Filling up the DagBag from /opt/airflow/dags/weather_etl_dag.py
[2026-06-18T08:59:57.228+0000] {processor.py:840} INFO - DAG(s) 'weather_etl_pipeline' retrieved from /opt/airflow/dags/weather_etl_dag.py
[2026-06-18T08:59:57.276+0000] {logging_mixin.py:188} INFO - [2026-06-18T08:59:57.276+0000] {dag.py:3096} INFO - Sync 1 DAGs
[2026-06-18T08:59:57.314+0000] {logging_mixin.py:188} INFO - [2026-06-18T08:59:57.314+0000] {dag.py:3954} INFO - Setting next_dagrun for weather_etl_pipeline to 2026-06-18 00:00:00+00:00, run_after=2026-06-19 00:00:00+00:00
[2026-06-18T08:59:57.354+0000] {processor.py:183} INFO - Processing /opt/airflow/dags/weather_etl_dag.py took 0.192 seconds
[2026-06-18T09:00:07.478+0000] {processor.py:161} INFO - Started process (PID=8813) to work on /opt/airflow/dags/weather_etl_dag.py
[2026-06-18T09:00:07.480+0000] {processor.py:830} INFO - Processing file /opt/airflow/dags/weather_etl_dag.py for tasks to queue
[2026-06-18T09:00:07.482+0000] {logging_mixin.py:188} INFO - [2026-06-18T09:00:07.482+0000] {dagbag.py:545} INFO - Filling up the DagBag from /opt/airflow/dags/weather_etl_dag.py
[2026-06-18T09:00:07.519+0000] {processor.py:840} INFO - DAG(s) 'weather_etl_pipeline' retrieved from /opt/airflow/dags/weather_etl_dag.py
[2026-06-18T09:00:07.558+0000] {logging_mixin.py:188} INFO - [2026-06-18T09:00:07.558+0000] {dag.py:3096} INFO - Sync 1 DAGs
[2026-06-18T09:00:07.599+0000] {logging_mixin.py:188} INFO - [2026-06-18T09:00:07.599+0000] {dag.py:3954} INFO - Setting next_dagrun for weather_etl_pipeline to 2026-06-18 00:00:00+00:00, run_after=2026-06-19 00:00:00+00:00
[2026-06-18T09:00:07.630+0000] {processor.py:183} INFO - Processing /opt/airflow/dags/weather_etl_dag.py took 0.161 seconds
[2026-06-18T09:00:17.863+0000] {processor.py:161} INFO - Started process (PID=8818) to work on /opt/airflow/dags/weather_etl_dag.py
[2026-06-18T09:00:17.866+0000] {processor.py:830} INFO - Processing file /opt/airflow/dags/weather_etl_dag.py for tasks to queue
[2026-06-18T09:00:17.870+0000] {logging_mixin.py:188} INFO - [2026-06-18T09:00:17.869+0000] {dagbag.py:545} INFO - Filling up the DagBag from /opt/airflow/dags/weather_etl_dag.py
[2026-06-18T09:00:17.951+0000] {processor.py:840} INFO - DAG(s) 'weather_etl_pipeline' retrieved from /opt/airflow/dags/weather_etl_dag.py
[2026-06-18T09:00:20.820+0000] {logging_mixin.py:188} INFO - [2026-06-18T09:00:20.819+0000] {dag.py:3096} INFO - Sync 1 DAGs
[2026-06-18T09:00:20.952+0000] {logging_mixin.py:188} INFO - [2026-06-18T09:00:20.951+0000] {dag.py:3954} INFO - Setting next_dagrun for weather_etl_pipeline to 2026-06-18 00:00:00+00:00, run_after=2026-06-19 00:00:00+00:00
[2026-06-18T09:00:21.032+0000] {processor.py:183} INFO - Processing /opt/airflow/dags/weather_etl_dag.py took 0.480 seconds
[2026-06-18T09:00:31.180+0000] {processor.py:161} INFO - Started process (PID=8823) to work on /opt/airflow/dags/weather_etl_dag.py
[2026-06-18T09:00:31.182+0000] {processor.py:830} INFO - Processing file /opt/airflow/dags/weather_etl_dag.py for tasks to queue
[2026-06-18T09:00:31.184+0000] {logging_mixin.py:188} INFO - [2026-06-18T09:00:31.183+0000] {dagbag.py:545} INFO - Filling up the DagBag from /opt/airflow/dags/weather_etl_dag.py
[2026-06-18T09:00:31.219+0000] {processor.py:840} INFO - DAG(s) 'weather_etl_pipeline' retrieved from /opt/airflow/dags/weather_etl_dag.py
[2026-06-18T09:00:31.265+0000] {logging_mixin.py:188} INFO - [2026-06-18T09:00:31.264+0000] {dag.py:3096} INFO - Sync 1 DAGs
[2026-06-18T09:00:31.300+0000] {logging_mixin.py:188} INFO - [2026-06-18T09:00:31.300+0000] {dag.py:3954} INFO - Setting next_dagrun for weather_etl_pipeline to 2026-06-18 00:00:00+00:00, run_after=2026-06-19 00:00:00+00:00
[2026-06-18T09:00:31.331+0000] {processor.py:183} INFO - Processing /opt/airflow/dags/weather_etl_dag.py took 0.159 seconds
[2026-06-18T09:00:41.454+0000] {processor.py:161} INFO - Started process (PID=8828) to work on /opt/airflow/dags/weather_etl_dag.py
[2026-06-18T09:00:41.456+0000] {processor.py:830} INFO - Processing file /opt/airflow/dags/weather_etl_dag.py for tasks to queue
[2026-06-18T09:00:41.459+0000] {logging_mixin.py:188} INFO - [2026-06-18T09:00:41.458+0000] {dagbag.py:545} INFO - Filling up the DagBag from /opt/airflow/dags/weather_etl_dag.py
[2026-06-18T09:00:41.506+0000] {processor.py:840} INFO - DAG(s) 'weather_etl_pipeline' retrieved from /opt/airflow/dags/weather_etl_dag.py
[2026-06-18T09:00:41.573+0000] {logging_mixin.py:188} INFO - [2026-06-18T09:00:41.572+0000] {dag.py:3096} INFO - Sync 1 DAGs
[2026-06-18T09:00:41.618+0000] {logging_mixin.py:188} INFO - [2026-06-18T09:00:41.617+0000] {dag.py:3954} INFO - Setting next_dagrun for weather_etl_pipeline to 2026-06-18 00:00:00+00:00, run_after=2026-06-19 00:00:00+00:00
[2026-06-18T09:00:41.649+0000] {processor.py:183} INFO - Processing /opt/airflow/dags/weather_etl_dag.py took 0.204 seconds
[2026-06-18T09:00:54.256+0000] {processor.py:161} INFO - Started process (PID=8833) to work on /opt/airflow/dags/weather_etl_dag.py
[2026-06-18T09:00:54.259+0000] {processor.py:830} INFO - Processing file /opt/airflow/dags/weather_etl_dag.py for tasks to queue
[2026-06-18T09:00:54.262+0000] {logging_mixin.py:188} INFO - [2026-06-18T09:00:54.261+0000] {dagbag.py:545} INFO - Filling up the DagBag from /opt/airflow/dags/weather_etl_dag.py
[2026-06-18T09:00:54.320+0000] {processor.py:840} INFO - DAG(s) 'weather_etl_pipeline' retrieved from /opt/airflow/dags/weather_etl_dag.py
[2026-06-18T09:00:54.408+0000] {logging_mixin.py:188} INFO - [2026-06-18T09:00:54.407+0000] {dag.py:3096} INFO - Sync 1 DAGs
[2026-06-18T09:00:54.481+0000] {logging_mixin.py:188} INFO - [2026-06-18T09:00:54.480+0000] {dag.py:3954} INFO - Setting next_dagrun for weather_etl_pipeline to 2026-06-18 00:00:00+00:00, run_after=2026-06-19 00:00:00+00:00
[2026-06-18T09:00:54.535+0000] {processor.py:183} INFO - Processing /opt/airflow/dags/weather_etl_dag.py took 0.290 seconds
[2026-06-18T09:01:04.669+0000] {processor.py:161} INFO - Started process (PID=8838) to work on /opt/airflow/dags/weather_etl_dag.py
[2026-06-18T09:01:04.671+0000] {processor.py:830} INFO - Processing file /opt/airflow/dags/weather_etl_dag.py for tasks to queue
[2026-06-18T09:01:04.674+0000] {logging_mixin.py:188} INFO - [2026-06-18T09:01:04.674+0000] {dagbag.py:545} INFO - Filling up the DagBag from /opt/airflow/dags/weather_etl_dag.py
[2026-06-18T09:01:04.721+0000] {processor.py:840} INFO - DAG(s) 'weather_etl_pipeline' retrieved from /opt/airflow/dags/weather_etl_dag.py
[2026-06-18T09:01:04.773+0000] {logging_mixin.py:188} INFO - [2026-06-18T09:01:04.773+0000] {dag.py:3096} INFO - Sync 1 DAGs
[2026-06-18T09:01:04.820+0000] {logging_mixin.py:188} INFO - [2026-06-18T09:01:04.819+0000] {dag.py:3954} INFO - Setting next_dagrun for weather_etl_pipeline to 2026-06-18 00:00:00+00:00, run_after=2026-06-19 00:00:00+00:00
[2026-06-18T09:01:04.865+0000] {processor.py:183} INFO - Processing /opt/airflow/dags/weather_etl_dag.py took 0.205 seconds
[2026-06-18T09:01:14.991+0000] {processor.py:161} INFO - Started process (PID=8843) to work on /opt/airflow/dags/weather_etl_dag.py
[2026-06-18T09:01:14.993+0000] {processor.py:830} INFO - Processing file /opt/airflow/dags/weather_etl_dag.py for tasks to queue
[2026-06-18T09:01:14.996+0000] {logging_mixin.py:188} INFO - [2026-06-18T09:01:14.995+0000] {dagbag.py:545} INFO - Filling up the DagBag from /opt/airflow/dags/weather_etl_dag.py
[2026-06-18T09:01:15.038+0000] {processor.py:840} INFO - DAG(s) 'weather_etl_pipeline' retrieved from /opt/airflow/dags/weather_etl_dag.py
[2026-06-18T09:01:15.079+0000] {logging_mixin.py:188} INFO - [2026-06-18T09:01:15.079+0000] {dag.py:3096} INFO - Sync 1 DAGs
[2026-06-18T09:01:15.124+0000] {logging_mixin.py:188} INFO - [2026-06-18T09:01:15.123+0000] {dag.py:3954} INFO - Setting next_dagrun for weather_etl_pipeline to 2026-06-18 00:00:00+00:00, run_after=2026-06-19 00:00:00+00:00
[2026-06-18T09:01:15.163+0000] {processor.py:183} INFO - Processing /opt/airflow/dags/weather_etl_dag.py took 0.181 seconds
[2026-06-18T09:01:26.809+0000] {processor.py:161} INFO - Started process (PID=8848) to work on /opt/airflow/dags/weather_etl_dag.py
[2026-06-18T09:01:26.811+0000] {processor.py:830} INFO - Processing file /opt/airflow/dags/weather_etl_dag.py for tasks to queue
[2026-06-18T09:01:26.813+0000] {logging_mixin.py:188} INFO - [2026-06-18T09:01:26.813+0000] {dagbag.py:545} INFO - Filling up the DagBag from /opt/airflow/dags/weather_etl_dag.py
[2026-06-18T09:01:26.868+0000] {processor.py:840} INFO - DAG(s) 'weather_etl_pipeline' retrieved from /opt/airflow/dags/weather_etl_dag.py
[2026-06-18T09:01:26.933+0000] {logging_mixin.py:188} INFO - [2026-06-18T09:01:26.932+0000] {dag.py:3096} INFO - Sync 1 DAGs
[2026-06-18T09:01:26.995+0000] {logging_mixin.py:188} INFO - [2026-06-18T09:01:26.994+0000] {dag.py:3954} INFO - Setting next_dagrun for weather_etl_pipeline to 2026-06-18 00:00:00+00:00, run_after=2026-06-19 00:00:00+00:00
[2026-06-18T09:01:27.036+0000] {processor.py:183} INFO - Processing /opt/airflow/dags/weather_etl_dag.py took 0.239 seconds
[2026-06-18T09:01:37.127+0000] {processor.py:161} INFO - Started process (PID=8853) to work on /opt/airflow/dags/weather_etl_dag.py
[2026-06-18T09:01:37.129+0000] {processor.py:830} INFO - Processing file /opt/airflow/dags/weather_etl_dag.py for tasks to queue
[2026-06-18T09:01:37.134+0000] {logging_mixin.py:188} INFO - [2026-06-18T09:01:37.131+0000] {dagbag.py:545} INFO - Filling up the DagBag from /opt/airflow/dags/weather_etl_dag.py
[2026-06-18T09:01:37.167+0000] {processor.py:840} INFO - DAG(s) 'weather_etl_pipeline' retrieved from /opt/airflow/dags/weather_etl_dag.py
[2026-06-18T09:01:37.212+0000] {logging_mixin.py:188} INFO - [2026-06-18T09:01:37.211+0000] {dag.py:3096} INFO - Sync 1 DAGs
[2026-06-18T09:01:37.247+0000] {logging_mixin.py:188} INFO - [2026-06-18T09:01:37.247+0000] {dag.py:3954} INFO - Setting next_dagrun for weather_etl_pipeline to 2026-06-18 00:00:00+00:00, run_after=2026-06-19 00:00:00+00:00
[2026-06-18T09:01:37.280+0000] {processor.py:183} INFO - Processing /opt/airflow/dags/weather_etl_dag.py took 0.183 seconds
[2026-06-18T09:01:47.453+0000] {processor.py:161} INFO - Started process (PID=8858) to work on /opt/airflow/dags/weather_etl_dag.py
[2026-06-18T09:01:47.455+0000] {processor.py:830} INFO - Processing file /opt/airflow/dags/weather_etl_dag.py for tasks to queue
[2026-06-18T09:01:47.459+0000] {logging_mixin.py:188} INFO - [2026-06-18T09:01:47.458+0000] {dagbag.py:545} INFO - Filling up the DagBag from /opt/airflow/dags/weather_etl_dag.py
[2026-06-18T09:01:47.510+0000] {processor.py:840} INFO - DAG(s) 'weather_etl_pipeline' retrieved from /opt/airflow/dags/weather_etl_dag.py
[2026-06-18T09:01:47.566+0000] {logging_mixin.py:188} INFO - [2026-06-18T09:01:47.565+0000] {dag.py:3096} INFO - Sync 1 DAGs
[2026-06-18T09:01:47.604+0000] {logging_mixin.py:188} INFO - [2026-06-18T09:01:47.603+0000] {dag.py:3954} INFO - Setting next_dagrun for weather_etl_pipeline to 2026-06-18 00:00:00+00:00, run_after=2026-06-19 00:00:00+00:00
[2026-06-18T09:01:47.642+0000] {processor.py:183} INFO - Processing /opt/airflow/dags/weather_etl_dag.py took 0.198 seconds
[2026-06-18T09:01:58.185+0000] {processor.py:161} INFO - Started process (PID=8863) to work on /opt/airflow/dags/weather_etl_dag.py
[2026-06-18T09:01:58.188+0000] {processor.py:830} INFO - Processing file /opt/airflow/dags/weather_etl_dag.py for tasks to queue
[2026-06-18T09:01:58.190+0000] {logging_mixin.py:188} INFO - [2026-06-18T09:01:58.189+0000] {dagbag.py:545} INFO - Filling up the DagBag from /opt/airflow/dags/weather_etl_dag.py
[2026-06-18T09:01:58.241+0000] {processor.py:840} INFO - DAG(s) 'weather_etl_pipeline' retrieved from /opt/airflow/dags/weather_etl_dag.py
[2026-06-18T09:01:58.313+0000] {logging_mixin.py:188} INFO - [2026-06-18T09:01:58.313+0000] {dag.py:3096} INFO - Sync 1 DAGs
[2026-06-18T09:01:58.381+0000] {logging_mixin.py:188} INFO - [2026-06-18T09:01:58.380+0000] {dag.py:3954} INFO - Setting next_dagrun for weather_etl_pipeline to 2026-06-18 00:00:00+00:00, run_after=2026-06-19 00:00:00+00:00
[2026-06-18T09:01:58.434+0000] {processor.py:183} INFO - Processing /opt/airflow/dags/weather_etl_dag.py took 0.259 seconds
[2026-06-18T09:02:08.575+0000] {processor.py:161} INFO - Started process (PID=8868) to work on /opt/airflow/dags/weather_etl_dag.py
[2026-06-18T09:02:08.577+0000] {processor.py:830} INFO - Processing file /opt/airflow/dags/weather_etl_dag.py for tasks to queue
[2026-06-18T09:02:08.580+0000] {logging_mixin.py:188} INFO - [2026-06-18T09:02:08.579+0000] {dagbag.py:545} INFO - Filling up the DagBag from /opt/airflow/dags/weather_etl_dag.py
[2026-06-18T09:02:08.617+0000] {processor.py:840} INFO - DAG(s) 'weather_etl_pipeline' retrieved from /opt/airflow/dags/weather_etl_dag.py
[2026-06-18T09:02:08.660+0000] {logging_mixin.py:188} INFO - [2026-06-18T09:02:08.659+0000] {dag.py:3096} INFO - Sync 1 DAGs
[2026-06-18T09:02:08.695+0000] {logging_mixin.py:188} INFO - [2026-06-18T09:02:08.695+0000] {dag.py:3954} INFO - Setting next_dagrun for weather_etl_pipeline to 2026-06-18 00:00:00+00:00, run_after=2026-06-19 00:00:00+00:00
[2026-06-18T09:02:08.728+0000] {processor.py:183} INFO - Processing /opt/airflow/dags/weather_etl_dag.py took 0.162 seconds
[2026-06-18T09:02:18.964+0000] {processor.py:161} INFO - Started process (PID=8873) to work on /opt/airflow/dags/weather_etl_dag.py
[2026-06-18T09:02:18.981+0000] {processor.py:830} INFO - Processing file /opt/airflow/dags/weather_etl_dag.py for tasks to queue
[2026-06-18T09:02:18.990+0000] {logging_mixin.py:188} INFO - [2026-06-18T09:02:18.989+0000] {dagbag.py:545} INFO - Filling up the DagBag from /opt/airflow/dags/weather_etl_dag.py
[2026-06-18T09:02:19.131+0000] {processor.py:840} INFO - DAG(s) 'weather_etl_pipeline' retrieved from /opt/airflow/dags/weather_etl_dag.py
[2026-06-18T09:02:19.357+0000] {logging_mixin.py:188} INFO - [2026-06-18T09:02:19.357+0000] {dag.py:3096} INFO - Sync 1 DAGs
[2026-06-18T09:02:19.534+0000] {logging_mixin.py:188} INFO - [2026-06-18T09:02:19.534+0000] {dag.py:3954} INFO - Setting next_dagrun for weather_etl_pipeline to 2026-06-18 00:00:00+00:00, run_after=2026-06-19 00:00:00+00:00
[2026-06-18T09:02:19.654+0000] {processor.py:183} INFO - Processing /opt/airflow/dags/weather_etl_dag.py took 0.734 seconds
[2026-06-18T09:02:30.514+0000] {processor.py:161} INFO - Started process (PID=8878) to work on /opt/airflow/dags/weather_etl_dag.py
[2026-06-18T09:02:30.518+0000] {processor.py:830} INFO - Processing file /opt/airflow/dags/weather_etl_dag.py for tasks to queue
[2026-06-18T09:02:30.522+0000] {logging_mixin.py:188} INFO - [2026-06-18T09:02:30.521+0000] {dagbag.py:545} INFO - Filling up the DagBag from /opt/airflow/dags/weather_etl_dag.py
[2026-06-18T09:02:30.618+0000] {processor.py:840} INFO - DAG(s) 'weather_etl_pipeline' retrieved from /opt/airflow/dags/weather_etl_dag.py
[2026-06-18T09:02:30.768+0000] {logging_mixin.py:188} INFO - [2026-06-18T09:02:30.767+0000] {dag.py:3096} INFO - Sync 1 DAGs
[2026-06-18T09:02:30.919+0000] {logging_mixin.py:188} INFO - [2026-06-18T09:02:30.918+0000] {dag.py:3954} INFO - Setting next_dagrun for weather_etl_pipeline to 2026-06-18 00:00:00+00:00, run_after=2026-06-19 00:00:00+00:00
[2026-06-18T09:02:31.031+0000] {processor.py:183} INFO - Processing /opt/airflow/dags/weather_etl_dag.py took 0.580 seconds
[2026-06-18T09:02:41.217+0000] {processor.py:161} INFO - Started process (PID=8883) to work on /opt/airflow/dags/weather_etl_dag.py
[2026-06-18T09:02:41.219+0000] {processor.py:830} INFO - Processing file /opt/airflow/dags/weather_etl_dag.py for tasks to queue
[2026-06-18T09:02:41.222+0000] {logging_mixin.py:188} INFO - [2026-06-18T09:02:41.222+0000] {dagbag.py:545} INFO - Filling up the DagBag from /opt/airflow/dags/weather_etl_dag.py
[2026-06-18T09:02:41.284+0000] {processor.py:840} INFO - DAG(s) 'weather_etl_pipeline' retrieved from /opt/airflow/dags/weather_etl_dag.py
[2026-06-18T09:02:41.376+0000] {logging_mixin.py:188} INFO - [2026-06-18T09:02:41.375+0000] {dag.py:3096} INFO - Sync 1 DAGs
[2026-06-18T09:02:41.449+0000] {logging_mixin.py:188} INFO - [2026-06-18T09:02:41.449+0000] {dag.py:3954} INFO - Setting next_dagrun for weather_etl_pipeline to 2026-06-18 00:00:00+00:00, run_after=2026-06-19 00:00:00+00:00
[2026-06-18T09:02:41.501+0000] {processor.py:183} INFO - Processing /opt/airflow/dags/weather_etl_dag.py took 0.299 seconds
[2026-06-18T09:02:51.710+0000] {processor.py:161} INFO - Started process (PID=8888) to work on /opt/airflow/dags/weather_etl_dag.py
[2026-06-18T09:02:51.720+0000] {processor.py:830} INFO - Processing file /opt/airflow/dags/weather_etl_dag.py for tasks to queue
[2026-06-18T09:02:51.724+0000] {logging_mixin.py:188} INFO - [2026-06-18T09:02:51.723+0000] {dagbag.py:545} INFO - Filling up the DagBag from /opt/airflow/dags/weather_etl_dag.py
[2026-06-18T09:02:51.787+0000] {processor.py:840} INFO - DAG(s) 'weather_etl_pipeline' retrieved from /opt/airflow/dags/weather_etl_dag.py
[2026-06-18T09:02:51.854+0000] {logging_mixin.py:188} INFO - [2026-06-18T09:02:51.854+0000] {dag.py:3096} INFO - Sync 1 DAGs
[2026-06-18T09:02:51.909+0000] {logging_mixin.py:188} INFO - [2026-06-18T09:02:51.908+0000] {dag.py:3954} INFO - Setting next_dagrun for weather_etl_pipeline to 2026-06-18 00:00:00+00:00, run_after=2026-06-19 00:00:00+00:00
[2026-06-18T09:02:51.950+0000] {processor.py:183} INFO - Processing /opt/airflow/dags/weather_etl_dag.py took 0.268 seconds
[2026-06-18T09:03:02.496+0000] {processor.py:161} INFO - Started process (PID=8893) to work on /opt/airflow/dags/weather_etl_dag.py
[2026-06-18T09:03:02.498+0000] {processor.py:830} INFO - Processing file /opt/airflow/dags/weather_etl_dag.py for tasks to queue
[2026-06-18T09:03:02.501+0000] {logging_mixin.py:188} INFO - [2026-06-18T09:03:02.500+0000] {dagbag.py:545} INFO - Filling up the DagBag from /opt/airflow/dags/weather_etl_dag.py
[2026-06-18T09:03:02.555+0000] {processor.py:840} INFO - DAG(s) 'weather_etl_pipeline' retrieved from /opt/airflow/dags/weather_etl_dag.py
[2026-06-18T09:03:02.658+0000] {logging_mixin.py:188} INFO - [2026-06-18T09:03:02.658+0000] {dag.py:3096} INFO - Sync 1 DAGs
[2026-06-18T09:03:02.740+0000] {logging_mixin.py:188} INFO - [2026-06-18T09:03:02.739+0000] {dag.py:3954} INFO - Setting next_dagrun for weather_etl_pipeline to 2026-06-18 00:00:00+00:00, run_after=2026-06-19 00:00:00+00:00
[2026-06-18T09:03:02.787+0000] {processor.py:183} INFO - Processing /opt/airflow/dags/weather_etl_dag.py took 0.305 seconds
[2026-06-18T09:03:12.987+0000] {processor.py:161} INFO - Started process (PID=8898) to work on /opt/airflow/dags/weather_etl_dag.py
[2026-06-18T09:03:12.992+0000] {processor.py:830} INFO - Processing file /opt/airflow/dags/weather_etl_dag.py for tasks to queue
[2026-06-18T09:03:12.997+0000] {logging_mixin.py:188} INFO - [2026-06-18T09:03:12.996+0000] {dagbag.py:545} INFO - Filling up the DagBag from /opt/airflow/dags/weather_etl_dag.py
[2026-06-18T09:03:13.112+0000] {processor.py:840} INFO - DAG(s) 'weather_etl_pipeline' retrieved from /opt/airflow/dags/weather_etl_dag.py
[2026-06-18T09:03:13.235+0000] {logging_mixin.py:188} INFO - [2026-06-18T09:03:13.234+0000] {dag.py:3096} INFO - Sync 1 DAGs
[2026-06-18T09:03:13.312+0000] {logging_mixin.py:188} INFO - [2026-06-18T09:03:13.311+0000] {dag.py:3954} INFO - Setting next_dagrun for weather_etl_pipeline to 2026-06-18 00:00:00+00:00, run_after=2026-06-19 00:00:00+00:00
[2026-06-18T09:03:13.374+0000] {processor.py:183} INFO - Processing /opt/airflow/dags/weather_etl_dag.py took 0.419 seconds
[2026-06-18T09:03:23.576+0000] {processor.py:161} INFO - Started process (PID=8903) to work on /opt/airflow/dags/weather_etl_dag.py
[2026-06-18T09:03:23.580+0000] {processor.py:830} INFO - Processing file /opt/airflow/dags/weather_etl_dag.py for tasks to queue
[2026-06-18T09:03:23.584+0000] {logging_mixin.py:188} INFO - [2026-06-18T09:03:23.583+0000] {dagbag.py:545} INFO - Filling up the DagBag from /opt/airflow/dags/weather_etl_dag.py
[2026-06-18T09:03:23.644+0000] {processor.py:840} INFO - DAG(s) 'weather_etl_pipeline' retrieved from /opt/airflow/dags/weather_etl_dag.py
[2026-06-18T09:03:23.749+0000] {logging_mixin.py:188} INFO - [2026-06-18T09:03:23.749+0000] {dag.py:3096} INFO - Sync 1 DAGs
[2026-06-18T09:03:23.822+0000] {logging_mixin.py:188} INFO - [2026-06-18T09:03:23.821+0000] {dag.py:3954} INFO - Setting next_dagrun for weather_etl_pipeline to 2026-06-18 00:00:00+00:00, run_after=2026-06-19 00:00:00+00:00
[2026-06-18T09:03:23.876+0000] {processor.py:183} INFO - Processing /opt/airflow/dags/weather_etl_dag.py took 0.316 seconds
[2026-06-18T09:03:35.026+0000] {processor.py:161} INFO - Started process (PID=8908) to work on /opt/airflow/dags/weather_etl_dag.py
[2026-06-18T09:03:35.066+0000] {processor.py:830} INFO - Processing file /opt/airflow/dags/weather_etl_dag.py for tasks to queue
[2026-06-18T09:03:35.106+0000] {logging_mixin.py:188} INFO - [2026-06-18T09:03:35.105+0000] {dagbag.py:545} INFO - Filling up the DagBag from /opt/airflow/dags/weather_etl_dag.py
[2026-06-18T09:03:35.293+0000] {processor.py:840} INFO - DAG(s) 'weather_etl_pipeline' retrieved from /opt/airflow/dags/weather_etl_dag.py
[2026-06-18T09:03:35.609+0000] {logging_mixin.py:188} INFO - [2026-06-18T09:03:35.608+0000] {dag.py:3096} INFO - Sync 1 DAGs
[2026-06-18T09:03:35.819+0000] {logging_mixin.py:188} INFO - [2026-06-18T09:03:35.818+0000] {dag.py:3954} INFO - Setting next_dagrun for weather_etl_pipeline to 2026-06-18 00:00:00+00:00, run_after=2026-06-19 00:00:00+00:00
[2026-06-18T09:03:35.934+0000] {processor.py:183} INFO - Processing /opt/airflow/dags/weather_etl_dag.py took 0.967 seconds
[2026-06-18T09:03:46.460+0000] {processor.py:161} INFO - Started process (PID=8913) to work on /opt/airflow/dags/weather_etl_dag.py
[2026-06-18T09:03:46.472+0000] {processor.py:830} INFO - Processing file /opt/airflow/dags/weather_etl_dag.py for tasks to queue
[2026-06-18T09:03:46.480+0000] {logging_mixin.py:188} INFO - [2026-06-18T09:03:46.479+0000] {dagbag.py:545} INFO - Filling up the DagBag from /opt/airflow/dags/weather_etl_dag.py
[2026-06-18T09:03:46.698+0000] {processor.py:840} INFO - DAG(s) 'weather_etl_pipeline' retrieved from /opt/airflow/dags/weather_etl_dag.py
[2026-06-18T09:03:46.989+0000] {logging_mixin.py:188} INFO - [2026-06-18T09:03:46.988+0000] {dag.py:3096} INFO - Sync 1 DAGs
[2026-06-18T09:03:47.238+0000] {logging_mixin.py:188} INFO - [2026-06-18T09:03:47.237+0000] {dag.py:3954} INFO - Setting next_dagrun for weather_etl_pipeline to 2026-06-18 00:00:00+00:00, run_after=2026-06-19 00:00:00+00:00
[2026-06-18T09:03:47.389+0000] {processor.py:183} INFO - Processing /opt/airflow/dags/weather_etl_dag.py took 0.993 seconds
[2026-06-18T09:03:57.688+0000] {processor.py:161} INFO - Started process (PID=8918) to work on /opt/airflow/dags/weather_etl_dag.py
[2026-06-18T09:03:57.700+0000] {processor.py:830} INFO - Processing file /opt/airflow/dags/weather_etl_dag.py for tasks to queue
[2026-06-18T09:03:57.705+0000] {logging_mixin.py:188} INFO - [2026-06-18T09:03:57.703+0000] {dagbag.py:545} INFO - Filling up the DagBag from /opt/airflow/dags/weather_etl_dag.py
[2026-06-18T09:03:57.810+0000] {processor.py:840} INFO - DAG(s) 'weather_etl_pipeline' retrieved from /opt/airflow/dags/weather_etl_dag.py
[2026-06-18T09:03:57.947+0000] {logging_mixin.py:188} INFO - [2026-06-18T09:03:57.946+0000] {dag.py:3096} INFO - Sync 1 DAGs
[2026-06-18T09:03:58.045+0000] {logging_mixin.py:188} INFO - [2026-06-18T09:03:58.045+0000] {dag.py:3954} INFO - Setting next_dagrun for weather_etl_pipeline to 2026-06-18 00:00:00+00:00, run_after=2026-06-19 00:00:00+00:00
[2026-06-18T09:03:58.138+0000] {processor.py:183} INFO - Processing /opt/airflow/dags/weather_etl_dag.py took 0.486 seconds
[2026-06-18T09:04:08.539+0000] {processor.py:161} INFO - Started process (PID=8923) to work on /opt/airflow/dags/weather_etl_dag.py
[2026-06-18T09:04:08.548+0000] {processor.py:830} INFO - Processing file /opt/airflow/dags/weather_etl_dag.py for tasks to queue
[2026-06-18T09:04:08.556+0000] {logging_mixin.py:188} INFO - [2026-06-18T09:04:08.553+0000] {dagbag.py:545} INFO - Filling up the DagBag from /opt/airflow/dags/weather_etl_dag.py
[2026-06-18T09:04:08.645+0000] {processor.py:840} INFO - DAG(s) 'weather_etl_pipeline' retrieved from /opt/airflow/dags/weather_etl_dag.py
[2026-06-18T09:04:08.790+0000] {logging_mixin.py:188} INFO - [2026-06-18T09:04:08.789+0000] {dag.py:3096} INFO - Sync 1 DAGs
[2026-06-18T09:04:08.888+0000] {logging_mixin.py:188} INFO - [2026-06-18T09:04:08.887+0000] {dag.py:3954} INFO - Setting next_dagrun for weather_etl_pipeline to 2026-06-18 00:00:00+00:00, run_after=2026-06-19 00:00:00+00:00
[2026-06-18T09:04:08.962+0000] {processor.py:183} INFO - Processing /opt/airflow/dags/weather_etl_dag.py took 0.459 seconds
[2026-06-18T09:04:19.318+0000] {processor.py:161} INFO - Started process (PID=8928) to work on /opt/airflow/dags/weather_etl_dag.py
[2026-06-18T09:04:19.347+0000] {processor.py:830} INFO - Processing file /opt/airflow/dags/weather_etl_dag.py for tasks to queue
[2026-06-18T09:04:19.357+0000] {logging_mixin.py:188} INFO - [2026-06-18T09:04:19.356+0000] {dagbag.py:545} INFO - Filling up the DagBag from /opt/airflow/dags/weather_etl_dag.py
[2026-06-18T09:04:19.458+0000] {processor.py:840} INFO - DAG(s) 'weather_etl_pipeline' retrieved from /opt/airflow/dags/weather_etl_dag.py
[2026-06-18T09:04:19.622+0000] {logging_mixin.py:188} INFO - [2026-06-18T09:04:19.622+0000] {dag.py:3096} INFO - Sync 1 DAGs
[2026-06-18T09:04:19.730+0000] {logging_mixin.py:188} INFO - [2026-06-18T09:04:19.729+0000] {dag.py:3954} INFO - Setting next_dagrun for weather_etl_pipeline to 2026-06-18 00:00:00+00:00, run_after=2026-06-19 00:00:00+00:00
[2026-06-18T09:04:19.787+0000] {processor.py:183} INFO - Processing /opt/airflow/dags/weather_etl_dag.py took 0.495 seconds
[2026-06-18T09:04:29.960+0000] {processor.py:161} INFO - Started process (PID=8933) to work on /opt/airflow/dags/weather_etl_dag.py
[2026-06-18T09:04:29.963+0000] {processor.py:830} INFO - Processing file /opt/airflow/dags/weather_etl_dag.py for tasks to queue
[2026-06-18T09:04:29.967+0000] {logging_mixin.py:188} INFO - [2026-06-18T09:04:29.966+0000] {dagbag.py:545} INFO - Filling up the DagBag from /opt/airflow/dags/weather_etl_dag.py
[2026-06-18T09:04:30.012+0000] {processor.py:840} INFO - DAG(s) 'weather_etl_pipeline' retrieved from /opt/airflow/dags/weather_etl_dag.py
[2026-06-18T09:04:30.066+0000] {logging_mixin.py:188} INFO - [2026-06-18T09:04:30.066+0000] {dag.py:3096} INFO - Sync 1 DAGs
[2026-06-18T09:04:30.118+0000] {logging_mixin.py:188} INFO - [2026-06-18T09:04:30.117+0000] {dag.py:3954} INFO - Setting next_dagrun for weather_etl_pipeline to 2026-06-18 00:00:00+00:00, run_after=2026-06-19 00:00:00+00:00
[2026-06-18T09:04:30.162+0000] {processor.py:183} INFO - Processing /opt/airflow/dags/weather_etl_dag.py took 0.216 seconds
[2026-06-18T09:04:40.783+0000] {processor.py:161} INFO - Started process (PID=8938) to work on /opt/airflow/dags/weather_etl_dag.py
[2026-06-18T09:04:40.786+0000] {processor.py:830} INFO - Processing file /opt/airflow/dags/weather_etl_dag.py for tasks to queue
[2026-06-18T09:04:40.789+0000] {logging_mixin.py:188} INFO - [2026-06-18T09:04:40.788+0000] {dagbag.py:545} INFO - Filling up the DagBag from /opt/airflow/dags/weather_etl_dag.py
[2026-06-18T09:04:40.838+0000] {processor.py:840} INFO - DAG(s) 'weather_etl_pipeline' retrieved from /opt/airflow/dags/weather_etl_dag.py
[2026-06-18T09:04:40.900+0000] {logging_mixin.py:188} INFO - [2026-06-18T09:04:40.900+0000] {dag.py:3096} INFO - Sync 1 DAGs
[2026-06-18T09:04:40.963+0000] {logging_mixin.py:188} INFO - [2026-06-18T09:04:40.962+0000] {dag.py:3954} INFO - Setting next_dagrun for weather_etl_pipeline to 2026-06-18 00:00:00+00:00, run_after=2026-06-19 00:00:00+00:00
[2026-06-18T09:04:41.015+0000] {processor.py:183} INFO - Processing /opt/airflow/dags/weather_etl_dag.py took 0.247 seconds
[2026-06-18T09:04:51.233+0000] {processor.py:161} INFO - Started process (PID=8943) to work on /opt/airflow/dags/weather_etl_dag.py
[2026-06-18T09:04:51.240+0000] {processor.py:830} INFO - Processing file /opt/airflow/dags/weather_etl_dag.py for tasks to queue
[2026-06-18T09:04:51.246+0000] {logging_mixin.py:188} INFO - [2026-06-18T09:04:51.245+0000] {dagbag.py:545} INFO - Filling up the DagBag from /opt/airflow/dags/weather_etl_dag.py
[2026-06-18T09:04:51.396+0000] {processor.py:840} INFO - DAG(s) 'weather_etl_pipeline' retrieved from /opt/airflow/dags/weather_etl_dag.py
[2026-06-18T09:04:51.534+0000] {logging_mixin.py:188} INFO - [2026-06-18T09:04:51.533+0000] {dag.py:3096} INFO - Sync 1 DAGs
[2026-06-18T09:04:51.603+0000] {logging_mixin.py:188} INFO - [2026-06-18T09:04:51.603+0000] {dag.py:3954} INFO - Setting next_dagrun for weather_etl_pipeline to 2026-06-18 00:00:00+00:00, run_after=2026-06-19 00:00:00+00:00
[2026-06-18T09:04:51.647+0000] {processor.py:183} INFO - Processing /opt/airflow/dags/weather_etl_dag.py took 0.447 seconds
[2026-06-18T09:05:01.941+0000] {processor.py:161} INFO - Started process (PID=8948) to work on /opt/airflow/dags/weather_etl_dag.py
[2026-06-18T09:05:01.945+0000] {processor.py:830} INFO - Processing file /opt/airflow/dags/weather_etl_dag.py for tasks to queue
[2026-06-18T09:05:01.948+0000] {logging_mixin.py:188} INFO - [2026-06-18T09:05:01.947+0000] {dagbag.py:545} INFO - Filling up the DagBag from /opt/airflow/dags/weather_etl_dag.py
[2026-06-18T09:05:01.995+0000] {processor.py:840} INFO - DAG(s) 'weather_etl_pipeline' retrieved from /opt/airflow/dags/weather_etl_dag.py
[2026-06-18T09:05:02.057+0000] {logging_mixin.py:188} INFO - [2026-06-18T09:05:02.056+0000] {dag.py:3096} INFO - Sync 1 DAGs
[2026-06-18T09:05:02.103+0000] {logging_mixin.py:188} INFO - [2026-06-18T09:05:02.103+0000] {dag.py:3954} INFO - Setting next_dagrun for weather_etl_pipeline to 2026-06-18 00:00:00+00:00, run_after=2026-06-19 00:00:00+00:00
[2026-06-18T09:05:02.151+0000] {processor.py:183} INFO - Processing /opt/airflow/dags/weather_etl_dag.py took 0.223 seconds
[2026-06-18T09:05:12.368+0000] {processor.py:161} INFO - Started process (PID=8953) to work on /opt/airflow/dags/weather_etl_dag.py
[2026-06-18T09:05:12.373+0000] {processor.py:830} INFO - Processing file /opt/airflow/dags/weather_etl_dag.py for tasks to queue
[2026-06-18T09:05:12.381+0000] {logging_mixin.py:188} INFO - [2026-06-18T09:05:12.379+0000] {dagbag.py:545} INFO - Filling up the DagBag from /opt/airflow/dags/weather_etl_dag.py
[2026-06-18T09:05:12.447+0000] {processor.py:840} INFO - DAG(s) 'weather_etl_pipeline' retrieved from /opt/airflow/dags/weather_etl_dag.py
[2026-06-18T09:05:12.551+0000] {logging_mixin.py:188} INFO - [2026-06-18T09:05:12.551+0000] {dag.py:3096} INFO - Sync 1 DAGs
[2026-06-18T09:05:12.621+0000] {logging_mixin.py:188} INFO - [2026-06-18T09:05:12.621+0000] {dag.py:3954} INFO - Setting next_dagrun for weather_etl_pipeline to 2026-06-18 00:00:00+00:00, run_after=2026-06-19 00:00:00+00:00
[2026-06-18T09:05:12.677+0000] {processor.py:183} INFO - Processing /opt/airflow/dags/weather_etl_dag.py took 0.329 seconds
[2026-06-18T09:05:22.834+0000] {processor.py:161} INFO - Started process (PID=8958) to work on /opt/airflow/dags/weather_etl_dag.py
[2026-06-18T09:05:22.837+0000] {processor.py:830} INFO - Processing file /opt/airflow/dags/weather_etl_dag.py for tasks to queue
[2026-06-18T09:05:22.839+0000] {logging_mixin.py:188} INFO - [2026-06-18T09:05:22.839+0000] {dagbag.py:545} INFO - Filling up the DagBag from /opt/airflow/dags/weather_etl_dag.py
[2026-06-18T09:05:22.899+0000] {processor.py:840} INFO - DAG(s) 'weather_etl_pipeline' retrieved from /opt/airflow/dags/weather_etl_dag.py
[2026-06-18T09:05:23.022+0000] {logging_mixin.py:188} INFO - [2026-06-18T09:05:23.021+0000] {dag.py:3096} INFO - Sync 1 DAGs
[2026-06-18T09:05:23.109+0000] {logging_mixin.py:188} INFO - [2026-06-18T09:05:23.108+0000] {dag.py:3954} INFO - Setting next_dagrun for weather_etl_pipeline to 2026-06-18 00:00:00+00:00, run_after=2026-06-19 00:00:00+00:00
[2026-06-18T09:05:23.204+0000] {processor.py:183} INFO - Processing /opt/airflow/dags/weather_etl_dag.py took 0.381 seconds
[2026-06-18T09:05:33.695+0000] {processor.py:161} INFO - Started process (PID=8963) to work on /opt/airflow/dags/weather_etl_dag.py
[2026-06-18T09:05:33.698+0000] {processor.py:830} INFO - Processing file /opt/airflow/dags/weather_etl_dag.py for tasks to queue
[2026-06-18T09:05:33.705+0000] {logging_mixin.py:188} INFO - [2026-06-18T09:05:33.702+0000] {dagbag.py:545} INFO - Filling up the DagBag from /opt/airflow/dags/weather_etl_dag.py
[2026-06-18T09:05:33.784+0000] {processor.py:840} INFO - DAG(s) 'weather_etl_pipeline' retrieved from /opt/airflow/dags/weather_etl_dag.py
[2026-06-18T09:05:33.840+0000] {logging_mixin.py:188} INFO - [2026-06-18T09:05:33.840+0000] {dag.py:3096} INFO - Sync 1 DAGs
[2026-06-18T09:05:33.886+0000] {logging_mixin.py:188} INFO - [2026-06-18T09:05:33.886+0000] {dag.py:3954} INFO - Setting next_dagrun for weather_etl_pipeline to 2026-06-18 00:00:00+00:00, run_after=2026-06-19 00:00:00+00:00
[2026-06-18T09:05:33.925+0000] {processor.py:183} INFO - Processing /opt/airflow/dags/weather_etl_dag.py took 0.264 seconds
[2026-06-18T09:05:44.796+0000] {processor.py:161} INFO - Started process (PID=8968) to work on /opt/airflow/dags/weather_etl_dag.py
[2026-06-18T09:05:44.800+0000] {processor.py:830} INFO - Processing file /opt/airflow/dags/weather_etl_dag.py for tasks to queue
[2026-06-18T09:05:44.804+0000] {logging_mixin.py:188} INFO - [2026-06-18T09:05:44.803+0000] {dagbag.py:545} INFO - Filling up the DagBag from /opt/airflow/dags/weather_etl_dag.py
[2026-06-18T09:05:44.889+0000] {processor.py:840} INFO - DAG(s) 'weather_etl_pipeline' retrieved from /opt/airflow/dags/weather_etl_dag.py
[2026-06-18T09:05:44.983+0000] {logging_mixin.py:188} INFO - [2026-06-18T09:05:44.981+0000] {dag.py:3096} INFO - Sync 1 DAGs
[2026-06-18T09:05:45.069+0000] {logging_mixin.py:188} INFO - [2026-06-18T09:05:45.068+0000] {dag.py:3954} INFO - Setting next_dagrun for weather_etl_pipeline to 2026-06-18 00:00:00+00:00, run_after=2026-06-19 00:00:00+00:00
[2026-06-18T09:05:45.113+0000] {processor.py:183} INFO - Processing /opt/airflow/dags/weather_etl_dag.py took 0.332 seconds
[2026-06-18T09:05:55.242+0000] {processor.py:161} INFO - Started process (PID=8973) to work on /opt/airflow/dags/weather_etl_dag.py
[2026-06-18T09:05:55.244+0000] {processor.py:830} INFO - Processing file /opt/airflow/dags/weather_etl_dag.py for tasks to queue
[2026-06-18T09:05:55.247+0000] {logging_mixin.py:188} INFO - [2026-06-18T09:05:55.246+0000] {dagbag.py:545} INFO - Filling up the DagBag from /opt/airflow/dags/weather_etl_dag.py
[2026-06-18T09:05:55.288+0000] {processor.py:840} INFO - DAG(s) 'weather_etl_pipeline' retrieved from /opt/airflow/dags/weather_etl_dag.py
[2026-06-18T09:05:55.337+0000] {logging_mixin.py:188} INFO - [2026-06-18T09:05:55.337+0000] {dag.py:3096} INFO - Sync 1 DAGs
[2026-06-18T09:05:55.379+0000] {logging_mixin.py:188} INFO - [2026-06-18T09:05:55.379+0000] {dag.py:3954} INFO - Setting next_dagrun for weather_etl_pipeline to 2026-06-18 00:00:00+00:00, run_after=2026-06-19 00:00:00+00:00
[2026-06-18T09:05:55.415+0000] {processor.py:183} INFO - Processing /opt/airflow/dags/weather_etl_dag.py took 0.183 seconds
[2026-06-18T09:06:05.580+0000] {processor.py:161} INFO - Started process (PID=8978) to work on /opt/airflow/dags/weather_etl_dag.py
[2026-06-18T09:06:05.582+0000] {processor.py:830} INFO - Processing file /opt/airflow/dags/weather_etl_dag.py for tasks to queue
[2026-06-18T09:06:05.585+0000] {logging_mixin.py:188} INFO - [2026-06-18T09:06:05.584+0000] {dagbag.py:545} INFO - Filling up the DagBag from /opt/airflow/dags/weather_etl_dag.py
[2026-06-18T09:06:05.626+0000] {processor.py:840} INFO - DAG(s) 'weather_etl_pipeline' retrieved from /opt/airflow/dags/weather_etl_dag.py
[2026-06-18T09:06:05.679+0000] {logging_mixin.py:188} INFO - [2026-06-18T09:06:05.679+0000] {dag.py:3096} INFO - Sync 1 DAGs
[2026-06-18T09:06:05.716+0000] {logging_mixin.py:188} INFO - [2026-06-18T09:06:05.715+0000] {dag.py:3954} INFO - Setting next_dagrun for weather_etl_pipeline to 2026-06-18 00:00:00+00:00, run_after=2026-06-19 00:00:00+00:00
[2026-06-18T09:06:05.746+0000] {processor.py:183} INFO - Processing /opt/airflow/dags/weather_etl_dag.py took 0.176 seconds
[2026-06-18T09:06:16.270+0000] {processor.py:161} INFO - Started process (PID=8983) to work on /opt/airflow/dags/weather_etl_dag.py
[2026-06-18T09:06:16.272+0000] {processor.py:830} INFO - Processing file /opt/airflow/dags/weather_etl_dag.py for tasks to queue
[2026-06-18T09:06:16.275+0000] {logging_mixin.py:188} INFO - [2026-06-18T09:06:16.274+0000] {dagbag.py:545} INFO - Filling up the DagBag from /opt/airflow/dags/weather_etl_dag.py
[2026-06-18T09:06:16.313+0000] {processor.py:840} INFO - DAG(s) 'weather_etl_pipeline' retrieved from /opt/airflow/dags/weather_etl_dag.py
[2026-06-18T09:06:16.360+0000] {logging_mixin.py:188} INFO - [2026-06-18T09:06:16.360+0000] {dag.py:3096} INFO - Sync 1 DAGs
[2026-06-18T09:06:16.409+0000] {logging_mixin.py:188} INFO - [2026-06-18T09:06:16.409+0000] {dag.py:3954} INFO - Setting next_dagrun for weather_etl_pipeline to 2026-06-18 00:00:00+00:00, run_after=2026-06-19 00:00:00+00:00
[2026-06-18T09:06:16.452+0000] {processor.py:183} INFO - Processing /opt/airflow/dags/weather_etl_dag.py took 0.190 seconds
[2026-06-18T09:06:26.548+0000] {processor.py:161} INFO - Started process (PID=8988) to work on /opt/airflow/dags/weather_etl_dag.py
[2026-06-18T09:06:26.550+0000] {processor.py:830} INFO - Processing file /opt/airflow/dags/weather_etl_dag.py for tasks to queue
[2026-06-18T09:06:26.553+0000] {logging_mixin.py:188} INFO - [2026-06-18T09:06:26.553+0000] {dagbag.py:545} INFO - Filling up the DagBag from /opt/airflow/dags/weather_etl_dag.py
[2026-06-18T09:06:26.597+0000] {processor.py:840} INFO - DAG(s) 'weather_etl_pipeline' retrieved from /opt/airflow/dags/weather_etl_dag.py
[2026-06-18T09:06:26.652+0000] {logging_mixin.py:188} INFO - [2026-06-18T09:06:26.652+0000] {dag.py:3096} INFO - Sync 1 DAGs
[2026-06-18T09:06:26.715+0000] {logging_mixin.py:188} INFO - [2026-06-18T09:06:26.715+0000] {dag.py:3954} INFO - Setting next_dagrun for weather_etl_pipeline to 2026-06-18 00:00:00+00:00, run_after=2026-06-19 00:00:00+00:00
[2026-06-18T09:06:26.760+0000] {processor.py:183} INFO - Processing /opt/airflow/dags/weather_etl_dag.py took 0.229 seconds
[2026-06-18T09:06:36.883+0000] {processor.py:161} INFO - Started process (PID=8993) to work on /opt/airflow/dags/weather_etl_dag.py
[2026-06-18T09:06:36.885+0000] {processor.py:830} INFO - Processing file /opt/airflow/dags/weather_etl_dag.py for tasks to queue
[2026-06-18T09:06:36.889+0000] {logging_mixin.py:188} INFO - [2026-06-18T09:06:36.888+0000] {dagbag.py:545} INFO - Filling up the DagBag from /opt/airflow/dags/weather_etl_dag.py
[2026-06-18T09:06:36.925+0000] {processor.py:840} INFO - DAG(s) 'weather_etl_pipeline' retrieved from /opt/airflow/dags/weather_etl_dag.py
[2026-06-18T09:06:36.974+0000] {logging_mixin.py:188} INFO - [2026-06-18T09:06:36.973+0000] {dag.py:3096} INFO - Sync 1 DAGs
[2026-06-18T09:06:37.013+0000] {logging_mixin.py:188} INFO - [2026-06-18T09:06:37.013+0000] {dag.py:3954} INFO - Setting next_dagrun for weather_etl_pipeline to 2026-06-18 00:00:00+00:00, run_after=2026-06-19 00:00:00+00:00
[2026-06-18T09:06:37.051+0000] {processor.py:183} INFO - Processing /opt/airflow/dags/weather_etl_dag.py took 0.179 seconds
[2026-06-18T09:06:47.696+0000] {processor.py:161} INFO - Started process (PID=8998) to work on /opt/airflow/dags/weather_etl_dag.py
[2026-06-18T09:06:47.699+0000] {processor.py:830} INFO - Processing file /opt/airflow/dags/weather_etl_dag.py for tasks to queue
[2026-06-18T09:06:47.701+0000] {logging_mixin.py:188} INFO - [2026-06-18T09:06:47.700+0000] {dagbag.py:545} INFO - Filling up the DagBag from /opt/airflow/dags/weather_etl_dag.py
[2026-06-18T09:06:47.736+0000] {processor.py:840} INFO - DAG(s) 'weather_etl_pipeline' retrieved from /opt/airflow/dags/weather_etl_dag.py
[2026-06-18T09:06:47.779+0000] {logging_mixin.py:188} INFO - [2026-06-18T09:06:47.779+0000] {dag.py:3096} INFO - Sync 1 DAGs
[2026-06-18T09:06:47.816+0000] {logging_mixin.py:188} INFO - [2026-06-18T09:06:47.815+0000] {dag.py:3954} INFO - Setting next_dagrun for weather_etl_pipeline to 2026-06-18 00:00:00+00:00, run_after=2026-06-19 00:00:00+00:00
[2026-06-18T09:06:47.894+0000] {processor.py:183} INFO - Processing /opt/airflow/dags/weather_etl_dag.py took 0.208 seconds
[2026-06-18T09:06:58.174+0000] {processor.py:161} INFO - Started process (PID=9003) to work on /opt/airflow/dags/weather_etl_dag.py
[2026-06-18T09:06:58.182+0000] {processor.py:830} INFO - Processing file /opt/airflow/dags/weather_etl_dag.py for tasks to queue
[2026-06-18T09:06:58.186+0000] {logging_mixin.py:188} INFO - [2026-06-18T09:06:58.185+0000] {dagbag.py:545} INFO - Filling up the DagBag from /opt/airflow/dags/weather_etl_dag.py
[2026-06-18T09:06:58.264+0000] {processor.py:840} INFO - DAG(s) 'weather_etl_pipeline' retrieved from /opt/airflow/dags/weather_etl_dag.py
[2026-06-18T09:06:58.370+0000] {logging_mixin.py:188} INFO - [2026-06-18T09:06:58.370+0000] {dag.py:3096} INFO - Sync 1 DAGs
[2026-06-18T09:06:58.449+0000] {logging_mixin.py:188} INFO - [2026-06-18T09:06:58.449+0000] {dag.py:3954} INFO - Setting next_dagrun for weather_etl_pipeline to 2026-06-18 00:00:00+00:00, run_after=2026-06-19 00:00:00+00:00
[2026-06-18T09:06:58.499+0000] {processor.py:183} INFO - Processing /opt/airflow/dags/weather_etl_dag.py took 0.344 seconds
[2026-06-18T09:07:08.650+0000] {processor.py:161} INFO - Started process (PID=9008) to work on /opt/airflow/dags/weather_etl_dag.py
[2026-06-18T09:07:08.652+0000] {processor.py:830} INFO - Processing file /opt/airflow/dags/weather_etl_dag.py for tasks to queue
[2026-06-18T09:07:08.656+0000] {logging_mixin.py:188} INFO - [2026-06-18T09:07:08.655+0000] {dagbag.py:545} INFO - Filling up the DagBag from /opt/airflow/dags/weather_etl_dag.py
[2026-06-18T09:07:08.698+0000] {processor.py:840} INFO - DAG(s) 'weather_etl_pipeline' retrieved from /opt/airflow/dags/weather_etl_dag.py
[2026-06-18T09:07:08.754+0000] {logging_mixin.py:188} INFO - [2026-06-18T09:07:08.754+0000] {dag.py:3096} INFO - Sync 1 DAGs
[2026-06-18T09:07:08.839+0000] {logging_mixin.py:188} INFO - [2026-06-18T09:07:08.838+0000] {dag.py:3954} INFO - Setting next_dagrun for weather_etl_pipeline to 2026-06-18 00:00:00+00:00, run_after=2026-06-19 00:00:00+00:00
[2026-06-18T09:07:08.910+0000] {processor.py:183} INFO - Processing /opt/airflow/dags/weather_etl_dag.py took 0.271 seconds
[2026-06-18T09:07:19.457+0000] {processor.py:161} INFO - Started process (PID=9013) to work on /opt/airflow/dags/weather_etl_dag.py
[2026-06-18T09:07:19.459+0000] {processor.py:830} INFO - Processing file /opt/airflow/dags/weather_etl_dag.py for tasks to queue
[2026-06-18T09:07:19.463+0000] {logging_mixin.py:188} INFO - [2026-06-18T09:07:19.462+0000] {dagbag.py:545} INFO - Filling up the DagBag from /opt/airflow/dags/weather_etl_dag.py
[2026-06-18T09:07:19.511+0000] {processor.py:840} INFO - DAG(s) 'weather_etl_pipeline' retrieved from /opt/airflow/dags/weather_etl_dag.py
[2026-06-18T09:07:19.598+0000] {logging_mixin.py:188} INFO - [2026-06-18T09:07:19.597+0000] {dag.py:3096} INFO - Sync 1 DAGs
[2026-06-18T09:07:19.664+0000] {logging_mixin.py:188} INFO - [2026-06-18T09:07:19.664+0000] {dag.py:3954} INFO - Setting next_dagrun for weather_etl_pipeline to 2026-06-18 00:00:00+00:00, run_after=2026-06-19 00:00:00+00:00
[2026-06-18T09:07:19.713+0000] {processor.py:183} INFO - Processing /opt/airflow/dags/weather_etl_dag.py took 0.268 seconds
[2026-06-18T09:07:30.066+0000] {processor.py:161} INFO - Started process (PID=9018) to work on /opt/airflow/dags/weather_etl_dag.py
[2026-06-18T09:07:30.071+0000] {processor.py:830} INFO - Processing file /opt/airflow/dags/weather_etl_dag.py for tasks to queue
[2026-06-18T09:07:30.076+0000] {logging_mixin.py:188} INFO - [2026-06-18T09:07:30.075+0000] {dagbag.py:545} INFO - Filling up the DagBag from /opt/airflow/dags/weather_etl_dag.py
[2026-06-18T09:07:30.285+0000] {processor.py:840} INFO - DAG(s) 'weather_etl_pipeline' retrieved from /opt/airflow/dags/weather_etl_dag.py
[2026-06-18T09:07:30.443+0000] {logging_mixin.py:188} INFO - [2026-06-18T09:07:30.442+0000] {dag.py:3096} INFO - Sync 1 DAGs
[2026-06-18T09:07:30.485+0000] {logging_mixin.py:188} INFO - [2026-06-18T09:07:30.485+0000] {dag.py:3954} INFO - Setting next_dagrun for weather_etl_pipeline to 2026-06-18 00:00:00+00:00, run_after=2026-06-19 00:00:00+00:00
[2026-06-18T09:07:30.523+0000] {processor.py:183} INFO - Processing /opt/airflow/dags/weather_etl_dag.py took 0.488 seconds
[2026-06-18T09:07:40.679+0000] {processor.py:161} INFO - Started process (PID=9023) to work on /opt/airflow/dags/weather_etl_dag.py
[2026-06-18T09:07:40.682+0000] {processor.py:830} INFO - Processing file /opt/airflow/dags/weather_etl_dag.py for tasks to queue
[2026-06-18T09:07:40.685+0000] {logging_mixin.py:188} INFO - [2026-06-18T09:07:40.684+0000] {dagbag.py:545} INFO - Filling up the DagBag from /opt/airflow/dags/weather_etl_dag.py
[2026-06-18T09:07:40.725+0000] {processor.py:840} INFO - DAG(s) 'weather_etl_pipeline' retrieved from /opt/airflow/dags/weather_etl_dag.py
[2026-06-18T09:07:40.937+0000] {logging_mixin.py:188} INFO - [2026-06-18T09:07:40.936+0000] {dag.py:3096} INFO - Sync 1 DAGs
[2026-06-18T09:07:41.055+0000] {logging_mixin.py:188} INFO - [2026-06-18T09:07:41.055+0000] {dag.py:3954} INFO - Setting next_dagrun for weather_etl_pipeline to 2026-06-18 00:00:00+00:00, run_after=2026-06-19 00:00:00+00:00
[2026-06-18T09:07:41.135+0000] {processor.py:183} INFO - Processing /opt/airflow/dags/weather_etl_dag.py took 0.468 seconds
[2026-06-18T09:07:51.912+0000] {processor.py:161} INFO - Started process (PID=9028) to work on /opt/airflow/dags/weather_etl_dag.py
[2026-06-18T09:07:51.915+0000] {processor.py:830} INFO - Processing file /opt/airflow/dags/weather_etl_dag.py for tasks to queue
[2026-06-18T09:07:51.918+0000] {logging_mixin.py:188} INFO - [2026-06-18T09:07:51.918+0000] {dagbag.py:545} INFO - Filling up the DagBag from /opt/airflow/dags/weather_etl_dag.py
[2026-06-18T09:07:51.970+0000] {processor.py:840} INFO - DAG(s) 'weather_etl_pipeline' retrieved from /opt/airflow/dags/weather_etl_dag.py
[2026-06-18T09:07:52.020+0000] {logging_mixin.py:188} INFO - [2026-06-18T09:07:52.020+0000] {dag.py:3096} INFO - Sync 1 DAGs
[2026-06-18T09:07:52.065+0000] {logging_mixin.py:188} INFO - [2026-06-18T09:07:52.064+0000] {dag.py:3954} INFO - Setting next_dagrun for weather_etl_pipeline to 2026-06-18 00:00:00+00:00, run_after=2026-06-19 00:00:00+00:00
[2026-06-18T09:07:52.102+0000] {processor.py:183} INFO - Processing /opt/airflow/dags/weather_etl_dag.py took 0.202 seconds
[2026-06-18T09:08:03.114+0000] {processor.py:161} INFO - Started process (PID=9033) to work on /opt/airflow/dags/weather_etl_dag.py
[2026-06-18T09:08:03.120+0000] {processor.py:830} INFO - Processing file /opt/airflow/dags/weather_etl_dag.py for tasks to queue
[2026-06-18T09:08:03.128+0000] {logging_mixin.py:188} INFO - [2026-06-18T09:08:03.124+0000] {dagbag.py:545} INFO - Filling up the DagBag from /opt/airflow/dags/weather_etl_dag.py
[2026-06-18T09:08:03.352+0000] {processor.py:840} INFO - DAG(s) 'weather_etl_pipeline' retrieved from /opt/airflow/dags/weather_etl_dag.py
[2026-06-18T09:08:03.510+0000] {logging_mixin.py:188} INFO - [2026-06-18T09:08:03.509+0000] {dag.py:3096} INFO - Sync 1 DAGs
[2026-06-18T09:08:03.665+0000] {logging_mixin.py:188} INFO - [2026-06-18T09:08:03.665+0000] {dag.py:3954} INFO - Setting next_dagrun for weather_etl_pipeline to 2026-06-18 00:00:00+00:00, run_after=2026-06-19 00:00:00+00:00
[2026-06-18T09:08:03.913+0000] {processor.py:183} INFO - Processing /opt/airflow/dags/weather_etl_dag.py took 1.096 seconds
[2026-06-18T09:08:14.343+0000] {processor.py:161} INFO - Started process (PID=9038) to work on /opt/airflow/dags/weather_etl_dag.py
[2026-06-18T09:08:14.348+0000] {processor.py:830} INFO - Processing file /opt/airflow/dags/weather_etl_dag.py for tasks to queue
[2026-06-18T09:08:14.356+0000] {logging_mixin.py:188} INFO - [2026-06-18T09:08:14.355+0000] {dagbag.py:545} INFO - Filling up the DagBag from /opt/airflow/dags/weather_etl_dag.py
[2026-06-18T09:08:14.450+0000] {processor.py:840} INFO - DAG(s) 'weather_etl_pipeline' retrieved from /opt/airflow/dags/weather_etl_dag.py
[2026-06-18T09:08:14.556+0000] {logging_mixin.py:188} INFO - [2026-06-18T09:08:14.555+0000] {dag.py:3096} INFO - Sync 1 DAGs
[2026-06-18T09:08:14.678+0000] {logging_mixin.py:188} INFO - [2026-06-18T09:08:14.678+0000] {dag.py:3954} INFO - Setting next_dagrun for weather_etl_pipeline to 2026-06-18 00:00:00+00:00, run_after=2026-06-19 00:00:00+00:00
[2026-06-18T09:08:14.817+0000] {processor.py:183} INFO - Processing /opt/airflow/dags/weather_etl_dag.py took 0.504 seconds
[2026-06-18T09:08:26.104+0000] {processor.py:161} INFO - Started process (PID=9043) to work on /opt/airflow/dags/weather_etl_dag.py
[2026-06-18T09:08:26.110+0000] {processor.py:830} INFO - Processing file /opt/airflow/dags/weather_etl_dag.py for tasks to queue
[2026-06-18T09:08:26.113+0000] {logging_mixin.py:188} INFO - [2026-06-18T09:08:26.113+0000] {dagbag.py:545} INFO - Filling up the DagBag from /opt/airflow/dags/weather_etl_dag.py
[2026-06-18T09:08:26.358+0000] {processor.py:840} INFO - DAG(s) 'weather_etl_pipeline' retrieved from /opt/airflow/dags/weather_etl_dag.py
[2026-06-18T09:08:26.613+0000] {logging_mixin.py:188} INFO - [2026-06-18T09:08:26.608+0000] {dag.py:3096} INFO - Sync 1 DAGs
[2026-06-18T09:08:26.778+0000] {logging_mixin.py:188} INFO - [2026-06-18T09:08:26.778+0000] {dag.py:3954} INFO - Setting next_dagrun for weather_etl_pipeline to 2026-06-18 00:00:00+00:00, run_after=2026-06-19 00:00:00+00:00
[2026-06-18T09:08:26.940+0000] {processor.py:183} INFO - Processing /opt/airflow/dags/weather_etl_dag.py took 0.890 seconds
[2026-06-18T09:08:37.142+0000] {processor.py:161} INFO - Started process (PID=9048) to work on /opt/airflow/dags/weather_etl_dag.py
[2026-06-18T09:08:37.146+0000] {processor.py:830} INFO - Processing file /opt/airflow/dags/weather_etl_dag.py for tasks to queue
[2026-06-18T09:08:37.151+0000] {logging_mixin.py:188} INFO - [2026-06-18T09:08:37.150+0000] {dagbag.py:545} INFO - Filling up the DagBag from /opt/airflow/dags/weather_etl_dag.py
[2026-06-18T09:08:37.260+0000] {processor.py:840} INFO - DAG(s) 'weather_etl_pipeline' retrieved from /opt/airflow/dags/weather_etl_dag.py
[2026-06-18T09:08:37.445+0000] {logging_mixin.py:188} INFO - [2026-06-18T09:08:37.444+0000] {dag.py:3096} INFO - Sync 1 DAGs
[2026-06-18T09:08:37.642+0000] {logging_mixin.py:188} INFO - [2026-06-18T09:08:37.641+0000] {dag.py:3954} INFO - Setting next_dagrun for weather_etl_pipeline to 2026-06-18 00:00:00+00:00, run_after=2026-06-19 00:00:00+00:00
[2026-06-18T09:08:37.762+0000] {processor.py:183} INFO - Processing /opt/airflow/dags/weather_etl_dag.py took 0.657 seconds
[2026-06-18T09:08:48.429+0000] {processor.py:161} INFO - Started process (PID=9053) to work on /opt/airflow/dags/weather_etl_dag.py
[2026-06-18T09:08:48.432+0000] {processor.py:830} INFO - Processing file /opt/airflow/dags/weather_etl_dag.py for tasks to queue
[2026-06-18T09:08:48.443+0000] {logging_mixin.py:188} INFO - [2026-06-18T09:08:48.441+0000] {dagbag.py:545} INFO - Filling up the DagBag from /opt/airflow/dags/weather_etl_dag.py
[2026-06-18T09:08:48.559+0000] {processor.py:840} INFO - DAG(s) 'weather_etl_pipeline' retrieved from /opt/airflow/dags/weather_etl_dag.py
[2026-06-18T09:08:48.709+0000] {logging_mixin.py:188} INFO - [2026-06-18T09:08:48.709+0000] {dag.py:3096} INFO - Sync 1 DAGs
[2026-06-18T09:08:48.870+0000] {logging_mixin.py:188} INFO - [2026-06-18T09:08:48.869+0000] {dag.py:3954} INFO - Setting next_dagrun for weather_etl_pipeline to 2026-06-18 00:00:00+00:00, run_after=2026-06-19 00:00:00+00:00
[2026-06-18T09:08:48.951+0000] {processor.py:183} INFO - Processing /opt/airflow/dags/weather_etl_dag.py took 0.586 seconds
[2026-06-18T09:08:59.735+0000] {processor.py:161} INFO - Started process (PID=9058) to work on /opt/airflow/dags/weather_etl_dag.py
[2026-06-18T09:08:59.751+0000] {processor.py:830} INFO - Processing file /opt/airflow/dags/weather_etl_dag.py for tasks to queue
[2026-06-18T09:08:59.769+0000] {logging_mixin.py:188} INFO - [2026-06-18T09:08:59.768+0000] {dagbag.py:545} INFO - Filling up the DagBag from /opt/airflow/dags/weather_etl_dag.py
[2026-06-18T09:09:00.872+0000] {processor.py:840} INFO - DAG(s) 'weather_etl_pipeline' retrieved from /opt/airflow/dags/weather_etl_dag.py
[2026-06-18T09:09:01.407+0000] {logging_mixin.py:188} INFO - [2026-06-18T09:09:01.406+0000] {dag.py:3096} INFO - Sync 1 DAGs
[2026-06-18T09:09:01.809+0000] {logging_mixin.py:188} INFO - [2026-06-18T09:09:01.808+0000] {dag.py:3954} INFO - Setting next_dagrun for weather_etl_pipeline to 2026-06-18 00:00:00+00:00, run_after=2026-06-19 00:00:00+00:00
[2026-06-18T09:09:02.218+0000] {processor.py:183} INFO - Processing /opt/airflow/dags/weather_etl_dag.py took 2.627 seconds
[2026-06-18T09:09:13.080+0000] {processor.py:161} INFO - Started process (PID=9063) to work on /opt/airflow/dags/weather_etl_dag.py
[2026-06-18T09:09:13.089+0000] {processor.py:830} INFO - Processing file /opt/airflow/dags/weather_etl_dag.py for tasks to queue
[2026-06-18T09:09:13.093+0000] {logging_mixin.py:188} INFO - [2026-06-18T09:09:13.092+0000] {dagbag.py:545} INFO - Filling up the DagBag from /opt/airflow/dags/weather_etl_dag.py
[2026-06-18T09:09:13.226+0000] {processor.py:840} INFO - DAG(s) 'weather_etl_pipeline' retrieved from /opt/airflow/dags/weather_etl_dag.py
[2026-06-18T09:09:13.407+0000] {logging_mixin.py:188} INFO - [2026-06-18T09:09:13.407+0000] {dag.py:3096} INFO - Sync 1 DAGs
[2026-06-18T09:09:13.631+0000] {logging_mixin.py:188} INFO - [2026-06-18T09:09:13.630+0000] {dag.py:3954} INFO - Setting next_dagrun for weather_etl_pipeline to 2026-06-18 00:00:00+00:00, run_after=2026-06-19 00:00:00+00:00
[2026-06-18T09:09:13.821+0000] {processor.py:183} INFO - Processing /opt/airflow/dags/weather_etl_dag.py took 0.765 seconds
[2026-06-18T09:09:24.165+0000] {processor.py:161} INFO - Started process (PID=9068) to work on /opt/airflow/dags/weather_etl_dag.py
[2026-06-18T09:09:24.180+0000] {processor.py:830} INFO - Processing file /opt/airflow/dags/weather_etl_dag.py for tasks to queue
[2026-06-18T09:09:24.184+0000] {logging_mixin.py:188} INFO - [2026-06-18T09:09:24.183+0000] {dagbag.py:545} INFO - Filling up the DagBag from /opt/airflow/dags/weather_etl_dag.py
[2026-06-18T09:09:24.301+0000] {processor.py:840} INFO - DAG(s) 'weather_etl_pipeline' retrieved from /opt/airflow/dags/weather_etl_dag.py
[2026-06-18T09:09:24.575+0000] {logging_mixin.py:188} INFO - [2026-06-18T09:09:24.575+0000] {dag.py:3096} INFO - Sync 1 DAGs
[2026-06-18T09:09:24.746+0000] {logging_mixin.py:188} INFO - [2026-06-18T09:09:24.745+0000] {dag.py:3954} INFO - Setting next_dagrun for weather_etl_pipeline to 2026-06-18 00:00:00+00:00, run_after=2026-06-19 00:00:00+00:00
[2026-06-18T09:09:24.847+0000] {processor.py:183} INFO - Processing /opt/airflow/dags/weather_etl_dag.py took 0.713 seconds
[2026-06-18T09:09:35.351+0000] {processor.py:161} INFO - Started process (PID=9073) to work on /opt/airflow/dags/weather_etl_dag.py
[2026-06-18T09:09:35.356+0000] {processor.py:830} INFO - Processing file /opt/airflow/dags/weather_etl_dag.py for tasks to queue
[2026-06-18T09:09:35.373+0000] {logging_mixin.py:188} INFO - [2026-06-18T09:09:35.372+0000] {dagbag.py:545} INFO - Filling up the DagBag from /opt/airflow/dags/weather_etl_dag.py
[2026-06-18T09:09:35.515+0000] {processor.py:840} INFO - DAG(s) 'weather_etl_pipeline' retrieved from /opt/airflow/dags/weather_etl_dag.py
[2026-06-18T09:09:35.668+0000] {logging_mixin.py:188} INFO - [2026-06-18T09:09:35.667+0000] {dag.py:3096} INFO - Sync 1 DAGs
[2026-06-18T09:09:35.809+0000] {logging_mixin.py:188} INFO - [2026-06-18T09:09:35.809+0000] {dag.py:3954} INFO - Setting next_dagrun for weather_etl_pipeline to 2026-06-18 00:00:00+00:00, run_after=2026-06-19 00:00:00+00:00
[2026-06-18T09:09:35.950+0000] {processor.py:183} INFO - Processing /opt/airflow/dags/weather_etl_dag.py took 0.639 seconds
[2026-06-18T09:09:46.579+0000] {processor.py:161} INFO - Started process (PID=9078) to work on /opt/airflow/dags/weather_etl_dag.py
[2026-06-18T09:09:46.583+0000] {processor.py:830} INFO - Processing file /opt/airflow/dags/weather_etl_dag.py for tasks to queue
[2026-06-18T09:09:46.602+0000] {logging_mixin.py:188} INFO - [2026-06-18T09:09:46.601+0000] {dagbag.py:545} INFO - Filling up the DagBag from /opt/airflow/dags/weather_etl_dag.py
[2026-06-18T09:09:46.904+0000] {processor.py:840} INFO - DAG(s) 'weather_etl_pipeline' retrieved from /opt/airflow/dags/weather_etl_dag.py
[2026-06-18T09:09:47.073+0000] {logging_mixin.py:188} INFO - [2026-06-18T09:09:47.072+0000] {dag.py:3096} INFO - Sync 1 DAGs
[2026-06-18T09:09:47.230+0000] {logging_mixin.py:188} INFO - [2026-06-18T09:09:47.229+0000] {dag.py:3954} INFO - Setting next_dagrun for weather_etl_pipeline to 2026-06-18 00:00:00+00:00, run_after=2026-06-19 00:00:00+00:00
[2026-06-18T09:09:47.347+0000] {processor.py:183} INFO - Processing /opt/airflow/dags/weather_etl_dag.py took 0.826 seconds
[2026-06-18T09:09:58.725+0000] {processor.py:161} INFO - Started process (PID=9083) to work on /opt/airflow/dags/weather_etl_dag.py
[2026-06-18T09:09:58.732+0000] {processor.py:830} INFO - Processing file /opt/airflow/dags/weather_etl_dag.py for tasks to queue
[2026-06-18T09:09:58.737+0000] {logging_mixin.py:188} INFO - [2026-06-18T09:09:58.735+0000] {dagbag.py:545} INFO - Filling up the DagBag from /opt/airflow/dags/weather_etl_dag.py
[2026-06-18T09:09:59.267+0000] {processor.py:840} INFO - DAG(s) 'weather_etl_pipeline' retrieved from /opt/airflow/dags/weather_etl_dag.py
[2026-06-18T09:09:59.491+0000] {logging_mixin.py:188} INFO - [2026-06-18T09:09:59.491+0000] {dag.py:3096} INFO - Sync 1 DAGs
[2026-06-18T09:09:59.996+0000] {logging_mixin.py:188} INFO - [2026-06-18T09:09:59.995+0000] {dag.py:3954} INFO - Setting next_dagrun for weather_etl_pipeline to 2026-06-18 00:00:00+00:00, run_after=2026-06-19 00:00:00+00:00
[2026-06-18T09:10:00.257+0000] {processor.py:183} INFO - Processing /opt/airflow/dags/weather_etl_dag.py took 1.692 seconds
[2026-06-18T09:10:11.065+0000] {processor.py:161} INFO - Started process (PID=9088) to work on /opt/airflow/dags/weather_etl_dag.py
[2026-06-18T09:10:11.079+0000] {processor.py:830} INFO - Processing file /opt/airflow/dags/weather_etl_dag.py for tasks to queue
[2026-06-18T09:10:11.103+0000] {logging_mixin.py:188} INFO - [2026-06-18T09:10:11.102+0000] {dagbag.py:545} INFO - Filling up the DagBag from /opt/airflow/dags/weather_etl_dag.py
[2026-06-18T09:10:11.638+0000] {processor.py:840} INFO - DAG(s) 'weather_etl_pipeline' retrieved from /opt/airflow/dags/weather_etl_dag.py
[2026-06-18T09:10:11.834+0000] {logging_mixin.py:188} INFO - [2026-06-18T09:10:11.834+0000] {dag.py:3096} INFO - Sync 1 DAGs
[2026-06-18T09:10:12.028+0000] {logging_mixin.py:188} INFO - [2026-06-18T09:10:12.028+0000] {dag.py:3954} INFO - Setting next_dagrun for weather_etl_pipeline to 2026-06-18 00:00:00+00:00, run_after=2026-06-19 00:00:00+00:00
[2026-06-18T09:10:12.254+0000] {processor.py:183} INFO - Processing /opt/airflow/dags/weather_etl_dag.py took 1.261 seconds
[2026-06-18T09:10:22.963+0000] {processor.py:161} INFO - Started process (PID=9093) to work on /opt/airflow/dags/weather_etl_dag.py
[2026-06-18T09:10:22.988+0000] {processor.py:830} INFO - Processing file /opt/airflow/dags/weather_etl_dag.py for tasks to queue
[2026-06-18T09:10:23.002+0000] {logging_mixin.py:188} INFO - [2026-06-18T09:10:23.001+0000] {dagbag.py:545} INFO - Filling up the DagBag from /opt/airflow/dags/weather_etl_dag.py
[2026-06-18T09:10:23.411+0000] {processor.py:840} INFO - DAG(s) 'weather_etl_pipeline' retrieved from /opt/airflow/dags/weather_etl_dag.py
[2026-06-18T09:10:23.614+0000] {logging_mixin.py:188} INFO - [2026-06-18T09:10:23.613+0000] {dag.py:3096} INFO - Sync 1 DAGs
[2026-06-18T09:10:23.778+0000] {logging_mixin.py:188} INFO - [2026-06-18T09:10:23.768+0000] {dag.py:3954} INFO - Setting next_dagrun for weather_etl_pipeline to 2026-06-18 00:00:00+00:00, run_after=2026-06-19 00:00:00+00:00
[2026-06-18T09:10:24.065+0000] {processor.py:183} INFO - Processing /opt/airflow/dags/weather_etl_dag.py took 1.138 seconds
[2026-06-18T09:10:35.087+0000] {processor.py:161} INFO - Started process (PID=9098) to work on /opt/airflow/dags/weather_etl_dag.py
[2026-06-18T09:10:35.091+0000] {processor.py:830} INFO - Processing file /opt/airflow/dags/weather_etl_dag.py for tasks to queue
[2026-06-18T09:10:35.095+0000] {logging_mixin.py:188} INFO - [2026-06-18T09:10:35.094+0000] {dagbag.py:545} INFO - Filling up the DagBag from /opt/airflow/dags/weather_etl_dag.py
[2026-06-18T09:10:35.597+0000] {processor.py:840} INFO - DAG(s) 'weather_etl_pipeline' retrieved from /opt/airflow/dags/weather_etl_dag.py
[2026-06-18T09:10:35.775+0000] {logging_mixin.py:188} INFO - [2026-06-18T09:10:35.774+0000] {dag.py:3096} INFO - Sync 1 DAGs
[2026-06-18T09:10:35.901+0000] {logging_mixin.py:188} INFO - [2026-06-18T09:10:35.901+0000] {dag.py:3954} INFO - Setting next_dagrun for weather_etl_pipeline to 2026-06-18 00:00:00+00:00, run_after=2026-06-19 00:00:00+00:00
[2026-06-18T09:10:36.066+0000] {processor.py:183} INFO - Processing /opt/airflow/dags/weather_etl_dag.py took 1.010 seconds
[2026-06-18T09:10:47.248+0000] {processor.py:161} INFO - Started process (PID=9103) to work on /opt/airflow/dags/weather_etl_dag.py
[2026-06-18T09:10:47.273+0000] {processor.py:830} INFO - Processing file /opt/airflow/dags/weather_etl_dag.py for tasks to queue
[2026-06-18T09:10:47.297+0000] {logging_mixin.py:188} INFO - [2026-06-18T09:10:47.296+0000] {dagbag.py:545} INFO - Filling up the DagBag from /opt/airflow/dags/weather_etl_dag.py
[2026-06-18T09:10:47.807+0000] {processor.py:840} INFO - DAG(s) 'weather_etl_pipeline' retrieved from /opt/airflow/dags/weather_etl_dag.py
[2026-06-18T09:10:48.014+0000] {logging_mixin.py:188} INFO - [2026-06-18T09:10:48.014+0000] {dag.py:3096} INFO - Sync 1 DAGs
[2026-06-18T09:10:48.175+0000] {logging_mixin.py:188} INFO - [2026-06-18T09:10:48.172+0000] {dag.py:3954} INFO - Setting next_dagrun for weather_etl_pipeline to 2026-06-18 00:00:00+00:00, run_after=2026-06-19 00:00:00+00:00
[2026-06-18T09:10:48.286+0000] {processor.py:183} INFO - Processing /opt/airflow/dags/weather_etl_dag.py took 1.066 seconds
[2026-06-18T09:11:00.712+0000] {processor.py:161} INFO - Started process (PID=9108) to work on /opt/airflow/dags/weather_etl_dag.py
[2026-06-18T09:11:00.728+0000] {processor.py:830} INFO - Processing file /opt/airflow/dags/weather_etl_dag.py for tasks to queue
[2026-06-18T09:11:00.736+0000] {logging_mixin.py:188} INFO - [2026-06-18T09:11:00.735+0000] {dagbag.py:545} INFO - Filling up the DagBag from /opt/airflow/dags/weather_etl_dag.py
[2026-06-18T09:11:00.871+0000] {processor.py:840} INFO - DAG(s) 'weather_etl_pipeline' retrieved from /opt/airflow/dags/weather_etl_dag.py
[2026-06-18T09:11:01.048+0000] {logging_mixin.py:188} INFO - [2026-06-18T09:11:01.047+0000] {dag.py:3096} INFO - Sync 1 DAGs
[2026-06-18T09:11:01.180+0000] {logging_mixin.py:188} INFO - [2026-06-18T09:11:01.179+0000] {dag.py:3954} INFO - Setting next_dagrun for weather_etl_pipeline to 2026-06-18 00:00:00+00:00, run_after=2026-06-19 00:00:00+00:00
[2026-06-18T09:11:01.310+0000] {processor.py:183} INFO - Processing /opt/airflow/dags/weather_etl_dag.py took 0.616 seconds
[2026-06-18T09:11:12.719+0000] {processor.py:161} INFO - Started process (PID=9113) to work on /opt/airflow/dags/weather_etl_dag.py
[2026-06-18T09:11:12.798+0000] {processor.py:830} INFO - Processing file /opt/airflow/dags/weather_etl_dag.py for tasks to queue
[2026-06-18T09:11:12.895+0000] {logging_mixin.py:188} INFO - [2026-06-18T09:11:12.895+0000] {dagbag.py:545} INFO - Filling up the DagBag from /opt/airflow/dags/weather_etl_dag.py
[2026-06-18T09:11:13.553+0000] {processor.py:840} INFO - DAG(s) 'weather_etl_pipeline' retrieved from /opt/airflow/dags/weather_etl_dag.py
[2026-06-18T09:11:14.173+0000] {logging_mixin.py:188} INFO - [2026-06-18T09:11:14.165+0000] {dag.py:3096} INFO - Sync 1 DAGs
[2026-06-18T09:11:14.758+0000] {logging_mixin.py:188} INFO - [2026-06-18T09:11:14.757+0000] {dag.py:3954} INFO - Setting next_dagrun for weather_etl_pipeline to 2026-06-18 00:00:00+00:00, run_after=2026-06-19 00:00:00+00:00
[2026-06-18T09:11:14.961+0000] {processor.py:183} INFO - Processing /opt/airflow/dags/weather_etl_dag.py took 2.266 seconds
[2026-06-18T09:11:25.754+0000] {processor.py:161} INFO - Started process (PID=9118) to work on /opt/airflow/dags/weather_etl_dag.py
[2026-06-18T09:11:25.765+0000] {processor.py:830} INFO - Processing file /opt/airflow/dags/weather_etl_dag.py for tasks to queue
[2026-06-18T09:11:25.777+0000] {logging_mixin.py:188} INFO - [2026-06-18T09:11:25.776+0000] {dagbag.py:545} INFO - Filling up the DagBag from /opt/airflow/dags/weather_etl_dag.py
[2026-06-18T09:11:26.019+0000] {processor.py:840} INFO - DAG(s) 'weather_etl_pipeline' retrieved from /opt/airflow/dags/weather_etl_dag.py
[2026-06-18T09:11:26.172+0000] {logging_mixin.py:188} INFO - [2026-06-18T09:11:26.171+0000] {dag.py:3096} INFO - Sync 1 DAGs
[2026-06-18T09:11:26.350+0000] {logging_mixin.py:188} INFO - [2026-06-18T09:11:26.350+0000] {dag.py:3954} INFO - Setting next_dagrun for weather_etl_pipeline to 2026-06-18 00:00:00+00:00, run_after=2026-06-19 00:00:00+00:00
[2026-06-18T09:11:26.466+0000] {processor.py:183} INFO - Processing /opt/airflow/dags/weather_etl_dag.py took 0.757 seconds
[2026-06-18T09:11:37.272+0000] {processor.py:161} INFO - Started process (PID=9123) to work on /opt/airflow/dags/weather_etl_dag.py
[2026-06-18T09:11:37.287+0000] {processor.py:830} INFO - Processing file /opt/airflow/dags/weather_etl_dag.py for tasks to queue
[2026-06-18T09:11:37.305+0000] {logging_mixin.py:188} INFO - [2026-06-18T09:11:37.304+0000] {dagbag.py:545} INFO - Filling up the DagBag from /opt/airflow/dags/weather_etl_dag.py
[2026-06-18T09:11:37.769+0000] {processor.py:840} INFO - DAG(s) 'weather_etl_pipeline' retrieved from /opt/airflow/dags/weather_etl_dag.py
[2026-06-18T09:11:37.921+0000] {logging_mixin.py:188} INFO - [2026-06-18T09:11:37.920+0000] {dag.py:3096} INFO - Sync 1 DAGs
[2026-06-18T09:11:38.097+0000] {logging_mixin.py:188} INFO - [2026-06-18T09:11:38.096+0000] {dag.py:3954} INFO - Setting next_dagrun for weather_etl_pipeline to 2026-06-18 00:00:00+00:00, run_after=2026-06-19 00:00:00+00:00
[2026-06-18T09:11:38.248+0000] {processor.py:183} INFO - Processing /opt/airflow/dags/weather_etl_dag.py took 0.999 seconds
[2026-06-18T09:11:50.189+0000] {processor.py:161} INFO - Started process (PID=9128) to work on /opt/airflow/dags/weather_etl_dag.py
[2026-06-18T09:11:50.237+0000] {processor.py:830} INFO - Processing file /opt/airflow/dags/weather_etl_dag.py for tasks to queue
[2026-06-18T09:11:50.307+0000] {logging_mixin.py:188} INFO - [2026-06-18T09:11:50.306+0000] {dagbag.py:545} INFO - Filling up the DagBag from /opt/airflow/dags/weather_etl_dag.py
[2026-06-18T09:11:50.940+0000] {processor.py:840} INFO - DAG(s) 'weather_etl_pipeline' retrieved from /opt/airflow/dags/weather_etl_dag.py
[2026-06-18T09:11:51.132+0000] {logging_mixin.py:188} INFO - [2026-06-18T09:11:51.131+0000] {dag.py:3096} INFO - Sync 1 DAGs
[2026-06-18T09:11:51.321+0000] {logging_mixin.py:188} INFO - [2026-06-18T09:11:51.321+0000] {dag.py:3954} INFO - Setting next_dagrun for weather_etl_pipeline to 2026-06-18 00:00:00+00:00, run_after=2026-06-19 00:00:00+00:00
[2026-06-18T09:11:51.461+0000] {processor.py:183} INFO - Processing /opt/airflow/dags/weather_etl_dag.py took 1.305 seconds
[2026-06-18T09:12:04.251+0000] {processor.py:161} INFO - Started process (PID=9133) to work on /opt/airflow/dags/weather_etl_dag.py
[2026-06-18T09:12:04.285+0000] {processor.py:830} INFO - Processing file /opt/airflow/dags/weather_etl_dag.py for tasks to queue
[2026-06-18T09:12:04.313+0000] {logging_mixin.py:188} INFO - [2026-06-18T09:12:04.312+0000] {dagbag.py:545} INFO - Filling up the DagBag from /opt/airflow/dags/weather_etl_dag.py
[2026-06-18T09:12:04.632+0000] {processor.py:840} INFO - DAG(s) 'weather_etl_pipeline' retrieved from /opt/airflow/dags/weather_etl_dag.py
[2026-06-18T09:12:04.834+0000] {logging_mixin.py:188} INFO - [2026-06-18T09:12:04.833+0000] {dag.py:3096} INFO - Sync 1 DAGs
[2026-06-18T09:12:04.975+0000] {logging_mixin.py:188} INFO - [2026-06-18T09:12:04.974+0000] {dag.py:3954} INFO - Setting next_dagrun for weather_etl_pipeline to 2026-06-18 00:00:00+00:00, run_after=2026-06-19 00:00:00+00:00
[2026-06-18T09:12:05.053+0000] {processor.py:183} INFO - Processing /opt/airflow/dags/weather_etl_dag.py took 0.985 seconds
[2026-06-18T09:12:16.029+0000] {processor.py:161} INFO - Started process (PID=9138) to work on /opt/airflow/dags/weather_etl_dag.py
[2026-06-18T09:12:16.032+0000] {processor.py:830} INFO - Processing file /opt/airflow/dags/weather_etl_dag.py for tasks to queue
[2026-06-18T09:12:16.087+0000] {logging_mixin.py:188} INFO - [2026-06-18T09:12:16.086+0000] {dagbag.py:545} INFO - Filling up the DagBag from /opt/airflow/dags/weather_etl_dag.py
[2026-06-18T09:12:16.617+0000] {processor.py:840} INFO - DAG(s) 'weather_etl_pipeline' retrieved from /opt/airflow/dags/weather_etl_dag.py
[2026-06-18T09:12:17.023+0000] {logging_mixin.py:188} INFO - [2026-06-18T09:12:17.023+0000] {dag.py:3096} INFO - Sync 1 DAGs
[2026-06-18T09:12:17.211+0000] {logging_mixin.py:188} INFO - [2026-06-18T09:12:17.210+0000] {dag.py:3954} INFO - Setting next_dagrun for weather_etl_pipeline to 2026-06-18 00:00:00+00:00, run_after=2026-06-19 00:00:00+00:00
[2026-06-18T09:12:17.580+0000] {processor.py:183} INFO - Processing /opt/airflow/dags/weather_etl_dag.py took 1.670 seconds
[2026-06-18T09:12:28.718+0000] {processor.py:161} INFO - Started process (PID=9143) to work on /opt/airflow/dags/weather_etl_dag.py
[2026-06-18T09:12:28.722+0000] {processor.py:830} INFO - Processing file /opt/airflow/dags/weather_etl_dag.py for tasks to queue
[2026-06-18T09:12:28.731+0000] {logging_mixin.py:188} INFO - [2026-06-18T09:12:28.727+0000] {dagbag.py:545} INFO - Filling up the DagBag from /opt/airflow/dags/weather_etl_dag.py
[2026-06-18T09:12:28.842+0000] {processor.py:840} INFO - DAG(s) 'weather_etl_pipeline' retrieved from /opt/airflow/dags/weather_etl_dag.py
[2026-06-18T09:12:29.020+0000] {logging_mixin.py:188} INFO - [2026-06-18T09:12:29.019+0000] {dag.py:3096} INFO - Sync 1 DAGs
[2026-06-18T09:12:29.178+0000] {logging_mixin.py:188} INFO - [2026-06-18T09:12:29.169+0000] {dag.py:3954} INFO - Setting next_dagrun for weather_etl_pipeline to 2026-06-18 00:00:00+00:00, run_after=2026-06-19 00:00:00+00:00
[2026-06-18T09:12:29.282+0000] {processor.py:183} INFO - Processing /opt/airflow/dags/weather_etl_dag.py took 0.591 seconds
[2026-06-18T09:12:40.115+0000] {processor.py:161} INFO - Started process (PID=9148) to work on /opt/airflow/dags/weather_etl_dag.py
[2026-06-18T09:12:40.121+0000] {processor.py:830} INFO - Processing file /opt/airflow/dags/weather_etl_dag.py for tasks to queue
[2026-06-18T09:12:40.133+0000] {logging_mixin.py:188} INFO - [2026-06-18T09:12:40.132+0000] {dagbag.py:545} INFO - Filling up the DagBag from /opt/airflow/dags/weather_etl_dag.py
[2026-06-18T09:12:40.246+0000] {processor.py:840} INFO - DAG(s) 'weather_etl_pipeline' retrieved from /opt/airflow/dags/weather_etl_dag.py
[2026-06-18T09:12:40.373+0000] {logging_mixin.py:188} INFO - [2026-06-18T09:12:40.372+0000] {dag.py:3096} INFO - Sync 1 DAGs
[2026-06-18T09:12:40.465+0000] {logging_mixin.py:188} INFO - [2026-06-18T09:12:40.464+0000] {dag.py:3954} INFO - Setting next_dagrun for weather_etl_pipeline to 2026-06-18 00:00:00+00:00, run_after=2026-06-19 00:00:00+00:00
[2026-06-18T09:12:40.544+0000] {processor.py:183} INFO - Processing /opt/airflow/dags/weather_etl_dag.py took 0.464 seconds
[2026-06-18T09:12:51.405+0000] {processor.py:161} INFO - Started process (PID=9153) to work on /opt/airflow/dags/weather_etl_dag.py
[2026-06-18T09:12:51.423+0000] {processor.py:830} INFO - Processing file /opt/airflow/dags/weather_etl_dag.py for tasks to queue
[2026-06-18T09:12:51.442+0000] {logging_mixin.py:188} INFO - [2026-06-18T09:12:51.441+0000] {dagbag.py:545} INFO - Filling up the DagBag from /opt/airflow/dags/weather_etl_dag.py
[2026-06-18T09:12:52.056+0000] {processor.py:840} INFO - DAG(s) 'weather_etl_pipeline' retrieved from /opt/airflow/dags/weather_etl_dag.py
[2026-06-18T09:12:52.283+0000] {logging_mixin.py:188} INFO - [2026-06-18T09:12:52.282+0000] {dag.py:3096} INFO - Sync 1 DAGs
[2026-06-18T09:12:52.453+0000] {logging_mixin.py:188} INFO - [2026-06-18T09:12:52.443+0000] {dag.py:3954} INFO - Setting next_dagrun for weather_etl_pipeline to 2026-06-18 00:00:00+00:00, run_after=2026-06-19 00:00:00+00:00
[2026-06-18T09:12:52.617+0000] {processor.py:183} INFO - Processing /opt/airflow/dags/weather_etl_dag.py took 1.233 seconds
[2026-06-18T09:13:02.872+0000] {processor.py:161} INFO - Started process (PID=9158) to work on /opt/airflow/dags/weather_etl_dag.py
[2026-06-18T09:13:02.875+0000] {processor.py:830} INFO - Processing file /opt/airflow/dags/weather_etl_dag.py for tasks to queue
[2026-06-18T09:13:02.885+0000] {logging_mixin.py:188} INFO - [2026-06-18T09:13:02.880+0000] {dagbag.py:545} INFO - Filling up the DagBag from /opt/airflow/dags/weather_etl_dag.py
[2026-06-18T09:13:02.973+0000] {processor.py:840} INFO - DAG(s) 'weather_etl_pipeline' retrieved from /opt/airflow/dags/weather_etl_dag.py
[2026-06-18T09:13:03.098+0000] {logging_mixin.py:188} INFO - [2026-06-18T09:13:03.098+0000] {dag.py:3096} INFO - Sync 1 DAGs
[2026-06-18T09:13:03.207+0000] {logging_mixin.py:188} INFO - [2026-06-18T09:13:03.207+0000] {dag.py:3954} INFO - Setting next_dagrun for weather_etl_pipeline to 2026-06-18 00:00:00+00:00, run_after=2026-06-19 00:00:00+00:00
[2026-06-18T09:13:03.345+0000] {processor.py:183} INFO - Processing /opt/airflow/dags/weather_etl_dag.py took 0.505 seconds
[2026-06-18T09:13:14.417+0000] {processor.py:161} INFO - Started process (PID=9163) to work on /opt/airflow/dags/weather_etl_dag.py
[2026-06-18T09:13:14.423+0000] {processor.py:830} INFO - Processing file /opt/airflow/dags/weather_etl_dag.py for tasks to queue
[2026-06-18T09:13:14.444+0000] {logging_mixin.py:188} INFO - [2026-06-18T09:13:14.443+0000] {dagbag.py:545} INFO - Filling up the DagBag from /opt/airflow/dags/weather_etl_dag.py
[2026-06-18T09:13:14.648+0000] {processor.py:840} INFO - DAG(s) 'weather_etl_pipeline' retrieved from /opt/airflow/dags/weather_etl_dag.py
[2026-06-18T09:13:14.896+0000] {logging_mixin.py:188} INFO - [2026-06-18T09:13:14.896+0000] {dag.py:3096} INFO - Sync 1 DAGs
[2026-06-18T09:13:15.134+0000] {logging_mixin.py:188} INFO - [2026-06-18T09:13:15.133+0000] {dag.py:3954} INFO - Setting next_dagrun for weather_etl_pipeline to 2026-06-18 00:00:00+00:00, run_after=2026-06-19 00:00:00+00:00
[2026-06-18T09:13:15.474+0000] {processor.py:183} INFO - Processing /opt/airflow/dags/weather_etl_dag.py took 1.092 seconds
[2026-06-18T09:13:26.555+0000] {processor.py:161} INFO - Started process (PID=9168) to work on /opt/airflow/dags/weather_etl_dag.py
[2026-06-18T09:13:26.569+0000] {processor.py:830} INFO - Processing file /opt/airflow/dags/weather_etl_dag.py for tasks to queue
[2026-06-18T09:13:26.576+0000] {logging_mixin.py:188} INFO - [2026-06-18T09:13:26.574+0000] {dagbag.py:545} INFO - Filling up the DagBag from /opt/airflow/dags/weather_etl_dag.py
[2026-06-18T09:13:27.008+0000] {processor.py:840} INFO - DAG(s) 'weather_etl_pipeline' retrieved from /opt/airflow/dags/weather_etl_dag.py
[2026-06-18T09:13:27.222+0000] {logging_mixin.py:188} INFO - [2026-06-18T09:13:27.221+0000] {dag.py:3096} INFO - Sync 1 DAGs
[2026-06-18T09:13:27.412+0000] {logging_mixin.py:188} INFO - [2026-06-18T09:13:27.412+0000] {dag.py:3954} INFO - Setting next_dagrun for weather_etl_pipeline to 2026-06-18 00:00:00+00:00, run_after=2026-06-19 00:00:00+00:00
[2026-06-18T09:13:27.577+0000] {processor.py:183} INFO - Processing /opt/airflow/dags/weather_etl_dag.py took 1.069 seconds
[2026-06-18T09:13:38.265+0000] {processor.py:161} INFO - Started process (PID=9173) to work on /opt/airflow/dags/weather_etl_dag.py
[2026-06-18T09:13:38.274+0000] {processor.py:830} INFO - Processing file /opt/airflow/dags/weather_etl_dag.py for tasks to queue
[2026-06-18T09:13:38.280+0000] {logging_mixin.py:188} INFO - [2026-06-18T09:13:38.279+0000] {dagbag.py:545} INFO - Filling up the DagBag from /opt/airflow/dags/weather_etl_dag.py
[2026-06-18T09:13:38.374+0000] {processor.py:840} INFO - DAG(s) 'weather_etl_pipeline' retrieved from /opt/airflow/dags/weather_etl_dag.py
[2026-06-18T09:13:38.558+0000] {logging_mixin.py:188} INFO - [2026-06-18T09:13:38.558+0000] {dag.py:3096} INFO - Sync 1 DAGs
[2026-06-18T09:13:38.709+0000] {logging_mixin.py:188} INFO - [2026-06-18T09:13:38.709+0000] {dag.py:3954} INFO - Setting next_dagrun for weather_etl_pipeline to 2026-06-18 00:00:00+00:00, run_after=2026-06-19 00:00:00+00:00
[2026-06-18T09:13:38.802+0000] {processor.py:183} INFO - Processing /opt/airflow/dags/weather_etl_dag.py took 0.568 seconds
[2026-06-18T09:13:49.341+0000] {processor.py:161} INFO - Started process (PID=9178) to work on /opt/airflow/dags/weather_etl_dag.py
[2026-06-18T09:13:49.348+0000] {processor.py:830} INFO - Processing file /opt/airflow/dags/weather_etl_dag.py for tasks to queue
[2026-06-18T09:13:49.358+0000] {logging_mixin.py:188} INFO - [2026-06-18T09:13:49.353+0000] {dagbag.py:545} INFO - Filling up the DagBag from /opt/airflow/dags/weather_etl_dag.py
[2026-06-18T09:13:49.499+0000] {processor.py:840} INFO - DAG(s) 'weather_etl_pipeline' retrieved from /opt/airflow/dags/weather_etl_dag.py
[2026-06-18T09:13:49.609+0000] {logging_mixin.py:188} INFO - [2026-06-18T09:13:49.608+0000] {dag.py:3096} INFO - Sync 1 DAGs
[2026-06-18T09:13:49.712+0000] {logging_mixin.py:188} INFO - [2026-06-18T09:13:49.712+0000] {dag.py:3954} INFO - Setting next_dagrun for weather_etl_pipeline to 2026-06-18 00:00:00+00:00, run_after=2026-06-19 00:00:00+00:00
[2026-06-18T09:13:49.810+0000] {processor.py:183} INFO - Processing /opt/airflow/dags/weather_etl_dag.py took 0.502 seconds
[2026-06-18T09:13:59.977+0000] {processor.py:161} INFO - Started process (PID=9183) to work on /opt/airflow/dags/weather_etl_dag.py
[2026-06-18T09:13:59.979+0000] {processor.py:830} INFO - Processing file /opt/airflow/dags/weather_etl_dag.py for tasks to queue
[2026-06-18T09:13:59.983+0000] {logging_mixin.py:188} INFO - [2026-06-18T09:13:59.982+0000] {dagbag.py:545} INFO - Filling up the DagBag from /opt/airflow/dags/weather_etl_dag.py
[2026-06-18T09:14:00.042+0000] {processor.py:840} INFO - DAG(s) 'weather_etl_pipeline' retrieved from /opt/airflow/dags/weather_etl_dag.py
[2026-06-18T09:14:00.100+0000] {logging_mixin.py:188} INFO - [2026-06-18T09:14:00.100+0000] {dag.py:3096} INFO - Sync 1 DAGs
[2026-06-18T09:14:00.153+0000] {logging_mixin.py:188} INFO - [2026-06-18T09:14:00.153+0000] {dag.py:3954} INFO - Setting next_dagrun for weather_etl_pipeline to 2026-06-18 00:00:00+00:00, run_after=2026-06-19 00:00:00+00:00
[2026-06-18T09:14:00.201+0000] {processor.py:183} INFO - Processing /opt/airflow/dags/weather_etl_dag.py took 0.235 seconds
[2026-06-18T09:14:11.203+0000] {processor.py:161} INFO - Started process (PID=9188) to work on /opt/airflow/dags/weather_etl_dag.py
[2026-06-18T09:14:11.205+0000] {processor.py:830} INFO - Processing file /opt/airflow/dags/weather_etl_dag.py for tasks to queue
[2026-06-18T09:14:11.208+0000] {logging_mixin.py:188} INFO - [2026-06-18T09:14:11.207+0000] {dagbag.py:545} INFO - Filling up the DagBag from /opt/airflow/dags/weather_etl_dag.py
[2026-06-18T09:14:11.267+0000] {processor.py:840} INFO - DAG(s) 'weather_etl_pipeline' retrieved from /opt/airflow/dags/weather_etl_dag.py
[2026-06-18T09:14:11.328+0000] {logging_mixin.py:188} INFO - [2026-06-18T09:14:11.328+0000] {dag.py:3096} INFO - Sync 1 DAGs
[2026-06-18T09:14:11.395+0000] {logging_mixin.py:188} INFO - [2026-06-18T09:14:11.395+0000] {dag.py:3954} INFO - Setting next_dagrun for weather_etl_pipeline to 2026-06-18 00:00:00+00:00, run_after=2026-06-19 00:00:00+00:00
[2026-06-18T09:14:11.445+0000] {processor.py:183} INFO - Processing /opt/airflow/dags/weather_etl_dag.py took 0.255 seconds
[2026-06-18T09:14:21.665+0000] {processor.py:161} INFO - Started process (PID=9193) to work on /opt/airflow/dags/weather_etl_dag.py
[2026-06-18T09:14:21.667+0000] {processor.py:830} INFO - Processing file /opt/airflow/dags/weather_etl_dag.py for tasks to queue
[2026-06-18T09:14:21.671+0000] {logging_mixin.py:188} INFO - [2026-06-18T09:14:21.670+0000] {dagbag.py:545} INFO - Filling up the DagBag from /opt/airflow/dags/weather_etl_dag.py
[2026-06-18T09:14:21.718+0000] {processor.py:840} INFO - DAG(s) 'weather_etl_pipeline' retrieved from /opt/airflow/dags/weather_etl_dag.py
[2026-06-18T09:14:21.781+0000] {logging_mixin.py:188} INFO - [2026-06-18T09:14:21.780+0000] {dag.py:3096} INFO - Sync 1 DAGs
[2026-06-18T09:14:21.845+0000] {logging_mixin.py:188} INFO - [2026-06-18T09:14:21.844+0000] {dag.py:3954} INFO - Setting next_dagrun for weather_etl_pipeline to 2026-06-18 00:00:00+00:00, run_after=2026-06-19 00:00:00+00:00
[2026-06-18T09:14:21.889+0000] {processor.py:183} INFO - Processing /opt/airflow/dags/weather_etl_dag.py took 0.239 seconds
[2026-06-18T09:14:32.076+0000] {processor.py:161} INFO - Started process (PID=9198) to work on /opt/airflow/dags/weather_etl_dag.py
[2026-06-18T09:14:32.086+0000] {processor.py:830} INFO - Processing file /opt/airflow/dags/weather_etl_dag.py for tasks to queue
[2026-06-18T09:14:32.089+0000] {logging_mixin.py:188} INFO - [2026-06-18T09:14:32.088+0000] {dagbag.py:545} INFO - Filling up the DagBag from /opt/airflow/dags/weather_etl_dag.py
[2026-06-18T09:14:32.209+0000] {processor.py:840} INFO - DAG(s) 'weather_etl_pipeline' retrieved from /opt/airflow/dags/weather_etl_dag.py
[2026-06-18T09:14:32.320+0000] {logging_mixin.py:188} INFO - [2026-06-18T09:14:32.320+0000] {dag.py:3096} INFO - Sync 1 DAGs
[2026-06-18T09:14:32.376+0000] {logging_mixin.py:188} INFO - [2026-06-18T09:14:32.376+0000] {dag.py:3954} INFO - Setting next_dagrun for weather_etl_pipeline to 2026-06-18 00:00:00+00:00, run_after=2026-06-19 00:00:00+00:00
[2026-06-18T09:14:32.420+0000] {processor.py:183} INFO - Processing /opt/airflow/dags/weather_etl_dag.py took 0.378 seconds
[2026-06-18T09:14:42.737+0000] {processor.py:161} INFO - Started process (PID=9203) to work on /opt/airflow/dags/weather_etl_dag.py
[2026-06-18T09:14:42.741+0000] {processor.py:830} INFO - Processing file /opt/airflow/dags/weather_etl_dag.py for tasks to queue
[2026-06-18T09:14:42.747+0000] {logging_mixin.py:188} INFO - [2026-06-18T09:14:42.746+0000] {dagbag.py:545} INFO - Filling up the DagBag from /opt/airflow/dags/weather_etl_dag.py
[2026-06-18T09:14:42.820+0000] {processor.py:840} INFO - DAG(s) 'weather_etl_pipeline' retrieved from /opt/airflow/dags/weather_etl_dag.py
[2026-06-18T09:14:42.885+0000] {logging_mixin.py:188} INFO - [2026-06-18T09:14:42.885+0000] {dag.py:3096} INFO - Sync 1 DAGs
[2026-06-18T09:14:42.933+0000] {logging_mixin.py:188} INFO - [2026-06-18T09:14:42.932+0000] {dag.py:3954} INFO - Setting next_dagrun for weather_etl_pipeline to 2026-06-18 00:00:00+00:00, run_after=2026-06-19 00:00:00+00:00
[2026-06-18T09:14:42.969+0000] {processor.py:183} INFO - Processing /opt/airflow/dags/weather_etl_dag.py took 0.248 seconds
[2026-06-18T09:14:53.114+0000] {processor.py:161} INFO - Started process (PID=9208) to work on /opt/airflow/dags/weather_etl_dag.py
[2026-06-18T09:14:53.117+0000] {processor.py:830} INFO - Processing file /opt/airflow/dags/weather_etl_dag.py for tasks to queue
[2026-06-18T09:14:53.119+0000] {logging_mixin.py:188} INFO - [2026-06-18T09:14:53.119+0000] {dagbag.py:545} INFO - Filling up the DagBag from /opt/airflow/dags/weather_etl_dag.py
[2026-06-18T09:14:53.169+0000] {processor.py:840} INFO - DAG(s) 'weather_etl_pipeline' retrieved from /opt/airflow/dags/weather_etl_dag.py
[2026-06-18T09:14:53.218+0000] {logging_mixin.py:188} INFO - [2026-06-18T09:14:53.218+0000] {dag.py:3096} INFO - Sync 1 DAGs
[2026-06-18T09:14:53.263+0000] {logging_mixin.py:188} INFO - [2026-06-18T09:14:53.263+0000] {dag.py:3954} INFO - Setting next_dagrun for weather_etl_pipeline to 2026-06-18 00:00:00+00:00, run_after=2026-06-19 00:00:00+00:00
[2026-06-18T09:14:53.320+0000] {processor.py:183} INFO - Processing /opt/airflow/dags/weather_etl_dag.py took 0.218 seconds
[2026-06-18T09:15:03.666+0000] {processor.py:161} INFO - Started process (PID=9213) to work on /opt/airflow/dags/weather_etl_dag.py
[2026-06-18T09:15:03.671+0000] {processor.py:830} INFO - Processing file /opt/airflow/dags/weather_etl_dag.py for tasks to queue
[2026-06-18T09:15:03.674+0000] {logging_mixin.py:188} INFO - [2026-06-18T09:15:03.673+0000] {dagbag.py:545} INFO - Filling up the DagBag from /opt/airflow/dags/weather_etl_dag.py
[2026-06-18T09:15:03.811+0000] {processor.py:840} INFO - DAG(s) 'weather_etl_pipeline' retrieved from /opt/airflow/dags/weather_etl_dag.py
[2026-06-18T09:15:03.879+0000] {logging_mixin.py:188} INFO - [2026-06-18T09:15:03.879+0000] {dag.py:3096} INFO - Sync 1 DAGs
[2026-06-18T09:15:03.931+0000] {logging_mixin.py:188} INFO - [2026-06-18T09:15:03.931+0000] {dag.py:3954} INFO - Setting next_dagrun for weather_etl_pipeline to 2026-06-18 00:00:00+00:00, run_after=2026-06-19 00:00:00+00:00
[2026-06-18T09:15:03.969+0000] {processor.py:183} INFO - Processing /opt/airflow/dags/weather_etl_dag.py took 0.333 seconds
[2026-06-18T09:15:14.063+0000] {processor.py:161} INFO - Started process (PID=9218) to work on /opt/airflow/dags/weather_etl_dag.py
[2026-06-18T09:15:14.065+0000] {processor.py:830} INFO - Processing file /opt/airflow/dags/weather_etl_dag.py for tasks to queue
[2026-06-18T09:15:14.068+0000] {logging_mixin.py:188} INFO - [2026-06-18T09:15:14.067+0000] {dagbag.py:545} INFO - Filling up the DagBag from /opt/airflow/dags/weather_etl_dag.py
[2026-06-18T09:15:14.114+0000] {processor.py:840} INFO - DAG(s) 'weather_etl_pipeline' retrieved from /opt/airflow/dags/weather_etl_dag.py
[2026-06-18T09:15:14.168+0000] {logging_mixin.py:188} INFO - [2026-06-18T09:15:14.168+0000] {dag.py:3096} INFO - Sync 1 DAGs
[2026-06-18T09:15:14.215+0000] {logging_mixin.py:188} INFO - [2026-06-18T09:15:14.215+0000] {dag.py:3954} INFO - Setting next_dagrun for weather_etl_pipeline to 2026-06-18 00:00:00+00:00, run_after=2026-06-19 00:00:00+00:00
[2026-06-18T09:15:14.250+0000] {processor.py:183} INFO - Processing /opt/airflow/dags/weather_etl_dag.py took 0.197 seconds
[2026-06-18T09:15:24.417+0000] {processor.py:161} INFO - Started process (PID=9223) to work on /opt/airflow/dags/weather_etl_dag.py
[2026-06-18T09:15:24.421+0000] {processor.py:830} INFO - Processing file /opt/airflow/dags/weather_etl_dag.py for tasks to queue
[2026-06-18T09:15:24.424+0000] {logging_mixin.py:188} INFO - [2026-06-18T09:15:24.423+0000] {dagbag.py:545} INFO - Filling up the DagBag from /opt/airflow/dags/weather_etl_dag.py
[2026-06-18T09:15:24.633+0000] {processor.py:840} INFO - DAG(s) 'weather_etl_pipeline' retrieved from /opt/airflow/dags/weather_etl_dag.py
[2026-06-18T09:15:24.706+0000] {logging_mixin.py:188} INFO - [2026-06-18T09:15:24.705+0000] {dag.py:3096} INFO - Sync 1 DAGs
[2026-06-18T09:15:24.773+0000] {logging_mixin.py:188} INFO - [2026-06-18T09:15:24.773+0000] {dag.py:3954} INFO - Setting next_dagrun for weather_etl_pipeline to 2026-06-18 00:00:00+00:00, run_after=2026-06-19 00:00:00+00:00
[2026-06-18T09:15:24.828+0000] {processor.py:183} INFO - Processing /opt/airflow/dags/weather_etl_dag.py took 0.434 seconds
[2026-06-18T09:15:35.058+0000] {processor.py:161} INFO - Started process (PID=9228) to work on /opt/airflow/dags/weather_etl_dag.py
[2026-06-18T09:15:35.062+0000] {processor.py:830} INFO - Processing file /opt/airflow/dags/weather_etl_dag.py for tasks to queue
[2026-06-18T09:15:35.069+0000] {logging_mixin.py:188} INFO - [2026-06-18T09:15:35.068+0000] {dagbag.py:545} INFO - Filling up the DagBag from /opt/airflow/dags/weather_etl_dag.py
[2026-06-18T09:15:35.151+0000] {processor.py:840} INFO - DAG(s) 'weather_etl_pipeline' retrieved from /opt/airflow/dags/weather_etl_dag.py
[2026-06-18T09:15:35.255+0000] {logging_mixin.py:188} INFO - [2026-06-18T09:15:35.255+0000] {dag.py:3096} INFO - Sync 1 DAGs
[2026-06-18T09:15:35.349+0000] {logging_mixin.py:188} INFO - [2026-06-18T09:15:35.348+0000] {dag.py:3954} INFO - Setting next_dagrun for weather_etl_pipeline to 2026-06-18 00:00:00+00:00, run_after=2026-06-19 00:00:00+00:00
[2026-06-18T09:15:35.443+0000] {processor.py:183} INFO - Processing /opt/airflow/dags/weather_etl_dag.py took 0.404 seconds
[2026-06-18T09:15:46.288+0000] {processor.py:161} INFO - Started process (PID=9233) to work on /opt/airflow/dags/weather_etl_dag.py
[2026-06-18T09:15:46.290+0000] {processor.py:830} INFO - Processing file /opt/airflow/dags/weather_etl_dag.py for tasks to queue
[2026-06-18T09:15:46.291+0000] {logging_mixin.py:188} INFO - [2026-06-18T09:15:46.291+0000] {dagbag.py:545} INFO - Filling up the DagBag from /opt/airflow/dags/weather_etl_dag.py
[2026-06-18T09:15:46.318+0000] {processor.py:840} INFO - DAG(s) 'weather_etl_pipeline' retrieved from /opt/airflow/dags/weather_etl_dag.py
[2026-06-18T09:15:46.349+0000] {logging_mixin.py:188} INFO - [2026-06-18T09:15:46.349+0000] {dag.py:3096} INFO - Sync 1 DAGs
[2026-06-18T09:15:46.381+0000] {logging_mixin.py:188} INFO - [2026-06-18T09:15:46.380+0000] {dag.py:3954} INFO - Setting next_dagrun for weather_etl_pipeline to 2026-06-18 00:00:00+00:00, run_after=2026-06-19 00:00:00+00:00
[2026-06-18T09:15:46.406+0000] {processor.py:183} INFO - Processing /opt/airflow/dags/weather_etl_dag.py took 0.124 seconds
[2026-06-18T09:15:56.694+0000] {processor.py:161} INFO - Started process (PID=9238) to work on /opt/airflow/dags/weather_etl_dag.py
[2026-06-18T09:15:56.704+0000] {processor.py:830} INFO - Processing file /opt/airflow/dags/weather_etl_dag.py for tasks to queue
[2026-06-18T09:15:56.712+0000] {logging_mixin.py:188} INFO - [2026-06-18T09:15:56.712+0000] {dagbag.py:545} INFO - Filling up the DagBag from /opt/airflow/dags/weather_etl_dag.py
[2026-06-18T09:15:57.072+0000] {processor.py:840} INFO - DAG(s) 'weather_etl_pipeline' retrieved from /opt/airflow/dags/weather_etl_dag.py
[2026-06-18T09:15:57.299+0000] {logging_mixin.py:188} INFO - [2026-06-18T09:15:57.290+0000] {dag.py:3096} INFO - Sync 1 DAGs
[2026-06-18T09:15:57.380+0000] {logging_mixin.py:188} INFO - [2026-06-18T09:15:57.380+0000] {dag.py:3954} INFO - Setting next_dagrun for weather_etl_pipeline to 2026-06-18 00:00:00+00:00, run_after=2026-06-19 00:00:00+00:00
[2026-06-18T09:15:57.429+0000] {processor.py:183} INFO - Processing /opt/airflow/dags/weather_etl_dag.py took 0.785 seconds
[2026-06-18T09:16:07.605+0000] {processor.py:161} INFO - Started process (PID=9243) to work on /opt/airflow/dags/weather_etl_dag.py
[2026-06-18T09:16:07.608+0000] {processor.py:830} INFO - Processing file /opt/airflow/dags/weather_etl_dag.py for tasks to queue
[2026-06-18T09:16:07.611+0000] {logging_mixin.py:188} INFO - [2026-06-18T09:16:07.610+0000] {dagbag.py:545} INFO - Filling up the DagBag from /opt/airflow/dags/weather_etl_dag.py
[2026-06-18T09:16:07.656+0000] {processor.py:840} INFO - DAG(s) 'weather_etl_pipeline' retrieved from /opt/airflow/dags/weather_etl_dag.py
[2026-06-18T09:16:07.716+0000] {logging_mixin.py:188} INFO - [2026-06-18T09:16:07.716+0000] {dag.py:3096} INFO - Sync 1 DAGs
[2026-06-18T09:16:07.758+0000] {logging_mixin.py:188} INFO - [2026-06-18T09:16:07.758+0000] {dag.py:3954} INFO - Setting next_dagrun for weather_etl_pipeline to 2026-06-18 00:00:00+00:00, run_after=2026-06-19 00:00:00+00:00
[2026-06-18T09:16:07.798+0000] {processor.py:183} INFO - Processing /opt/airflow/dags/weather_etl_dag.py took 0.204 seconds
[2026-06-18T09:16:18.393+0000] {processor.py:161} INFO - Started process (PID=9248) to work on /opt/airflow/dags/weather_etl_dag.py
[2026-06-18T09:16:18.395+0000] {processor.py:830} INFO - Processing file /opt/airflow/dags/weather_etl_dag.py for tasks to queue
[2026-06-18T09:16:18.397+0000] {logging_mixin.py:188} INFO - [2026-06-18T09:16:18.396+0000] {dagbag.py:545} INFO - Filling up the DagBag from /opt/airflow/dags/weather_etl_dag.py
[2026-06-18T09:16:18.434+0000] {processor.py:840} INFO - DAG(s) 'weather_etl_pipeline' retrieved from /opt/airflow/dags/weather_etl_dag.py
[2026-06-18T09:16:18.475+0000] {logging_mixin.py:188} INFO - [2026-06-18T09:16:18.474+0000] {dag.py:3096} INFO - Sync 1 DAGs
[2026-06-18T09:16:18.511+0000] {logging_mixin.py:188} INFO - [2026-06-18T09:16:18.511+0000] {dag.py:3954} INFO - Setting next_dagrun for weather_etl_pipeline to 2026-06-18 00:00:00+00:00, run_after=2026-06-19 00:00:00+00:00
[2026-06-18T09:16:18.548+0000] {processor.py:183} INFO - Processing /opt/airflow/dags/weather_etl_dag.py took 0.165 seconds
[2026-06-18T09:16:28.662+0000] {processor.py:161} INFO - Started process (PID=9253) to work on /opt/airflow/dags/weather_etl_dag.py
[2026-06-18T09:16:28.664+0000] {processor.py:830} INFO - Processing file /opt/airflow/dags/weather_etl_dag.py for tasks to queue
[2026-06-18T09:16:28.666+0000] {logging_mixin.py:188} INFO - [2026-06-18T09:16:28.666+0000] {dagbag.py:545} INFO - Filling up the DagBag from /opt/airflow/dags/weather_etl_dag.py
[2026-06-18T09:16:28.701+0000] {processor.py:840} INFO - DAG(s) 'weather_etl_pipeline' retrieved from /opt/airflow/dags/weather_etl_dag.py
[2026-06-18T09:16:28.747+0000] {logging_mixin.py:188} INFO - [2026-06-18T09:16:28.746+0000] {dag.py:3096} INFO - Sync 1 DAGs
[2026-06-18T09:16:28.784+0000] {logging_mixin.py:188} INFO - [2026-06-18T09:16:28.784+0000] {dag.py:3954} INFO - Setting next_dagrun for weather_etl_pipeline to 2026-06-18 00:00:00+00:00, run_after=2026-06-19 00:00:00+00:00
[2026-06-18T09:16:28.817+0000] {processor.py:183} INFO - Processing /opt/airflow/dags/weather_etl_dag.py took 0.164 seconds
[2026-06-18T09:16:38.943+0000] {processor.py:161} INFO - Started process (PID=9258) to work on /opt/airflow/dags/weather_etl_dag.py
[2026-06-18T09:16:38.946+0000] {processor.py:830} INFO - Processing file /opt/airflow/dags/weather_etl_dag.py for tasks to queue
[2026-06-18T09:16:38.948+0000] {logging_mixin.py:188} INFO - [2026-06-18T09:16:38.947+0000] {dagbag.py:545} INFO - Filling up the DagBag from /opt/airflow/dags/weather_etl_dag.py
[2026-06-18T09:16:38.985+0000] {processor.py:840} INFO - DAG(s) 'weather_etl_pipeline' retrieved from /opt/airflow/dags/weather_etl_dag.py
[2026-06-18T09:16:39.036+0000] {logging_mixin.py:188} INFO - [2026-06-18T09:16:39.035+0000] {dag.py:3096} INFO - Sync 1 DAGs
[2026-06-18T09:16:39.075+0000] {logging_mixin.py:188} INFO - [2026-06-18T09:16:39.075+0000] {dag.py:3954} INFO - Setting next_dagrun for weather_etl_pipeline to 2026-06-18 00:00:00+00:00, run_after=2026-06-19 00:00:00+00:00
[2026-06-18T09:16:39.121+0000] {processor.py:183} INFO - Processing /opt/airflow/dags/weather_etl_dag.py took 0.190 seconds
[2026-06-18T09:16:51.015+0000] {processor.py:161} INFO - Started process (PID=9263) to work on /opt/airflow/dags/weather_etl_dag.py
[2026-06-18T09:16:51.018+0000] {processor.py:830} INFO - Processing file /opt/airflow/dags/weather_etl_dag.py for tasks to queue
[2026-06-18T09:16:51.020+0000] {logging_mixin.py:188} INFO - [2026-06-18T09:16:51.019+0000] {dagbag.py:545} INFO - Filling up the DagBag from /opt/airflow/dags/weather_etl_dag.py
[2026-06-18T09:16:51.069+0000] {processor.py:840} INFO - DAG(s) 'weather_etl_pipeline' retrieved from /opt/airflow/dags/weather_etl_dag.py
[2026-06-18T09:16:51.135+0000] {logging_mixin.py:188} INFO - [2026-06-18T09:16:51.135+0000] {dag.py:3096} INFO - Sync 1 DAGs
[2026-06-18T09:16:51.181+0000] {logging_mixin.py:188} INFO - [2026-06-18T09:16:51.181+0000] {dag.py:3954} INFO - Setting next_dagrun for weather_etl_pipeline to 2026-06-18 00:00:00+00:00, run_after=2026-06-19 00:00:00+00:00
[2026-06-18T09:16:51.221+0000] {processor.py:183} INFO - Processing /opt/airflow/dags/weather_etl_dag.py took 0.223 seconds
[2026-06-18T09:17:01.515+0000] {processor.py:161} INFO - Started process (PID=9268) to work on /opt/airflow/dags/weather_etl_dag.py
[2026-06-18T09:17:01.519+0000] {processor.py:830} INFO - Processing file /opt/airflow/dags/weather_etl_dag.py for tasks to queue
[2026-06-18T09:17:01.523+0000] {logging_mixin.py:188} INFO - [2026-06-18T09:17:01.522+0000] {dagbag.py:545} INFO - Filling up the DagBag from /opt/airflow/dags/weather_etl_dag.py
[2026-06-18T09:17:01.628+0000] {processor.py:840} INFO - DAG(s) 'weather_etl_pipeline' retrieved from /opt/airflow/dags/weather_etl_dag.py
[2026-06-18T09:17:01.750+0000] {logging_mixin.py:188} INFO - [2026-06-18T09:17:01.749+0000] {dag.py:3096} INFO - Sync 1 DAGs
[2026-06-18T09:17:01.855+0000] {logging_mixin.py:188} INFO - [2026-06-18T09:17:01.854+0000] {dag.py:3954} INFO - Setting next_dagrun for weather_etl_pipeline to 2026-06-18 00:00:00+00:00, run_after=2026-06-19 00:00:00+00:00
[2026-06-18T09:17:01.941+0000] {processor.py:183} INFO - Processing /opt/airflow/dags/weather_etl_dag.py took 0.468 seconds
[2026-06-18T09:17:12.117+0000] {processor.py:161} INFO - Started process (PID=9273) to work on /opt/airflow/dags/weather_etl_dag.py
[2026-06-18T09:17:12.120+0000] {processor.py:830} INFO - Processing file /opt/airflow/dags/weather_etl_dag.py for tasks to queue
[2026-06-18T09:17:12.122+0000] {logging_mixin.py:188} INFO - [2026-06-18T09:17:12.122+0000] {dagbag.py:545} INFO - Filling up the DagBag from /opt/airflow/dags/weather_etl_dag.py
[2026-06-18T09:17:12.167+0000] {processor.py:840} INFO - DAG(s) 'weather_etl_pipeline' retrieved from /opt/airflow/dags/weather_etl_dag.py
[2026-06-18T09:17:12.218+0000] {logging_mixin.py:188} INFO - [2026-06-18T09:17:12.218+0000] {dag.py:3096} INFO - Sync 1 DAGs
[2026-06-18T09:17:12.259+0000] {logging_mixin.py:188} INFO - [2026-06-18T09:17:12.259+0000] {dag.py:3954} INFO - Setting next_dagrun for weather_etl_pipeline to 2026-06-18 00:00:00+00:00, run_after=2026-06-19 00:00:00+00:00
[2026-06-18T09:17:12.293+0000] {processor.py:183} INFO - Processing /opt/airflow/dags/weather_etl_dag.py took 0.186 seconds
[2026-06-18T09:17:23.151+0000] {processor.py:161} INFO - Started process (PID=9278) to work on /opt/airflow/dags/weather_etl_dag.py
[2026-06-18T09:17:23.154+0000] {processor.py:830} INFO - Processing file /opt/airflow/dags/weather_etl_dag.py for tasks to queue
[2026-06-18T09:17:23.157+0000] {logging_mixin.py:188} INFO - [2026-06-18T09:17:23.157+0000] {dagbag.py:545} INFO - Filling up the DagBag from /opt/airflow/dags/weather_etl_dag.py
[2026-06-18T09:17:23.218+0000] {processor.py:840} INFO - DAG(s) 'weather_etl_pipeline' retrieved from /opt/airflow/dags/weather_etl_dag.py
[2026-06-18T09:17:23.300+0000] {logging_mixin.py:188} INFO - [2026-06-18T09:17:23.300+0000] {dag.py:3096} INFO - Sync 1 DAGs
[2026-06-18T09:17:23.380+0000] {logging_mixin.py:188} INFO - [2026-06-18T09:17:23.379+0000] {dag.py:3954} INFO - Setting next_dagrun for weather_etl_pipeline to 2026-06-18 00:00:00+00:00, run_after=2026-06-19 00:00:00+00:00
[2026-06-18T09:17:23.427+0000] {processor.py:183} INFO - Processing /opt/airflow/dags/weather_etl_dag.py took 0.293 seconds
[2026-06-18T09:17:33.836+0000] {processor.py:161} INFO - Started process (PID=9283) to work on /opt/airflow/dags/weather_etl_dag.py
[2026-06-18T09:17:33.879+0000] {processor.py:830} INFO - Processing file /opt/airflow/dags/weather_etl_dag.py for tasks to queue
[2026-06-18T09:17:33.894+0000] {logging_mixin.py:188} INFO - [2026-06-18T09:17:33.893+0000] {dagbag.py:545} INFO - Filling up the DagBag from /opt/airflow/dags/weather_etl_dag.py
[2026-06-18T09:17:34.036+0000] {processor.py:840} INFO - DAG(s) 'weather_etl_pipeline' retrieved from /opt/airflow/dags/weather_etl_dag.py
[2026-06-18T09:17:34.124+0000] {logging_mixin.py:188} INFO - [2026-06-18T09:17:34.124+0000] {dag.py:3096} INFO - Sync 1 DAGs
[2026-06-18T09:17:34.187+0000] {logging_mixin.py:188} INFO - [2026-06-18T09:17:34.187+0000] {dag.py:3954} INFO - Setting next_dagrun for weather_etl_pipeline to 2026-06-18 00:00:00+00:00, run_after=2026-06-19 00:00:00+00:00
[2026-06-18T09:17:34.234+0000] {processor.py:183} INFO - Processing /opt/airflow/dags/weather_etl_dag.py took 0.434 seconds
[2026-06-18T09:17:44.390+0000] {processor.py:161} INFO - Started process (PID=9288) to work on /opt/airflow/dags/weather_etl_dag.py
[2026-06-18T09:17:44.393+0000] {processor.py:830} INFO - Processing file /opt/airflow/dags/weather_etl_dag.py for tasks to queue
[2026-06-18T09:17:44.396+0000] {logging_mixin.py:188} INFO - [2026-06-18T09:17:44.395+0000] {dagbag.py:545} INFO - Filling up the DagBag from /opt/airflow/dags/weather_etl_dag.py
[2026-06-18T09:17:44.438+0000] {processor.py:840} INFO - DAG(s) 'weather_etl_pipeline' retrieved from /opt/airflow/dags/weather_etl_dag.py
[2026-06-18T09:17:44.488+0000] {logging_mixin.py:188} INFO - [2026-06-18T09:17:44.488+0000] {dag.py:3096} INFO - Sync 1 DAGs
[2026-06-18T09:17:44.533+0000] {logging_mixin.py:188} INFO - [2026-06-18T09:17:44.532+0000] {dag.py:3954} INFO - Setting next_dagrun for weather_etl_pipeline to 2026-06-18 00:00:00+00:00, run_after=2026-06-19 00:00:00+00:00
[2026-06-18T09:17:44.573+0000] {processor.py:183} INFO - Processing /opt/airflow/dags/weather_etl_dag.py took 0.196 seconds
[2026-06-18T09:17:55.220+0000] {processor.py:161} INFO - Started process (PID=9293) to work on /opt/airflow/dags/weather_etl_dag.py
[2026-06-18T09:17:55.221+0000] {processor.py:830} INFO - Processing file /opt/airflow/dags/weather_etl_dag.py for tasks to queue
[2026-06-18T09:17:55.223+0000] {logging_mixin.py:188} INFO - [2026-06-18T09:17:55.222+0000] {dagbag.py:545} INFO - Filling up the DagBag from /opt/airflow/dags/weather_etl_dag.py
[2026-06-18T09:17:55.256+0000] {processor.py:840} INFO - DAG(s) 'weather_etl_pipeline' retrieved from /opt/airflow/dags/weather_etl_dag.py
[2026-06-18T09:17:55.293+0000] {logging_mixin.py:188} INFO - [2026-06-18T09:17:55.293+0000] {dag.py:3096} INFO - Sync 1 DAGs
[2026-06-18T09:17:55.332+0000] {logging_mixin.py:188} INFO - [2026-06-18T09:17:55.332+0000] {dag.py:3954} INFO - Setting next_dagrun for weather_etl_pipeline to 2026-06-18 00:00:00+00:00, run_after=2026-06-19 00:00:00+00:00
[2026-06-18T09:17:55.360+0000] {processor.py:183} INFO - Processing /opt/airflow/dags/weather_etl_dag.py took 0.147 seconds
[2026-06-18T09:18:05.576+0000] {processor.py:161} INFO - Started process (PID=9298) to work on /opt/airflow/dags/weather_etl_dag.py
[2026-06-18T09:18:05.587+0000] {processor.py:830} INFO - Processing file /opt/airflow/dags/weather_etl_dag.py for tasks to queue
[2026-06-18T09:18:05.590+0000] {logging_mixin.py:188} INFO - [2026-06-18T09:18:05.589+0000] {dagbag.py:545} INFO - Filling up the DagBag from /opt/airflow/dags/weather_etl_dag.py
[2026-06-18T09:18:05.689+0000] {processor.py:840} INFO - DAG(s) 'weather_etl_pipeline' retrieved from /opt/airflow/dags/weather_etl_dag.py
[2026-06-18T09:18:05.812+0000] {logging_mixin.py:188} INFO - [2026-06-18T09:18:05.811+0000] {dag.py:3096} INFO - Sync 1 DAGs
[2026-06-18T09:18:05.920+0000] {logging_mixin.py:188} INFO - [2026-06-18T09:18:05.920+0000] {dag.py:3954} INFO - Setting next_dagrun for weather_etl_pipeline to 2026-06-18 00:00:00+00:00, run_after=2026-06-19 00:00:00+00:00
[2026-06-18T09:18:06.031+0000] {processor.py:183} INFO - Processing /opt/airflow/dags/weather_etl_dag.py took 0.478 seconds
[2026-06-18T09:18:16.384+0000] {processor.py:161} INFO - Started process (PID=9303) to work on /opt/airflow/dags/weather_etl_dag.py
[2026-06-18T09:18:16.387+0000] {processor.py:830} INFO - Processing file /opt/airflow/dags/weather_etl_dag.py for tasks to queue
[2026-06-18T09:18:16.390+0000] {logging_mixin.py:188} INFO - [2026-06-18T09:18:16.389+0000] {dagbag.py:545} INFO - Filling up the DagBag from /opt/airflow/dags/weather_etl_dag.py
[2026-06-18T09:18:16.476+0000] {processor.py:840} INFO - DAG(s) 'weather_etl_pipeline' retrieved from /opt/airflow/dags/weather_etl_dag.py
[2026-06-18T09:18:16.584+0000] {logging_mixin.py:188} INFO - [2026-06-18T09:18:16.583+0000] {dag.py:3096} INFO - Sync 1 DAGs
[2026-06-18T09:18:16.681+0000] {logging_mixin.py:188} INFO - [2026-06-18T09:18:16.681+0000] {dag.py:3954} INFO - Setting next_dagrun for weather_etl_pipeline to 2026-06-18 00:00:00+00:00, run_after=2026-06-19 00:00:00+00:00
[2026-06-18T09:18:16.760+0000] {processor.py:183} INFO - Processing /opt/airflow/dags/weather_etl_dag.py took 0.394 seconds
[2026-06-18T09:18:27.717+0000] {processor.py:161} INFO - Started process (PID=9308) to work on /opt/airflow/dags/weather_etl_dag.py
[2026-06-18T09:18:27.722+0000] {processor.py:830} INFO - Processing file /opt/airflow/dags/weather_etl_dag.py for tasks to queue
[2026-06-18T09:18:27.727+0000] {logging_mixin.py:188} INFO - [2026-06-18T09:18:27.725+0000] {dagbag.py:545} INFO - Filling up the DagBag from /opt/airflow/dags/weather_etl_dag.py
[2026-06-18T09:18:27.824+0000] {processor.py:840} INFO - DAG(s) 'weather_etl_pipeline' retrieved from /opt/airflow/dags/weather_etl_dag.py
[2026-06-18T09:18:27.900+0000] {logging_mixin.py:188} INFO - [2026-06-18T09:18:27.900+0000] {dag.py:3096} INFO - Sync 1 DAGs
[2026-06-18T09:18:27.968+0000] {logging_mixin.py:188} INFO - [2026-06-18T09:18:27.967+0000] {dag.py:3954} INFO - Setting next_dagrun for weather_etl_pipeline to 2026-06-18 00:00:00+00:00, run_after=2026-06-19 00:00:00+00:00
[2026-06-18T09:18:28.017+0000] {processor.py:183} INFO - Processing /opt/airflow/dags/weather_etl_dag.py took 0.346 seconds
[2026-06-18T09:18:38.213+0000] {processor.py:161} INFO - Started process (PID=9313) to work on /opt/airflow/dags/weather_etl_dag.py
[2026-06-18T09:18:38.217+0000] {processor.py:830} INFO - Processing file /opt/airflow/dags/weather_etl_dag.py for tasks to queue
[2026-06-18T09:18:38.220+0000] {logging_mixin.py:188} INFO - [2026-06-18T09:18:38.219+0000] {dagbag.py:545} INFO - Filling up the DagBag from /opt/airflow/dags/weather_etl_dag.py
[2026-06-18T09:18:38.310+0000] {processor.py:840} INFO - DAG(s) 'weather_etl_pipeline' retrieved from /opt/airflow/dags/weather_etl_dag.py
[2026-06-18T09:18:38.389+0000] {logging_mixin.py:188} INFO - [2026-06-18T09:18:38.389+0000] {dag.py:3096} INFO - Sync 1 DAGs
[2026-06-18T09:18:38.459+0000] {logging_mixin.py:188} INFO - [2026-06-18T09:18:38.458+0000] {dag.py:3954} INFO - Setting next_dagrun for weather_etl_pipeline to 2026-06-18 00:00:00+00:00, run_after=2026-06-19 00:00:00+00:00
[2026-06-18T09:18:38.524+0000] {processor.py:183} INFO - Processing /opt/airflow/dags/weather_etl_dag.py took 0.328 seconds
[2026-06-18T09:18:48.673+0000] {processor.py:161} INFO - Started process (PID=9318) to work on /opt/airflow/dags/weather_etl_dag.py
[2026-06-18T09:18:48.675+0000] {processor.py:830} INFO - Processing file /opt/airflow/dags/weather_etl_dag.py for tasks to queue
[2026-06-18T09:18:48.677+0000] {logging_mixin.py:188} INFO - [2026-06-18T09:18:48.676+0000] {dagbag.py:545} INFO - Filling up the DagBag from /opt/airflow/dags/weather_etl_dag.py
[2026-06-18T09:18:48.710+0000] {processor.py:840} INFO - DAG(s) 'weather_etl_pipeline' retrieved from /opt/airflow/dags/weather_etl_dag.py
[2026-06-18T09:18:48.749+0000] {logging_mixin.py:188} INFO - [2026-06-18T09:18:48.748+0000] {dag.py:3096} INFO - Sync 1 DAGs
[2026-06-18T09:18:48.780+0000] {logging_mixin.py:188} INFO - [2026-06-18T09:18:48.780+0000] {dag.py:3954} INFO - Setting next_dagrun for weather_etl_pipeline to 2026-06-18 00:00:00+00:00, run_after=2026-06-19 00:00:00+00:00
[2026-06-18T09:18:48.869+0000] {processor.py:183} INFO - Processing /opt/airflow/dags/weather_etl_dag.py took 0.204 seconds
[2026-06-18T09:18:59.464+0000] {processor.py:161} INFO - Started process (PID=9323) to work on /opt/airflow/dags/weather_etl_dag.py
[2026-06-18T09:18:59.465+0000] {processor.py:830} INFO - Processing file /opt/airflow/dags/weather_etl_dag.py for tasks to queue
[2026-06-18T09:18:59.467+0000] {logging_mixin.py:188} INFO - [2026-06-18T09:18:59.467+0000] {dagbag.py:545} INFO - Filling up the DagBag from /opt/airflow/dags/weather_etl_dag.py
[2026-06-18T09:18:59.502+0000] {processor.py:840} INFO - DAG(s) 'weather_etl_pipeline' retrieved from /opt/airflow/dags/weather_etl_dag.py
[2026-06-18T09:18:59.551+0000] {logging_mixin.py:188} INFO - [2026-06-18T09:18:59.551+0000] {dag.py:3096} INFO - Sync 1 DAGs
[2026-06-18T09:18:59.592+0000] {logging_mixin.py:188} INFO - [2026-06-18T09:18:59.591+0000] {dag.py:3954} INFO - Setting next_dagrun for weather_etl_pipeline to 2026-06-18 00:00:00+00:00, run_after=2026-06-19 00:00:00+00:00
[2026-06-18T09:18:59.626+0000] {processor.py:183} INFO - Processing /opt/airflow/dags/weather_etl_dag.py took 0.173 seconds
[2026-06-18T09:19:09.778+0000] {processor.py:161} INFO - Started process (PID=9328) to work on /opt/airflow/dags/weather_etl_dag.py
[2026-06-18T09:19:09.780+0000] {processor.py:830} INFO - Processing file /opt/airflow/dags/weather_etl_dag.py for tasks to queue
[2026-06-18T09:19:09.782+0000] {logging_mixin.py:188} INFO - [2026-06-18T09:19:09.782+0000] {dagbag.py:545} INFO - Filling up the DagBag from /opt/airflow/dags/weather_etl_dag.py
[2026-06-18T09:19:09.815+0000] {processor.py:840} INFO - DAG(s) 'weather_etl_pipeline' retrieved from /opt/airflow/dags/weather_etl_dag.py
[2026-06-18T09:19:09.851+0000] {logging_mixin.py:188} INFO - [2026-06-18T09:19:09.850+0000] {dag.py:3096} INFO - Sync 1 DAGs
[2026-06-18T09:19:09.882+0000] {logging_mixin.py:188} INFO - [2026-06-18T09:19:09.882+0000] {dag.py:3954} INFO - Setting next_dagrun for weather_etl_pipeline to 2026-06-18 00:00:00+00:00, run_after=2026-06-19 00:00:00+00:00
[2026-06-18T09:19:09.909+0000] {processor.py:183} INFO - Processing /opt/airflow/dags/weather_etl_dag.py took 0.139 seconds
[2026-06-18T09:19:20.245+0000] {processor.py:161} INFO - Started process (PID=9333) to work on /opt/airflow/dags/weather_etl_dag.py
[2026-06-18T09:19:20.258+0000] {processor.py:830} INFO - Processing file /opt/airflow/dags/weather_etl_dag.py for tasks to queue
[2026-06-18T09:19:20.274+0000] {logging_mixin.py:188} INFO - [2026-06-18T09:19:20.273+0000] {dagbag.py:545} INFO - Filling up the DagBag from /opt/airflow/dags/weather_etl_dag.py
[2026-06-18T09:19:20.480+0000] {processor.py:840} INFO - DAG(s) 'weather_etl_pipeline' retrieved from /opt/airflow/dags/weather_etl_dag.py
[2026-06-18T09:19:20.645+0000] {logging_mixin.py:188} INFO - [2026-06-18T09:19:20.644+0000] {dag.py:3096} INFO - Sync 1 DAGs
[2026-06-18T09:19:20.811+0000] {logging_mixin.py:188} INFO - [2026-06-18T09:19:20.810+0000] {dag.py:3954} INFO - Setting next_dagrun for weather_etl_pipeline to 2026-06-18 00:00:00+00:00, run_after=2026-06-19 00:00:00+00:00
[2026-06-18T09:19:20.922+0000] {processor.py:183} INFO - Processing /opt/airflow/dags/weather_etl_dag.py took 0.739 seconds
[2026-06-18T09:19:32.021+0000] {processor.py:161} INFO - Started process (PID=9338) to work on /opt/airflow/dags/weather_etl_dag.py
[2026-06-18T09:19:32.031+0000] {processor.py:830} INFO - Processing file /opt/airflow/dags/weather_etl_dag.py for tasks to queue
[2026-06-18T09:19:32.039+0000] {logging_mixin.py:188} INFO - [2026-06-18T09:19:32.038+0000] {dagbag.py:545} INFO - Filling up the DagBag from /opt/airflow/dags/weather_etl_dag.py
[2026-06-18T09:19:32.301+0000] {processor.py:840} INFO - DAG(s) 'weather_etl_pipeline' retrieved from /opt/airflow/dags/weather_etl_dag.py
[2026-06-18T09:19:32.511+0000] {logging_mixin.py:188} INFO - [2026-06-18T09:19:32.510+0000] {dag.py:3096} INFO - Sync 1 DAGs
[2026-06-18T09:19:32.695+0000] {logging_mixin.py:188} INFO - [2026-06-18T09:19:32.694+0000] {dag.py:3954} INFO - Setting next_dagrun for weather_etl_pipeline to 2026-06-18 00:00:00+00:00, run_after=2026-06-19 00:00:00+00:00
[2026-06-18T09:19:32.857+0000] {processor.py:183} INFO - Processing /opt/airflow/dags/weather_etl_dag.py took 0.871 seconds
[2026-06-18T09:19:43.500+0000] {processor.py:161} INFO - Started process (PID=9343) to work on /opt/airflow/dags/weather_etl_dag.py
[2026-06-18T09:19:43.512+0000] {processor.py:830} INFO - Processing file /opt/airflow/dags/weather_etl_dag.py for tasks to queue
[2026-06-18T09:19:43.534+0000] {logging_mixin.py:188} INFO - [2026-06-18T09:19:43.533+0000] {dagbag.py:545} INFO - Filling up the DagBag from /opt/airflow/dags/weather_etl_dag.py
[2026-06-18T09:19:43.715+0000] {processor.py:840} INFO - DAG(s) 'weather_etl_pipeline' retrieved from /opt/airflow/dags/weather_etl_dag.py
[2026-06-18T09:19:43.900+0000] {logging_mixin.py:188} INFO - [2026-06-18T09:19:43.899+0000] {dag.py:3096} INFO - Sync 1 DAGs
[2026-06-18T09:19:44.077+0000] {logging_mixin.py:188} INFO - [2026-06-18T09:19:44.069+0000] {dag.py:3954} INFO - Setting next_dagrun for weather_etl_pipeline to 2026-06-18 00:00:00+00:00, run_after=2026-06-19 00:00:00+00:00
[2026-06-18T09:19:44.256+0000] {processor.py:183} INFO - Processing /opt/airflow/dags/weather_etl_dag.py took 0.785 seconds
[2026-06-18T09:19:55.488+0000] {processor.py:161} INFO - Started process (PID=9348) to work on /opt/airflow/dags/weather_etl_dag.py
[2026-06-18T09:19:55.496+0000] {processor.py:830} INFO - Processing file /opt/airflow/dags/weather_etl_dag.py for tasks to queue
[2026-06-18T09:19:55.503+0000] {logging_mixin.py:188} INFO - [2026-06-18T09:19:55.502+0000] {dagbag.py:545} INFO - Filling up the DagBag from /opt/airflow/dags/weather_etl_dag.py
[2026-06-18T09:19:55.699+0000] {processor.py:840} INFO - DAG(s) 'weather_etl_pipeline' retrieved from /opt/airflow/dags/weather_etl_dag.py
[2026-06-18T09:19:55.889+0000] {logging_mixin.py:188} INFO - [2026-06-18T09:19:55.888+0000] {dag.py:3096} INFO - Sync 1 DAGs
[2026-06-18T09:19:56.058+0000] {logging_mixin.py:188} INFO - [2026-06-18T09:19:56.058+0000] {dag.py:3954} INFO - Setting next_dagrun for weather_etl_pipeline to 2026-06-18 00:00:00+00:00, run_after=2026-06-19 00:00:00+00:00
[2026-06-18T09:19:56.210+0000] {processor.py:183} INFO - Processing /opt/airflow/dags/weather_etl_dag.py took 0.757 seconds
[2026-06-18T09:20:06.435+0000] {processor.py:161} INFO - Started process (PID=9353) to work on /opt/airflow/dags/weather_etl_dag.py
[2026-06-18T09:20:06.441+0000] {processor.py:830} INFO - Processing file /opt/airflow/dags/weather_etl_dag.py for tasks to queue
[2026-06-18T09:20:06.446+0000] {logging_mixin.py:188} INFO - [2026-06-18T09:20:06.445+0000] {dagbag.py:545} INFO - Filling up the DagBag from /opt/airflow/dags/weather_etl_dag.py
[2026-06-18T09:20:06.572+0000] {processor.py:840} INFO - DAG(s) 'weather_etl_pipeline' retrieved from /opt/airflow/dags/weather_etl_dag.py
[2026-06-18T09:20:06.729+0000] {logging_mixin.py:188} INFO - [2026-06-18T09:20:06.729+0000] {dag.py:3096} INFO - Sync 1 DAGs
[2026-06-18T09:20:06.865+0000] {logging_mixin.py:188} INFO - [2026-06-18T09:20:06.864+0000] {dag.py:3954} INFO - Setting next_dagrun for weather_etl_pipeline to 2026-06-18 00:00:00+00:00, run_after=2026-06-19 00:00:00+00:00
[2026-06-18T09:20:06.952+0000] {processor.py:183} INFO - Processing /opt/airflow/dags/weather_etl_dag.py took 0.554 seconds
[2026-06-18T09:20:17.326+0000] {processor.py:161} INFO - Started process (PID=9358) to work on /opt/airflow/dags/weather_etl_dag.py
[2026-06-18T09:20:17.330+0000] {processor.py:830} INFO - Processing file /opt/airflow/dags/weather_etl_dag.py for tasks to queue
[2026-06-18T09:20:17.335+0000] {logging_mixin.py:188} INFO - [2026-06-18T09:20:17.334+0000] {dagbag.py:545} INFO - Filling up the DagBag from /opt/airflow/dags/weather_etl_dag.py
[2026-06-18T09:20:17.568+0000] {processor.py:840} INFO - DAG(s) 'weather_etl_pipeline' retrieved from /opt/airflow/dags/weather_etl_dag.py
[2026-06-18T09:20:17.764+0000] {logging_mixin.py:188} INFO - [2026-06-18T09:20:17.762+0000] {dag.py:3096} INFO - Sync 1 DAGs
[2026-06-18T09:20:17.893+0000] {logging_mixin.py:188} INFO - [2026-06-18T09:20:17.893+0000] {dag.py:3954} INFO - Setting next_dagrun for weather_etl_pipeline to 2026-06-18 00:00:00+00:00, run_after=2026-06-19 00:00:00+00:00
[2026-06-18T09:20:18.131+0000] {processor.py:183} INFO - Processing /opt/airflow/dags/weather_etl_dag.py took 0.838 seconds
[2026-06-18T09:20:29.456+0000] {processor.py:161} INFO - Started process (PID=9363) to work on /opt/airflow/dags/weather_etl_dag.py
[2026-06-18T09:20:29.499+0000] {processor.py:830} INFO - Processing file /opt/airflow/dags/weather_etl_dag.py for tasks to queue
[2026-06-18T09:20:29.524+0000] {logging_mixin.py:188} INFO - [2026-06-18T09:20:29.523+0000] {dagbag.py:545} INFO - Filling up the DagBag from /opt/airflow/dags/weather_etl_dag.py
[2026-06-18T09:20:29.806+0000] {processor.py:840} INFO - DAG(s) 'weather_etl_pipeline' retrieved from /opt/airflow/dags/weather_etl_dag.py
[2026-06-18T09:20:30.001+0000] {logging_mixin.py:188} INFO - [2026-06-18T09:20:30.000+0000] {dag.py:3096} INFO - Sync 1 DAGs
[2026-06-18T09:20:30.217+0000] {logging_mixin.py:188} INFO - [2026-06-18T09:20:30.217+0000] {dag.py:3954} INFO - Setting next_dagrun for weather_etl_pipeline to 2026-06-18 00:00:00+00:00, run_after=2026-06-19 00:00:00+00:00
[2026-06-18T09:20:30.338+0000] {processor.py:183} INFO - Processing /opt/airflow/dags/weather_etl_dag.py took 0.914 seconds
[2026-06-18T09:20:40.719+0000] {processor.py:161} INFO - Started process (PID=9368) to work on /opt/airflow/dags/weather_etl_dag.py
[2026-06-18T09:20:40.732+0000] {processor.py:830} INFO - Processing file /opt/airflow/dags/weather_etl_dag.py for tasks to queue
[2026-06-18T09:20:40.741+0000] {logging_mixin.py:188} INFO - [2026-06-18T09:20:40.740+0000] {dagbag.py:545} INFO - Filling up the DagBag from /opt/airflow/dags/weather_etl_dag.py
[2026-06-18T09:20:40.912+0000] {processor.py:840} INFO - DAG(s) 'weather_etl_pipeline' retrieved from /opt/airflow/dags/weather_etl_dag.py
[2026-06-18T09:20:41.075+0000] {logging_mixin.py:188} INFO - [2026-06-18T09:20:41.074+0000] {dag.py:3096} INFO - Sync 1 DAGs
[2026-06-18T09:20:41.193+0000] {logging_mixin.py:188} INFO - [2026-06-18T09:20:41.192+0000] {dag.py:3954} INFO - Setting next_dagrun for weather_etl_pipeline to 2026-06-18 00:00:00+00:00, run_after=2026-06-19 00:00:00+00:00
[2026-06-18T09:20:41.295+0000] {processor.py:183} INFO - Processing /opt/airflow/dags/weather_etl_dag.py took 0.614 seconds
[2026-06-18T09:20:51.879+0000] {processor.py:161} INFO - Started process (PID=9373) to work on /opt/airflow/dags/weather_etl_dag.py
[2026-06-18T09:20:51.892+0000] {processor.py:830} INFO - Processing file /opt/airflow/dags/weather_etl_dag.py for tasks to queue
[2026-06-18T09:20:51.902+0000] {logging_mixin.py:188} INFO - [2026-06-18T09:20:51.901+0000] {dagbag.py:545} INFO - Filling up the DagBag from /opt/airflow/dags/weather_etl_dag.py
[2026-06-18T09:20:52.117+0000] {processor.py:840} INFO - DAG(s) 'weather_etl_pipeline' retrieved from /opt/airflow/dags/weather_etl_dag.py
[2026-06-18T09:20:52.325+0000] {logging_mixin.py:188} INFO - [2026-06-18T09:20:52.324+0000] {dag.py:3096} INFO - Sync 1 DAGs
[2026-06-18T09:20:52.485+0000] {logging_mixin.py:188} INFO - [2026-06-18T09:20:52.484+0000] {dag.py:3954} INFO - Setting next_dagrun for weather_etl_pipeline to 2026-06-18 00:00:00+00:00, run_after=2026-06-19 00:00:00+00:00
[2026-06-18T09:20:52.624+0000] {processor.py:183} INFO - Processing /opt/airflow/dags/weather_etl_dag.py took 0.794 seconds
[2026-06-18T09:21:03.046+0000] {processor.py:161} INFO - Started process (PID=9378) to work on /opt/airflow/dags/weather_etl_dag.py
[2026-06-18T09:21:03.050+0000] {processor.py:830} INFO - Processing file /opt/airflow/dags/weather_etl_dag.py for tasks to queue
[2026-06-18T09:21:03.062+0000] {logging_mixin.py:188} INFO - [2026-06-18T09:21:03.061+0000] {dagbag.py:545} INFO - Filling up the DagBag from /opt/airflow/dags/weather_etl_dag.py
[2026-06-18T09:21:03.231+0000] {processor.py:840} INFO - DAG(s) 'weather_etl_pipeline' retrieved from /opt/airflow/dags/weather_etl_dag.py
[2026-06-18T09:21:03.463+0000] {logging_mixin.py:188} INFO - [2026-06-18T09:21:03.462+0000] {dag.py:3096} INFO - Sync 1 DAGs
[2026-06-18T09:21:03.628+0000] {logging_mixin.py:188} INFO - [2026-06-18T09:21:03.627+0000] {dag.py:3954} INFO - Setting next_dagrun for weather_etl_pipeline to 2026-06-18 00:00:00+00:00, run_after=2026-06-19 00:00:00+00:00
[2026-06-18T09:21:03.736+0000] {processor.py:183} INFO - Processing /opt/airflow/dags/weather_etl_dag.py took 0.725 seconds
[2026-06-18T09:21:14.595+0000] {processor.py:161} INFO - Started process (PID=9383) to work on /opt/airflow/dags/weather_etl_dag.py
[2026-06-18T09:21:14.599+0000] {processor.py:830} INFO - Processing file /opt/airflow/dags/weather_etl_dag.py for tasks to queue
[2026-06-18T09:21:14.607+0000] {logging_mixin.py:188} INFO - [2026-06-18T09:21:14.606+0000] {dagbag.py:545} INFO - Filling up the DagBag from /opt/airflow/dags/weather_etl_dag.py
[2026-06-18T09:21:14.724+0000] {processor.py:840} INFO - DAG(s) 'weather_etl_pipeline' retrieved from /opt/airflow/dags/weather_etl_dag.py
[2026-06-18T09:21:14.891+0000] {logging_mixin.py:188} INFO - [2026-06-18T09:21:14.891+0000] {dag.py:3096} INFO - Sync 1 DAGs
[2026-06-18T09:21:15.005+0000] {logging_mixin.py:188} INFO - [2026-06-18T09:21:15.004+0000] {dag.py:3954} INFO - Setting next_dagrun for weather_etl_pipeline to 2026-06-18 00:00:00+00:00, run_after=2026-06-19 00:00:00+00:00
[2026-06-18T09:21:15.148+0000] {processor.py:183} INFO - Processing /opt/airflow/dags/weather_etl_dag.py took 0.597 seconds
[2026-06-18T09:21:25.447+0000] {processor.py:161} INFO - Started process (PID=9388) to work on /opt/airflow/dags/weather_etl_dag.py
[2026-06-18T09:21:25.455+0000] {processor.py:830} INFO - Processing file /opt/airflow/dags/weather_etl_dag.py for tasks to queue
[2026-06-18T09:21:25.465+0000] {logging_mixin.py:188} INFO - [2026-06-18T09:21:25.464+0000] {dagbag.py:545} INFO - Filling up the DagBag from /opt/airflow/dags/weather_etl_dag.py
[2026-06-18T09:21:25.688+0000] {processor.py:840} INFO - DAG(s) 'weather_etl_pipeline' retrieved from /opt/airflow/dags/weather_etl_dag.py
[2026-06-18T09:21:25.817+0000] {logging_mixin.py:188} INFO - [2026-06-18T09:21:25.817+0000] {dag.py:3096} INFO - Sync 1 DAGs
[2026-06-18T09:21:25.936+0000] {logging_mixin.py:188} INFO - [2026-06-18T09:21:25.936+0000] {dag.py:3954} INFO - Setting next_dagrun for weather_etl_pipeline to 2026-06-18 00:00:00+00:00, run_after=2026-06-19 00:00:00+00:00
[2026-06-18T09:21:26.016+0000] {processor.py:183} INFO - Processing /opt/airflow/dags/weather_etl_dag.py took 0.604 seconds
[2026-06-18T09:21:36.330+0000] {processor.py:161} INFO - Started process (PID=9393) to work on /opt/airflow/dags/weather_etl_dag.py
[2026-06-18T09:21:36.343+0000] {processor.py:830} INFO - Processing file /opt/airflow/dags/weather_etl_dag.py for tasks to queue
[2026-06-18T09:21:36.348+0000] {logging_mixin.py:188} INFO - [2026-06-18T09:21:36.347+0000] {dagbag.py:545} INFO - Filling up the DagBag from /opt/airflow/dags/weather_etl_dag.py
[2026-06-18T09:21:36.417+0000] {processor.py:840} INFO - DAG(s) 'weather_etl_pipeline' retrieved from /opt/airflow/dags/weather_etl_dag.py
[2026-06-18T09:21:36.502+0000] {logging_mixin.py:188} INFO - [2026-06-18T09:21:36.502+0000] {dag.py:3096} INFO - Sync 1 DAGs
[2026-06-18T09:21:36.582+0000] {logging_mixin.py:188} INFO - [2026-06-18T09:21:36.581+0000] {dag.py:3954} INFO - Setting next_dagrun for weather_etl_pipeline to 2026-06-18 00:00:00+00:00, run_after=2026-06-19 00:00:00+00:00
[2026-06-18T09:21:36.654+0000] {processor.py:183} INFO - Processing /opt/airflow/dags/weather_etl_dag.py took 0.365 seconds
[2026-06-18T09:21:47.099+0000] {processor.py:161} INFO - Started process (PID=9398) to work on /opt/airflow/dags/weather_etl_dag.py
[2026-06-18T09:21:47.102+0000] {processor.py:830} INFO - Processing file /opt/airflow/dags/weather_etl_dag.py for tasks to queue
[2026-06-18T09:21:47.110+0000] {logging_mixin.py:188} INFO - [2026-06-18T09:21:47.109+0000] {dagbag.py:545} INFO - Filling up the DagBag from /opt/airflow/dags/weather_etl_dag.py
[2026-06-18T09:21:47.196+0000] {processor.py:840} INFO - DAG(s) 'weather_etl_pipeline' retrieved from /opt/airflow/dags/weather_etl_dag.py
[2026-06-18T09:21:47.297+0000] {logging_mixin.py:188} INFO - [2026-06-18T09:21:47.296+0000] {dag.py:3096} INFO - Sync 1 DAGs
[2026-06-18T09:21:47.392+0000] {logging_mixin.py:188} INFO - [2026-06-18T09:21:47.391+0000] {dag.py:3954} INFO - Setting next_dagrun for weather_etl_pipeline to 2026-06-18 00:00:00+00:00, run_after=2026-06-19 00:00:00+00:00
[2026-06-18T09:21:47.480+0000] {processor.py:183} INFO - Processing /opt/airflow/dags/weather_etl_dag.py took 0.400 seconds
[2026-06-18T09:21:58.002+0000] {processor.py:161} INFO - Started process (PID=9403) to work on /opt/airflow/dags/weather_etl_dag.py
[2026-06-18T09:21:58.005+0000] {processor.py:830} INFO - Processing file /opt/airflow/dags/weather_etl_dag.py for tasks to queue
[2026-06-18T09:21:58.014+0000] {logging_mixin.py:188} INFO - [2026-06-18T09:21:58.011+0000] {dagbag.py:545} INFO - Filling up the DagBag from /opt/airflow/dags/weather_etl_dag.py
[2026-06-18T09:21:58.134+0000] {processor.py:840} INFO - DAG(s) 'weather_etl_pipeline' retrieved from /opt/airflow/dags/weather_etl_dag.py
[2026-06-18T09:21:58.601+0000] {logging_mixin.py:188} INFO - [2026-06-18T09:21:58.601+0000] {dag.py:3096} INFO - Sync 1 DAGs
[2026-06-18T09:21:58.799+0000] {logging_mixin.py:188} INFO - [2026-06-18T09:21:58.798+0000] {dag.py:3954} INFO - Setting next_dagrun for weather_etl_pipeline to 2026-06-18 00:00:00+00:00, run_after=2026-06-19 00:00:00+00:00
[2026-06-18T09:21:58.977+0000] {processor.py:183} INFO - Processing /opt/airflow/dags/weather_etl_dag.py took 1.006 seconds
[2026-06-18T09:22:13.364+0000] {processor.py:161} INFO - Started process (PID=9408) to work on /opt/airflow/dags/weather_etl_dag.py
[2026-06-18T09:22:13.498+0000] {processor.py:830} INFO - Processing file /opt/airflow/dags/weather_etl_dag.py for tasks to queue
[2026-06-18T09:22:13.566+0000] {logging_mixin.py:188} INFO - [2026-06-18T09:22:13.565+0000] {dagbag.py:545} INFO - Filling up the DagBag from /opt/airflow/dags/weather_etl_dag.py
[2026-06-18T09:22:14.263+0000] {processor.py:840} INFO - DAG(s) 'weather_etl_pipeline' retrieved from /opt/airflow/dags/weather_etl_dag.py
[2026-06-18T09:22:14.536+0000] {logging_mixin.py:188} INFO - [2026-06-18T09:22:14.526+0000] {dag.py:3096} INFO - Sync 1 DAGs
[2026-06-18T09:22:14.738+0000] {logging_mixin.py:188} INFO - [2026-06-18T09:22:14.737+0000] {dag.py:3954} INFO - Setting next_dagrun for weather_etl_pipeline to 2026-06-18 00:00:00+00:00, run_after=2026-06-19 00:00:00+00:00
[2026-06-18T09:22:14.930+0000] {processor.py:183} INFO - Processing /opt/airflow/dags/weather_etl_dag.py took 1.597 seconds
[2026-06-18T09:22:25.983+0000] {processor.py:161} INFO - Started process (PID=9413) to work on /opt/airflow/dags/weather_etl_dag.py
[2026-06-18T09:22:26.020+0000] {processor.py:830} INFO - Processing file /opt/airflow/dags/weather_etl_dag.py for tasks to queue
[2026-06-18T09:22:26.035+0000] {logging_mixin.py:188} INFO - [2026-06-18T09:22:26.034+0000] {dagbag.py:545} INFO - Filling up the DagBag from /opt/airflow/dags/weather_etl_dag.py
[2026-06-18T09:22:26.150+0000] {processor.py:840} INFO - DAG(s) 'weather_etl_pipeline' retrieved from /opt/airflow/dags/weather_etl_dag.py
[2026-06-18T09:22:26.264+0000] {logging_mixin.py:188} INFO - [2026-06-18T09:22:26.264+0000] {dag.py:3096} INFO - Sync 1 DAGs
[2026-06-18T09:22:26.376+0000] {logging_mixin.py:188} INFO - [2026-06-18T09:22:26.376+0000] {dag.py:3954} INFO - Setting next_dagrun for weather_etl_pipeline to 2026-06-18 00:00:00+00:00, run_after=2026-06-19 00:00:00+00:00
[2026-06-18T09:22:26.491+0000] {processor.py:183} INFO - Processing /opt/airflow/dags/weather_etl_dag.py took 0.531 seconds
[2026-06-18T09:22:37.355+0000] {processor.py:161} INFO - Started process (PID=9418) to work on /opt/airflow/dags/weather_etl_dag.py
[2026-06-18T09:22:37.410+0000] {processor.py:830} INFO - Processing file /opt/airflow/dags/weather_etl_dag.py for tasks to queue
[2026-06-18T09:22:37.459+0000] {logging_mixin.py:188} INFO - [2026-06-18T09:22:37.458+0000] {dagbag.py:545} INFO - Filling up the DagBag from /opt/airflow/dags/weather_etl_dag.py
[2026-06-18T09:22:37.852+0000] {processor.py:840} INFO - DAG(s) 'weather_etl_pipeline' retrieved from /opt/airflow/dags/weather_etl_dag.py
[2026-06-18T09:22:37.939+0000] {logging_mixin.py:188} INFO - [2026-06-18T09:22:37.939+0000] {dag.py:3096} INFO - Sync 1 DAGs
[2026-06-18T09:22:38.001+0000] {logging_mixin.py:188} INFO - [2026-06-18T09:22:38.001+0000] {dag.py:3954} INFO - Setting next_dagrun for weather_etl_pipeline to 2026-06-18 00:00:00+00:00, run_after=2026-06-19 00:00:00+00:00
[2026-06-18T09:22:38.049+0000] {processor.py:183} INFO - Processing /opt/airflow/dags/weather_etl_dag.py took 0.738 seconds
[2026-06-18T09:22:49.002+0000] {processor.py:161} INFO - Started process (PID=9423) to work on /opt/airflow/dags/weather_etl_dag.py
[2026-06-18T09:22:49.006+0000] {processor.py:830} INFO - Processing file /opt/airflow/dags/weather_etl_dag.py for tasks to queue
[2026-06-18T09:22:49.012+0000] {logging_mixin.py:188} INFO - [2026-06-18T09:22:49.010+0000] {dagbag.py:545} INFO - Filling up the DagBag from /opt/airflow/dags/weather_etl_dag.py
[2026-06-18T09:22:49.100+0000] {processor.py:840} INFO - DAG(s) 'weather_etl_pipeline' retrieved from /opt/airflow/dags/weather_etl_dag.py
[2026-06-18T09:22:49.238+0000] {logging_mixin.py:188} INFO - [2026-06-18T09:22:49.238+0000] {dag.py:3096} INFO - Sync 1 DAGs
[2026-06-18T09:22:49.353+0000] {logging_mixin.py:188} INFO - [2026-06-18T09:22:49.352+0000] {dag.py:3954} INFO - Setting next_dagrun for weather_etl_pipeline to 2026-06-18 00:00:00+00:00, run_after=2026-06-19 00:00:00+00:00
[2026-06-18T09:22:49.448+0000] {processor.py:183} INFO - Processing /opt/airflow/dags/weather_etl_dag.py took 0.469 seconds
[2026-06-18T09:22:59.991+0000] {processor.py:161} INFO - Started process (PID=9428) to work on /opt/airflow/dags/weather_etl_dag.py
[2026-06-18T09:22:59.994+0000] {processor.py:830} INFO - Processing file /opt/airflow/dags/weather_etl_dag.py for tasks to queue
[2026-06-18T09:23:00.010+0000] {logging_mixin.py:188} INFO - [2026-06-18T09:23:00.009+0000] {dagbag.py:545} INFO - Filling up the DagBag from /opt/airflow/dags/weather_etl_dag.py
[2026-06-18T09:23:00.107+0000] {processor.py:840} INFO - DAG(s) 'weather_etl_pipeline' retrieved from /opt/airflow/dags/weather_etl_dag.py
[2026-06-18T09:23:00.294+0000] {logging_mixin.py:188} INFO - [2026-06-18T09:23:00.293+0000] {dag.py:3096} INFO - Sync 1 DAGs
[2026-06-18T09:23:00.503+0000] {logging_mixin.py:188} INFO - [2026-06-18T09:23:00.502+0000] {dag.py:3954} INFO - Setting next_dagrun for weather_etl_pipeline to 2026-06-18 00:00:00+00:00, run_after=2026-06-19 00:00:00+00:00
[2026-06-18T09:23:00.595+0000] {processor.py:183} INFO - Processing /opt/airflow/dags/weather_etl_dag.py took 0.642 seconds
[2026-06-18T09:23:11.173+0000] {processor.py:161} INFO - Started process (PID=9433) to work on /opt/airflow/dags/weather_etl_dag.py
[2026-06-18T09:23:11.183+0000] {processor.py:830} INFO - Processing file /opt/airflow/dags/weather_etl_dag.py for tasks to queue
[2026-06-18T09:23:11.188+0000] {logging_mixin.py:188} INFO - [2026-06-18T09:23:11.187+0000] {dagbag.py:545} INFO - Filling up the DagBag from /opt/airflow/dags/weather_etl_dag.py
[2026-06-18T09:23:11.296+0000] {processor.py:840} INFO - DAG(s) 'weather_etl_pipeline' retrieved from /opt/airflow/dags/weather_etl_dag.py
[2026-06-18T09:23:11.428+0000] {logging_mixin.py:188} INFO - [2026-06-18T09:23:11.428+0000] {dag.py:3096} INFO - Sync 1 DAGs
[2026-06-18T09:23:11.532+0000] {logging_mixin.py:188} INFO - [2026-06-18T09:23:11.531+0000] {dag.py:3954} INFO - Setting next_dagrun for weather_etl_pipeline to 2026-06-18 00:00:00+00:00, run_after=2026-06-19 00:00:00+00:00
[2026-06-18T09:23:11.608+0000] {processor.py:183} INFO - Processing /opt/airflow/dags/weather_etl_dag.py took 0.460 seconds
[2026-06-18T09:23:22.009+0000] {processor.py:161} INFO - Started process (PID=9438) to work on /opt/airflow/dags/weather_etl_dag.py
[2026-06-18T09:23:22.031+0000] {processor.py:830} INFO - Processing file /opt/airflow/dags/weather_etl_dag.py for tasks to queue
[2026-06-18T09:23:22.077+0000] {logging_mixin.py:188} INFO - [2026-06-18T09:23:22.076+0000] {dagbag.py:545} INFO - Filling up the DagBag from /opt/airflow/dags/weather_etl_dag.py
[2026-06-18T09:23:22.278+0000] {processor.py:840} INFO - DAG(s) 'weather_etl_pipeline' retrieved from /opt/airflow/dags/weather_etl_dag.py
[2026-06-18T09:23:22.518+0000] {logging_mixin.py:188} INFO - [2026-06-18T09:23:22.517+0000] {dag.py:3096} INFO - Sync 1 DAGs
[2026-06-18T09:23:22.677+0000] {logging_mixin.py:188} INFO - [2026-06-18T09:23:22.676+0000] {dag.py:3954} INFO - Setting next_dagrun for weather_etl_pipeline to 2026-06-18 00:00:00+00:00, run_after=2026-06-19 00:00:00+00:00
[2026-06-18T09:23:22.812+0000] {processor.py:183} INFO - Processing /opt/airflow/dags/weather_etl_dag.py took 0.842 seconds
[2026-06-18T09:23:33.137+0000] {processor.py:161} INFO - Started process (PID=9443) to work on /opt/airflow/dags/weather_etl_dag.py
[2026-06-18T09:23:33.159+0000] {processor.py:830} INFO - Processing file /opt/airflow/dags/weather_etl_dag.py for tasks to queue
[2026-06-18T09:23:33.164+0000] {logging_mixin.py:188} INFO - [2026-06-18T09:23:33.163+0000] {dagbag.py:545} INFO - Filling up the DagBag from /opt/airflow/dags/weather_etl_dag.py
[2026-06-18T09:23:33.520+0000] {processor.py:840} INFO - DAG(s) 'weather_etl_pipeline' retrieved from /opt/airflow/dags/weather_etl_dag.py
[2026-06-18T09:23:33.634+0000] {logging_mixin.py:188} INFO - [2026-06-18T09:23:33.634+0000] {dag.py:3096} INFO - Sync 1 DAGs
[2026-06-18T09:23:33.737+0000] {logging_mixin.py:188} INFO - [2026-06-18T09:23:33.736+0000] {dag.py:3954} INFO - Setting next_dagrun for weather_etl_pipeline to 2026-06-18 00:00:00+00:00, run_after=2026-06-19 00:00:00+00:00
[2026-06-18T09:23:33.900+0000] {processor.py:183} INFO - Processing /opt/airflow/dags/weather_etl_dag.py took 0.815 seconds
[2026-06-18T09:23:44.984+0000] {processor.py:161} INFO - Started process (PID=9448) to work on /opt/airflow/dags/weather_etl_dag.py
[2026-06-18T09:23:44.988+0000] {processor.py:830} INFO - Processing file /opt/airflow/dags/weather_etl_dag.py for tasks to queue
[2026-06-18T09:23:44.994+0000] {logging_mixin.py:188} INFO - [2026-06-18T09:23:44.991+0000] {dagbag.py:545} INFO - Filling up the DagBag from /opt/airflow/dags/weather_etl_dag.py
[2026-06-18T09:23:45.079+0000] {processor.py:840} INFO - DAG(s) 'weather_etl_pipeline' retrieved from /opt/airflow/dags/weather_etl_dag.py
[2026-06-18T09:23:45.195+0000] {logging_mixin.py:188} INFO - [2026-06-18T09:23:45.195+0000] {dag.py:3096} INFO - Sync 1 DAGs
[2026-06-18T09:23:45.284+0000] {logging_mixin.py:188} INFO - [2026-06-18T09:23:45.282+0000] {dag.py:3954} INFO - Setting next_dagrun for weather_etl_pipeline to 2026-06-18 00:00:00+00:00, run_after=2026-06-19 00:00:00+00:00
[2026-06-18T09:23:45.359+0000] {processor.py:183} INFO - Processing /opt/airflow/dags/weather_etl_dag.py took 0.395 seconds
[2026-06-18T09:23:55.810+0000] {processor.py:161} INFO - Started process (PID=9453) to work on /opt/airflow/dags/weather_etl_dag.py
[2026-06-18T09:23:55.812+0000] {processor.py:830} INFO - Processing file /opt/airflow/dags/weather_etl_dag.py for tasks to queue
[2026-06-18T09:23:55.816+0000] {logging_mixin.py:188} INFO - [2026-06-18T09:23:55.815+0000] {dagbag.py:545} INFO - Filling up the DagBag from /opt/airflow/dags/weather_etl_dag.py
[2026-06-18T09:23:55.886+0000] {processor.py:840} INFO - DAG(s) 'weather_etl_pipeline' retrieved from /opt/airflow/dags/weather_etl_dag.py
[2026-06-18T09:23:55.969+0000] {logging_mixin.py:188} INFO - [2026-06-18T09:23:55.969+0000] {dag.py:3096} INFO - Sync 1 DAGs
[2026-06-18T09:23:56.043+0000] {logging_mixin.py:188} INFO - [2026-06-18T09:23:56.042+0000] {dag.py:3954} INFO - Setting next_dagrun for weather_etl_pipeline to 2026-06-18 00:00:00+00:00, run_after=2026-06-19 00:00:00+00:00
[2026-06-18T09:23:56.102+0000] {processor.py:183} INFO - Processing /opt/airflow/dags/weather_etl_dag.py took 0.308 seconds
[2026-06-18T09:24:06.239+0000] {processor.py:161} INFO - Started process (PID=9458) to work on /opt/airflow/dags/weather_etl_dag.py
[2026-06-18T09:24:06.241+0000] {processor.py:830} INFO - Processing file /opt/airflow/dags/weather_etl_dag.py for tasks to queue
[2026-06-18T09:24:06.244+0000] {logging_mixin.py:188} INFO - [2026-06-18T09:24:06.243+0000] {dagbag.py:545} INFO - Filling up the DagBag from /opt/airflow/dags/weather_etl_dag.py
[2026-06-18T09:24:06.282+0000] {processor.py:840} INFO - DAG(s) 'weather_etl_pipeline' retrieved from /opt/airflow/dags/weather_etl_dag.py
[2026-06-18T09:24:06.329+0000] {logging_mixin.py:188} INFO - [2026-06-18T09:24:06.328+0000] {dag.py:3096} INFO - Sync 1 DAGs
[2026-06-18T09:24:06.375+0000] {logging_mixin.py:188} INFO - [2026-06-18T09:24:06.375+0000] {dag.py:3954} INFO - Setting next_dagrun for weather_etl_pipeline to 2026-06-18 00:00:00+00:00, run_after=2026-06-19 00:00:00+00:00
[2026-06-18T09:24:06.414+0000] {processor.py:183} INFO - Processing /opt/airflow/dags/weather_etl_dag.py took 0.184 seconds
[2026-06-18T09:24:16.524+0000] {processor.py:161} INFO - Started process (PID=9463) to work on /opt/airflow/dags/weather_etl_dag.py
[2026-06-18T09:24:16.526+0000] {processor.py:830} INFO - Processing file /opt/airflow/dags/weather_etl_dag.py for tasks to queue
[2026-06-18T09:24:16.529+0000] {logging_mixin.py:188} INFO - [2026-06-18T09:24:16.528+0000] {dagbag.py:545} INFO - Filling up the DagBag from /opt/airflow/dags/weather_etl_dag.py
[2026-06-18T09:24:16.569+0000] {processor.py:840} INFO - DAG(s) 'weather_etl_pipeline' retrieved from /opt/airflow/dags/weather_etl_dag.py
[2026-06-18T09:24:16.615+0000] {logging_mixin.py:188} INFO - [2026-06-18T09:24:16.615+0000] {dag.py:3096} INFO - Sync 1 DAGs
[2026-06-18T09:24:16.649+0000] {logging_mixin.py:188} INFO - [2026-06-18T09:24:16.649+0000] {dag.py:3954} INFO - Setting next_dagrun for weather_etl_pipeline to 2026-06-18 00:00:00+00:00, run_after=2026-06-19 00:00:00+00:00
[2026-06-18T09:24:16.679+0000] {processor.py:183} INFO - Processing /opt/airflow/dags/weather_etl_dag.py took 0.164 seconds
[2026-06-18T09:24:27.273+0000] {processor.py:161} INFO - Started process (PID=9468) to work on /opt/airflow/dags/weather_etl_dag.py
[2026-06-18T09:24:27.274+0000] {processor.py:830} INFO - Processing file /opt/airflow/dags/weather_etl_dag.py for tasks to queue
[2026-06-18T09:24:27.276+0000] {logging_mixin.py:188} INFO - [2026-06-18T09:24:27.276+0000] {dagbag.py:545} INFO - Filling up the DagBag from /opt/airflow/dags/weather_etl_dag.py
[2026-06-18T09:24:27.306+0000] {processor.py:840} INFO - DAG(s) 'weather_etl_pipeline' retrieved from /opt/airflow/dags/weather_etl_dag.py
[2026-06-18T09:24:27.351+0000] {logging_mixin.py:188} INFO - [2026-06-18T09:24:27.351+0000] {dag.py:3096} INFO - Sync 1 DAGs
[2026-06-18T09:24:27.390+0000] {logging_mixin.py:188} INFO - [2026-06-18T09:24:27.389+0000] {dag.py:3954} INFO - Setting next_dagrun for weather_etl_pipeline to 2026-06-18 00:00:00+00:00, run_after=2026-06-19 00:00:00+00:00
[2026-06-18T09:24:27.418+0000] {processor.py:183} INFO - Processing /opt/airflow/dags/weather_etl_dag.py took 0.154 seconds
[2026-06-18T09:24:37.520+0000] {processor.py:161} INFO - Started process (PID=9473) to work on /opt/airflow/dags/weather_etl_dag.py
[2026-06-18T09:24:37.522+0000] {processor.py:830} INFO - Processing file /opt/airflow/dags/weather_etl_dag.py for tasks to queue
[2026-06-18T09:24:37.524+0000] {logging_mixin.py:188} INFO - [2026-06-18T09:24:37.523+0000] {dagbag.py:545} INFO - Filling up the DagBag from /opt/airflow/dags/weather_etl_dag.py
[2026-06-18T09:24:37.554+0000] {processor.py:840} INFO - DAG(s) 'weather_etl_pipeline' retrieved from /opt/airflow/dags/weather_etl_dag.py
[2026-06-18T09:24:37.592+0000] {logging_mixin.py:188} INFO - [2026-06-18T09:24:37.592+0000] {dag.py:3096} INFO - Sync 1 DAGs
[2026-06-18T09:24:37.633+0000] {logging_mixin.py:188} INFO - [2026-06-18T09:24:37.633+0000] {dag.py:3954} INFO - Setting next_dagrun for weather_etl_pipeline to 2026-06-18 00:00:00+00:00, run_after=2026-06-19 00:00:00+00:00
[2026-06-18T09:24:37.661+0000] {processor.py:183} INFO - Processing /opt/airflow/dags/weather_etl_dag.py took 0.147 seconds
[2026-06-18T09:24:47.779+0000] {processor.py:161} INFO - Started process (PID=9478) to work on /opt/airflow/dags/weather_etl_dag.py
[2026-06-18T09:24:47.781+0000] {processor.py:830} INFO - Processing file /opt/airflow/dags/weather_etl_dag.py for tasks to queue
[2026-06-18T09:24:47.784+0000] {logging_mixin.py:188} INFO - [2026-06-18T09:24:47.783+0000] {dagbag.py:545} INFO - Filling up the DagBag from /opt/airflow/dags/weather_etl_dag.py
[2026-06-18T09:24:47.826+0000] {processor.py:840} INFO - DAG(s) 'weather_etl_pipeline' retrieved from /opt/airflow/dags/weather_etl_dag.py
[2026-06-18T09:24:47.905+0000] {logging_mixin.py:188} INFO - [2026-06-18T09:24:47.904+0000] {dag.py:3096} INFO - Sync 1 DAGs
[2026-06-18T09:24:48.028+0000] {logging_mixin.py:188} INFO - [2026-06-18T09:24:48.028+0000] {dag.py:3954} INFO - Setting next_dagrun for weather_etl_pipeline to 2026-06-18 00:00:00+00:00, run_after=2026-06-19 00:00:00+00:00
[2026-06-18T09:24:48.103+0000] {processor.py:183} INFO - Processing /opt/airflow/dags/weather_etl_dag.py took 0.335 seconds
[2026-06-18T09:24:58.619+0000] {processor.py:161} INFO - Started process (PID=9483) to work on /opt/airflow/dags/weather_etl_dag.py
[2026-06-18T09:24:58.621+0000] {processor.py:830} INFO - Processing file /opt/airflow/dags/weather_etl_dag.py for tasks to queue
[2026-06-18T09:24:58.623+0000] {logging_mixin.py:188} INFO - [2026-06-18T09:24:58.622+0000] {dagbag.py:545} INFO - Filling up the DagBag from /opt/airflow/dags/weather_etl_dag.py
[2026-06-18T09:24:58.667+0000] {processor.py:840} INFO - DAG(s) 'weather_etl_pipeline' retrieved from /opt/airflow/dags/weather_etl_dag.py
[2026-06-18T09:24:58.726+0000] {logging_mixin.py:188} INFO - [2026-06-18T09:24:58.726+0000] {dag.py:3096} INFO - Sync 1 DAGs
[2026-06-18T09:24:58.773+0000] {logging_mixin.py:188} INFO - [2026-06-18T09:24:58.772+0000] {dag.py:3954} INFO - Setting next_dagrun for weather_etl_pipeline to 2026-06-18 00:00:00+00:00, run_after=2026-06-19 00:00:00+00:00
[2026-06-18T09:24:58.803+0000] {processor.py:183} INFO - Processing /opt/airflow/dags/weather_etl_dag.py took 0.197 seconds
[2026-06-18T09:25:08.919+0000] {processor.py:161} INFO - Started process (PID=9488) to work on /opt/airflow/dags/weather_etl_dag.py
[2026-06-18T09:25:08.920+0000] {processor.py:830} INFO - Processing file /opt/airflow/dags/weather_etl_dag.py for tasks to queue
[2026-06-18T09:25:08.922+0000] {logging_mixin.py:188} INFO - [2026-06-18T09:25:08.922+0000] {dagbag.py:545} INFO - Filling up the DagBag from /opt/airflow/dags/weather_etl_dag.py
[2026-06-18T09:25:08.950+0000] {processor.py:840} INFO - DAG(s) 'weather_etl_pipeline' retrieved from /opt/airflow/dags/weather_etl_dag.py
[2026-06-18T09:25:08.991+0000] {logging_mixin.py:188} INFO - [2026-06-18T09:25:08.990+0000] {dag.py:3096} INFO - Sync 1 DAGs
[2026-06-18T09:25:09.022+0000] {logging_mixin.py:188} INFO - [2026-06-18T09:25:09.022+0000] {dag.py:3954} INFO - Setting next_dagrun for weather_etl_pipeline to 2026-06-18 00:00:00+00:00, run_after=2026-06-19 00:00:00+00:00
[2026-06-18T09:25:09.049+0000] {processor.py:183} INFO - Processing /opt/airflow/dags/weather_etl_dag.py took 0.136 seconds
[2026-06-18T09:25:19.148+0000] {processor.py:161} INFO - Started process (PID=9493) to work on /opt/airflow/dags/weather_etl_dag.py
[2026-06-18T09:25:19.149+0000] {processor.py:830} INFO - Processing file /opt/airflow/dags/weather_etl_dag.py for tasks to queue
[2026-06-18T09:25:19.151+0000] {logging_mixin.py:188} INFO - [2026-06-18T09:25:19.150+0000] {dagbag.py:545} INFO - Filling up the DagBag from /opt/airflow/dags/weather_etl_dag.py
[2026-06-18T09:25:19.179+0000] {processor.py:840} INFO - DAG(s) 'weather_etl_pipeline' retrieved from /opt/airflow/dags/weather_etl_dag.py
[2026-06-18T09:25:19.216+0000] {logging_mixin.py:188} INFO - [2026-06-18T09:25:19.216+0000] {dag.py:3096} INFO - Sync 1 DAGs
[2026-06-18T09:25:19.248+0000] {logging_mixin.py:188} INFO - [2026-06-18T09:25:19.248+0000] {dag.py:3954} INFO - Setting next_dagrun for weather_etl_pipeline to 2026-06-18 00:00:00+00:00, run_after=2026-06-19 00:00:00+00:00
[2026-06-18T09:25:19.274+0000] {processor.py:183} INFO - Processing /opt/airflow/dags/weather_etl_dag.py took 0.134 seconds
[2026-06-18T09:25:29.934+0000] {processor.py:161} INFO - Started process (PID=9498) to work on /opt/airflow/dags/weather_etl_dag.py
[2026-06-18T09:25:29.936+0000] {processor.py:830} INFO - Processing file /opt/airflow/dags/weather_etl_dag.py for tasks to queue
[2026-06-18T09:25:29.938+0000] {logging_mixin.py:188} INFO - [2026-06-18T09:25:29.938+0000] {dagbag.py:545} INFO - Filling up the DagBag from /opt/airflow/dags/weather_etl_dag.py
[2026-06-18T09:25:29.971+0000] {processor.py:840} INFO - DAG(s) 'weather_etl_pipeline' retrieved from /opt/airflow/dags/weather_etl_dag.py
[2026-06-18T09:25:30.021+0000] {logging_mixin.py:188} INFO - [2026-06-18T09:25:30.021+0000] {dag.py:3096} INFO - Sync 1 DAGs
[2026-06-18T09:25:30.065+0000] {logging_mixin.py:188} INFO - [2026-06-18T09:25:30.064+0000] {dag.py:3954} INFO - Setting next_dagrun for weather_etl_pipeline to 2026-06-18 00:00:00+00:00, run_after=2026-06-19 00:00:00+00:00
[2026-06-18T09:25:30.102+0000] {processor.py:183} INFO - Processing /opt/airflow/dags/weather_etl_dag.py took 0.178 seconds
[2026-06-18T09:25:40.201+0000] {processor.py:161} INFO - Started process (PID=9503) to work on /opt/airflow/dags/weather_etl_dag.py
[2026-06-18T09:25:40.205+0000] {processor.py:830} INFO - Processing file /opt/airflow/dags/weather_etl_dag.py for tasks to queue
[2026-06-18T09:25:40.212+0000] {logging_mixin.py:188} INFO - [2026-06-18T09:25:40.209+0000] {dagbag.py:545} INFO - Filling up the DagBag from /opt/airflow/dags/weather_etl_dag.py
[2026-06-18T09:25:40.306+0000] {processor.py:840} INFO - DAG(s) 'weather_etl_pipeline' retrieved from /opt/airflow/dags/weather_etl_dag.py
[2026-06-18T09:25:40.383+0000] {logging_mixin.py:188} INFO - [2026-06-18T09:25:40.382+0000] {dag.py:3096} INFO - Sync 1 DAGs
[2026-06-18T09:25:40.436+0000] {logging_mixin.py:188} INFO - [2026-06-18T09:25:40.436+0000] {dag.py:3954} INFO - Setting next_dagrun for weather_etl_pipeline to 2026-06-18 00:00:00+00:00, run_after=2026-06-19 00:00:00+00:00
[2026-06-18T09:25:40.469+0000] {processor.py:183} INFO - Processing /opt/airflow/dags/weather_etl_dag.py took 0.285 seconds
[2026-06-18T09:25:50.592+0000] {processor.py:161} INFO - Started process (PID=9508) to work on /opt/airflow/dags/weather_etl_dag.py
[2026-06-18T09:25:50.594+0000] {processor.py:830} INFO - Processing file /opt/airflow/dags/weather_etl_dag.py for tasks to queue
[2026-06-18T09:25:50.597+0000] {logging_mixin.py:188} INFO - [2026-06-18T09:25:50.596+0000] {dagbag.py:545} INFO - Filling up the DagBag from /opt/airflow/dags/weather_etl_dag.py
[2026-06-18T09:25:50.639+0000] {processor.py:840} INFO - DAG(s) 'weather_etl_pipeline' retrieved from /opt/airflow/dags/weather_etl_dag.py
[2026-06-18T09:25:50.698+0000] {logging_mixin.py:188} INFO - [2026-06-18T09:25:50.697+0000] {dag.py:3096} INFO - Sync 1 DAGs
[2026-06-18T09:25:50.748+0000] {logging_mixin.py:188} INFO - [2026-06-18T09:25:50.748+0000] {dag.py:3954} INFO - Setting next_dagrun for weather_etl_pipeline to 2026-06-18 00:00:00+00:00, run_after=2026-06-19 00:00:00+00:00
[2026-06-18T09:25:50.807+0000] {processor.py:183} INFO - Processing /opt/airflow/dags/weather_etl_dag.py took 0.227 seconds
[2026-06-18T09:26:01.353+0000] {processor.py:161} INFO - Started process (PID=9513) to work on /opt/airflow/dags/weather_etl_dag.py
[2026-06-18T09:26:01.355+0000] {processor.py:830} INFO - Processing file /opt/airflow/dags/weather_etl_dag.py for tasks to queue
[2026-06-18T09:26:01.356+0000] {logging_mixin.py:188} INFO - [2026-06-18T09:26:01.356+0000] {dagbag.py:545} INFO - Filling up the DagBag from /opt/airflow/dags/weather_etl_dag.py
[2026-06-18T09:26:01.390+0000] {processor.py:840} INFO - DAG(s) 'weather_etl_pipeline' retrieved from /opt/airflow/dags/weather_etl_dag.py
[2026-06-18T09:26:01.438+0000] {logging_mixin.py:188} INFO - [2026-06-18T09:26:01.437+0000] {dag.py:3096} INFO - Sync 1 DAGs
[2026-06-18T09:26:01.468+0000] {logging_mixin.py:188} INFO - [2026-06-18T09:26:01.468+0000] {dag.py:3954} INFO - Setting next_dagrun for weather_etl_pipeline to 2026-06-18 00:00:00+00:00, run_after=2026-06-19 00:00:00+00:00
[2026-06-18T09:26:01.498+0000] {processor.py:183} INFO - Processing /opt/airflow/dags/weather_etl_dag.py took 0.152 seconds
[2026-06-18T09:26:11.761+0000] {processor.py:161} INFO - Started process (PID=9518) to work on /opt/airflow/dags/weather_etl_dag.py
[2026-06-18T09:26:11.787+0000] {processor.py:830} INFO - Processing file /opt/airflow/dags/weather_etl_dag.py for tasks to queue
[2026-06-18T09:26:11.798+0000] {logging_mixin.py:188} INFO - [2026-06-18T09:26:11.797+0000] {dagbag.py:545} INFO - Filling up the DagBag from /opt/airflow/dags/weather_etl_dag.py
[2026-06-18T09:26:11.906+0000] {processor.py:840} INFO - DAG(s) 'weather_etl_pipeline' retrieved from /opt/airflow/dags/weather_etl_dag.py
[2026-06-18T09:26:12.042+0000] {logging_mixin.py:188} INFO - [2026-06-18T09:26:12.042+0000] {dag.py:3096} INFO - Sync 1 DAGs
[2026-06-18T09:26:12.193+0000] {logging_mixin.py:188} INFO - [2026-06-18T09:26:12.192+0000] {dag.py:3954} INFO - Setting next_dagrun for weather_etl_pipeline to 2026-06-18 00:00:00+00:00, run_after=2026-06-19 00:00:00+00:00
[2026-06-18T09:26:12.332+0000] {processor.py:183} INFO - Processing /opt/airflow/dags/weather_etl_dag.py took 0.600 seconds
[2026-06-18T09:26:22.477+0000] {processor.py:161} INFO - Started process (PID=9523) to work on /opt/airflow/dags/weather_etl_dag.py
[2026-06-18T09:26:22.479+0000] {processor.py:830} INFO - Processing file /opt/airflow/dags/weather_etl_dag.py for tasks to queue
[2026-06-18T09:26:22.481+0000] {logging_mixin.py:188} INFO - [2026-06-18T09:26:22.481+0000] {dagbag.py:545} INFO - Filling up the DagBag from /opt/airflow/dags/weather_etl_dag.py
[2026-06-18T09:26:22.515+0000] {processor.py:840} INFO - DAG(s) 'weather_etl_pipeline' retrieved from /opt/airflow/dags/weather_etl_dag.py
[2026-06-18T09:26:22.555+0000] {logging_mixin.py:188} INFO - [2026-06-18T09:26:22.555+0000] {dag.py:3096} INFO - Sync 1 DAGs
[2026-06-18T09:26:22.592+0000] {logging_mixin.py:188} INFO - [2026-06-18T09:26:22.591+0000] {dag.py:3954} INFO - Setting next_dagrun for weather_etl_pipeline to 2026-06-18 00:00:00+00:00, run_after=2026-06-19 00:00:00+00:00
[2026-06-18T09:26:22.623+0000] {processor.py:183} INFO - Processing /opt/airflow/dags/weather_etl_dag.py took 0.155 seconds
[2026-06-18T09:26:33.274+0000] {processor.py:161} INFO - Started process (PID=9528) to work on /opt/airflow/dags/weather_etl_dag.py
[2026-06-18T09:26:33.277+0000] {processor.py:830} INFO - Processing file /opt/airflow/dags/weather_etl_dag.py for tasks to queue
[2026-06-18T09:26:33.280+0000] {logging_mixin.py:188} INFO - [2026-06-18T09:26:33.279+0000] {dagbag.py:545} INFO - Filling up the DagBag from /opt/airflow/dags/weather_etl_dag.py
[2026-06-18T09:26:33.319+0000] {processor.py:840} INFO - DAG(s) 'weather_etl_pipeline' retrieved from /opt/airflow/dags/weather_etl_dag.py
[2026-06-18T09:26:33.406+0000] {logging_mixin.py:188} INFO - [2026-06-18T09:26:33.405+0000] {dag.py:3096} INFO - Sync 1 DAGs
[2026-06-18T09:26:33.478+0000] {logging_mixin.py:188} INFO - [2026-06-18T09:26:33.478+0000] {dag.py:3954} INFO - Setting next_dagrun for weather_etl_pipeline to 2026-06-18 00:00:00+00:00, run_after=2026-06-19 00:00:00+00:00
[2026-06-18T09:26:33.526+0000] {processor.py:183} INFO - Processing /opt/airflow/dags/weather_etl_dag.py took 0.264 seconds
[2026-06-18T09:26:43.646+0000] {processor.py:161} INFO - Started process (PID=9533) to work on /opt/airflow/dags/weather_etl_dag.py
[2026-06-18T09:26:43.648+0000] {processor.py:830} INFO - Processing file /opt/airflow/dags/weather_etl_dag.py for tasks to queue
[2026-06-18T09:26:43.650+0000] {logging_mixin.py:188} INFO - [2026-06-18T09:26:43.649+0000] {dagbag.py:545} INFO - Filling up the DagBag from /opt/airflow/dags/weather_etl_dag.py
[2026-06-18T09:26:43.685+0000] {processor.py:840} INFO - DAG(s) 'weather_etl_pipeline' retrieved from /opt/airflow/dags/weather_etl_dag.py
[2026-06-18T09:26:43.725+0000] {logging_mixin.py:188} INFO - [2026-06-18T09:26:43.725+0000] {dag.py:3096} INFO - Sync 1 DAGs
[2026-06-18T09:26:43.761+0000] {logging_mixin.py:188} INFO - [2026-06-18T09:26:43.761+0000] {dag.py:3954} INFO - Setting next_dagrun for weather_etl_pipeline to 2026-06-18 00:00:00+00:00, run_after=2026-06-19 00:00:00+00:00
[2026-06-18T09:26:43.788+0000] {processor.py:183} INFO - Processing /opt/airflow/dags/weather_etl_dag.py took 0.153 seconds
[2026-06-18T09:26:53.907+0000] {processor.py:161} INFO - Started process (PID=9538) to work on /opt/airflow/dags/weather_etl_dag.py
[2026-06-18T09:26:53.909+0000] {processor.py:830} INFO - Processing file /opt/airflow/dags/weather_etl_dag.py for tasks to queue
[2026-06-18T09:26:53.915+0000] {logging_mixin.py:188} INFO - [2026-06-18T09:26:53.914+0000] {dagbag.py:545} INFO - Filling up the DagBag from /opt/airflow/dags/weather_etl_dag.py
[2026-06-18T09:26:53.962+0000] {processor.py:840} INFO - DAG(s) 'weather_etl_pipeline' retrieved from /opt/airflow/dags/weather_etl_dag.py
[2026-06-18T09:26:54.018+0000] {logging_mixin.py:188} INFO - [2026-06-18T09:26:54.018+0000] {dag.py:3096} INFO - Sync 1 DAGs
[2026-06-18T09:26:54.060+0000] {logging_mixin.py:188} INFO - [2026-06-18T09:26:54.059+0000] {dag.py:3954} INFO - Setting next_dagrun for weather_etl_pipeline to 2026-06-18 00:00:00+00:00, run_after=2026-06-19 00:00:00+00:00
[2026-06-18T09:26:54.102+0000] {processor.py:183} INFO - Processing /opt/airflow/dags/weather_etl_dag.py took 0.209 seconds
[2026-06-18T09:27:04.696+0000] {processor.py:161} INFO - Started process (PID=9543) to work on /opt/airflow/dags/weather_etl_dag.py
[2026-06-18T09:27:04.698+0000] {processor.py:830} INFO - Processing file /opt/airflow/dags/weather_etl_dag.py for tasks to queue
[2026-06-18T09:27:04.700+0000] {logging_mixin.py:188} INFO - [2026-06-18T09:27:04.699+0000] {dagbag.py:545} INFO - Filling up the DagBag from /opt/airflow/dags/weather_etl_dag.py
[2026-06-18T09:27:04.743+0000] {processor.py:840} INFO - DAG(s) 'weather_etl_pipeline' retrieved from /opt/airflow/dags/weather_etl_dag.py
[2026-06-18T09:27:04.785+0000] {logging_mixin.py:188} INFO - [2026-06-18T09:27:04.784+0000] {dag.py:3096} INFO - Sync 1 DAGs
[2026-06-18T09:27:04.818+0000] {logging_mixin.py:188} INFO - [2026-06-18T09:27:04.817+0000] {dag.py:3954} INFO - Setting next_dagrun for weather_etl_pipeline to 2026-06-18 00:00:00+00:00, run_after=2026-06-19 00:00:00+00:00
[2026-06-18T09:27:04.843+0000] {processor.py:183} INFO - Processing /opt/airflow/dags/weather_etl_dag.py took 0.155 seconds
[2026-06-18T09:27:14.942+0000] {processor.py:161} INFO - Started process (PID=9548) to work on /opt/airflow/dags/weather_etl_dag.py
[2026-06-18T09:27:14.944+0000] {processor.py:830} INFO - Processing file /opt/airflow/dags/weather_etl_dag.py for tasks to queue
[2026-06-18T09:27:14.946+0000] {logging_mixin.py:188} INFO - [2026-06-18T09:27:14.945+0000] {dagbag.py:545} INFO - Filling up the DagBag from /opt/airflow/dags/weather_etl_dag.py
[2026-06-18T09:27:14.976+0000] {processor.py:840} INFO - DAG(s) 'weather_etl_pipeline' retrieved from /opt/airflow/dags/weather_etl_dag.py
[2026-06-18T09:27:15.015+0000] {logging_mixin.py:188} INFO - [2026-06-18T09:27:15.015+0000] {dag.py:3096} INFO - Sync 1 DAGs
[2026-06-18T09:27:15.051+0000] {logging_mixin.py:188} INFO - [2026-06-18T09:27:15.050+0000] {dag.py:3954} INFO - Setting next_dagrun for weather_etl_pipeline to 2026-06-18 00:00:00+00:00, run_after=2026-06-19 00:00:00+00:00
[2026-06-18T09:27:15.075+0000] {processor.py:183} INFO - Processing /opt/airflow/dags/weather_etl_dag.py took 0.140 seconds
[2026-06-18T09:27:25.293+0000] {processor.py:161} INFO - Started process (PID=9553) to work on /opt/airflow/dags/weather_etl_dag.py
[2026-06-18T09:27:25.296+0000] {processor.py:830} INFO - Processing file /opt/airflow/dags/weather_etl_dag.py for tasks to queue
[2026-06-18T09:27:25.300+0000] {logging_mixin.py:188} INFO - [2026-06-18T09:27:25.298+0000] {dagbag.py:545} INFO - Filling up the DagBag from /opt/airflow/dags/weather_etl_dag.py
[2026-06-18T09:27:25.403+0000] {processor.py:840} INFO - DAG(s) 'weather_etl_pipeline' retrieved from /opt/airflow/dags/weather_etl_dag.py
[2026-06-18T09:27:25.478+0000] {logging_mixin.py:188} INFO - [2026-06-18T09:27:25.477+0000] {dag.py:3096} INFO - Sync 1 DAGs
[2026-06-18T09:27:25.542+0000] {logging_mixin.py:188} INFO - [2026-06-18T09:27:25.542+0000] {dag.py:3954} INFO - Setting next_dagrun for weather_etl_pipeline to 2026-06-18 00:00:00+00:00, run_after=2026-06-19 00:00:00+00:00
[2026-06-18T09:27:25.589+0000] {processor.py:183} INFO - Processing /opt/airflow/dags/weather_etl_dag.py took 0.311 seconds
[2026-06-18T09:27:36.409+0000] {processor.py:161} INFO - Started process (PID=9558) to work on /opt/airflow/dags/weather_etl_dag.py
[2026-06-18T09:27:36.410+0000] {processor.py:830} INFO - Processing file /opt/airflow/dags/weather_etl_dag.py for tasks to queue
[2026-06-18T09:27:36.412+0000] {logging_mixin.py:188} INFO - [2026-06-18T09:27:36.411+0000] {dagbag.py:545} INFO - Filling up the DagBag from /opt/airflow/dags/weather_etl_dag.py
[2026-06-18T09:27:36.436+0000] {processor.py:840} INFO - DAG(s) 'weather_etl_pipeline' retrieved from /opt/airflow/dags/weather_etl_dag.py
[2026-06-18T09:27:36.469+0000] {logging_mixin.py:188} INFO - [2026-06-18T09:27:36.468+0000] {dag.py:3096} INFO - Sync 1 DAGs
[2026-06-18T09:27:36.497+0000] {logging_mixin.py:188} INFO - [2026-06-18T09:27:36.497+0000] {dag.py:3954} INFO - Setting next_dagrun for weather_etl_pipeline to 2026-06-18 00:00:00+00:00, run_after=2026-06-19 00:00:00+00:00
[2026-06-18T09:27:36.521+0000] {processor.py:183} INFO - Processing /opt/airflow/dags/weather_etl_dag.py took 0.119 seconds
[2026-06-18T09:27:46.611+0000] {processor.py:161} INFO - Started process (PID=9563) to work on /opt/airflow/dags/weather_etl_dag.py
[2026-06-18T09:27:46.613+0000] {processor.py:830} INFO - Processing file /opt/airflow/dags/weather_etl_dag.py for tasks to queue
[2026-06-18T09:27:46.614+0000] {logging_mixin.py:188} INFO - [2026-06-18T09:27:46.614+0000] {dagbag.py:545} INFO - Filling up the DagBag from /opt/airflow/dags/weather_etl_dag.py
[2026-06-18T09:27:46.638+0000] {processor.py:840} INFO - DAG(s) 'weather_etl_pipeline' retrieved from /opt/airflow/dags/weather_etl_dag.py
[2026-06-18T09:27:46.673+0000] {logging_mixin.py:188} INFO - [2026-06-18T09:27:46.673+0000] {dag.py:3096} INFO - Sync 1 DAGs
[2026-06-18T09:27:46.704+0000] {logging_mixin.py:188} INFO - [2026-06-18T09:27:46.704+0000] {dag.py:3954} INFO - Setting next_dagrun for weather_etl_pipeline to 2026-06-18 00:00:00+00:00, run_after=2026-06-19 00:00:00+00:00
[2026-06-18T09:27:46.731+0000] {processor.py:183} INFO - Processing /opt/airflow/dags/weather_etl_dag.py took 0.126 seconds
[2026-06-18T09:27:56.848+0000] {processor.py:161} INFO - Started process (PID=9568) to work on /opt/airflow/dags/weather_etl_dag.py
[2026-06-18T09:27:56.850+0000] {processor.py:830} INFO - Processing file /opt/airflow/dags/weather_etl_dag.py for tasks to queue
[2026-06-18T09:27:56.853+0000] {logging_mixin.py:188} INFO - [2026-06-18T09:27:56.852+0000] {dagbag.py:545} INFO - Filling up the DagBag from /opt/airflow/dags/weather_etl_dag.py
[2026-06-18T09:27:56.887+0000] {processor.py:840} INFO - DAG(s) 'weather_etl_pipeline' retrieved from /opt/airflow/dags/weather_etl_dag.py
[2026-06-18T09:27:56.928+0000] {logging_mixin.py:188} INFO - [2026-06-18T09:27:56.927+0000] {dag.py:3096} INFO - Sync 1 DAGs
[2026-06-18T09:27:56.959+0000] {logging_mixin.py:188} INFO - [2026-06-18T09:27:56.958+0000] {dag.py:3954} INFO - Setting next_dagrun for weather_etl_pipeline to 2026-06-18 00:00:00+00:00, run_after=2026-06-19 00:00:00+00:00
[2026-06-18T09:27:56.983+0000] {processor.py:183} INFO - Processing /opt/airflow/dags/weather_etl_dag.py took 0.145 seconds
[2026-06-18T09:28:07.763+0000] {processor.py:161} INFO - Started process (PID=9573) to work on /opt/airflow/dags/weather_etl_dag.py
[2026-06-18T09:28:07.765+0000] {processor.py:830} INFO - Processing file /opt/airflow/dags/weather_etl_dag.py for tasks to queue
[2026-06-18T09:28:07.767+0000] {logging_mixin.py:188} INFO - [2026-06-18T09:28:07.766+0000] {dagbag.py:545} INFO - Filling up the DagBag from /opt/airflow/dags/weather_etl_dag.py
[2026-06-18T09:28:07.802+0000] {processor.py:840} INFO - DAG(s) 'weather_etl_pipeline' retrieved from /opt/airflow/dags/weather_etl_dag.py
[2026-06-18T09:28:07.842+0000] {logging_mixin.py:188} INFO - [2026-06-18T09:28:07.841+0000] {dag.py:3096} INFO - Sync 1 DAGs
[2026-06-18T09:28:07.875+0000] {logging_mixin.py:188} INFO - [2026-06-18T09:28:07.874+0000] {dag.py:3954} INFO - Setting next_dagrun for weather_etl_pipeline to 2026-06-18 00:00:00+00:00, run_after=2026-06-19 00:00:00+00:00
[2026-06-18T09:28:07.905+0000] {processor.py:183} INFO - Processing /opt/airflow/dags/weather_etl_dag.py took 0.156 seconds
[2026-06-18T09:28:17.982+0000] {processor.py:161} INFO - Started process (PID=9578) to work on /opt/airflow/dags/weather_etl_dag.py
[2026-06-18T09:28:17.986+0000] {processor.py:830} INFO - Processing file /opt/airflow/dags/weather_etl_dag.py for tasks to queue
[2026-06-18T09:28:17.989+0000] {logging_mixin.py:188} INFO - [2026-06-18T09:28:17.988+0000] {dagbag.py:545} INFO - Filling up the DagBag from /opt/airflow/dags/weather_etl_dag.py
[2026-06-18T09:28:18.044+0000] {processor.py:840} INFO - DAG(s) 'weather_etl_pipeline' retrieved from /opt/airflow/dags/weather_etl_dag.py
[2026-06-18T09:28:18.082+0000] {logging_mixin.py:188} INFO - [2026-06-18T09:28:18.082+0000] {dag.py:3096} INFO - Sync 1 DAGs
[2026-06-18T09:28:18.114+0000] {logging_mixin.py:188} INFO - [2026-06-18T09:28:18.113+0000] {dag.py:3954} INFO - Setting next_dagrun for weather_etl_pipeline to 2026-06-18 00:00:00+00:00, run_after=2026-06-19 00:00:00+00:00
[2026-06-18T09:28:18.139+0000] {processor.py:183} INFO - Processing /opt/airflow/dags/weather_etl_dag.py took 0.169 seconds
[2026-06-18T09:28:28.294+0000] {processor.py:161} INFO - Started process (PID=9583) to work on /opt/airflow/dags/weather_etl_dag.py
[2026-06-18T09:28:28.296+0000] {processor.py:830} INFO - Processing file /opt/airflow/dags/weather_etl_dag.py for tasks to queue
[2026-06-18T09:28:28.299+0000] {logging_mixin.py:188} INFO - [2026-06-18T09:28:28.298+0000] {dagbag.py:545} INFO - Filling up the DagBag from /opt/airflow/dags/weather_etl_dag.py
[2026-06-18T09:28:28.346+0000] {processor.py:840} INFO - DAG(s) 'weather_etl_pipeline' retrieved from /opt/airflow/dags/weather_etl_dag.py
[2026-06-18T09:28:28.393+0000] {logging_mixin.py:188} INFO - [2026-06-18T09:28:28.392+0000] {dag.py:3096} INFO - Sync 1 DAGs
[2026-06-18T09:28:28.433+0000] {logging_mixin.py:188} INFO - [2026-06-18T09:28:28.432+0000] {dag.py:3954} INFO - Setting next_dagrun for weather_etl_pipeline to 2026-06-18 00:00:00+00:00, run_after=2026-06-19 00:00:00+00:00
[2026-06-18T09:28:28.476+0000] {processor.py:183} INFO - Processing /opt/airflow/dags/weather_etl_dag.py took 0.196 seconds
[2026-06-18T09:28:39.042+0000] {processor.py:161} INFO - Started process (PID=9588) to work on /opt/airflow/dags/weather_etl_dag.py
[2026-06-18T09:28:39.044+0000] {processor.py:830} INFO - Processing file /opt/airflow/dags/weather_etl_dag.py for tasks to queue
[2026-06-18T09:28:39.046+0000] {logging_mixin.py:188} INFO - [2026-06-18T09:28:39.045+0000] {dagbag.py:545} INFO - Filling up the DagBag from /opt/airflow/dags/weather_etl_dag.py
[2026-06-18T09:28:39.086+0000] {processor.py:840} INFO - DAG(s) 'weather_etl_pipeline' retrieved from /opt/airflow/dags/weather_etl_dag.py
[2026-06-18T09:28:39.130+0000] {logging_mixin.py:188} INFO - [2026-06-18T09:28:39.130+0000] {dag.py:3096} INFO - Sync 1 DAGs
[2026-06-18T09:28:39.161+0000] {logging_mixin.py:188} INFO - [2026-06-18T09:28:39.161+0000] {dag.py:3954} INFO - Setting next_dagrun for weather_etl_pipeline to 2026-06-18 00:00:00+00:00, run_after=2026-06-19 00:00:00+00:00
[2026-06-18T09:28:39.187+0000] {processor.py:183} INFO - Processing /opt/airflow/dags/weather_etl_dag.py took 0.154 seconds
[2026-06-18T09:28:49.282+0000] {processor.py:161} INFO - Started process (PID=9593) to work on /opt/airflow/dags/weather_etl_dag.py
[2026-06-18T09:28:49.284+0000] {processor.py:830} INFO - Processing file /opt/airflow/dags/weather_etl_dag.py for tasks to queue
[2026-06-18T09:28:49.285+0000] {logging_mixin.py:188} INFO - [2026-06-18T09:28:49.285+0000] {dagbag.py:545} INFO - Filling up the DagBag from /opt/airflow/dags/weather_etl_dag.py
[2026-06-18T09:28:49.312+0000] {processor.py:840} INFO - DAG(s) 'weather_etl_pipeline' retrieved from /opt/airflow/dags/weather_etl_dag.py
[2026-06-18T09:28:49.347+0000] {logging_mixin.py:188} INFO - [2026-06-18T09:28:49.347+0000] {dag.py:3096} INFO - Sync 1 DAGs
[2026-06-18T09:28:49.374+0000] {logging_mixin.py:188} INFO - [2026-06-18T09:28:49.374+0000] {dag.py:3954} INFO - Setting next_dagrun for weather_etl_pipeline to 2026-06-18 00:00:00+00:00, run_after=2026-06-19 00:00:00+00:00
[2026-06-18T09:28:49.398+0000] {processor.py:183} INFO - Processing /opt/airflow/dags/weather_etl_dag.py took 0.122 seconds
[2026-06-18T09:28:59.491+0000] {processor.py:161} INFO - Started process (PID=9598) to work on /opt/airflow/dags/weather_etl_dag.py
[2026-06-18T09:28:59.492+0000] {processor.py:830} INFO - Processing file /opt/airflow/dags/weather_etl_dag.py for tasks to queue
[2026-06-18T09:28:59.494+0000] {logging_mixin.py:188} INFO - [2026-06-18T09:28:59.494+0000] {dagbag.py:545} INFO - Filling up the DagBag from /opt/airflow/dags/weather_etl_dag.py
[2026-06-18T09:28:59.517+0000] {processor.py:840} INFO - DAG(s) 'weather_etl_pipeline' retrieved from /opt/airflow/dags/weather_etl_dag.py
[2026-06-18T09:28:59.550+0000] {logging_mixin.py:188} INFO - [2026-06-18T09:28:59.550+0000] {dag.py:3096} INFO - Sync 1 DAGs
[2026-06-18T09:28:59.577+0000] {logging_mixin.py:188} INFO - [2026-06-18T09:28:59.577+0000] {dag.py:3954} INFO - Setting next_dagrun for weather_etl_pipeline to 2026-06-18 00:00:00+00:00, run_after=2026-06-19 00:00:00+00:00
[2026-06-18T09:28:59.600+0000] {processor.py:183} INFO - Processing /opt/airflow/dags/weather_etl_dag.py took 0.116 seconds
[2026-06-18T09:29:10.023+0000] {processor.py:161} INFO - Started process (PID=9603) to work on /opt/airflow/dags/weather_etl_dag.py
[2026-06-18T09:29:10.024+0000] {processor.py:830} INFO - Processing file /opt/airflow/dags/weather_etl_dag.py for tasks to queue
[2026-06-18T09:29:10.026+0000] {logging_mixin.py:188} INFO - [2026-06-18T09:29:10.025+0000] {dagbag.py:545} INFO - Filling up the DagBag from /opt/airflow/dags/weather_etl_dag.py
[2026-06-18T09:29:10.047+0000] {processor.py:840} INFO - DAG(s) 'weather_etl_pipeline' retrieved from /opt/airflow/dags/weather_etl_dag.py
[2026-06-18T09:29:10.074+0000] {logging_mixin.py:188} INFO - [2026-06-18T09:29:10.074+0000] {dag.py:3096} INFO - Sync 1 DAGs
[2026-06-18T09:29:10.097+0000] {logging_mixin.py:188} INFO - [2026-06-18T09:29:10.097+0000] {dag.py:3954} INFO - Setting next_dagrun for weather_etl_pipeline to 2026-06-18 00:00:00+00:00, run_after=2026-06-19 00:00:00+00:00
[2026-06-18T09:29:10.117+0000] {processor.py:183} INFO - Processing /opt/airflow/dags/weather_etl_dag.py took 0.100 seconds
[2026-06-18T09:29:20.205+0000] {processor.py:161} INFO - Started process (PID=9608) to work on /opt/airflow/dags/weather_etl_dag.py
[2026-06-18T09:29:20.206+0000] {processor.py:830} INFO - Processing file /opt/airflow/dags/weather_etl_dag.py for tasks to queue
[2026-06-18T09:29:20.208+0000] {logging_mixin.py:188} INFO - [2026-06-18T09:29:20.207+0000] {dagbag.py:545} INFO - Filling up the DagBag from /opt/airflow/dags/weather_etl_dag.py
[2026-06-18T09:29:20.232+0000] {processor.py:840} INFO - DAG(s) 'weather_etl_pipeline' retrieved from /opt/airflow/dags/weather_etl_dag.py
[2026-06-18T09:29:20.265+0000] {logging_mixin.py:188} INFO - [2026-06-18T09:29:20.265+0000] {dag.py:3096} INFO - Sync 1 DAGs
[2026-06-18T09:29:20.292+0000] {logging_mixin.py:188} INFO - [2026-06-18T09:29:20.291+0000] {dag.py:3954} INFO - Setting next_dagrun for weather_etl_pipeline to 2026-06-18 00:00:00+00:00, run_after=2026-06-19 00:00:00+00:00
[2026-06-18T09:29:20.313+0000] {processor.py:183} INFO - Processing /opt/airflow/dags/weather_etl_dag.py took 0.116 seconds
[2026-06-18T09:29:30.418+0000] {processor.py:161} INFO - Started process (PID=9613) to work on /opt/airflow/dags/weather_etl_dag.py
[2026-06-18T09:29:30.420+0000] {processor.py:830} INFO - Processing file /opt/airflow/dags/weather_etl_dag.py for tasks to queue
[2026-06-18T09:29:30.422+0000] {logging_mixin.py:188} INFO - [2026-06-18T09:29:30.422+0000] {dagbag.py:545} INFO - Filling up the DagBag from /opt/airflow/dags/weather_etl_dag.py
[2026-06-18T09:29:30.459+0000] {processor.py:840} INFO - DAG(s) 'weather_etl_pipeline' retrieved from /opt/airflow/dags/weather_etl_dag.py
[2026-06-18T09:29:30.499+0000] {logging_mixin.py:188} INFO - [2026-06-18T09:29:30.499+0000] {dag.py:3096} INFO - Sync 1 DAGs
[2026-06-18T09:29:30.545+0000] {logging_mixin.py:188} INFO - [2026-06-18T09:29:30.545+0000] {dag.py:3954} INFO - Setting next_dagrun for weather_etl_pipeline to 2026-06-18 00:00:00+00:00, run_after=2026-06-19 00:00:00+00:00
[2026-06-18T09:29:30.573+0000] {processor.py:183} INFO - Processing /opt/airflow/dags/weather_etl_dag.py took 0.164 seconds
[2026-06-18T09:29:41.194+0000] {processor.py:161} INFO - Started process (PID=9618) to work on /opt/airflow/dags/weather_etl_dag.py
[2026-06-18T09:29:41.196+0000] {processor.py:830} INFO - Processing file /opt/airflow/dags/weather_etl_dag.py for tasks to queue
[2026-06-18T09:29:41.198+0000] {logging_mixin.py:188} INFO - [2026-06-18T09:29:41.197+0000] {dagbag.py:545} INFO - Filling up the DagBag from /opt/airflow/dags/weather_etl_dag.py
[2026-06-18T09:29:41.225+0000] {processor.py:840} INFO - DAG(s) 'weather_etl_pipeline' retrieved from /opt/airflow/dags/weather_etl_dag.py
[2026-06-18T09:29:41.258+0000] {logging_mixin.py:188} INFO - [2026-06-18T09:29:41.258+0000] {dag.py:3096} INFO - Sync 1 DAGs
[2026-06-18T09:29:41.285+0000] {logging_mixin.py:188} INFO - [2026-06-18T09:29:41.285+0000] {dag.py:3954} INFO - Setting next_dagrun for weather_etl_pipeline to 2026-06-18 00:00:00+00:00, run_after=2026-06-19 00:00:00+00:00
[2026-06-18T09:29:41.307+0000] {processor.py:183} INFO - Processing /opt/airflow/dags/weather_etl_dag.py took 0.123 seconds
[2026-06-18T09:29:51.393+0000] {processor.py:161} INFO - Started process (PID=9623) to work on /opt/airflow/dags/weather_etl_dag.py
[2026-06-18T09:29:51.394+0000] {processor.py:830} INFO - Processing file /opt/airflow/dags/weather_etl_dag.py for tasks to queue
[2026-06-18T09:29:51.396+0000] {logging_mixin.py:188} INFO - [2026-06-18T09:29:51.395+0000] {dagbag.py:545} INFO - Filling up the DagBag from /opt/airflow/dags/weather_etl_dag.py
[2026-06-18T09:29:51.422+0000] {processor.py:840} INFO - DAG(s) 'weather_etl_pipeline' retrieved from /opt/airflow/dags/weather_etl_dag.py
[2026-06-18T09:29:51.455+0000] {logging_mixin.py:188} INFO - [2026-06-18T09:29:51.454+0000] {dag.py:3096} INFO - Sync 1 DAGs
[2026-06-18T09:29:51.480+0000] {logging_mixin.py:188} INFO - [2026-06-18T09:29:51.480+0000] {dag.py:3954} INFO - Setting next_dagrun for weather_etl_pipeline to 2026-06-18 00:00:00+00:00, run_after=2026-06-19 00:00:00+00:00
[2026-06-18T09:29:51.503+0000] {processor.py:183} INFO - Processing /opt/airflow/dags/weather_etl_dag.py took 0.117 seconds
[2026-06-18T09:30:01.626+0000] {processor.py:161} INFO - Started process (PID=9628) to work on /opt/airflow/dags/weather_etl_dag.py
[2026-06-18T09:30:01.628+0000] {processor.py:830} INFO - Processing file /opt/airflow/dags/weather_etl_dag.py for tasks to queue
[2026-06-18T09:30:01.630+0000] {logging_mixin.py:188} INFO - [2026-06-18T09:30:01.629+0000] {dagbag.py:545} INFO - Filling up the DagBag from /opt/airflow/dags/weather_etl_dag.py
[2026-06-18T09:30:01.661+0000] {processor.py:840} INFO - DAG(s) 'weather_etl_pipeline' retrieved from /opt/airflow/dags/weather_etl_dag.py
[2026-06-18T09:30:01.699+0000] {logging_mixin.py:188} INFO - [2026-06-18T09:30:01.699+0000] {dag.py:3096} INFO - Sync 1 DAGs
[2026-06-18T09:30:01.727+0000] {logging_mixin.py:188} INFO - [2026-06-18T09:30:01.727+0000] {dag.py:3954} INFO - Setting next_dagrun for weather_etl_pipeline to 2026-06-18 00:00:00+00:00, run_after=2026-06-19 00:00:00+00:00
[2026-06-18T09:30:01.754+0000] {processor.py:183} INFO - Processing /opt/airflow/dags/weather_etl_dag.py took 0.134 seconds
[2026-06-18T09:30:13.582+0000] {processor.py:161} INFO - Started process (PID=9633) to work on /opt/airflow/dags/weather_etl_dag.py
[2026-06-18T09:30:13.584+0000] {processor.py:830} INFO - Processing file /opt/airflow/dags/weather_etl_dag.py for tasks to queue
[2026-06-18T09:30:13.586+0000] {logging_mixin.py:188} INFO - [2026-06-18T09:30:13.585+0000] {dagbag.py:545} INFO - Filling up the DagBag from /opt/airflow/dags/weather_etl_dag.py
[2026-06-18T09:30:13.617+0000] {processor.py:840} INFO - DAG(s) 'weather_etl_pipeline' retrieved from /opt/airflow/dags/weather_etl_dag.py
[2026-06-18T09:30:13.654+0000] {logging_mixin.py:188} INFO - [2026-06-18T09:30:13.654+0000] {dag.py:3096} INFO - Sync 1 DAGs
[2026-06-18T09:30:13.687+0000] {logging_mixin.py:188} INFO - [2026-06-18T09:30:13.686+0000] {dag.py:3954} INFO - Setting next_dagrun for weather_etl_pipeline to 2026-06-18 00:00:00+00:00, run_after=2026-06-19 00:00:00+00:00
[2026-06-18T09:30:13.713+0000] {processor.py:183} INFO - Processing /opt/airflow/dags/weather_etl_dag.py took 0.140 seconds
[2026-06-18T09:30:23.813+0000] {processor.py:161} INFO - Started process (PID=9638) to work on /opt/airflow/dags/weather_etl_dag.py
[2026-06-18T09:30:23.815+0000] {processor.py:830} INFO - Processing file /opt/airflow/dags/weather_etl_dag.py for tasks to queue
[2026-06-18T09:30:23.817+0000] {logging_mixin.py:188} INFO - [2026-06-18T09:30:23.816+0000] {dagbag.py:545} INFO - Filling up the DagBag from /opt/airflow/dags/weather_etl_dag.py
[2026-06-18T09:30:23.843+0000] {processor.py:840} INFO - DAG(s) 'weather_etl_pipeline' retrieved from /opt/airflow/dags/weather_etl_dag.py
[2026-06-18T09:30:23.877+0000] {logging_mixin.py:188} INFO - [2026-06-18T09:30:23.876+0000] {dag.py:3096} INFO - Sync 1 DAGs
[2026-06-18T09:30:23.906+0000] {logging_mixin.py:188} INFO - [2026-06-18T09:30:23.906+0000] {dag.py:3954} INFO - Setting next_dagrun for weather_etl_pipeline to 2026-06-18 00:00:00+00:00, run_after=2026-06-19 00:00:00+00:00
[2026-06-18T09:30:23.931+0000] {processor.py:183} INFO - Processing /opt/airflow/dags/weather_etl_dag.py took 0.124 seconds
[2026-06-18T09:30:34.029+0000] {processor.py:161} INFO - Started process (PID=9643) to work on /opt/airflow/dags/weather_etl_dag.py
[2026-06-18T09:30:34.031+0000] {processor.py:830} INFO - Processing file /opt/airflow/dags/weather_etl_dag.py for tasks to queue
[2026-06-18T09:30:34.032+0000] {logging_mixin.py:188} INFO - [2026-06-18T09:30:34.032+0000] {dagbag.py:545} INFO - Filling up the DagBag from /opt/airflow/dags/weather_etl_dag.py
[2026-06-18T09:30:34.065+0000] {processor.py:840} INFO - DAG(s) 'weather_etl_pipeline' retrieved from /opt/airflow/dags/weather_etl_dag.py
[2026-06-18T09:30:34.103+0000] {logging_mixin.py:188} INFO - [2026-06-18T09:30:34.103+0000] {dag.py:3096} INFO - Sync 1 DAGs
[2026-06-18T09:30:34.132+0000] {logging_mixin.py:188} INFO - [2026-06-18T09:30:34.132+0000] {dag.py:3954} INFO - Setting next_dagrun for weather_etl_pipeline to 2026-06-18 00:00:00+00:00, run_after=2026-06-19 00:00:00+00:00
[2026-06-18T09:30:34.156+0000] {processor.py:183} INFO - Processing /opt/airflow/dags/weather_etl_dag.py took 0.136 seconds
[2026-06-18T09:30:47.235+0000] {processor.py:161} INFO - Started process (PID=9648) to work on /opt/airflow/dags/weather_etl_dag.py
[2026-06-18T09:30:47.238+0000] {processor.py:830} INFO - Processing file /opt/airflow/dags/weather_etl_dag.py for tasks to queue
[2026-06-18T09:30:47.242+0000] {logging_mixin.py:188} INFO - [2026-06-18T09:30:47.241+0000] {dagbag.py:545} INFO - Filling up the DagBag from /opt/airflow/dags/weather_etl_dag.py
[2026-06-18T09:30:47.577+0000] {processor.py:840} INFO - DAG(s) 'weather_etl_pipeline' retrieved from /opt/airflow/dags/weather_etl_dag.py
[2026-06-18T09:30:47.728+0000] {logging_mixin.py:188} INFO - [2026-06-18T09:30:47.727+0000] {dag.py:3096} INFO - Sync 1 DAGs
[2026-06-18T09:30:47.885+0000] {logging_mixin.py:188} INFO - [2026-06-18T09:30:47.884+0000] {dag.py:3954} INFO - Setting next_dagrun for weather_etl_pipeline to 2026-06-18 00:00:00+00:00, run_after=2026-06-19 00:00:00+00:00
[2026-06-18T09:30:47.929+0000] {processor.py:183} INFO - Processing /opt/airflow/dags/weather_etl_dag.py took 0.807 seconds
[2026-06-18T09:30:58.026+0000] {processor.py:161} INFO - Started process (PID=9653) to work on /opt/airflow/dags/weather_etl_dag.py
[2026-06-18T09:30:58.028+0000] {processor.py:830} INFO - Processing file /opt/airflow/dags/weather_etl_dag.py for tasks to queue
[2026-06-18T09:30:58.029+0000] {logging_mixin.py:188} INFO - [2026-06-18T09:30:58.029+0000] {dagbag.py:545} INFO - Filling up the DagBag from /opt/airflow/dags/weather_etl_dag.py
[2026-06-18T09:30:58.057+0000] {processor.py:840} INFO - DAG(s) 'weather_etl_pipeline' retrieved from /opt/airflow/dags/weather_etl_dag.py
[2026-06-18T09:30:58.091+0000] {logging_mixin.py:188} INFO - [2026-06-18T09:30:58.091+0000] {dag.py:3096} INFO - Sync 1 DAGs
[2026-06-18T09:30:58.119+0000] {logging_mixin.py:188} INFO - [2026-06-18T09:30:58.119+0000] {dag.py:3954} INFO - Setting next_dagrun for weather_etl_pipeline to 2026-06-18 00:00:00+00:00, run_after=2026-06-19 00:00:00+00:00
[2026-06-18T09:30:58.146+0000] {processor.py:183} INFO - Processing /opt/airflow/dags/weather_etl_dag.py took 0.128 seconds
[2026-06-18T09:31:08.232+0000] {processor.py:161} INFO - Started process (PID=9658) to work on /opt/airflow/dags/weather_etl_dag.py
[2026-06-18T09:31:08.234+0000] {processor.py:830} INFO - Processing file /opt/airflow/dags/weather_etl_dag.py for tasks to queue
[2026-06-18T09:31:08.235+0000] {logging_mixin.py:188} INFO - [2026-06-18T09:31:08.235+0000] {dagbag.py:545} INFO - Filling up the DagBag from /opt/airflow/dags/weather_etl_dag.py
[2026-06-18T09:31:08.258+0000] {processor.py:840} INFO - DAG(s) 'weather_etl_pipeline' retrieved from /opt/airflow/dags/weather_etl_dag.py
[2026-06-18T09:31:08.289+0000] {logging_mixin.py:188} INFO - [2026-06-18T09:31:08.288+0000] {dag.py:3096} INFO - Sync 1 DAGs
[2026-06-18T09:31:08.315+0000] {logging_mixin.py:188} INFO - [2026-06-18T09:31:08.315+0000] {dag.py:3954} INFO - Setting next_dagrun for weather_etl_pipeline to 2026-06-18 00:00:00+00:00, run_after=2026-06-19 00:00:00+00:00
[2026-06-18T09:31:08.338+0000] {processor.py:183} INFO - Processing /opt/airflow/dags/weather_etl_dag.py took 0.112 seconds
[2026-06-18T09:31:19.140+0000] {processor.py:161} INFO - Started process (PID=9663) to work on /opt/airflow/dags/weather_etl_dag.py
[2026-06-18T09:31:19.141+0000] {processor.py:830} INFO - Processing file /opt/airflow/dags/weather_etl_dag.py for tasks to queue
[2026-06-18T09:31:19.143+0000] {logging_mixin.py:188} INFO - [2026-06-18T09:31:19.142+0000] {dagbag.py:545} INFO - Filling up the DagBag from /opt/airflow/dags/weather_etl_dag.py
[2026-06-18T09:31:19.167+0000] {processor.py:840} INFO - DAG(s) 'weather_etl_pipeline' retrieved from /opt/airflow/dags/weather_etl_dag.py
[2026-06-18T09:31:19.207+0000] {logging_mixin.py:188} INFO - [2026-06-18T09:31:19.207+0000] {dag.py:3096} INFO - Sync 1 DAGs
[2026-06-18T09:31:19.237+0000] {logging_mixin.py:188} INFO - [2026-06-18T09:31:19.237+0000] {dag.py:3954} INFO - Setting next_dagrun for weather_etl_pipeline to 2026-06-18 00:00:00+00:00, run_after=2026-06-19 00:00:00+00:00
[2026-06-18T09:31:19.261+0000] {processor.py:183} INFO - Processing /opt/airflow/dags/weather_etl_dag.py took 0.129 seconds
[2026-06-18T09:31:29.368+0000] {processor.py:161} INFO - Started process (PID=9668) to work on /opt/airflow/dags/weather_etl_dag.py
[2026-06-18T09:31:29.370+0000] {processor.py:830} INFO - Processing file /opt/airflow/dags/weather_etl_dag.py for tasks to queue
[2026-06-18T09:31:29.372+0000] {logging_mixin.py:188} INFO - [2026-06-18T09:31:29.372+0000] {dagbag.py:545} INFO - Filling up the DagBag from /opt/airflow/dags/weather_etl_dag.py
[2026-06-18T09:31:29.403+0000] {processor.py:840} INFO - DAG(s) 'weather_etl_pipeline' retrieved from /opt/airflow/dags/weather_etl_dag.py
[2026-06-18T09:31:29.451+0000] {logging_mixin.py:188} INFO - [2026-06-18T09:31:29.451+0000] {dag.py:3096} INFO - Sync 1 DAGs
[2026-06-18T09:31:29.483+0000] {logging_mixin.py:188} INFO - [2026-06-18T09:31:29.482+0000] {dag.py:3954} INFO - Setting next_dagrun for weather_etl_pipeline to 2026-06-18 00:00:00+00:00, run_after=2026-06-19 00:00:00+00:00
[2026-06-18T09:31:29.509+0000] {processor.py:183} INFO - Processing /opt/airflow/dags/weather_etl_dag.py took 0.149 seconds
[2026-06-18T09:31:39.604+0000] {processor.py:161} INFO - Started process (PID=9673) to work on /opt/airflow/dags/weather_etl_dag.py
[2026-06-18T09:31:39.605+0000] {processor.py:830} INFO - Processing file /opt/airflow/dags/weather_etl_dag.py for tasks to queue
[2026-06-18T09:31:39.607+0000] {logging_mixin.py:188} INFO - [2026-06-18T09:31:39.606+0000] {dagbag.py:545} INFO - Filling up the DagBag from /opt/airflow/dags/weather_etl_dag.py
[2026-06-18T09:31:39.630+0000] {processor.py:840} INFO - DAG(s) 'weather_etl_pipeline' retrieved from /opt/airflow/dags/weather_etl_dag.py
[2026-06-18T09:31:39.663+0000] {logging_mixin.py:188} INFO - [2026-06-18T09:31:39.663+0000] {dag.py:3096} INFO - Sync 1 DAGs
[2026-06-18T09:31:39.690+0000] {logging_mixin.py:188} INFO - [2026-06-18T09:31:39.689+0000] {dag.py:3954} INFO - Setting next_dagrun for weather_etl_pipeline to 2026-06-18 00:00:00+00:00, run_after=2026-06-19 00:00:00+00:00
[2026-06-18T09:31:39.720+0000] {processor.py:183} INFO - Processing /opt/airflow/dags/weather_etl_dag.py took 0.121 seconds
[2026-06-18T09:31:52.383+0000] {processor.py:161} INFO - Started process (PID=9678) to work on /opt/airflow/dags/weather_etl_dag.py
[2026-06-18T09:31:52.385+0000] {processor.py:830} INFO - Processing file /opt/airflow/dags/weather_etl_dag.py for tasks to queue
[2026-06-18T09:31:52.386+0000] {logging_mixin.py:188} INFO - [2026-06-18T09:31:52.386+0000] {dagbag.py:545} INFO - Filling up the DagBag from /opt/airflow/dags/weather_etl_dag.py
[2026-06-18T09:31:52.411+0000] {processor.py:840} INFO - DAG(s) 'weather_etl_pipeline' retrieved from /opt/airflow/dags/weather_etl_dag.py
[2026-06-18T09:31:52.444+0000] {logging_mixin.py:188} INFO - [2026-06-18T09:31:52.444+0000] {dag.py:3096} INFO - Sync 1 DAGs
[2026-06-18T09:31:52.470+0000] {logging_mixin.py:188} INFO - [2026-06-18T09:31:52.470+0000] {dag.py:3954} INFO - Setting next_dagrun for weather_etl_pipeline to 2026-06-18 00:00:00+00:00, run_after=2026-06-19 00:00:00+00:00
[2026-06-18T09:31:52.494+0000] {processor.py:183} INFO - Processing /opt/airflow/dags/weather_etl_dag.py took 0.118 seconds
[2026-06-18T09:32:02.582+0000] {processor.py:161} INFO - Started process (PID=9683) to work on /opt/airflow/dags/weather_etl_dag.py
[2026-06-18T09:32:02.584+0000] {processor.py:830} INFO - Processing file /opt/airflow/dags/weather_etl_dag.py for tasks to queue
[2026-06-18T09:32:02.585+0000] {logging_mixin.py:188} INFO - [2026-06-18T09:32:02.585+0000] {dagbag.py:545} INFO - Filling up the DagBag from /opt/airflow/dags/weather_etl_dag.py
[2026-06-18T09:32:02.611+0000] {processor.py:840} INFO - DAG(s) 'weather_etl_pipeline' retrieved from /opt/airflow/dags/weather_etl_dag.py
[2026-06-18T09:32:02.642+0000] {logging_mixin.py:188} INFO - [2026-06-18T09:32:02.642+0000] {dag.py:3096} INFO - Sync 1 DAGs
[2026-06-18T09:32:02.667+0000] {logging_mixin.py:188} INFO - [2026-06-18T09:32:02.667+0000] {dag.py:3954} INFO - Setting next_dagrun for weather_etl_pipeline to 2026-06-18 00:00:00+00:00, run_after=2026-06-19 00:00:00+00:00
[2026-06-18T09:32:02.694+0000] {processor.py:183} INFO - Processing /opt/airflow/dags/weather_etl_dag.py took 0.118 seconds
[2026-06-18T09:32:12.782+0000] {processor.py:161} INFO - Started process (PID=9688) to work on /opt/airflow/dags/weather_etl_dag.py
[2026-06-18T09:32:12.783+0000] {processor.py:830} INFO - Processing file /opt/airflow/dags/weather_etl_dag.py for tasks to queue
[2026-06-18T09:32:12.785+0000] {logging_mixin.py:188} INFO - [2026-06-18T09:32:12.785+0000] {dagbag.py:545} INFO - Filling up the DagBag from /opt/airflow/dags/weather_etl_dag.py
[2026-06-18T09:32:12.808+0000] {processor.py:840} INFO - DAG(s) 'weather_etl_pipeline' retrieved from /opt/airflow/dags/weather_etl_dag.py
[2026-06-18T09:32:12.838+0000] {logging_mixin.py:188} INFO - [2026-06-18T09:32:12.838+0000] {dag.py:3096} INFO - Sync 1 DAGs
[2026-06-18T09:32:12.864+0000] {logging_mixin.py:188} INFO - [2026-06-18T09:32:12.863+0000] {dag.py:3954} INFO - Setting next_dagrun for weather_etl_pipeline to 2026-06-18 00:00:00+00:00, run_after=2026-06-19 00:00:00+00:00
[2026-06-18T09:32:12.886+0000] {processor.py:183} INFO - Processing /opt/airflow/dags/weather_etl_dag.py took 0.110 seconds
[2026-06-18T09:32:24.575+0000] {processor.py:161} INFO - Started process (PID=9693) to work on /opt/airflow/dags/weather_etl_dag.py
[2026-06-18T09:32:24.576+0000] {processor.py:830} INFO - Processing file /opt/airflow/dags/weather_etl_dag.py for tasks to queue
[2026-06-18T09:32:24.578+0000] {logging_mixin.py:188} INFO - [2026-06-18T09:32:24.577+0000] {dagbag.py:545} INFO - Filling up the DagBag from /opt/airflow/dags/weather_etl_dag.py
[2026-06-18T09:32:24.605+0000] {processor.py:840} INFO - DAG(s) 'weather_etl_pipeline' retrieved from /opt/airflow/dags/weather_etl_dag.py
[2026-06-18T09:32:24.641+0000] {logging_mixin.py:188} INFO - [2026-06-18T09:32:24.641+0000] {dag.py:3096} INFO - Sync 1 DAGs
[2026-06-18T09:32:24.675+0000] {logging_mixin.py:188} INFO - [2026-06-18T09:32:24.674+0000] {dag.py:3954} INFO - Setting next_dagrun for weather_etl_pipeline to 2026-06-18 00:00:00+00:00, run_after=2026-06-19 00:00:00+00:00
[2026-06-18T09:32:24.701+0000] {processor.py:183} INFO - Processing /opt/airflow/dags/weather_etl_dag.py took 0.138 seconds
[2026-06-18T09:32:34.759+0000] {processor.py:161} INFO - Started process (PID=9698) to work on /opt/airflow/dags/weather_etl_dag.py
[2026-06-18T09:32:34.761+0000] {processor.py:830} INFO - Processing file /opt/airflow/dags/weather_etl_dag.py for tasks to queue
[2026-06-18T09:32:34.763+0000] {logging_mixin.py:188} INFO - [2026-06-18T09:32:34.763+0000] {dagbag.py:545} INFO - Filling up the DagBag from /opt/airflow/dags/weather_etl_dag.py
[2026-06-18T09:32:34.795+0000] {processor.py:840} INFO - DAG(s) 'weather_etl_pipeline' retrieved from /opt/airflow/dags/weather_etl_dag.py
[2026-06-18T09:32:34.833+0000] {logging_mixin.py:188} INFO - [2026-06-18T09:32:34.832+0000] {dag.py:3096} INFO - Sync 1 DAGs
[2026-06-18T09:32:34.869+0000] {logging_mixin.py:188} INFO - [2026-06-18T09:32:34.869+0000] {dag.py:3954} INFO - Setting next_dagrun for weather_etl_pipeline to 2026-06-18 00:00:00+00:00, run_after=2026-06-19 00:00:00+00:00
[2026-06-18T09:32:34.902+0000] {processor.py:183} INFO - Processing /opt/airflow/dags/weather_etl_dag.py took 0.152 seconds
[2026-06-18T09:32:45.069+0000] {processor.py:161} INFO - Started process (PID=9703) to work on /opt/airflow/dags/weather_etl_dag.py
[2026-06-18T09:32:45.072+0000] {processor.py:830} INFO - Processing file /opt/airflow/dags/weather_etl_dag.py for tasks to queue
[2026-06-18T09:32:45.075+0000] {logging_mixin.py:188} INFO - [2026-06-18T09:32:45.074+0000] {dagbag.py:545} INFO - Filling up the DagBag from /opt/airflow/dags/weather_etl_dag.py
[2026-06-18T09:32:45.149+0000] {processor.py:840} INFO - DAG(s) 'weather_etl_pipeline' retrieved from /opt/airflow/dags/weather_etl_dag.py
[2026-06-18T09:32:45.306+0000] {logging_mixin.py:188} INFO - [2026-06-18T09:32:45.306+0000] {dag.py:3096} INFO - Sync 1 DAGs
[2026-06-18T09:32:45.464+0000] {logging_mixin.py:188} INFO - [2026-06-18T09:32:45.463+0000] {dag.py:3954} INFO - Setting next_dagrun for weather_etl_pipeline to 2026-06-18 00:00:00+00:00, run_after=2026-06-19 00:00:00+00:00
[2026-06-18T09:32:45.576+0000] {processor.py:183} INFO - Processing /opt/airflow/dags/weather_etl_dag.py took 0.525 seconds
[2026-06-18T09:32:55.922+0000] {processor.py:161} INFO - Started process (PID=9708) to work on /opt/airflow/dags/weather_etl_dag.py
[2026-06-18T09:32:55.924+0000] {processor.py:830} INFO - Processing file /opt/airflow/dags/weather_etl_dag.py for tasks to queue
[2026-06-18T09:32:55.925+0000] {logging_mixin.py:188} INFO - [2026-06-18T09:32:55.925+0000] {dagbag.py:545} INFO - Filling up the DagBag from /opt/airflow/dags/weather_etl_dag.py
[2026-06-18T09:32:55.964+0000] {processor.py:840} INFO - DAG(s) 'weather_etl_pipeline' retrieved from /opt/airflow/dags/weather_etl_dag.py
[2026-06-18T09:32:56.011+0000] {logging_mixin.py:188} INFO - [2026-06-18T09:32:56.010+0000] {dag.py:3096} INFO - Sync 1 DAGs
[2026-06-18T09:32:56.044+0000] {logging_mixin.py:188} INFO - [2026-06-18T09:32:56.043+0000] {dag.py:3954} INFO - Setting next_dagrun for weather_etl_pipeline to 2026-06-18 00:00:00+00:00, run_after=2026-06-19 00:00:00+00:00
[2026-06-18T09:32:56.090+0000] {processor.py:183} INFO - Processing /opt/airflow/dags/weather_etl_dag.py took 0.178 seconds
[2026-06-18T09:33:06.235+0000] {processor.py:161} INFO - Started process (PID=9713) to work on /opt/airflow/dags/weather_etl_dag.py
[2026-06-18T09:33:06.237+0000] {processor.py:830} INFO - Processing file /opt/airflow/dags/weather_etl_dag.py for tasks to queue
[2026-06-18T09:33:06.239+0000] {logging_mixin.py:188} INFO - [2026-06-18T09:33:06.239+0000] {dagbag.py:545} INFO - Filling up the DagBag from /opt/airflow/dags/weather_etl_dag.py
[2026-06-18T09:33:06.291+0000] {processor.py:840} INFO - DAG(s) 'weather_etl_pipeline' retrieved from /opt/airflow/dags/weather_etl_dag.py
[2026-06-18T09:33:06.390+0000] {logging_mixin.py:188} INFO - [2026-06-18T09:33:06.390+0000] {dag.py:3096} INFO - Sync 1 DAGs
[2026-06-18T09:33:06.463+0000] {logging_mixin.py:188} INFO - [2026-06-18T09:33:06.462+0000] {dag.py:3954} INFO - Setting next_dagrun for weather_etl_pipeline to 2026-06-18 00:00:00+00:00, run_after=2026-06-19 00:00:00+00:00
[2026-06-18T09:33:06.507+0000] {processor.py:183} INFO - Processing /opt/airflow/dags/weather_etl_dag.py took 0.290 seconds
[2026-06-18T09:33:16.645+0000] {processor.py:161} INFO - Started process (PID=9718) to work on /opt/airflow/dags/weather_etl_dag.py
[2026-06-18T09:33:16.778+0000] {processor.py:830} INFO - Processing file /opt/airflow/dags/weather_etl_dag.py for tasks to queue
[2026-06-18T09:33:16.780+0000] {logging_mixin.py:188} INFO - [2026-06-18T09:33:16.780+0000] {dagbag.py:545} INFO - Filling up the DagBag from /opt/airflow/dags/weather_etl_dag.py
[2026-06-18T09:33:16.826+0000] {processor.py:840} INFO - DAG(s) 'weather_etl_pipeline' retrieved from /opt/airflow/dags/weather_etl_dag.py
[2026-06-18T09:33:16.876+0000] {logging_mixin.py:188} INFO - [2026-06-18T09:33:16.876+0000] {dag.py:3096} INFO - Sync 1 DAGs
[2026-06-18T09:33:16.921+0000] {logging_mixin.py:188} INFO - [2026-06-18T09:33:16.920+0000] {dag.py:3954} INFO - Setting next_dagrun for weather_etl_pipeline to 2026-06-18 00:00:00+00:00, run_after=2026-06-19 00:00:00+00:00
[2026-06-18T09:33:16.957+0000] {processor.py:183} INFO - Processing /opt/airflow/dags/weather_etl_dag.py took 0.324 seconds
[2026-06-18T09:33:27.293+0000] {processor.py:161} INFO - Started process (PID=9723) to work on /opt/airflow/dags/weather_etl_dag.py
[2026-06-18T09:33:27.297+0000] {processor.py:830} INFO - Processing file /opt/airflow/dags/weather_etl_dag.py for tasks to queue
[2026-06-18T09:33:27.300+0000] {logging_mixin.py:188} INFO - [2026-06-18T09:33:27.300+0000] {dagbag.py:545} INFO - Filling up the DagBag from /opt/airflow/dags/weather_etl_dag.py
[2026-06-18T09:33:27.363+0000] {processor.py:840} INFO - DAG(s) 'weather_etl_pipeline' retrieved from /opt/airflow/dags/weather_etl_dag.py
[2026-06-18T09:33:27.435+0000] {logging_mixin.py:188} INFO - [2026-06-18T09:33:27.435+0000] {dag.py:3096} INFO - Sync 1 DAGs
[2026-06-18T09:33:27.499+0000] {logging_mixin.py:188} INFO - [2026-06-18T09:33:27.498+0000] {dag.py:3954} INFO - Setting next_dagrun for weather_etl_pipeline to 2026-06-18 00:00:00+00:00, run_after=2026-06-19 00:00:00+00:00
[2026-06-18T09:33:27.550+0000] {processor.py:183} INFO - Processing /opt/airflow/dags/weather_etl_dag.py took 0.279 seconds
[2026-06-18T09:33:37.714+0000] {processor.py:161} INFO - Started process (PID=9728) to work on /opt/airflow/dags/weather_etl_dag.py
[2026-06-18T09:33:37.716+0000] {processor.py:830} INFO - Processing file /opt/airflow/dags/weather_etl_dag.py for tasks to queue
[2026-06-18T09:33:37.719+0000] {logging_mixin.py:188} INFO - [2026-06-18T09:33:37.718+0000] {dagbag.py:545} INFO - Filling up the DagBag from /opt/airflow/dags/weather_etl_dag.py
[2026-06-18T09:33:37.779+0000] {processor.py:840} INFO - DAG(s) 'weather_etl_pipeline' retrieved from /opt/airflow/dags/weather_etl_dag.py
[2026-06-18T09:33:37.869+0000] {logging_mixin.py:188} INFO - [2026-06-18T09:33:37.868+0000] {dag.py:3096} INFO - Sync 1 DAGs
[2026-06-18T09:33:37.943+0000] {logging_mixin.py:188} INFO - [2026-06-18T09:33:37.942+0000] {dag.py:3954} INFO - Setting next_dagrun for weather_etl_pipeline to 2026-06-18 00:00:00+00:00, run_after=2026-06-19 00:00:00+00:00
[2026-06-18T09:33:37.990+0000] {processor.py:183} INFO - Processing /opt/airflow/dags/weather_etl_dag.py took 0.292 seconds
[2026-06-18T09:33:48.137+0000] {processor.py:161} INFO - Started process (PID=9733) to work on /opt/airflow/dags/weather_etl_dag.py
[2026-06-18T09:33:48.139+0000] {processor.py:830} INFO - Processing file /opt/airflow/dags/weather_etl_dag.py for tasks to queue
[2026-06-18T09:33:48.141+0000] {logging_mixin.py:188} INFO - [2026-06-18T09:33:48.140+0000] {dagbag.py:545} INFO - Filling up the DagBag from /opt/airflow/dags/weather_etl_dag.py
[2026-06-18T09:33:48.184+0000] {processor.py:840} INFO - DAG(s) 'weather_etl_pipeline' retrieved from /opt/airflow/dags/weather_etl_dag.py
[2026-06-18T09:33:48.242+0000] {logging_mixin.py:188} INFO - [2026-06-18T09:33:48.242+0000] {dag.py:3096} INFO - Sync 1 DAGs
[2026-06-18T09:33:48.293+0000] {logging_mixin.py:188} INFO - [2026-06-18T09:33:48.293+0000] {dag.py:3954} INFO - Setting next_dagrun for weather_etl_pipeline to 2026-06-18 00:00:00+00:00, run_after=2026-06-19 00:00:00+00:00
[2026-06-18T09:33:48.336+0000] {processor.py:183} INFO - Processing /opt/airflow/dags/weather_etl_dag.py took 0.208 seconds
[2026-06-18T09:33:58.939+0000] {processor.py:161} INFO - Started process (PID=9738) to work on /opt/airflow/dags/weather_etl_dag.py
[2026-06-18T09:33:58.942+0000] {processor.py:830} INFO - Processing file /opt/airflow/dags/weather_etl_dag.py for tasks to queue
[2026-06-18T09:33:58.945+0000] {logging_mixin.py:188} INFO - [2026-06-18T09:33:58.945+0000] {dagbag.py:545} INFO - Filling up the DagBag from /opt/airflow/dags/weather_etl_dag.py
[2026-06-18T09:33:58.994+0000] {processor.py:840} INFO - DAG(s) 'weather_etl_pipeline' retrieved from /opt/airflow/dags/weather_etl_dag.py
[2026-06-18T09:33:59.056+0000] {logging_mixin.py:188} INFO - [2026-06-18T09:33:59.056+0000] {dag.py:3096} INFO - Sync 1 DAGs
[2026-06-18T09:33:59.102+0000] {logging_mixin.py:188} INFO - [2026-06-18T09:33:59.102+0000] {dag.py:3954} INFO - Setting next_dagrun for weather_etl_pipeline to 2026-06-18 00:00:00+00:00, run_after=2026-06-19 00:00:00+00:00
[2026-06-18T09:33:59.138+0000] {processor.py:183} INFO - Processing /opt/airflow/dags/weather_etl_dag.py took 0.212 seconds
[2026-06-18T09:34:09.286+0000] {processor.py:161} INFO - Started process (PID=9743) to work on /opt/airflow/dags/weather_etl_dag.py
[2026-06-18T09:34:09.289+0000] {processor.py:830} INFO - Processing file /opt/airflow/dags/weather_etl_dag.py for tasks to queue
[2026-06-18T09:34:09.293+0000] {logging_mixin.py:188} INFO - [2026-06-18T09:34:09.292+0000] {dagbag.py:545} INFO - Filling up the DagBag from /opt/airflow/dags/weather_etl_dag.py
[2026-06-18T09:34:09.369+0000] {processor.py:840} INFO - DAG(s) 'weather_etl_pipeline' retrieved from /opt/airflow/dags/weather_etl_dag.py
[2026-06-18T09:34:09.450+0000] {logging_mixin.py:188} INFO - [2026-06-18T09:34:09.449+0000] {dag.py:3096} INFO - Sync 1 DAGs
[2026-06-18T09:34:09.511+0000] {logging_mixin.py:188} INFO - [2026-06-18T09:34:09.511+0000] {dag.py:3954} INFO - Setting next_dagrun for weather_etl_pipeline to 2026-06-18 00:00:00+00:00, run_after=2026-06-19 00:00:00+00:00
[2026-06-18T09:34:09.558+0000] {processor.py:183} INFO - Processing /opt/airflow/dags/weather_etl_dag.py took 0.288 seconds
[2026-06-18T09:34:19.714+0000] {processor.py:161} INFO - Started process (PID=9748) to work on /opt/airflow/dags/weather_etl_dag.py
[2026-06-18T09:34:19.718+0000] {processor.py:830} INFO - Processing file /opt/airflow/dags/weather_etl_dag.py for tasks to queue
[2026-06-18T09:34:19.723+0000] {logging_mixin.py:188} INFO - [2026-06-18T09:34:19.722+0000] {dagbag.py:545} INFO - Filling up the DagBag from /opt/airflow/dags/weather_etl_dag.py
[2026-06-18T09:34:19.798+0000] {processor.py:840} INFO - DAG(s) 'weather_etl_pipeline' retrieved from /opt/airflow/dags/weather_etl_dag.py
[2026-06-18T09:34:19.872+0000] {logging_mixin.py:188} INFO - [2026-06-18T09:34:19.872+0000] {dag.py:3096} INFO - Sync 1 DAGs
[2026-06-18T09:34:19.926+0000] {logging_mixin.py:188} INFO - [2026-06-18T09:34:19.925+0000] {dag.py:3954} INFO - Setting next_dagrun for weather_etl_pipeline to 2026-06-18 00:00:00+00:00, run_after=2026-06-19 00:00:00+00:00
[2026-06-18T09:34:19.969+0000] {processor.py:183} INFO - Processing /opt/airflow/dags/weather_etl_dag.py took 0.274 seconds
[2026-06-18T09:34:31.500+0000] {processor.py:161} INFO - Started process (PID=9753) to work on /opt/airflow/dags/weather_etl_dag.py
[2026-06-18T09:34:31.502+0000] {processor.py:830} INFO - Processing file /opt/airflow/dags/weather_etl_dag.py for tasks to queue
[2026-06-18T09:34:31.505+0000] {logging_mixin.py:188} INFO - [2026-06-18T09:34:31.504+0000] {dagbag.py:545} INFO - Filling up the DagBag from /opt/airflow/dags/weather_etl_dag.py
[2026-06-18T09:34:31.540+0000] {processor.py:840} INFO - DAG(s) 'weather_etl_pipeline' retrieved from /opt/airflow/dags/weather_etl_dag.py
[2026-06-18T09:34:31.587+0000] {logging_mixin.py:188} INFO - [2026-06-18T09:34:31.587+0000] {dag.py:3096} INFO - Sync 1 DAGs
[2026-06-18T09:34:31.634+0000] {logging_mixin.py:188} INFO - [2026-06-18T09:34:31.633+0000] {dag.py:3954} INFO - Setting next_dagrun for weather_etl_pipeline to 2026-06-18 00:00:00+00:00, run_after=2026-06-19 00:00:00+00:00
[2026-06-18T09:34:31.663+0000] {processor.py:183} INFO - Processing /opt/airflow/dags/weather_etl_dag.py took 0.174 seconds
[2026-06-18T09:34:41.809+0000] {processor.py:161} INFO - Started process (PID=9758) to work on /opt/airflow/dags/weather_etl_dag.py
[2026-06-18T09:34:41.811+0000] {processor.py:830} INFO - Processing file /opt/airflow/dags/weather_etl_dag.py for tasks to queue
[2026-06-18T09:34:41.814+0000] {logging_mixin.py:188} INFO - [2026-06-18T09:34:41.813+0000] {dagbag.py:545} INFO - Filling up the DagBag from /opt/airflow/dags/weather_etl_dag.py
[2026-06-18T09:34:41.851+0000] {processor.py:840} INFO - DAG(s) 'weather_etl_pipeline' retrieved from /opt/airflow/dags/weather_etl_dag.py
[2026-06-18T09:34:41.898+0000] {logging_mixin.py:188} INFO - [2026-06-18T09:34:41.898+0000] {dag.py:3096} INFO - Sync 1 DAGs
[2026-06-18T09:34:41.933+0000] {logging_mixin.py:188} INFO - [2026-06-18T09:34:41.933+0000] {dag.py:3954} INFO - Setting next_dagrun for weather_etl_pipeline to 2026-06-18 00:00:00+00:00, run_after=2026-06-19 00:00:00+00:00
[2026-06-18T09:34:41.964+0000] {processor.py:183} INFO - Processing /opt/airflow/dags/weather_etl_dag.py took 0.165 seconds
[2026-06-18T09:34:52.098+0000] {processor.py:161} INFO - Started process (PID=9763) to work on /opt/airflow/dags/weather_etl_dag.py
[2026-06-18T09:34:52.101+0000] {processor.py:830} INFO - Processing file /opt/airflow/dags/weather_etl_dag.py for tasks to queue
[2026-06-18T09:34:52.105+0000] {logging_mixin.py:188} INFO - [2026-06-18T09:34:52.104+0000] {dagbag.py:545} INFO - Filling up the DagBag from /opt/airflow/dags/weather_etl_dag.py
[2026-06-18T09:34:52.173+0000] {processor.py:840} INFO - DAG(s) 'weather_etl_pipeline' retrieved from /opt/airflow/dags/weather_etl_dag.py
[2026-06-18T09:34:52.245+0000] {logging_mixin.py:188} INFO - [2026-06-18T09:34:52.244+0000] {dag.py:3096} INFO - Sync 1 DAGs
[2026-06-18T09:34:52.297+0000] {logging_mixin.py:188} INFO - [2026-06-18T09:34:52.296+0000] {dag.py:3954} INFO - Setting next_dagrun for weather_etl_pipeline to 2026-06-18 00:00:00+00:00, run_after=2026-06-19 00:00:00+00:00
[2026-06-18T09:34:52.338+0000] {processor.py:183} INFO - Processing /opt/airflow/dags/weather_etl_dag.py took 0.254 seconds
[2026-06-18T09:35:04.208+0000] {processor.py:161} INFO - Started process (PID=9768) to work on /opt/airflow/dags/weather_etl_dag.py
[2026-06-18T09:35:04.210+0000] {processor.py:830} INFO - Processing file /opt/airflow/dags/weather_etl_dag.py for tasks to queue
[2026-06-18T09:35:04.213+0000] {logging_mixin.py:188} INFO - [2026-06-18T09:35:04.212+0000] {dagbag.py:545} INFO - Filling up the DagBag from /opt/airflow/dags/weather_etl_dag.py
[2026-06-18T09:35:04.255+0000] {processor.py:840} INFO - DAG(s) 'weather_etl_pipeline' retrieved from /opt/airflow/dags/weather_etl_dag.py
[2026-06-18T09:35:04.316+0000] {logging_mixin.py:188} INFO - [2026-06-18T09:35:04.316+0000] {dag.py:3096} INFO - Sync 1 DAGs
[2026-06-18T09:35:04.366+0000] {logging_mixin.py:188} INFO - [2026-06-18T09:35:04.366+0000] {dag.py:3954} INFO - Setting next_dagrun for weather_etl_pipeline to 2026-06-18 00:00:00+00:00, run_after=2026-06-19 00:00:00+00:00
[2026-06-18T09:35:04.401+0000] {processor.py:183} INFO - Processing /opt/airflow/dags/weather_etl_dag.py took 0.211 seconds
[2026-06-18T09:35:14.540+0000] {processor.py:161} INFO - Started process (PID=9773) to work on /opt/airflow/dags/weather_etl_dag.py
[2026-06-18T09:35:14.543+0000] {processor.py:830} INFO - Processing file /opt/airflow/dags/weather_etl_dag.py for tasks to queue
[2026-06-18T09:35:14.545+0000] {logging_mixin.py:188} INFO - [2026-06-18T09:35:14.545+0000] {dagbag.py:545} INFO - Filling up the DagBag from /opt/airflow/dags/weather_etl_dag.py
[2026-06-18T09:35:14.597+0000] {processor.py:840} INFO - DAG(s) 'weather_etl_pipeline' retrieved from /opt/airflow/dags/weather_etl_dag.py
[2026-06-18T09:35:14.653+0000] {logging_mixin.py:188} INFO - [2026-06-18T09:35:14.652+0000] {dag.py:3096} INFO - Sync 1 DAGs
[2026-06-18T09:35:14.701+0000] {logging_mixin.py:188} INFO - [2026-06-18T09:35:14.700+0000] {dag.py:3954} INFO - Setting next_dagrun for weather_etl_pipeline to 2026-06-18 00:00:00+00:00, run_after=2026-06-19 00:00:00+00:00
[2026-06-18T09:35:14.747+0000] {processor.py:183} INFO - Processing /opt/airflow/dags/weather_etl_dag.py took 0.219 seconds
[2026-06-18T09:35:24.871+0000] {processor.py:161} INFO - Started process (PID=9778) to work on /opt/airflow/dags/weather_etl_dag.py
[2026-06-18T09:35:24.874+0000] {processor.py:830} INFO - Processing file /opt/airflow/dags/weather_etl_dag.py for tasks to queue
[2026-06-18T09:35:24.876+0000] {logging_mixin.py:188} INFO - [2026-06-18T09:35:24.875+0000] {dagbag.py:545} INFO - Filling up the DagBag from /opt/airflow/dags/weather_etl_dag.py
[2026-06-18T09:35:24.915+0000] {processor.py:840} INFO - DAG(s) 'weather_etl_pipeline' retrieved from /opt/airflow/dags/weather_etl_dag.py
[2026-06-18T09:35:24.962+0000] {logging_mixin.py:188} INFO - [2026-06-18T09:35:24.962+0000] {dag.py:3096} INFO - Sync 1 DAGs
[2026-06-18T09:35:25.005+0000] {logging_mixin.py:188} INFO - [2026-06-18T09:35:25.005+0000] {dag.py:3954} INFO - Setting next_dagrun for weather_etl_pipeline to 2026-06-18 00:00:00+00:00, run_after=2026-06-19 00:00:00+00:00
[2026-06-18T09:35:25.041+0000] {processor.py:183} INFO - Processing /opt/airflow/dags/weather_etl_dag.py took 0.182 seconds
[2026-06-18T09:35:36.972+0000] {processor.py:161} INFO - Started process (PID=9783) to work on /opt/airflow/dags/weather_etl_dag.py
[2026-06-18T09:35:36.977+0000] {processor.py:830} INFO - Processing file /opt/airflow/dags/weather_etl_dag.py for tasks to queue
[2026-06-18T09:35:36.984+0000] {logging_mixin.py:188} INFO - [2026-06-18T09:35:36.983+0000] {dagbag.py:545} INFO - Filling up the DagBag from /opt/airflow/dags/weather_etl_dag.py
[2026-06-18T09:35:37.254+0000] {processor.py:840} INFO - DAG(s) 'weather_etl_pipeline' retrieved from /opt/airflow/dags/weather_etl_dag.py
[2026-06-18T09:35:37.352+0000] {logging_mixin.py:188} INFO - [2026-06-18T09:35:37.351+0000] {dag.py:3096} INFO - Sync 1 DAGs
[2026-06-18T09:35:37.431+0000] {logging_mixin.py:188} INFO - [2026-06-18T09:35:37.430+0000] {dag.py:3954} INFO - Setting next_dagrun for weather_etl_pipeline to 2026-06-18 00:00:00+00:00, run_after=2026-06-19 00:00:00+00:00
[2026-06-18T09:35:37.486+0000] {processor.py:183} INFO - Processing /opt/airflow/dags/weather_etl_dag.py took 0.563 seconds
[2026-06-18T09:35:47.602+0000] {processor.py:161} INFO - Started process (PID=9788) to work on /opt/airflow/dags/weather_etl_dag.py
[2026-06-18T09:35:47.604+0000] {processor.py:830} INFO - Processing file /opt/airflow/dags/weather_etl_dag.py for tasks to queue
[2026-06-18T09:35:47.606+0000] {logging_mixin.py:188} INFO - [2026-06-18T09:35:47.605+0000] {dagbag.py:545} INFO - Filling up the DagBag from /opt/airflow/dags/weather_etl_dag.py
[2026-06-18T09:35:47.634+0000] {processor.py:840} INFO - DAG(s) 'weather_etl_pipeline' retrieved from /opt/airflow/dags/weather_etl_dag.py
[2026-06-18T09:35:47.674+0000] {logging_mixin.py:188} INFO - [2026-06-18T09:35:47.673+0000] {dag.py:3096} INFO - Sync 1 DAGs
[2026-06-18T09:35:47.701+0000] {logging_mixin.py:188} INFO - [2026-06-18T09:35:47.701+0000] {dag.py:3954} INFO - Setting next_dagrun for weather_etl_pipeline to 2026-06-18 00:00:00+00:00, run_after=2026-06-19 00:00:00+00:00
[2026-06-18T09:35:47.726+0000] {processor.py:183} INFO - Processing /opt/airflow/dags/weather_etl_dag.py took 0.135 seconds
[2026-06-18T09:35:57.832+0000] {processor.py:161} INFO - Started process (PID=9793) to work on /opt/airflow/dags/weather_etl_dag.py
[2026-06-18T09:35:57.834+0000] {processor.py:830} INFO - Processing file /opt/airflow/dags/weather_etl_dag.py for tasks to queue
[2026-06-18T09:35:57.836+0000] {logging_mixin.py:188} INFO - [2026-06-18T09:35:57.835+0000] {dagbag.py:545} INFO - Filling up the DagBag from /opt/airflow/dags/weather_etl_dag.py
[2026-06-18T09:35:57.871+0000] {processor.py:840} INFO - DAG(s) 'weather_etl_pipeline' retrieved from /opt/airflow/dags/weather_etl_dag.py
[2026-06-18T09:35:57.910+0000] {logging_mixin.py:188} INFO - [2026-06-18T09:35:57.910+0000] {dag.py:3096} INFO - Sync 1 DAGs
[2026-06-18T09:35:57.946+0000] {logging_mixin.py:188} INFO - [2026-06-18T09:35:57.946+0000] {dag.py:3954} INFO - Setting next_dagrun for weather_etl_pipeline to 2026-06-18 00:00:00+00:00, run_after=2026-06-19 00:00:00+00:00
[2026-06-18T09:35:57.974+0000] {processor.py:183} INFO - Processing /opt/airflow/dags/weather_etl_dag.py took 0.153 seconds
[2026-06-18T09:36:09.711+0000] {processor.py:161} INFO - Started process (PID=9798) to work on /opt/airflow/dags/weather_etl_dag.py
[2026-06-18T09:36:09.713+0000] {processor.py:830} INFO - Processing file /opt/airflow/dags/weather_etl_dag.py for tasks to queue
[2026-06-18T09:36:09.717+0000] {logging_mixin.py:188} INFO - [2026-06-18T09:36:09.716+0000] {dagbag.py:545} INFO - Filling up the DagBag from /opt/airflow/dags/weather_etl_dag.py
[2026-06-18T09:36:09.764+0000] {processor.py:840} INFO - DAG(s) 'weather_etl_pipeline' retrieved from /opt/airflow/dags/weather_etl_dag.py
[2026-06-18T09:36:09.810+0000] {logging_mixin.py:188} INFO - [2026-06-18T09:36:09.810+0000] {dag.py:3096} INFO - Sync 1 DAGs
[2026-06-18T09:36:09.845+0000] {logging_mixin.py:188} INFO - [2026-06-18T09:36:09.845+0000] {dag.py:3954} INFO - Setting next_dagrun for weather_etl_pipeline to 2026-06-18 00:00:00+00:00, run_after=2026-06-19 00:00:00+00:00
[2026-06-18T09:36:09.876+0000] {processor.py:183} INFO - Processing /opt/airflow/dags/weather_etl_dag.py took 0.233 seconds
[2026-06-18T09:36:20.002+0000] {processor.py:161} INFO - Started process (PID=9803) to work on /opt/airflow/dags/weather_etl_dag.py
[2026-06-18T09:36:20.005+0000] {processor.py:830} INFO - Processing file /opt/airflow/dags/weather_etl_dag.py for tasks to queue
[2026-06-18T09:36:20.008+0000] {logging_mixin.py:188} INFO - [2026-06-18T09:36:20.007+0000] {dagbag.py:545} INFO - Filling up the DagBag from /opt/airflow/dags/weather_etl_dag.py
[2026-06-18T09:36:20.062+0000] {processor.py:840} INFO - DAG(s) 'weather_etl_pipeline' retrieved from /opt/airflow/dags/weather_etl_dag.py
[2026-06-18T09:36:20.119+0000] {logging_mixin.py:188} INFO - [2026-06-18T09:36:20.119+0000] {dag.py:3096} INFO - Sync 1 DAGs
[2026-06-18T09:36:20.163+0000] {logging_mixin.py:188} INFO - [2026-06-18T09:36:20.163+0000] {dag.py:3954} INFO - Setting next_dagrun for weather_etl_pipeline to 2026-06-18 00:00:00+00:00, run_after=2026-06-19 00:00:00+00:00
[2026-06-18T09:36:20.194+0000] {processor.py:183} INFO - Processing /opt/airflow/dags/weather_etl_dag.py took 0.204 seconds
[2026-06-18T09:36:30.321+0000] {processor.py:161} INFO - Started process (PID=9808) to work on /opt/airflow/dags/weather_etl_dag.py
[2026-06-18T09:36:30.323+0000] {processor.py:830} INFO - Processing file /opt/airflow/dags/weather_etl_dag.py for tasks to queue
[2026-06-18T09:36:30.326+0000] {logging_mixin.py:188} INFO - [2026-06-18T09:36:30.325+0000] {dagbag.py:545} INFO - Filling up the DagBag from /opt/airflow/dags/weather_etl_dag.py
[2026-06-18T09:36:30.359+0000] {processor.py:840} INFO - DAG(s) 'weather_etl_pipeline' retrieved from /opt/airflow/dags/weather_etl_dag.py
[2026-06-18T09:36:30.407+0000] {logging_mixin.py:188} INFO - [2026-06-18T09:36:30.407+0000] {dag.py:3096} INFO - Sync 1 DAGs
[2026-06-18T09:36:30.445+0000] {logging_mixin.py:188} INFO - [2026-06-18T09:36:30.445+0000] {dag.py:3954} INFO - Setting next_dagrun for weather_etl_pipeline to 2026-06-18 00:00:00+00:00, run_after=2026-06-19 00:00:00+00:00
[2026-06-18T09:36:30.474+0000] {processor.py:183} INFO - Processing /opt/airflow/dags/weather_etl_dag.py took 0.165 seconds
[2026-06-18T09:36:41.181+0000] {processor.py:161} INFO - Started process (PID=9813) to work on /opt/airflow/dags/weather_etl_dag.py
[2026-06-18T09:36:41.183+0000] {processor.py:830} INFO - Processing file /opt/airflow/dags/weather_etl_dag.py for tasks to queue
[2026-06-18T09:36:41.185+0000] {logging_mixin.py:188} INFO - [2026-06-18T09:36:41.185+0000] {dagbag.py:545} INFO - Filling up the DagBag from /opt/airflow/dags/weather_etl_dag.py
[2026-06-18T09:36:41.220+0000] {processor.py:840} INFO - DAG(s) 'weather_etl_pipeline' retrieved from /opt/airflow/dags/weather_etl_dag.py
[2026-06-18T09:36:41.287+0000] {logging_mixin.py:188} INFO - [2026-06-18T09:36:41.286+0000] {dag.py:3096} INFO - Sync 1 DAGs
[2026-06-18T09:36:41.327+0000] {logging_mixin.py:188} INFO - [2026-06-18T09:36:41.327+0000] {dag.py:3954} INFO - Setting next_dagrun for weather_etl_pipeline to 2026-06-18 00:00:00+00:00, run_after=2026-06-19 00:00:00+00:00
[2026-06-18T09:36:41.358+0000] {processor.py:183} INFO - Processing /opt/airflow/dags/weather_etl_dag.py took 0.185 seconds
[2026-06-18T09:36:51.451+0000] {processor.py:161} INFO - Started process (PID=9818) to work on /opt/airflow/dags/weather_etl_dag.py
[2026-06-18T09:36:51.454+0000] {processor.py:830} INFO - Processing file /opt/airflow/dags/weather_etl_dag.py for tasks to queue
[2026-06-18T09:36:51.457+0000] {logging_mixin.py:188} INFO - [2026-06-18T09:36:51.456+0000] {dagbag.py:545} INFO - Filling up the DagBag from /opt/airflow/dags/weather_etl_dag.py
[2026-06-18T09:36:51.498+0000] {processor.py:840} INFO - DAG(s) 'weather_etl_pipeline' retrieved from /opt/airflow/dags/weather_etl_dag.py
[2026-06-18T09:36:51.542+0000] {logging_mixin.py:188} INFO - [2026-06-18T09:36:51.541+0000] {dag.py:3096} INFO - Sync 1 DAGs
[2026-06-18T09:36:51.582+0000] {logging_mixin.py:188} INFO - [2026-06-18T09:36:51.582+0000] {dag.py:3954} INFO - Setting next_dagrun for weather_etl_pipeline to 2026-06-18 00:00:00+00:00, run_after=2026-06-19 00:00:00+00:00
[2026-06-18T09:36:51.612+0000] {processor.py:183} INFO - Processing /opt/airflow/dags/weather_etl_dag.py took 0.173 seconds
[2026-06-18T09:37:01.734+0000] {processor.py:161} INFO - Started process (PID=9823) to work on /opt/airflow/dags/weather_etl_dag.py
[2026-06-18T09:37:01.736+0000] {processor.py:830} INFO - Processing file /opt/airflow/dags/weather_etl_dag.py for tasks to queue
[2026-06-18T09:37:01.738+0000] {logging_mixin.py:188} INFO - [2026-06-18T09:37:01.738+0000] {dagbag.py:545} INFO - Filling up the DagBag from /opt/airflow/dags/weather_etl_dag.py
[2026-06-18T09:37:01.775+0000] {processor.py:840} INFO - DAG(s) 'weather_etl_pipeline' retrieved from /opt/airflow/dags/weather_etl_dag.py
[2026-06-18T09:37:01.820+0000] {logging_mixin.py:188} INFO - [2026-06-18T09:37:01.820+0000] {dag.py:3096} INFO - Sync 1 DAGs
[2026-06-18T09:37:01.860+0000] {logging_mixin.py:188} INFO - [2026-06-18T09:37:01.859+0000] {dag.py:3954} INFO - Setting next_dagrun for weather_etl_pipeline to 2026-06-18 00:00:00+00:00, run_after=2026-06-19 00:00:00+00:00
[2026-06-18T09:37:01.891+0000] {processor.py:183} INFO - Processing /opt/airflow/dags/weather_etl_dag.py took 0.172 seconds
[2026-06-18T09:37:12.423+0000] {processor.py:161} INFO - Started process (PID=9828) to work on /opt/airflow/dags/weather_etl_dag.py
[2026-06-18T09:37:12.425+0000] {processor.py:830} INFO - Processing file /opt/airflow/dags/weather_etl_dag.py for tasks to queue
[2026-06-18T09:37:12.428+0000] {logging_mixin.py:188} INFO - [2026-06-18T09:37:12.427+0000] {dagbag.py:545} INFO - Filling up the DagBag from /opt/airflow/dags/weather_etl_dag.py
[2026-06-18T09:37:12.467+0000] {processor.py:840} INFO - DAG(s) 'weather_etl_pipeline' retrieved from /opt/airflow/dags/weather_etl_dag.py
[2026-06-18T09:37:12.509+0000] {logging_mixin.py:188} INFO - [2026-06-18T09:37:12.509+0000] {dag.py:3096} INFO - Sync 1 DAGs
[2026-06-18T09:37:12.541+0000] {logging_mixin.py:188} INFO - [2026-06-18T09:37:12.541+0000] {dag.py:3954} INFO - Setting next_dagrun for weather_etl_pipeline to 2026-06-18 00:00:00+00:00, run_after=2026-06-19 00:00:00+00:00
[2026-06-18T09:37:12.572+0000] {processor.py:183} INFO - Processing /opt/airflow/dags/weather_etl_dag.py took 0.162 seconds
[2026-06-18T09:37:22.674+0000] {processor.py:161} INFO - Started process (PID=9833) to work on /opt/airflow/dags/weather_etl_dag.py
[2026-06-18T09:37:22.675+0000] {processor.py:830} INFO - Processing file /opt/airflow/dags/weather_etl_dag.py for tasks to queue
[2026-06-18T09:37:22.677+0000] {logging_mixin.py:188} INFO - [2026-06-18T09:37:22.677+0000] {dagbag.py:545} INFO - Filling up the DagBag from /opt/airflow/dags/weather_etl_dag.py
[2026-06-18T09:37:22.708+0000] {processor.py:840} INFO - DAG(s) 'weather_etl_pipeline' retrieved from /opt/airflow/dags/weather_etl_dag.py
[2026-06-18T09:37:22.744+0000] {logging_mixin.py:188} INFO - [2026-06-18T09:37:22.744+0000] {dag.py:3096} INFO - Sync 1 DAGs
[2026-06-18T09:37:22.779+0000] {logging_mixin.py:188} INFO - [2026-06-18T09:37:22.778+0000] {dag.py:3954} INFO - Setting next_dagrun for weather_etl_pipeline to 2026-06-18 00:00:00+00:00, run_after=2026-06-19 00:00:00+00:00
[2026-06-18T09:37:22.809+0000] {processor.py:183} INFO - Processing /opt/airflow/dags/weather_etl_dag.py took 0.142 seconds
[2026-06-18T09:37:32.914+0000] {processor.py:161} INFO - Started process (PID=9838) to work on /opt/airflow/dags/weather_etl_dag.py
[2026-06-18T09:37:32.916+0000] {processor.py:830} INFO - Processing file /opt/airflow/dags/weather_etl_dag.py for tasks to queue
[2026-06-18T09:37:32.918+0000] {logging_mixin.py:188} INFO - [2026-06-18T09:37:32.918+0000] {dagbag.py:545} INFO - Filling up the DagBag from /opt/airflow/dags/weather_etl_dag.py
[2026-06-18T09:37:32.949+0000] {processor.py:840} INFO - DAG(s) 'weather_etl_pipeline' retrieved from /opt/airflow/dags/weather_etl_dag.py
[2026-06-18T09:37:32.986+0000] {logging_mixin.py:188} INFO - [2026-06-18T09:37:32.985+0000] {dag.py:3096} INFO - Sync 1 DAGs
[2026-06-18T09:37:33.015+0000] {logging_mixin.py:188} INFO - [2026-06-18T09:37:33.015+0000] {dag.py:3954} INFO - Setting next_dagrun for weather_etl_pipeline to 2026-06-18 00:00:00+00:00, run_after=2026-06-19 00:00:00+00:00
[2026-06-18T09:37:33.040+0000] {processor.py:183} INFO - Processing /opt/airflow/dags/weather_etl_dag.py took 0.135 seconds
[2026-06-18T09:37:43.145+0000] {processor.py:161} INFO - Started process (PID=9843) to work on /opt/airflow/dags/weather_etl_dag.py
[2026-06-18T09:37:43.148+0000] {processor.py:830} INFO - Processing file /opt/airflow/dags/weather_etl_dag.py for tasks to queue
[2026-06-18T09:37:43.150+0000] {logging_mixin.py:188} INFO - [2026-06-18T09:37:43.149+0000] {dagbag.py:545} INFO - Filling up the DagBag from /opt/airflow/dags/weather_etl_dag.py
[2026-06-18T09:37:43.182+0000] {processor.py:840} INFO - DAG(s) 'weather_etl_pipeline' retrieved from /opt/airflow/dags/weather_etl_dag.py
[2026-06-18T09:37:43.222+0000] {logging_mixin.py:188} INFO - [2026-06-18T09:37:43.222+0000] {dag.py:3096} INFO - Sync 1 DAGs
[2026-06-18T09:37:43.256+0000] {logging_mixin.py:188} INFO - [2026-06-18T09:37:43.256+0000] {dag.py:3954} INFO - Setting next_dagrun for weather_etl_pipeline to 2026-06-18 00:00:00+00:00, run_after=2026-06-19 00:00:00+00:00
[2026-06-18T09:37:43.319+0000] {processor.py:183} INFO - Processing /opt/airflow/dags/weather_etl_dag.py took 0.184 seconds
[2026-06-18T09:37:53.428+0000] {processor.py:161} INFO - Started process (PID=9848) to work on /opt/airflow/dags/weather_etl_dag.py
[2026-06-18T09:37:53.430+0000] {processor.py:830} INFO - Processing file /opt/airflow/dags/weather_etl_dag.py for tasks to queue
[2026-06-18T09:37:53.433+0000] {logging_mixin.py:188} INFO - [2026-06-18T09:37:53.432+0000] {dagbag.py:545} INFO - Filling up the DagBag from /opt/airflow/dags/weather_etl_dag.py
[2026-06-18T09:37:53.469+0000] {processor.py:840} INFO - DAG(s) 'weather_etl_pipeline' retrieved from /opt/airflow/dags/weather_etl_dag.py
[2026-06-18T09:37:53.514+0000] {logging_mixin.py:188} INFO - [2026-06-18T09:37:53.514+0000] {dag.py:3096} INFO - Sync 1 DAGs
[2026-06-18T09:37:53.546+0000] {logging_mixin.py:188} INFO - [2026-06-18T09:37:53.546+0000] {dag.py:3954} INFO - Setting next_dagrun for weather_etl_pipeline to 2026-06-18 00:00:00+00:00, run_after=2026-06-19 00:00:00+00:00
[2026-06-18T09:37:53.574+0000] {processor.py:183} INFO - Processing /opt/airflow/dags/weather_etl_dag.py took 0.157 seconds
[2026-06-18T09:38:03.674+0000] {processor.py:161} INFO - Started process (PID=9853) to work on /opt/airflow/dags/weather_etl_dag.py
[2026-06-18T09:38:03.676+0000] {processor.py:830} INFO - Processing file /opt/airflow/dags/weather_etl_dag.py for tasks to queue
[2026-06-18T09:38:03.678+0000] {logging_mixin.py:188} INFO - [2026-06-18T09:38:03.678+0000] {dagbag.py:545} INFO - Filling up the DagBag from /opt/airflow/dags/weather_etl_dag.py
[2026-06-18T09:38:03.710+0000] {processor.py:840} INFO - DAG(s) 'weather_etl_pipeline' retrieved from /opt/airflow/dags/weather_etl_dag.py
[2026-06-18T09:38:03.751+0000] {logging_mixin.py:188} INFO - [2026-06-18T09:38:03.751+0000] {dag.py:3096} INFO - Sync 1 DAGs
[2026-06-18T09:38:03.786+0000] {logging_mixin.py:188} INFO - [2026-06-18T09:38:03.786+0000] {dag.py:3954} INFO - Setting next_dagrun for weather_etl_pipeline to 2026-06-18 00:00:00+00:00, run_after=2026-06-19 00:00:00+00:00
[2026-06-18T09:38:03.812+0000] {processor.py:183} INFO - Processing /opt/airflow/dags/weather_etl_dag.py took 0.147 seconds
[2026-06-18T09:38:15.511+0000] {processor.py:161} INFO - Started process (PID=9858) to work on /opt/airflow/dags/weather_etl_dag.py
[2026-06-18T09:38:15.514+0000] {processor.py:830} INFO - Processing file /opt/airflow/dags/weather_etl_dag.py for tasks to queue
[2026-06-18T09:38:15.517+0000] {logging_mixin.py:188} INFO - [2026-06-18T09:38:15.516+0000] {dagbag.py:545} INFO - Filling up the DagBag from /opt/airflow/dags/weather_etl_dag.py
[2026-06-18T09:38:15.583+0000] {processor.py:840} INFO - DAG(s) 'weather_etl_pipeline' retrieved from /opt/airflow/dags/weather_etl_dag.py
[2026-06-18T09:38:15.653+0000] {logging_mixin.py:188} INFO - [2026-06-18T09:38:15.653+0000] {dag.py:3096} INFO - Sync 1 DAGs
[2026-06-18T09:38:15.702+0000] {logging_mixin.py:188} INFO - [2026-06-18T09:38:15.702+0000] {dag.py:3954} INFO - Setting next_dagrun for weather_etl_pipeline to 2026-06-18 00:00:00+00:00, run_after=2026-06-19 00:00:00+00:00
[2026-06-18T09:38:15.739+0000] {processor.py:183} INFO - Processing /opt/airflow/dags/weather_etl_dag.py took 0.243 seconds
[2026-06-18T09:38:25.840+0000] {processor.py:161} INFO - Started process (PID=9863) to work on /opt/airflow/dags/weather_etl_dag.py
[2026-06-18T09:38:25.841+0000] {processor.py:830} INFO - Processing file /opt/airflow/dags/weather_etl_dag.py for tasks to queue
[2026-06-18T09:38:25.843+0000] {logging_mixin.py:188} INFO - [2026-06-18T09:38:25.843+0000] {dagbag.py:545} INFO - Filling up the DagBag from /opt/airflow/dags/weather_etl_dag.py
[2026-06-18T09:38:25.869+0000] {processor.py:840} INFO - DAG(s) 'weather_etl_pipeline' retrieved from /opt/airflow/dags/weather_etl_dag.py
[2026-06-18T09:38:25.904+0000] {logging_mixin.py:188} INFO - [2026-06-18T09:38:25.904+0000] {dag.py:3096} INFO - Sync 1 DAGs
[2026-06-18T09:38:25.933+0000] {logging_mixin.py:188} INFO - [2026-06-18T09:38:25.933+0000] {dag.py:3954} INFO - Setting next_dagrun for weather_etl_pipeline to 2026-06-18 00:00:00+00:00, run_after=2026-06-19 00:00:00+00:00
[2026-06-18T09:38:25.959+0000] {processor.py:183} INFO - Processing /opt/airflow/dags/weather_etl_dag.py took 0.126 seconds
[2026-06-18T09:38:36.058+0000] {processor.py:161} INFO - Started process (PID=9868) to work on /opt/airflow/dags/weather_etl_dag.py
[2026-06-18T09:38:36.059+0000] {processor.py:830} INFO - Processing file /opt/airflow/dags/weather_etl_dag.py for tasks to queue
[2026-06-18T09:38:36.061+0000] {logging_mixin.py:188} INFO - [2026-06-18T09:38:36.061+0000] {dagbag.py:545} INFO - Filling up the DagBag from /opt/airflow/dags/weather_etl_dag.py
[2026-06-18T09:38:36.096+0000] {processor.py:840} INFO - DAG(s) 'weather_etl_pipeline' retrieved from /opt/airflow/dags/weather_etl_dag.py
[2026-06-18T09:38:36.133+0000] {logging_mixin.py:188} INFO - [2026-06-18T09:38:36.132+0000] {dag.py:3096} INFO - Sync 1 DAGs
[2026-06-18T09:38:36.163+0000] {logging_mixin.py:188} INFO - [2026-06-18T09:38:36.163+0000] {dag.py:3954} INFO - Setting next_dagrun for weather_etl_pipeline to 2026-06-18 00:00:00+00:00, run_after=2026-06-19 00:00:00+00:00
[2026-06-18T09:38:36.191+0000] {processor.py:183} INFO - Processing /opt/airflow/dags/weather_etl_dag.py took 0.142 seconds
[2026-06-18T09:38:47.853+0000] {processor.py:161} INFO - Started process (PID=9873) to work on /opt/airflow/dags/weather_etl_dag.py
[2026-06-18T09:38:47.854+0000] {processor.py:830} INFO - Processing file /opt/airflow/dags/weather_etl_dag.py for tasks to queue
[2026-06-18T09:38:47.856+0000] {logging_mixin.py:188} INFO - [2026-06-18T09:38:47.856+0000] {dagbag.py:545} INFO - Filling up the DagBag from /opt/airflow/dags/weather_etl_dag.py
[2026-06-18T09:38:47.886+0000] {processor.py:840} INFO - DAG(s) 'weather_etl_pipeline' retrieved from /opt/airflow/dags/weather_etl_dag.py
[2026-06-18T09:38:47.927+0000] {logging_mixin.py:188} INFO - [2026-06-18T09:38:47.926+0000] {dag.py:3096} INFO - Sync 1 DAGs
[2026-06-18T09:38:47.964+0000] {logging_mixin.py:188} INFO - [2026-06-18T09:38:47.964+0000] {dag.py:3954} INFO - Setting next_dagrun for weather_etl_pipeline to 2026-06-18 00:00:00+00:00, run_after=2026-06-19 00:00:00+00:00
[2026-06-18T09:38:47.995+0000] {processor.py:183} INFO - Processing /opt/airflow/dags/weather_etl_dag.py took 0.151 seconds
[2026-06-18T09:38:58.157+0000] {processor.py:161} INFO - Started process (PID=9878) to work on /opt/airflow/dags/weather_etl_dag.py
[2026-06-18T09:38:58.159+0000] {processor.py:830} INFO - Processing file /opt/airflow/dags/weather_etl_dag.py for tasks to queue
[2026-06-18T09:38:58.162+0000] {logging_mixin.py:188} INFO - [2026-06-18T09:38:58.162+0000] {dagbag.py:545} INFO - Filling up the DagBag from /opt/airflow/dags/weather_etl_dag.py
[2026-06-18T09:38:58.212+0000] {processor.py:840} INFO - DAG(s) 'weather_etl_pipeline' retrieved from /opt/airflow/dags/weather_etl_dag.py
[2026-06-18T09:38:58.280+0000] {logging_mixin.py:188} INFO - [2026-06-18T09:38:58.279+0000] {dag.py:3096} INFO - Sync 1 DAGs
[2026-06-18T09:38:58.324+0000] {logging_mixin.py:188} INFO - [2026-06-18T09:38:58.323+0000] {dag.py:3954} INFO - Setting next_dagrun for weather_etl_pipeline to 2026-06-18 00:00:00+00:00, run_after=2026-06-19 00:00:00+00:00
[2026-06-18T09:38:58.378+0000] {processor.py:183} INFO - Processing /opt/airflow/dags/weather_etl_dag.py took 0.233 seconds
[2026-06-18T09:39:08.503+0000] {processor.py:161} INFO - Started process (PID=9883) to work on /opt/airflow/dags/weather_etl_dag.py
[2026-06-18T09:39:08.505+0000] {processor.py:830} INFO - Processing file /opt/airflow/dags/weather_etl_dag.py for tasks to queue
[2026-06-18T09:39:08.507+0000] {logging_mixin.py:188} INFO - [2026-06-18T09:39:08.507+0000] {dagbag.py:545} INFO - Filling up the DagBag from /opt/airflow/dags/weather_etl_dag.py
[2026-06-18T09:39:08.542+0000] {processor.py:840} INFO - DAG(s) 'weather_etl_pipeline' retrieved from /opt/airflow/dags/weather_etl_dag.py
[2026-06-18T09:39:08.586+0000] {logging_mixin.py:188} INFO - [2026-06-18T09:39:08.586+0000] {dag.py:3096} INFO - Sync 1 DAGs
[2026-06-18T09:39:08.620+0000] {logging_mixin.py:188} INFO - [2026-06-18T09:39:08.620+0000] {dag.py:3954} INFO - Setting next_dagrun for weather_etl_pipeline to 2026-06-18 00:00:00+00:00, run_after=2026-06-19 00:00:00+00:00
[2026-06-18T09:39:08.647+0000] {processor.py:183} INFO - Processing /opt/airflow/dags/weather_etl_dag.py took 0.153 seconds
[2026-06-18T09:39:20.293+0000] {processor.py:161} INFO - Started process (PID=9888) to work on /opt/airflow/dags/weather_etl_dag.py
[2026-06-18T09:39:20.295+0000] {processor.py:830} INFO - Processing file /opt/airflow/dags/weather_etl_dag.py for tasks to queue
[2026-06-18T09:39:20.297+0000] {logging_mixin.py:188} INFO - [2026-06-18T09:39:20.297+0000] {dagbag.py:545} INFO - Filling up the DagBag from /opt/airflow/dags/weather_etl_dag.py
[2026-06-18T09:39:20.325+0000] {processor.py:840} INFO - DAG(s) 'weather_etl_pipeline' retrieved from /opt/airflow/dags/weather_etl_dag.py
[2026-06-18T09:39:20.366+0000] {logging_mixin.py:188} INFO - [2026-06-18T09:39:20.366+0000] {dag.py:3096} INFO - Sync 1 DAGs
[2026-06-18T09:39:20.398+0000] {logging_mixin.py:188} INFO - [2026-06-18T09:39:20.398+0000] {dag.py:3954} INFO - Setting next_dagrun for weather_etl_pipeline to 2026-06-18 00:00:00+00:00, run_after=2026-06-19 00:00:00+00:00
[2026-06-18T09:39:20.511+0000] {processor.py:183} INFO - Processing /opt/airflow/dags/weather_etl_dag.py took 0.226 seconds
[2026-06-18T09:39:30.648+0000] {processor.py:161} INFO - Started process (PID=9893) to work on /opt/airflow/dags/weather_etl_dag.py
[2026-06-18T09:39:30.651+0000] {processor.py:830} INFO - Processing file /opt/airflow/dags/weather_etl_dag.py for tasks to queue
[2026-06-18T09:39:30.656+0000] {logging_mixin.py:188} INFO - [2026-06-18T09:39:30.655+0000] {dagbag.py:545} INFO - Filling up the DagBag from /opt/airflow/dags/weather_etl_dag.py
[2026-06-18T09:39:30.687+0000] {processor.py:840} INFO - DAG(s) 'weather_etl_pipeline' retrieved from /opt/airflow/dags/weather_etl_dag.py
[2026-06-18T09:39:30.729+0000] {logging_mixin.py:188} INFO - [2026-06-18T09:39:30.728+0000] {dag.py:3096} INFO - Sync 1 DAGs
[2026-06-18T09:39:30.770+0000] {logging_mixin.py:188} INFO - [2026-06-18T09:39:30.770+0000] {dag.py:3954} INFO - Setting next_dagrun for weather_etl_pipeline to 2026-06-18 00:00:00+00:00, run_after=2026-06-19 00:00:00+00:00
[2026-06-18T09:39:30.806+0000] {processor.py:183} INFO - Processing /opt/airflow/dags/weather_etl_dag.py took 0.167 seconds
[2026-06-18T09:39:40.917+0000] {processor.py:161} INFO - Started process (PID=9898) to work on /opt/airflow/dags/weather_etl_dag.py
[2026-06-18T09:39:40.919+0000] {processor.py:830} INFO - Processing file /opt/airflow/dags/weather_etl_dag.py for tasks to queue
[2026-06-18T09:39:40.921+0000] {logging_mixin.py:188} INFO - [2026-06-18T09:39:40.921+0000] {dagbag.py:545} INFO - Filling up the DagBag from /opt/airflow/dags/weather_etl_dag.py
[2026-06-18T09:39:40.954+0000] {processor.py:840} INFO - DAG(s) 'weather_etl_pipeline' retrieved from /opt/airflow/dags/weather_etl_dag.py
[2026-06-18T09:39:40.992+0000] {logging_mixin.py:188} INFO - [2026-06-18T09:39:40.992+0000] {dag.py:3096} INFO - Sync 1 DAGs
[2026-06-18T09:39:41.026+0000] {logging_mixin.py:188} INFO - [2026-06-18T09:39:41.025+0000] {dag.py:3954} INFO - Setting next_dagrun for weather_etl_pipeline to 2026-06-18 00:00:00+00:00, run_after=2026-06-19 00:00:00+00:00
[2026-06-18T09:39:41.050+0000] {processor.py:183} INFO - Processing /opt/airflow/dags/weather_etl_dag.py took 0.141 seconds
[2026-06-18T09:39:53.834+0000] {processor.py:161} INFO - Started process (PID=9903) to work on /opt/airflow/dags/weather_etl_dag.py
[2026-06-18T09:39:53.837+0000] {processor.py:830} INFO - Processing file /opt/airflow/dags/weather_etl_dag.py for tasks to queue
[2026-06-18T09:39:53.842+0000] {logging_mixin.py:188} INFO - [2026-06-18T09:39:53.840+0000] {dagbag.py:545} INFO - Filling up the DagBag from /opt/airflow/dags/weather_etl_dag.py
[2026-06-18T09:39:53.905+0000] {processor.py:840} INFO - DAG(s) 'weather_etl_pipeline' retrieved from /opt/airflow/dags/weather_etl_dag.py
[2026-06-18T09:39:53.955+0000] {logging_mixin.py:188} INFO - [2026-06-18T09:39:53.954+0000] {dag.py:3096} INFO - Sync 1 DAGs
[2026-06-18T09:39:53.996+0000] {logging_mixin.py:188} INFO - [2026-06-18T09:39:53.996+0000] {dag.py:3954} INFO - Setting next_dagrun for weather_etl_pipeline to 2026-06-18 00:00:00+00:00, run_after=2026-06-19 00:00:00+00:00
[2026-06-18T09:39:54.049+0000] {processor.py:183} INFO - Processing /opt/airflow/dags/weather_etl_dag.py took 0.283 seconds
[2026-06-18T09:40:04.244+0000] {processor.py:161} INFO - Started process (PID=9908) to work on /opt/airflow/dags/weather_etl_dag.py
[2026-06-18T09:40:04.246+0000] {processor.py:830} INFO - Processing file /opt/airflow/dags/weather_etl_dag.py for tasks to queue
[2026-06-18T09:40:04.247+0000] {logging_mixin.py:188} INFO - [2026-06-18T09:40:04.247+0000] {dagbag.py:545} INFO - Filling up the DagBag from /opt/airflow/dags/weather_etl_dag.py
[2026-06-18T09:40:04.277+0000] {processor.py:840} INFO - DAG(s) 'weather_etl_pipeline' retrieved from /opt/airflow/dags/weather_etl_dag.py
[2026-06-18T09:40:04.321+0000] {logging_mixin.py:188} INFO - [2026-06-18T09:40:04.321+0000] {dag.py:3096} INFO - Sync 1 DAGs
[2026-06-18T09:40:04.358+0000] {logging_mixin.py:188} INFO - [2026-06-18T09:40:04.358+0000] {dag.py:3954} INFO - Setting next_dagrun for weather_etl_pipeline to 2026-06-18 00:00:00+00:00, run_after=2026-06-19 00:00:00+00:00
[2026-06-18T09:40:04.387+0000] {processor.py:183} INFO - Processing /opt/airflow/dags/weather_etl_dag.py took 0.150 seconds
[2026-06-18T09:40:14.481+0000] {processor.py:161} INFO - Started process (PID=9913) to work on /opt/airflow/dags/weather_etl_dag.py
[2026-06-18T09:40:14.483+0000] {processor.py:830} INFO - Processing file /opt/airflow/dags/weather_etl_dag.py for tasks to queue
[2026-06-18T09:40:14.485+0000] {logging_mixin.py:188} INFO - [2026-06-18T09:40:14.484+0000] {dagbag.py:545} INFO - Filling up the DagBag from /opt/airflow/dags/weather_etl_dag.py
[2026-06-18T09:40:14.514+0000] {processor.py:840} INFO - DAG(s) 'weather_etl_pipeline' retrieved from /opt/airflow/dags/weather_etl_dag.py
[2026-06-18T09:40:14.558+0000] {logging_mixin.py:188} INFO - [2026-06-18T09:40:14.557+0000] {dag.py:3096} INFO - Sync 1 DAGs
[2026-06-18T09:40:14.589+0000] {logging_mixin.py:188} INFO - [2026-06-18T09:40:14.589+0000] {dag.py:3954} INFO - Setting next_dagrun for weather_etl_pipeline to 2026-06-18 00:00:00+00:00, run_after=2026-06-19 00:00:00+00:00
[2026-06-18T09:40:14.616+0000] {processor.py:183} INFO - Processing /opt/airflow/dags/weather_etl_dag.py took 0.143 seconds
[2026-06-18T09:40:26.294+0000] {processor.py:161} INFO - Started process (PID=9918) to work on /opt/airflow/dags/weather_etl_dag.py
[2026-06-18T09:40:26.296+0000] {processor.py:830} INFO - Processing file /opt/airflow/dags/weather_etl_dag.py for tasks to queue
[2026-06-18T09:40:26.298+0000] {logging_mixin.py:188} INFO - [2026-06-18T09:40:26.297+0000] {dagbag.py:545} INFO - Filling up the DagBag from /opt/airflow/dags/weather_etl_dag.py
[2026-06-18T09:40:26.345+0000] {processor.py:840} INFO - DAG(s) 'weather_etl_pipeline' retrieved from /opt/airflow/dags/weather_etl_dag.py
[2026-06-18T09:40:26.404+0000] {logging_mixin.py:188} INFO - [2026-06-18T09:40:26.404+0000] {dag.py:3096} INFO - Sync 1 DAGs
[2026-06-18T09:40:26.466+0000] {logging_mixin.py:188} INFO - [2026-06-18T09:40:26.465+0000] {dag.py:3954} INFO - Setting next_dagrun for weather_etl_pipeline to 2026-06-18 00:00:00+00:00, run_after=2026-06-19 00:00:00+00:00
[2026-06-18T09:40:26.538+0000] {processor.py:183} INFO - Processing /opt/airflow/dags/weather_etl_dag.py took 0.272 seconds
[2026-06-18T09:40:36.670+0000] {processor.py:161} INFO - Started process (PID=9923) to work on /opt/airflow/dags/weather_etl_dag.py
[2026-06-18T09:40:36.672+0000] {processor.py:830} INFO - Processing file /opt/airflow/dags/weather_etl_dag.py for tasks to queue
[2026-06-18T09:40:36.674+0000] {logging_mixin.py:188} INFO - [2026-06-18T09:40:36.673+0000] {dagbag.py:545} INFO - Filling up the DagBag from /opt/airflow/dags/weather_etl_dag.py
[2026-06-18T09:40:36.705+0000] {processor.py:840} INFO - DAG(s) 'weather_etl_pipeline' retrieved from /opt/airflow/dags/weather_etl_dag.py
[2026-06-18T09:40:36.743+0000] {logging_mixin.py:188} INFO - [2026-06-18T09:40:36.743+0000] {dag.py:3096} INFO - Sync 1 DAGs
[2026-06-18T09:40:36.773+0000] {logging_mixin.py:188} INFO - [2026-06-18T09:40:36.773+0000] {dag.py:3954} INFO - Setting next_dagrun for weather_etl_pipeline to 2026-06-18 00:00:00+00:00, run_after=2026-06-19 00:00:00+00:00
[2026-06-18T09:40:36.804+0000] {processor.py:183} INFO - Processing /opt/airflow/dags/weather_etl_dag.py took 0.143 seconds
[2026-06-18T09:40:46.900+0000] {processor.py:161} INFO - Started process (PID=9928) to work on /opt/airflow/dags/weather_etl_dag.py
[2026-06-18T09:40:46.902+0000] {processor.py:830} INFO - Processing file /opt/airflow/dags/weather_etl_dag.py for tasks to queue
[2026-06-18T09:40:46.903+0000] {logging_mixin.py:188} INFO - [2026-06-18T09:40:46.903+0000] {dagbag.py:545} INFO - Filling up the DagBag from /opt/airflow/dags/weather_etl_dag.py
[2026-06-18T09:40:46.930+0000] {processor.py:840} INFO - DAG(s) 'weather_etl_pipeline' retrieved from /opt/airflow/dags/weather_etl_dag.py
[2026-06-18T09:40:46.964+0000] {logging_mixin.py:188} INFO - [2026-06-18T09:40:46.964+0000] {dag.py:3096} INFO - Sync 1 DAGs
[2026-06-18T09:40:46.993+0000] {logging_mixin.py:188} INFO - [2026-06-18T09:40:46.992+0000] {dag.py:3954} INFO - Setting next_dagrun for weather_etl_pipeline to 2026-06-18 00:00:00+00:00, run_after=2026-06-19 00:00:00+00:00
[2026-06-18T09:40:47.021+0000] {processor.py:183} INFO - Processing /opt/airflow/dags/weather_etl_dag.py took 0.130 seconds
[2026-06-18T09:40:57.775+0000] {processor.py:161} INFO - Started process (PID=9933) to work on /opt/airflow/dags/weather_etl_dag.py
[2026-06-18T09:40:57.778+0000] {processor.py:830} INFO - Processing file /opt/airflow/dags/weather_etl_dag.py for tasks to queue
[2026-06-18T09:40:57.782+0000] {logging_mixin.py:188} INFO - [2026-06-18T09:40:57.781+0000] {dagbag.py:545} INFO - Filling up the DagBag from /opt/airflow/dags/weather_etl_dag.py
[2026-06-18T09:40:57.828+0000] {processor.py:840} INFO - DAG(s) 'weather_etl_pipeline' retrieved from /opt/airflow/dags/weather_etl_dag.py
[2026-06-18T09:40:57.885+0000] {logging_mixin.py:188} INFO - [2026-06-18T09:40:57.884+0000] {dag.py:3096} INFO - Sync 1 DAGs
[2026-06-18T09:40:57.921+0000] {logging_mixin.py:188} INFO - [2026-06-18T09:40:57.921+0000] {dag.py:3954} INFO - Setting next_dagrun for weather_etl_pipeline to 2026-06-18 00:00:00+00:00, run_after=2026-06-19 00:00:00+00:00
[2026-06-18T09:40:57.950+0000] {processor.py:183} INFO - Processing /opt/airflow/dags/weather_etl_dag.py took 0.192 seconds
[2026-06-18T09:41:08.044+0000] {processor.py:161} INFO - Started process (PID=9938) to work on /opt/airflow/dags/weather_etl_dag.py
[2026-06-18T09:41:08.045+0000] {processor.py:830} INFO - Processing file /opt/airflow/dags/weather_etl_dag.py for tasks to queue
[2026-06-18T09:41:08.047+0000] {logging_mixin.py:188} INFO - [2026-06-18T09:41:08.047+0000] {dagbag.py:545} INFO - Filling up the DagBag from /opt/airflow/dags/weather_etl_dag.py
[2026-06-18T09:41:08.073+0000] {processor.py:840} INFO - DAG(s) 'weather_etl_pipeline' retrieved from /opt/airflow/dags/weather_etl_dag.py
[2026-06-18T09:41:08.107+0000] {logging_mixin.py:188} INFO - [2026-06-18T09:41:08.107+0000] {dag.py:3096} INFO - Sync 1 DAGs
[2026-06-18T09:41:08.136+0000] {logging_mixin.py:188} INFO - [2026-06-18T09:41:08.136+0000] {dag.py:3954} INFO - Setting next_dagrun for weather_etl_pipeline to 2026-06-18 00:00:00+00:00, run_after=2026-06-19 00:00:00+00:00
[2026-06-18T09:41:08.264+0000] {processor.py:183} INFO - Processing /opt/airflow/dags/weather_etl_dag.py took 0.228 seconds
[2026-06-18T09:41:18.368+0000] {processor.py:161} INFO - Started process (PID=9943) to work on /opt/airflow/dags/weather_etl_dag.py
[2026-06-18T09:41:18.370+0000] {processor.py:830} INFO - Processing file /opt/airflow/dags/weather_etl_dag.py for tasks to queue
[2026-06-18T09:41:18.372+0000] {logging_mixin.py:188} INFO - [2026-06-18T09:41:18.371+0000] {dagbag.py:545} INFO - Filling up the DagBag from /opt/airflow/dags/weather_etl_dag.py
[2026-06-18T09:41:18.407+0000] {processor.py:840} INFO - DAG(s) 'weather_etl_pipeline' retrieved from /opt/airflow/dags/weather_etl_dag.py
[2026-06-18T09:41:18.451+0000] {logging_mixin.py:188} INFO - [2026-06-18T09:41:18.451+0000] {dag.py:3096} INFO - Sync 1 DAGs
[2026-06-18T09:41:18.484+0000] {logging_mixin.py:188} INFO - [2026-06-18T09:41:18.484+0000] {dag.py:3954} INFO - Setting next_dagrun for weather_etl_pipeline to 2026-06-18 00:00:00+00:00, run_after=2026-06-19 00:00:00+00:00
[2026-06-18T09:41:18.514+0000] {processor.py:183} INFO - Processing /opt/airflow/dags/weather_etl_dag.py took 0.154 seconds
[2026-06-18T09:41:29.034+0000] {processor.py:161} INFO - Started process (PID=9948) to work on /opt/airflow/dags/weather_etl_dag.py
[2026-06-18T09:41:29.036+0000] {processor.py:830} INFO - Processing file /opt/airflow/dags/weather_etl_dag.py for tasks to queue
[2026-06-18T09:41:29.038+0000] {logging_mixin.py:188} INFO - [2026-06-18T09:41:29.037+0000] {dagbag.py:545} INFO - Filling up the DagBag from /opt/airflow/dags/weather_etl_dag.py
[2026-06-18T09:41:29.071+0000] {processor.py:840} INFO - DAG(s) 'weather_etl_pipeline' retrieved from /opt/airflow/dags/weather_etl_dag.py
[2026-06-18T09:41:29.115+0000] {logging_mixin.py:188} INFO - [2026-06-18T09:41:29.115+0000] {dag.py:3096} INFO - Sync 1 DAGs
[2026-06-18T09:41:29.150+0000] {logging_mixin.py:188} INFO - [2026-06-18T09:41:29.150+0000] {dag.py:3954} INFO - Setting next_dagrun for weather_etl_pipeline to 2026-06-18 00:00:00+00:00, run_after=2026-06-19 00:00:00+00:00
[2026-06-18T09:41:29.181+0000] {processor.py:183} INFO - Processing /opt/airflow/dags/weather_etl_dag.py took 0.157 seconds
[2026-06-18T09:41:39.289+0000] {processor.py:161} INFO - Started process (PID=9953) to work on /opt/airflow/dags/weather_etl_dag.py
[2026-06-18T09:41:39.292+0000] {processor.py:830} INFO - Processing file /opt/airflow/dags/weather_etl_dag.py for tasks to queue
[2026-06-18T09:41:39.294+0000] {logging_mixin.py:188} INFO - [2026-06-18T09:41:39.293+0000] {dagbag.py:545} INFO - Filling up the DagBag from /opt/airflow/dags/weather_etl_dag.py
[2026-06-18T09:41:39.333+0000] {processor.py:840} INFO - DAG(s) 'weather_etl_pipeline' retrieved from /opt/airflow/dags/weather_etl_dag.py
[2026-06-18T09:41:39.379+0000] {logging_mixin.py:188} INFO - [2026-06-18T09:41:39.379+0000] {dag.py:3096} INFO - Sync 1 DAGs
[2026-06-18T09:41:39.415+0000] {logging_mixin.py:188} INFO - [2026-06-18T09:41:39.414+0000] {dag.py:3954} INFO - Setting next_dagrun for weather_etl_pipeline to 2026-06-18 00:00:00+00:00, run_after=2026-06-19 00:00:00+00:00
[2026-06-18T09:41:39.444+0000] {processor.py:183} INFO - Processing /opt/airflow/dags/weather_etl_dag.py took 0.166 seconds
[2026-06-18T09:41:49.559+0000] {processor.py:161} INFO - Started process (PID=9958) to work on /opt/airflow/dags/weather_etl_dag.py
[2026-06-18T09:41:49.563+0000] {processor.py:830} INFO - Processing file /opt/airflow/dags/weather_etl_dag.py for tasks to queue
[2026-06-18T09:41:49.565+0000] {logging_mixin.py:188} INFO - [2026-06-18T09:41:49.565+0000] {dagbag.py:545} INFO - Filling up the DagBag from /opt/airflow/dags/weather_etl_dag.py
[2026-06-18T09:41:49.596+0000] {processor.py:840} INFO - DAG(s) 'weather_etl_pipeline' retrieved from /opt/airflow/dags/weather_etl_dag.py
[2026-06-18T09:41:49.636+0000] {logging_mixin.py:188} INFO - [2026-06-18T09:41:49.635+0000] {dag.py:3096} INFO - Sync 1 DAGs
[2026-06-18T09:41:49.668+0000] {logging_mixin.py:188} INFO - [2026-06-18T09:41:49.668+0000] {dag.py:3954} INFO - Setting next_dagrun for weather_etl_pipeline to 2026-06-18 00:00:00+00:00, run_after=2026-06-19 00:00:00+00:00
[2026-06-18T09:41:49.695+0000] {processor.py:183} INFO - Processing /opt/airflow/dags/weather_etl_dag.py took 0.156 seconds
[2026-06-18T09:41:59.931+0000] {processor.py:161} INFO - Started process (PID=9963) to work on /opt/airflow/dags/weather_etl_dag.py
[2026-06-18T09:41:59.933+0000] {processor.py:830} INFO - Processing file /opt/airflow/dags/weather_etl_dag.py for tasks to queue
[2026-06-18T09:41:59.935+0000] {logging_mixin.py:188} INFO - [2026-06-18T09:41:59.934+0000] {dagbag.py:545} INFO - Filling up the DagBag from /opt/airflow/dags/weather_etl_dag.py
[2026-06-18T09:41:59.968+0000] {processor.py:840} INFO - DAG(s) 'weather_etl_pipeline' retrieved from /opt/airflow/dags/weather_etl_dag.py
[2026-06-18T09:42:00.011+0000] {logging_mixin.py:188} INFO - [2026-06-18T09:42:00.010+0000] {dag.py:3096} INFO - Sync 1 DAGs
[2026-06-18T09:42:00.050+0000] {logging_mixin.py:188} INFO - [2026-06-18T09:42:00.050+0000] {dag.py:3954} INFO - Setting next_dagrun for weather_etl_pipeline to 2026-06-18 00:00:00+00:00, run_after=2026-06-19 00:00:00+00:00
[2026-06-18T09:42:00.077+0000] {processor.py:183} INFO - Processing /opt/airflow/dags/weather_etl_dag.py took 0.155 seconds
[2026-06-18T09:42:10.208+0000] {processor.py:161} INFO - Started process (PID=9968) to work on /opt/airflow/dags/weather_etl_dag.py
[2026-06-18T09:42:10.210+0000] {processor.py:830} INFO - Processing file /opt/airflow/dags/weather_etl_dag.py for tasks to queue
[2026-06-18T09:42:10.212+0000] {logging_mixin.py:188} INFO - [2026-06-18T09:42:10.211+0000] {dagbag.py:545} INFO - Filling up the DagBag from /opt/airflow/dags/weather_etl_dag.py
[2026-06-18T09:42:10.245+0000] {processor.py:840} INFO - DAG(s) 'weather_etl_pipeline' retrieved from /opt/airflow/dags/weather_etl_dag.py
[2026-06-18T09:42:10.284+0000] {logging_mixin.py:188} INFO - [2026-06-18T09:42:10.284+0000] {dag.py:3096} INFO - Sync 1 DAGs
[2026-06-18T09:42:10.316+0000] {logging_mixin.py:188} INFO - [2026-06-18T09:42:10.316+0000] {dag.py:3954} INFO - Setting next_dagrun for weather_etl_pipeline to 2026-06-18 00:00:00+00:00, run_after=2026-06-19 00:00:00+00:00
[2026-06-18T09:42:10.450+0000] {processor.py:183} INFO - Processing /opt/airflow/dags/weather_etl_dag.py took 0.253 seconds
[2026-06-18T09:42:20.553+0000] {processor.py:161} INFO - Started process (PID=9973) to work on /opt/airflow/dags/weather_etl_dag.py
[2026-06-18T09:42:20.555+0000] {processor.py:830} INFO - Processing file /opt/airflow/dags/weather_etl_dag.py for tasks to queue
[2026-06-18T09:42:20.557+0000] {logging_mixin.py:188} INFO - [2026-06-18T09:42:20.556+0000] {dagbag.py:545} INFO - Filling up the DagBag from /opt/airflow/dags/weather_etl_dag.py
[2026-06-18T09:42:20.585+0000] {processor.py:840} INFO - DAG(s) 'weather_etl_pipeline' retrieved from /opt/airflow/dags/weather_etl_dag.py
[2026-06-18T09:42:20.624+0000] {logging_mixin.py:188} INFO - [2026-06-18T09:42:20.624+0000] {dag.py:3096} INFO - Sync 1 DAGs
[2026-06-18T09:42:20.658+0000] {logging_mixin.py:188} INFO - [2026-06-18T09:42:20.658+0000] {dag.py:3954} INFO - Setting next_dagrun for weather_etl_pipeline to 2026-06-18 00:00:00+00:00, run_after=2026-06-19 00:00:00+00:00
[2026-06-18T09:42:20.747+0000] {processor.py:183} INFO - Processing /opt/airflow/dags/weather_etl_dag.py took 0.203 seconds
[2026-06-18T09:42:31.330+0000] {processor.py:161} INFO - Started process (PID=9978) to work on /opt/airflow/dags/weather_etl_dag.py
[2026-06-18T09:42:31.332+0000] {processor.py:830} INFO - Processing file /opt/airflow/dags/weather_etl_dag.py for tasks to queue
[2026-06-18T09:42:31.334+0000] {logging_mixin.py:188} INFO - [2026-06-18T09:42:31.333+0000] {dagbag.py:545} INFO - Filling up the DagBag from /opt/airflow/dags/weather_etl_dag.py
[2026-06-18T09:42:31.363+0000] {processor.py:840} INFO - DAG(s) 'weather_etl_pipeline' retrieved from /opt/airflow/dags/weather_etl_dag.py
[2026-06-18T09:42:31.402+0000] {logging_mixin.py:188} INFO - [2026-06-18T09:42:31.402+0000] {dag.py:3096} INFO - Sync 1 DAGs
[2026-06-18T09:42:31.431+0000] {logging_mixin.py:188} INFO - [2026-06-18T09:42:31.430+0000] {dag.py:3954} INFO - Setting next_dagrun for weather_etl_pipeline to 2026-06-18 00:00:00+00:00, run_after=2026-06-19 00:00:00+00:00
[2026-06-18T09:42:31.459+0000] {processor.py:183} INFO - Processing /opt/airflow/dags/weather_etl_dag.py took 0.137 seconds
[2026-06-18T09:42:41.565+0000] {processor.py:161} INFO - Started process (PID=9983) to work on /opt/airflow/dags/weather_etl_dag.py
[2026-06-18T09:42:41.567+0000] {processor.py:830} INFO - Processing file /opt/airflow/dags/weather_etl_dag.py for tasks to queue
[2026-06-18T09:42:41.569+0000] {logging_mixin.py:188} INFO - [2026-06-18T09:42:41.568+0000] {dagbag.py:545} INFO - Filling up the DagBag from /opt/airflow/dags/weather_etl_dag.py
[2026-06-18T09:42:41.604+0000] {processor.py:840} INFO - DAG(s) 'weather_etl_pipeline' retrieved from /opt/airflow/dags/weather_etl_dag.py
[2026-06-18T09:42:41.649+0000] {logging_mixin.py:188} INFO - [2026-06-18T09:42:41.649+0000] {dag.py:3096} INFO - Sync 1 DAGs
[2026-06-18T09:42:41.684+0000] {logging_mixin.py:188} INFO - [2026-06-18T09:42:41.684+0000] {dag.py:3954} INFO - Setting next_dagrun for weather_etl_pipeline to 2026-06-18 00:00:00+00:00, run_after=2026-06-19 00:00:00+00:00
[2026-06-18T09:42:41.714+0000] {processor.py:183} INFO - Processing /opt/airflow/dags/weather_etl_dag.py took 0.156 seconds
[2026-06-18T09:42:51.810+0000] {processor.py:161} INFO - Started process (PID=9988) to work on /opt/airflow/dags/weather_etl_dag.py
[2026-06-18T09:42:51.811+0000] {processor.py:830} INFO - Processing file /opt/airflow/dags/weather_etl_dag.py for tasks to queue
[2026-06-18T09:42:51.813+0000] {logging_mixin.py:188} INFO - [2026-06-18T09:42:51.813+0000] {dagbag.py:545} INFO - Filling up the DagBag from /opt/airflow/dags/weather_etl_dag.py
[2026-06-18T09:42:51.840+0000] {processor.py:840} INFO - DAG(s) 'weather_etl_pipeline' retrieved from /opt/airflow/dags/weather_etl_dag.py
[2026-06-18T09:42:51.888+0000] {logging_mixin.py:188} INFO - [2026-06-18T09:42:51.888+0000] {dag.py:3096} INFO - Sync 1 DAGs
[2026-06-18T09:42:51.927+0000] {logging_mixin.py:188} INFO - [2026-06-18T09:42:51.927+0000] {dag.py:3954} INFO - Setting next_dagrun for weather_etl_pipeline to 2026-06-18 00:00:00+00:00, run_after=2026-06-19 00:00:00+00:00
[2026-06-18T09:42:51.974+0000] {processor.py:183} INFO - Processing /opt/airflow/dags/weather_etl_dag.py took 0.170 seconds
[2026-06-18T09:43:03.814+0000] {processor.py:161} INFO - Started process (PID=9993) to work on /opt/airflow/dags/weather_etl_dag.py
[2026-06-18T09:43:03.816+0000] {processor.py:830} INFO - Processing file /opt/airflow/dags/weather_etl_dag.py for tasks to queue
[2026-06-18T09:43:03.818+0000] {logging_mixin.py:188} INFO - [2026-06-18T09:43:03.818+0000] {dagbag.py:545} INFO - Filling up the DagBag from /opt/airflow/dags/weather_etl_dag.py
[2026-06-18T09:43:03.862+0000] {processor.py:840} INFO - DAG(s) 'weather_etl_pipeline' retrieved from /opt/airflow/dags/weather_etl_dag.py
[2026-06-18T09:43:04.024+0000] {logging_mixin.py:188} INFO - [2026-06-18T09:43:04.019+0000] {dag.py:3096} INFO - Sync 1 DAGs
[2026-06-18T09:43:04.071+0000] {logging_mixin.py:188} INFO - [2026-06-18T09:43:04.071+0000] {dag.py:3954} INFO - Setting next_dagrun for weather_etl_pipeline to 2026-06-18 00:00:00+00:00, run_after=2026-06-19 00:00:00+00:00
[2026-06-18T09:43:04.103+0000] {processor.py:183} INFO - Processing /opt/airflow/dags/weather_etl_dag.py took 0.298 seconds
[2026-06-18T09:43:14.861+0000] {processor.py:161} INFO - Started process (PID=9998) to work on /opt/airflow/dags/weather_etl_dag.py
[2026-06-18T09:43:14.878+0000] {processor.py:830} INFO - Processing file /opt/airflow/dags/weather_etl_dag.py for tasks to queue
[2026-06-18T09:43:14.939+0000] {logging_mixin.py:188} INFO - [2026-06-18T09:43:14.938+0000] {dagbag.py:545} INFO - Filling up the DagBag from /opt/airflow/dags/weather_etl_dag.py
[2026-06-18T09:43:15.560+0000] {processor.py:840} INFO - DAG(s) 'weather_etl_pipeline' retrieved from /opt/airflow/dags/weather_etl_dag.py
[2026-06-18T09:43:15.668+0000] {logging_mixin.py:188} INFO - [2026-06-18T09:43:15.667+0000] {dag.py:3096} INFO - Sync 1 DAGs
[2026-06-18T09:43:15.772+0000] {logging_mixin.py:188} INFO - [2026-06-18T09:43:15.772+0000] {dag.py:3954} INFO - Setting next_dagrun for weather_etl_pipeline to 2026-06-18 00:00:00+00:00, run_after=2026-06-19 00:00:00+00:00
[2026-06-18T09:43:16.051+0000] {processor.py:183} INFO - Processing /opt/airflow/dags/weather_etl_dag.py took 1.211 seconds
[2026-06-18T09:43:26.479+0000] {processor.py:161} INFO - Started process (PID=10003) to work on /opt/airflow/dags/weather_etl_dag.py
[2026-06-18T09:43:26.490+0000] {processor.py:830} INFO - Processing file /opt/airflow/dags/weather_etl_dag.py for tasks to queue
[2026-06-18T09:43:26.502+0000] {logging_mixin.py:188} INFO - [2026-06-18T09:43:26.501+0000] {dagbag.py:545} INFO - Filling up the DagBag from /opt/airflow/dags/weather_etl_dag.py
[2026-06-18T09:43:26.677+0000] {processor.py:840} INFO - DAG(s) 'weather_etl_pipeline' retrieved from /opt/airflow/dags/weather_etl_dag.py
[2026-06-18T09:43:26.743+0000] {logging_mixin.py:188} INFO - [2026-06-18T09:43:26.742+0000] {dag.py:3096} INFO - Sync 1 DAGs
[2026-06-18T09:43:26.828+0000] {logging_mixin.py:188} INFO - [2026-06-18T09:43:26.828+0000] {dag.py:3954} INFO - Setting next_dagrun for weather_etl_pipeline to 2026-06-18 00:00:00+00:00, run_after=2026-06-19 00:00:00+00:00
[2026-06-18T09:43:26.932+0000] {processor.py:183} INFO - Processing /opt/airflow/dags/weather_etl_dag.py took 0.485 seconds
[2026-06-18T09:43:37.434+0000] {processor.py:161} INFO - Started process (PID=10008) to work on /opt/airflow/dags/weather_etl_dag.py
[2026-06-18T09:43:37.437+0000] {processor.py:830} INFO - Processing file /opt/airflow/dags/weather_etl_dag.py for tasks to queue
[2026-06-18T09:43:37.445+0000] {logging_mixin.py:188} INFO - [2026-06-18T09:43:37.440+0000] {dagbag.py:545} INFO - Filling up the DagBag from /opt/airflow/dags/weather_etl_dag.py
[2026-06-18T09:43:37.510+0000] {processor.py:840} INFO - DAG(s) 'weather_etl_pipeline' retrieved from /opt/airflow/dags/weather_etl_dag.py
[2026-06-18T09:43:37.594+0000] {logging_mixin.py:188} INFO - [2026-06-18T09:43:37.594+0000] {dag.py:3096} INFO - Sync 1 DAGs
[2026-06-18T09:43:37.665+0000] {logging_mixin.py:188} INFO - [2026-06-18T09:43:37.665+0000] {dag.py:3954} INFO - Setting next_dagrun for weather_etl_pipeline to 2026-06-18 00:00:00+00:00, run_after=2026-06-19 00:00:00+00:00
[2026-06-18T09:43:37.719+0000] {processor.py:183} INFO - Processing /opt/airflow/dags/weather_etl_dag.py took 0.302 seconds
[2026-06-18T09:43:47.897+0000] {processor.py:161} INFO - Started process (PID=10013) to work on /opt/airflow/dags/weather_etl_dag.py
[2026-06-18T09:43:47.901+0000] {processor.py:830} INFO - Processing file /opt/airflow/dags/weather_etl_dag.py for tasks to queue
[2026-06-18T09:43:47.906+0000] {logging_mixin.py:188} INFO - [2026-06-18T09:43:47.905+0000] {dagbag.py:545} INFO - Filling up the DagBag from /opt/airflow/dags/weather_etl_dag.py
[2026-06-18T09:43:47.954+0000] {processor.py:840} INFO - DAG(s) 'weather_etl_pipeline' retrieved from /opt/airflow/dags/weather_etl_dag.py
[2026-06-18T09:43:48.025+0000] {logging_mixin.py:188} INFO - [2026-06-18T09:43:48.025+0000] {dag.py:3096} INFO - Sync 1 DAGs
[2026-06-18T09:43:48.122+0000] {logging_mixin.py:188} INFO - [2026-06-18T09:43:48.122+0000] {dag.py:3954} INFO - Setting next_dagrun for weather_etl_pipeline to 2026-06-18 00:00:00+00:00, run_after=2026-06-19 00:00:00+00:00
[2026-06-18T09:43:48.185+0000] {processor.py:183} INFO - Processing /opt/airflow/dags/weather_etl_dag.py took 0.306 seconds
[2026-06-18T09:43:58.433+0000] {processor.py:161} INFO - Started process (PID=10018) to work on /opt/airflow/dags/weather_etl_dag.py
[2026-06-18T09:43:58.436+0000] {processor.py:830} INFO - Processing file /opt/airflow/dags/weather_etl_dag.py for tasks to queue
[2026-06-18T09:43:58.439+0000] {logging_mixin.py:188} INFO - [2026-06-18T09:43:58.438+0000] {dagbag.py:545} INFO - Filling up the DagBag from /opt/airflow/dags/weather_etl_dag.py
[2026-06-18T09:43:58.507+0000] {processor.py:840} INFO - DAG(s) 'weather_etl_pipeline' retrieved from /opt/airflow/dags/weather_etl_dag.py
[2026-06-18T09:43:58.607+0000] {logging_mixin.py:188} INFO - [2026-06-18T09:43:58.607+0000] {dag.py:3096} INFO - Sync 1 DAGs
[2026-06-18T09:43:58.703+0000] {logging_mixin.py:188} INFO - [2026-06-18T09:43:58.702+0000] {dag.py:3954} INFO - Setting next_dagrun for weather_etl_pipeline to 2026-06-18 00:00:00+00:00, run_after=2026-06-19 00:00:00+00:00
[2026-06-18T09:43:58.774+0000] {processor.py:183} INFO - Processing /opt/airflow/dags/weather_etl_dag.py took 0.363 seconds
[2026-06-18T09:44:09.726+0000] {processor.py:161} INFO - Started process (PID=10023) to work on /opt/airflow/dags/weather_etl_dag.py
[2026-06-18T09:44:09.728+0000] {processor.py:830} INFO - Processing file /opt/airflow/dags/weather_etl_dag.py for tasks to queue
[2026-06-18T09:44:09.732+0000] {logging_mixin.py:188} INFO - [2026-06-18T09:44:09.731+0000] {dagbag.py:545} INFO - Filling up the DagBag from /opt/airflow/dags/weather_etl_dag.py
[2026-06-18T09:44:09.771+0000] {processor.py:840} INFO - DAG(s) 'weather_etl_pipeline' retrieved from /opt/airflow/dags/weather_etl_dag.py
[2026-06-18T09:44:09.818+0000] {logging_mixin.py:188} INFO - [2026-06-18T09:44:09.818+0000] {dag.py:3096} INFO - Sync 1 DAGs
[2026-06-18T09:44:09.850+0000] {logging_mixin.py:188} INFO - [2026-06-18T09:44:09.850+0000] {dag.py:3954} INFO - Setting next_dagrun for weather_etl_pipeline to 2026-06-18 00:00:00+00:00, run_after=2026-06-19 00:00:00+00:00
[2026-06-18T09:44:09.910+0000] {processor.py:183} INFO - Processing /opt/airflow/dags/weather_etl_dag.py took 0.222 seconds
[2026-06-18T09:44:20.083+0000] {processor.py:161} INFO - Started process (PID=10028) to work on /opt/airflow/dags/weather_etl_dag.py
[2026-06-18T09:44:20.086+0000] {processor.py:830} INFO - Processing file /opt/airflow/dags/weather_etl_dag.py for tasks to queue
[2026-06-18T09:44:20.090+0000] {logging_mixin.py:188} INFO - [2026-06-18T09:44:20.089+0000] {dagbag.py:545} INFO - Filling up the DagBag from /opt/airflow/dags/weather_etl_dag.py
[2026-06-18T09:44:20.142+0000] {processor.py:840} INFO - DAG(s) 'weather_etl_pipeline' retrieved from /opt/airflow/dags/weather_etl_dag.py
[2026-06-18T09:44:20.203+0000] {logging_mixin.py:188} INFO - [2026-06-18T09:44:20.203+0000] {dag.py:3096} INFO - Sync 1 DAGs
[2026-06-18T09:44:20.254+0000] {logging_mixin.py:188} INFO - [2026-06-18T09:44:20.253+0000] {dag.py:3954} INFO - Setting next_dagrun for weather_etl_pipeline to 2026-06-18 00:00:00+00:00, run_after=2026-06-19 00:00:00+00:00
[2026-06-18T09:44:20.307+0000] {processor.py:183} INFO - Processing /opt/airflow/dags/weather_etl_dag.py took 0.238 seconds
[2026-06-18T09:44:30.515+0000] {processor.py:161} INFO - Started process (PID=10033) to work on /opt/airflow/dags/weather_etl_dag.py
[2026-06-18T09:44:30.524+0000] {processor.py:830} INFO - Processing file /opt/airflow/dags/weather_etl_dag.py for tasks to queue
[2026-06-18T09:44:30.544+0000] {logging_mixin.py:188} INFO - [2026-06-18T09:44:30.543+0000] {dagbag.py:545} INFO - Filling up the DagBag from /opt/airflow/dags/weather_etl_dag.py
[2026-06-18T09:44:30.834+0000] {processor.py:840} INFO - DAG(s) 'weather_etl_pipeline' retrieved from /opt/airflow/dags/weather_etl_dag.py
[2026-06-18T09:44:30.984+0000] {logging_mixin.py:188} INFO - [2026-06-18T09:44:30.984+0000] {dag.py:3096} INFO - Sync 1 DAGs
[2026-06-18T09:44:31.053+0000] {logging_mixin.py:188} INFO - [2026-06-18T09:44:31.052+0000] {dag.py:3954} INFO - Setting next_dagrun for weather_etl_pipeline to 2026-06-18 00:00:00+00:00, run_after=2026-06-19 00:00:00+00:00
[2026-06-18T09:44:31.104+0000] {processor.py:183} INFO - Processing /opt/airflow/dags/weather_etl_dag.py took 0.609 seconds
[2026-06-18T09:44:42.269+0000] {processor.py:161} INFO - Started process (PID=10038) to work on /opt/airflow/dags/weather_etl_dag.py
[2026-06-18T09:44:42.270+0000] {processor.py:830} INFO - Processing file /opt/airflow/dags/weather_etl_dag.py for tasks to queue
[2026-06-18T09:44:42.272+0000] {logging_mixin.py:188} INFO - [2026-06-18T09:44:42.272+0000] {dagbag.py:545} INFO - Filling up the DagBag from /opt/airflow/dags/weather_etl_dag.py
[2026-06-18T09:44:42.305+0000] {processor.py:840} INFO - DAG(s) 'weather_etl_pipeline' retrieved from /opt/airflow/dags/weather_etl_dag.py
[2026-06-18T09:44:42.351+0000] {logging_mixin.py:188} INFO - [2026-06-18T09:44:42.350+0000] {dag.py:3096} INFO - Sync 1 DAGs
[2026-06-18T09:44:42.403+0000] {logging_mixin.py:188} INFO - [2026-06-18T09:44:42.403+0000] {dag.py:3954} INFO - Setting next_dagrun for weather_etl_pipeline to 2026-06-18 00:00:00+00:00, run_after=2026-06-19 00:00:00+00:00
[2026-06-18T09:44:42.434+0000] {processor.py:183} INFO - Processing /opt/airflow/dags/weather_etl_dag.py took 0.173 seconds
[2026-06-18T09:44:52.564+0000] {processor.py:161} INFO - Started process (PID=10043) to work on /opt/airflow/dags/weather_etl_dag.py
[2026-06-18T09:44:52.566+0000] {processor.py:830} INFO - Processing file /opt/airflow/dags/weather_etl_dag.py for tasks to queue
[2026-06-18T09:44:52.568+0000] {logging_mixin.py:188} INFO - [2026-06-18T09:44:52.568+0000] {dagbag.py:545} INFO - Filling up the DagBag from /opt/airflow/dags/weather_etl_dag.py
[2026-06-18T09:44:52.616+0000] {processor.py:840} INFO - DAG(s) 'weather_etl_pipeline' retrieved from /opt/airflow/dags/weather_etl_dag.py
[2026-06-18T09:44:52.690+0000] {logging_mixin.py:188} INFO - [2026-06-18T09:44:52.690+0000] {dag.py:3096} INFO - Sync 1 DAGs
[2026-06-18T09:44:52.737+0000] {logging_mixin.py:188} INFO - [2026-06-18T09:44:52.736+0000] {dag.py:3954} INFO - Setting next_dagrun for weather_etl_pipeline to 2026-06-18 00:00:00+00:00, run_after=2026-06-19 00:00:00+00:00
[2026-06-18T09:44:52.786+0000] {processor.py:183} INFO - Processing /opt/airflow/dags/weather_etl_dag.py took 0.233 seconds
[2026-06-18T09:45:02.905+0000] {processor.py:161} INFO - Started process (PID=10048) to work on /opt/airflow/dags/weather_etl_dag.py
[2026-06-18T09:45:02.907+0000] {processor.py:830} INFO - Processing file /opt/airflow/dags/weather_etl_dag.py for tasks to queue
[2026-06-18T09:45:02.909+0000] {logging_mixin.py:188} INFO - [2026-06-18T09:45:02.909+0000] {dagbag.py:545} INFO - Filling up the DagBag from /opt/airflow/dags/weather_etl_dag.py
[2026-06-18T09:45:02.943+0000] {processor.py:840} INFO - DAG(s) 'weather_etl_pipeline' retrieved from /opt/airflow/dags/weather_etl_dag.py
[2026-06-18T09:45:02.998+0000] {logging_mixin.py:188} INFO - [2026-06-18T09:45:02.998+0000] {dag.py:3096} INFO - Sync 1 DAGs
[2026-06-18T09:45:03.037+0000] {logging_mixin.py:188} INFO - [2026-06-18T09:45:03.036+0000] {dag.py:3954} INFO - Setting next_dagrun for weather_etl_pipeline to 2026-06-18 00:00:00+00:00, run_after=2026-06-19 00:00:00+00:00
[2026-06-18T09:45:03.066+0000] {processor.py:183} INFO - Processing /opt/airflow/dags/weather_etl_dag.py took 0.169 seconds
[2026-06-18T09:45:14.900+0000] {processor.py:161} INFO - Started process (PID=10053) to work on /opt/airflow/dags/weather_etl_dag.py
[2026-06-18T09:45:14.902+0000] {processor.py:830} INFO - Processing file /opt/airflow/dags/weather_etl_dag.py for tasks to queue
[2026-06-18T09:45:14.904+0000] {logging_mixin.py:188} INFO - [2026-06-18T09:45:14.904+0000] {dagbag.py:545} INFO - Filling up the DagBag from /opt/airflow/dags/weather_etl_dag.py
[2026-06-18T09:45:14.939+0000] {processor.py:840} INFO - DAG(s) 'weather_etl_pipeline' retrieved from /opt/airflow/dags/weather_etl_dag.py
[2026-06-18T09:45:14.985+0000] {logging_mixin.py:188} INFO - [2026-06-18T09:45:14.985+0000] {dag.py:3096} INFO - Sync 1 DAGs
[2026-06-18T09:45:15.020+0000] {logging_mixin.py:188} INFO - [2026-06-18T09:45:15.020+0000] {dag.py:3954} INFO - Setting next_dagrun for weather_etl_pipeline to 2026-06-18 00:00:00+00:00, run_after=2026-06-19 00:00:00+00:00
[2026-06-18T09:45:15.048+0000] {processor.py:183} INFO - Processing /opt/airflow/dags/weather_etl_dag.py took 0.157 seconds
[2026-06-18T09:45:25.171+0000] {processor.py:161} INFO - Started process (PID=10058) to work on /opt/airflow/dags/weather_etl_dag.py
[2026-06-18T09:45:25.173+0000] {processor.py:830} INFO - Processing file /opt/airflow/dags/weather_etl_dag.py for tasks to queue
[2026-06-18T09:45:25.176+0000] {logging_mixin.py:188} INFO - [2026-06-18T09:45:25.175+0000] {dagbag.py:545} INFO - Filling up the DagBag from /opt/airflow/dags/weather_etl_dag.py
[2026-06-18T09:45:25.235+0000] {processor.py:840} INFO - DAG(s) 'weather_etl_pipeline' retrieved from /opt/airflow/dags/weather_etl_dag.py
[2026-06-18T09:45:25.303+0000] {logging_mixin.py:188} INFO - [2026-06-18T09:45:25.302+0000] {dag.py:3096} INFO - Sync 1 DAGs
[2026-06-18T09:45:25.360+0000] {logging_mixin.py:188} INFO - [2026-06-18T09:45:25.360+0000] {dag.py:3954} INFO - Setting next_dagrun for weather_etl_pipeline to 2026-06-18 00:00:00+00:00, run_after=2026-06-19 00:00:00+00:00
[2026-06-18T09:45:25.396+0000] {processor.py:183} INFO - Processing /opt/airflow/dags/weather_etl_dag.py took 0.237 seconds
[2026-06-18T09:45:35.518+0000] {processor.py:161} INFO - Started process (PID=10063) to work on /opt/airflow/dags/weather_etl_dag.py
[2026-06-18T09:45:35.520+0000] {processor.py:830} INFO - Processing file /opt/airflow/dags/weather_etl_dag.py for tasks to queue
[2026-06-18T09:45:35.522+0000] {logging_mixin.py:188} INFO - [2026-06-18T09:45:35.521+0000] {dagbag.py:545} INFO - Filling up the DagBag from /opt/airflow/dags/weather_etl_dag.py
[2026-06-18T09:45:35.570+0000] {processor.py:840} INFO - DAG(s) 'weather_etl_pipeline' retrieved from /opt/airflow/dags/weather_etl_dag.py
[2026-06-18T09:45:35.618+0000] {logging_mixin.py:188} INFO - [2026-06-18T09:45:35.617+0000] {dag.py:3096} INFO - Sync 1 DAGs
[2026-06-18T09:45:35.659+0000] {logging_mixin.py:188} INFO - [2026-06-18T09:45:35.659+0000] {dag.py:3954} INFO - Setting next_dagrun for weather_etl_pipeline to 2026-06-18 00:00:00+00:00, run_after=2026-06-19 00:00:00+00:00
[2026-06-18T09:45:35.695+0000] {processor.py:183} INFO - Processing /opt/airflow/dags/weather_etl_dag.py took 0.186 seconds
[2026-06-18T09:45:48.313+0000] {processor.py:161} INFO - Started process (PID=10068) to work on /opt/airflow/dags/weather_etl_dag.py
[2026-06-18T09:45:48.318+0000] {processor.py:830} INFO - Processing file /opt/airflow/dags/weather_etl_dag.py for tasks to queue
[2026-06-18T09:45:48.321+0000] {logging_mixin.py:188} INFO - [2026-06-18T09:45:48.320+0000] {dagbag.py:545} INFO - Filling up the DagBag from /opt/airflow/dags/weather_etl_dag.py
[2026-06-18T09:45:48.358+0000] {processor.py:840} INFO - DAG(s) 'weather_etl_pipeline' retrieved from /opt/airflow/dags/weather_etl_dag.py
[2026-06-18T09:45:48.401+0000] {logging_mixin.py:188} INFO - [2026-06-18T09:45:48.400+0000] {dag.py:3096} INFO - Sync 1 DAGs
[2026-06-18T09:45:48.432+0000] {logging_mixin.py:188} INFO - [2026-06-18T09:45:48.432+0000] {dag.py:3954} INFO - Setting next_dagrun for weather_etl_pipeline to 2026-06-18 00:00:00+00:00, run_after=2026-06-19 00:00:00+00:00
[2026-06-18T09:45:48.460+0000] {processor.py:183} INFO - Processing /opt/airflow/dags/weather_etl_dag.py took 0.158 seconds
[2026-06-18T09:45:58.563+0000] {processor.py:161} INFO - Started process (PID=10073) to work on /opt/airflow/dags/weather_etl_dag.py
[2026-06-18T09:45:58.565+0000] {processor.py:830} INFO - Processing file /opt/airflow/dags/weather_etl_dag.py for tasks to queue
[2026-06-18T09:45:58.566+0000] {logging_mixin.py:188} INFO - [2026-06-18T09:45:58.566+0000] {dagbag.py:545} INFO - Filling up the DagBag from /opt/airflow/dags/weather_etl_dag.py
[2026-06-18T09:45:58.593+0000] {processor.py:840} INFO - DAG(s) 'weather_etl_pipeline' retrieved from /opt/airflow/dags/weather_etl_dag.py
[2026-06-18T09:45:58.631+0000] {logging_mixin.py:188} INFO - [2026-06-18T09:45:58.631+0000] {dag.py:3096} INFO - Sync 1 DAGs
[2026-06-18T09:45:58.665+0000] {logging_mixin.py:188} INFO - [2026-06-18T09:45:58.664+0000] {dag.py:3954} INFO - Setting next_dagrun for weather_etl_pipeline to 2026-06-18 00:00:00+00:00, run_after=2026-06-19 00:00:00+00:00
[2026-06-18T09:45:58.690+0000] {processor.py:183} INFO - Processing /opt/airflow/dags/weather_etl_dag.py took 0.133 seconds
[2026-06-18T09:46:08.804+0000] {processor.py:161} INFO - Started process (PID=10078) to work on /opt/airflow/dags/weather_etl_dag.py
[2026-06-18T09:46:08.806+0000] {processor.py:830} INFO - Processing file /opt/airflow/dags/weather_etl_dag.py for tasks to queue
[2026-06-18T09:46:08.809+0000] {logging_mixin.py:188} INFO - [2026-06-18T09:46:08.808+0000] {dagbag.py:545} INFO - Filling up the DagBag from /opt/airflow/dags/weather_etl_dag.py
[2026-06-18T09:46:08.840+0000] {processor.py:840} INFO - DAG(s) 'weather_etl_pipeline' retrieved from /opt/airflow/dags/weather_etl_dag.py
[2026-06-18T09:46:08.892+0000] {logging_mixin.py:188} INFO - [2026-06-18T09:46:08.892+0000] {dag.py:3096} INFO - Sync 1 DAGs
[2026-06-18T09:46:08.929+0000] {logging_mixin.py:188} INFO - [2026-06-18T09:46:08.928+0000] {dag.py:3954} INFO - Setting next_dagrun for weather_etl_pipeline to 2026-06-18 00:00:00+00:00, run_after=2026-06-19 00:00:00+00:00
[2026-06-18T09:46:08.955+0000] {processor.py:183} INFO - Processing /opt/airflow/dags/weather_etl_dag.py took 0.159 seconds
[2026-06-18T09:46:20.622+0000] {processor.py:161} INFO - Started process (PID=10083) to work on /opt/airflow/dags/weather_etl_dag.py
[2026-06-18T09:46:20.623+0000] {processor.py:830} INFO - Processing file /opt/airflow/dags/weather_etl_dag.py for tasks to queue
[2026-06-18T09:46:20.625+0000] {logging_mixin.py:188} INFO - [2026-06-18T09:46:20.624+0000] {dagbag.py:545} INFO - Filling up the DagBag from /opt/airflow/dags/weather_etl_dag.py
[2026-06-18T09:46:20.653+0000] {processor.py:840} INFO - DAG(s) 'weather_etl_pipeline' retrieved from /opt/airflow/dags/weather_etl_dag.py
[2026-06-18T09:46:20.688+0000] {logging_mixin.py:188} INFO - [2026-06-18T09:46:20.688+0000] {dag.py:3096} INFO - Sync 1 DAGs
[2026-06-18T09:46:20.717+0000] {logging_mixin.py:188} INFO - [2026-06-18T09:46:20.716+0000] {dag.py:3954} INFO - Setting next_dagrun for weather_etl_pipeline to 2026-06-18 00:00:00+00:00, run_after=2026-06-19 00:00:00+00:00
[2026-06-18T09:46:20.742+0000] {processor.py:183} INFO - Processing /opt/airflow/dags/weather_etl_dag.py took 0.135 seconds
[2026-06-18T09:46:30.907+0000] {processor.py:161} INFO - Started process (PID=10088) to work on /opt/airflow/dags/weather_etl_dag.py
[2026-06-18T09:46:30.909+0000] {processor.py:830} INFO - Processing file /opt/airflow/dags/weather_etl_dag.py for tasks to queue
[2026-06-18T09:46:30.911+0000] {logging_mixin.py:188} INFO - [2026-06-18T09:46:30.910+0000] {dagbag.py:545} INFO - Filling up the DagBag from /opt/airflow/dags/weather_etl_dag.py
[2026-06-18T09:46:30.943+0000] {processor.py:840} INFO - DAG(s) 'weather_etl_pipeline' retrieved from /opt/airflow/dags/weather_etl_dag.py
[2026-06-18T09:46:30.982+0000] {logging_mixin.py:188} INFO - [2026-06-18T09:46:30.982+0000] {dag.py:3096} INFO - Sync 1 DAGs
[2026-06-18T09:46:31.014+0000] {logging_mixin.py:188} INFO - [2026-06-18T09:46:31.013+0000] {dag.py:3954} INFO - Setting next_dagrun for weather_etl_pipeline to 2026-06-18 00:00:00+00:00, run_after=2026-06-19 00:00:00+00:00
[2026-06-18T09:46:31.039+0000] {processor.py:183} INFO - Processing /opt/airflow/dags/weather_etl_dag.py took 0.143 seconds
[2026-06-18T09:46:41.131+0000] {processor.py:161} INFO - Started process (PID=10093) to work on /opt/airflow/dags/weather_etl_dag.py
[2026-06-18T09:46:41.132+0000] {processor.py:830} INFO - Processing file /opt/airflow/dags/weather_etl_dag.py for tasks to queue
[2026-06-18T09:46:41.134+0000] {logging_mixin.py:188} INFO - [2026-06-18T09:46:41.133+0000] {dagbag.py:545} INFO - Filling up the DagBag from /opt/airflow/dags/weather_etl_dag.py
[2026-06-18T09:46:41.156+0000] {processor.py:840} INFO - DAG(s) 'weather_etl_pipeline' retrieved from /opt/airflow/dags/weather_etl_dag.py
[2026-06-18T09:46:41.183+0000] {logging_mixin.py:188} INFO - [2026-06-18T09:46:41.183+0000] {dag.py:3096} INFO - Sync 1 DAGs
[2026-06-18T09:46:41.206+0000] {logging_mixin.py:188} INFO - [2026-06-18T09:46:41.206+0000] {dag.py:3954} INFO - Setting next_dagrun for weather_etl_pipeline to 2026-06-18 00:00:00+00:00, run_after=2026-06-19 00:00:00+00:00
[2026-06-18T09:46:41.228+0000] {processor.py:183} INFO - Processing /opt/airflow/dags/weather_etl_dag.py took 0.103 seconds
[2026-06-18T09:46:53.937+0000] {processor.py:161} INFO - Started process (PID=10098) to work on /opt/airflow/dags/weather_etl_dag.py
[2026-06-18T09:46:53.938+0000] {processor.py:830} INFO - Processing file /opt/airflow/dags/weather_etl_dag.py for tasks to queue
[2026-06-18T09:46:53.939+0000] {logging_mixin.py:188} INFO - [2026-06-18T09:46:53.939+0000] {dagbag.py:545} INFO - Filling up the DagBag from /opt/airflow/dags/weather_etl_dag.py
[2026-06-18T09:46:53.961+0000] {processor.py:840} INFO - DAG(s) 'weather_etl_pipeline' retrieved from /opt/airflow/dags/weather_etl_dag.py
[2026-06-18T09:46:53.989+0000] {logging_mixin.py:188} INFO - [2026-06-18T09:46:53.989+0000] {dag.py:3096} INFO - Sync 1 DAGs
[2026-06-18T09:46:54.014+0000] {logging_mixin.py:188} INFO - [2026-06-18T09:46:54.014+0000] {dag.py:3954} INFO - Setting next_dagrun for weather_etl_pipeline to 2026-06-18 00:00:00+00:00, run_after=2026-06-19 00:00:00+00:00
[2026-06-18T09:46:54.037+0000] {processor.py:183} INFO - Processing /opt/airflow/dags/weather_etl_dag.py took 0.111 seconds
[2026-06-18T09:47:04.101+0000] {processor.py:161} INFO - Started process (PID=10103) to work on /opt/airflow/dags/weather_etl_dag.py
[2026-06-18T09:47:04.103+0000] {processor.py:830} INFO - Processing file /opt/airflow/dags/weather_etl_dag.py for tasks to queue
[2026-06-18T09:47:04.105+0000] {logging_mixin.py:188} INFO - [2026-06-18T09:47:04.104+0000] {dagbag.py:545} INFO - Filling up the DagBag from /opt/airflow/dags/weather_etl_dag.py
[2026-06-18T09:47:04.131+0000] {processor.py:840} INFO - DAG(s) 'weather_etl_pipeline' retrieved from /opt/airflow/dags/weather_etl_dag.py
[2026-06-18T09:47:04.163+0000] {logging_mixin.py:188} INFO - [2026-06-18T09:47:04.163+0000] {dag.py:3096} INFO - Sync 1 DAGs
[2026-06-18T09:47:04.192+0000] {logging_mixin.py:188} INFO - [2026-06-18T09:47:04.192+0000] {dag.py:3954} INFO - Setting next_dagrun for weather_etl_pipeline to 2026-06-18 00:00:00+00:00, run_after=2026-06-19 00:00:00+00:00
[2026-06-18T09:47:04.216+0000] {processor.py:183} INFO - Processing /opt/airflow/dags/weather_etl_dag.py took 0.121 seconds
[2026-06-18T09:47:14.319+0000] {processor.py:161} INFO - Started process (PID=10108) to work on /opt/airflow/dags/weather_etl_dag.py
[2026-06-18T09:47:14.321+0000] {processor.py:830} INFO - Processing file /opt/airflow/dags/weather_etl_dag.py for tasks to queue
[2026-06-18T09:47:14.323+0000] {logging_mixin.py:188} INFO - [2026-06-18T09:47:14.322+0000] {dagbag.py:545} INFO - Filling up the DagBag from /opt/airflow/dags/weather_etl_dag.py
[2026-06-18T09:47:14.350+0000] {processor.py:840} INFO - DAG(s) 'weather_etl_pipeline' retrieved from /opt/airflow/dags/weather_etl_dag.py
[2026-06-18T09:47:14.384+0000] {logging_mixin.py:188} INFO - [2026-06-18T09:47:14.383+0000] {dag.py:3096} INFO - Sync 1 DAGs
[2026-06-18T09:47:14.414+0000] {logging_mixin.py:188} INFO - [2026-06-18T09:47:14.413+0000] {dag.py:3954} INFO - Setting next_dagrun for weather_etl_pipeline to 2026-06-18 00:00:00+00:00, run_after=2026-06-19 00:00:00+00:00
[2026-06-18T09:47:14.438+0000] {processor.py:183} INFO - Processing /opt/airflow/dags/weather_etl_dag.py took 0.126 seconds
[2026-06-18T09:47:26.258+0000] {processor.py:161} INFO - Started process (PID=10113) to work on /opt/airflow/dags/weather_etl_dag.py
[2026-06-18T09:47:26.260+0000] {processor.py:830} INFO - Processing file /opt/airflow/dags/weather_etl_dag.py for tasks to queue
[2026-06-18T09:47:26.263+0000] {logging_mixin.py:188} INFO - [2026-06-18T09:47:26.263+0000] {dagbag.py:545} INFO - Filling up the DagBag from /opt/airflow/dags/weather_etl_dag.py
[2026-06-18T09:47:26.310+0000] {processor.py:840} INFO - DAG(s) 'weather_etl_pipeline' retrieved from /opt/airflow/dags/weather_etl_dag.py
[2026-06-18T09:47:26.370+0000] {logging_mixin.py:188} INFO - [2026-06-18T09:47:26.370+0000] {dag.py:3096} INFO - Sync 1 DAGs
[2026-06-18T09:47:26.414+0000] {logging_mixin.py:188} INFO - [2026-06-18T09:47:26.414+0000] {dag.py:3954} INFO - Setting next_dagrun for weather_etl_pipeline to 2026-06-18 00:00:00+00:00, run_after=2026-06-19 00:00:00+00:00
[2026-06-18T09:47:26.453+0000] {processor.py:183} INFO - Processing /opt/airflow/dags/weather_etl_dag.py took 0.223 seconds
[2026-06-18T09:47:36.578+0000] {processor.py:161} INFO - Started process (PID=10118) to work on /opt/airflow/dags/weather_etl_dag.py
[2026-06-18T09:47:36.581+0000] {processor.py:830} INFO - Processing file /opt/airflow/dags/weather_etl_dag.py for tasks to queue
[2026-06-18T09:47:36.583+0000] {logging_mixin.py:188} INFO - [2026-06-18T09:47:36.582+0000] {dagbag.py:545} INFO - Filling up the DagBag from /opt/airflow/dags/weather_etl_dag.py
[2026-06-18T09:47:36.622+0000] {processor.py:840} INFO - DAG(s) 'weather_etl_pipeline' retrieved from /opt/airflow/dags/weather_etl_dag.py
[2026-06-18T09:47:36.665+0000] {logging_mixin.py:188} INFO - [2026-06-18T09:47:36.665+0000] {dag.py:3096} INFO - Sync 1 DAGs
[2026-06-18T09:47:36.699+0000] {logging_mixin.py:188} INFO - [2026-06-18T09:47:36.699+0000] {dag.py:3954} INFO - Setting next_dagrun for weather_etl_pipeline to 2026-06-18 00:00:00+00:00, run_after=2026-06-19 00:00:00+00:00
[2026-06-18T09:47:36.727+0000] {processor.py:183} INFO - Processing /opt/airflow/dags/weather_etl_dag.py took 0.161 seconds
[2026-06-18T09:47:46.820+0000] {processor.py:161} INFO - Started process (PID=10123) to work on /opt/airflow/dags/weather_etl_dag.py
[2026-06-18T09:47:46.822+0000] {processor.py:830} INFO - Processing file /opt/airflow/dags/weather_etl_dag.py for tasks to queue
[2026-06-18T09:47:46.823+0000] {logging_mixin.py:188} INFO - [2026-06-18T09:47:46.823+0000] {dagbag.py:545} INFO - Filling up the DagBag from /opt/airflow/dags/weather_etl_dag.py
[2026-06-18T09:47:46.844+0000] {processor.py:840} INFO - DAG(s) 'weather_etl_pipeline' retrieved from /opt/airflow/dags/weather_etl_dag.py
[2026-06-18T09:47:46.875+0000] {logging_mixin.py:188} INFO - [2026-06-18T09:47:46.874+0000] {dag.py:3096} INFO - Sync 1 DAGs
[2026-06-18T09:47:46.902+0000] {logging_mixin.py:188} INFO - [2026-06-18T09:47:46.902+0000] {dag.py:3954} INFO - Setting next_dagrun for weather_etl_pipeline to 2026-06-18 00:00:00+00:00, run_after=2026-06-19 00:00:00+00:00
[2026-06-18T09:47:46.925+0000] {processor.py:183} INFO - Processing /opt/airflow/dags/weather_etl_dag.py took 0.112 seconds
[2026-06-18T09:47:58.601+0000] {processor.py:161} INFO - Started process (PID=10128) to work on /opt/airflow/dags/weather_etl_dag.py
[2026-06-18T09:47:58.602+0000] {processor.py:830} INFO - Processing file /opt/airflow/dags/weather_etl_dag.py for tasks to queue
[2026-06-18T09:47:58.604+0000] {logging_mixin.py:188} INFO - [2026-06-18T09:47:58.604+0000] {dagbag.py:545} INFO - Filling up the DagBag from /opt/airflow/dags/weather_etl_dag.py
[2026-06-18T09:47:58.633+0000] {processor.py:840} INFO - DAG(s) 'weather_etl_pipeline' retrieved from /opt/airflow/dags/weather_etl_dag.py
[2026-06-18T09:47:58.679+0000] {logging_mixin.py:188} INFO - [2026-06-18T09:47:58.678+0000] {dag.py:3096} INFO - Sync 1 DAGs
[2026-06-18T09:47:58.712+0000] {logging_mixin.py:188} INFO - [2026-06-18T09:47:58.712+0000] {dag.py:3954} INFO - Setting next_dagrun for weather_etl_pipeline to 2026-06-18 00:00:00+00:00, run_after=2026-06-19 00:00:00+00:00
[2026-06-18T09:47:58.740+0000] {processor.py:183} INFO - Processing /opt/airflow/dags/weather_etl_dag.py took 0.147 seconds
[2026-06-18T09:48:08.795+0000] {processor.py:161} INFO - Started process (PID=10133) to work on /opt/airflow/dags/weather_etl_dag.py
[2026-06-18T09:48:08.796+0000] {processor.py:830} INFO - Processing file /opt/airflow/dags/weather_etl_dag.py for tasks to queue
[2026-06-18T09:48:08.798+0000] {logging_mixin.py:188} INFO - [2026-06-18T09:48:08.798+0000] {dagbag.py:545} INFO - Filling up the DagBag from /opt/airflow/dags/weather_etl_dag.py
[2026-06-18T09:48:08.823+0000] {processor.py:840} INFO - DAG(s) 'weather_etl_pipeline' retrieved from /opt/airflow/dags/weather_etl_dag.py
[2026-06-18T09:48:08.852+0000] {logging_mixin.py:188} INFO - [2026-06-18T09:48:08.852+0000] {dag.py:3096} INFO - Sync 1 DAGs
[2026-06-18T09:48:08.879+0000] {logging_mixin.py:188} INFO - [2026-06-18T09:48:08.879+0000] {dag.py:3954} INFO - Setting next_dagrun for weather_etl_pipeline to 2026-06-18 00:00:00+00:00, run_after=2026-06-19 00:00:00+00:00
[2026-06-18T09:48:08.903+0000] {processor.py:183} INFO - Processing /opt/airflow/dags/weather_etl_dag.py took 0.115 seconds
[2026-06-18T09:48:19.000+0000] {processor.py:161} INFO - Started process (PID=10138) to work on /opt/airflow/dags/weather_etl_dag.py
[2026-06-18T09:48:19.002+0000] {processor.py:830} INFO - Processing file /opt/airflow/dags/weather_etl_dag.py for tasks to queue
[2026-06-18T09:48:19.003+0000] {logging_mixin.py:188} INFO - [2026-06-18T09:48:19.003+0000] {dagbag.py:545} INFO - Filling up the DagBag from /opt/airflow/dags/weather_etl_dag.py
[2026-06-18T09:48:19.032+0000] {processor.py:840} INFO - DAG(s) 'weather_etl_pipeline' retrieved from /opt/airflow/dags/weather_etl_dag.py
[2026-06-18T09:48:19.068+0000] {logging_mixin.py:188} INFO - [2026-06-18T09:48:19.068+0000] {dag.py:3096} INFO - Sync 1 DAGs
[2026-06-18T09:48:19.103+0000] {logging_mixin.py:188} INFO - [2026-06-18T09:48:19.102+0000] {dag.py:3954} INFO - Setting next_dagrun for weather_etl_pipeline to 2026-06-18 00:00:00+00:00, run_after=2026-06-19 00:00:00+00:00
[2026-06-18T09:48:19.130+0000] {processor.py:183} INFO - Processing /opt/airflow/dags/weather_etl_dag.py took 0.136 seconds
[2026-06-18T09:48:30.214+0000] {processor.py:161} INFO - Started process (PID=10143) to work on /opt/airflow/dags/weather_etl_dag.py
[2026-06-18T09:48:30.225+0000] {processor.py:830} INFO - Processing file /opt/airflow/dags/weather_etl_dag.py for tasks to queue
[2026-06-18T09:48:30.229+0000] {logging_mixin.py:188} INFO - [2026-06-18T09:48:30.228+0000] {dagbag.py:545} INFO - Filling up the DagBag from /opt/airflow/dags/weather_etl_dag.py
[2026-06-18T09:48:30.312+0000] {processor.py:840} INFO - DAG(s) 'weather_etl_pipeline' retrieved from /opt/airflow/dags/weather_etl_dag.py
[2026-06-18T09:48:30.366+0000] {logging_mixin.py:188} INFO - [2026-06-18T09:48:30.365+0000] {dag.py:3096} INFO - Sync 1 DAGs
[2026-06-18T09:48:30.410+0000] {logging_mixin.py:188} INFO - [2026-06-18T09:48:30.409+0000] {dag.py:3954} INFO - Setting next_dagrun for weather_etl_pipeline to 2026-06-18 00:00:00+00:00, run_after=2026-06-19 00:00:00+00:00
[2026-06-18T09:48:30.446+0000] {processor.py:183} INFO - Processing /opt/airflow/dags/weather_etl_dag.py took 0.251 seconds
[2026-06-18T09:48:40.563+0000] {processor.py:161} INFO - Started process (PID=10148) to work on /opt/airflow/dags/weather_etl_dag.py
[2026-06-18T09:48:40.566+0000] {processor.py:830} INFO - Processing file /opt/airflow/dags/weather_etl_dag.py for tasks to queue
[2026-06-18T09:48:40.570+0000] {logging_mixin.py:188} INFO - [2026-06-18T09:48:40.568+0000] {dagbag.py:545} INFO - Filling up the DagBag from /opt/airflow/dags/weather_etl_dag.py
[2026-06-18T09:48:40.610+0000] {processor.py:840} INFO - DAG(s) 'weather_etl_pipeline' retrieved from /opt/airflow/dags/weather_etl_dag.py
[2026-06-18T09:48:40.668+0000] {logging_mixin.py:188} INFO - [2026-06-18T09:48:40.667+0000] {dag.py:3096} INFO - Sync 1 DAGs
[2026-06-18T09:48:40.711+0000] {logging_mixin.py:188} INFO - [2026-06-18T09:48:40.710+0000] {dag.py:3954} INFO - Setting next_dagrun for weather_etl_pipeline to 2026-06-18 00:00:00+00:00, run_after=2026-06-19 00:00:00+00:00
[2026-06-18T09:48:40.740+0000] {processor.py:183} INFO - Processing /opt/airflow/dags/weather_etl_dag.py took 0.187 seconds
[2026-06-18T09:48:50.852+0000] {processor.py:161} INFO - Started process (PID=10153) to work on /opt/airflow/dags/weather_etl_dag.py
[2026-06-18T09:48:50.853+0000] {processor.py:830} INFO - Processing file /opt/airflow/dags/weather_etl_dag.py for tasks to queue
[2026-06-18T09:48:50.855+0000] {logging_mixin.py:188} INFO - [2026-06-18T09:48:50.855+0000] {dagbag.py:545} INFO - Filling up the DagBag from /opt/airflow/dags/weather_etl_dag.py
[2026-06-18T09:48:50.885+0000] {processor.py:840} INFO - DAG(s) 'weather_etl_pipeline' retrieved from /opt/airflow/dags/weather_etl_dag.py
[2026-06-18T09:48:50.926+0000] {logging_mixin.py:188} INFO - [2026-06-18T09:48:50.926+0000] {dag.py:3096} INFO - Sync 1 DAGs
[2026-06-18T09:48:50.960+0000] {logging_mixin.py:188} INFO - [2026-06-18T09:48:50.959+0000] {dag.py:3954} INFO - Setting next_dagrun for weather_etl_pipeline to 2026-06-18 00:00:00+00:00, run_after=2026-06-19 00:00:00+00:00
[2026-06-18T09:48:50.986+0000] {processor.py:183} INFO - Processing /opt/airflow/dags/weather_etl_dag.py took 0.145 seconds
[2026-06-18T09:49:01.840+0000] {processor.py:161} INFO - Started process (PID=10158) to work on /opt/airflow/dags/weather_etl_dag.py
[2026-06-18T09:49:01.841+0000] {processor.py:830} INFO - Processing file /opt/airflow/dags/weather_etl_dag.py for tasks to queue
[2026-06-18T09:49:01.843+0000] {logging_mixin.py:188} INFO - [2026-06-18T09:49:01.843+0000] {dagbag.py:545} INFO - Filling up the DagBag from /opt/airflow/dags/weather_etl_dag.py
[2026-06-18T09:49:01.880+0000] {processor.py:840} INFO - DAG(s) 'weather_etl_pipeline' retrieved from /opt/airflow/dags/weather_etl_dag.py
[2026-06-18T09:49:01.942+0000] {logging_mixin.py:188} INFO - [2026-06-18T09:49:01.941+0000] {dag.py:3096} INFO - Sync 1 DAGs
[2026-06-18T09:49:02.002+0000] {logging_mixin.py:188} INFO - [2026-06-18T09:49:02.002+0000] {dag.py:3954} INFO - Setting next_dagrun for weather_etl_pipeline to 2026-06-18 00:00:00+00:00, run_after=2026-06-19 00:00:00+00:00
[2026-06-18T09:49:02.078+0000] {processor.py:183} INFO - Processing /opt/airflow/dags/weather_etl_dag.py took 0.246 seconds
[2026-06-18T09:49:12.284+0000] {processor.py:161} INFO - Started process (PID=10163) to work on /opt/airflow/dags/weather_etl_dag.py
[2026-06-18T09:49:12.286+0000] {processor.py:830} INFO - Processing file /opt/airflow/dags/weather_etl_dag.py for tasks to queue
[2026-06-18T09:49:12.289+0000] {logging_mixin.py:188} INFO - [2026-06-18T09:49:12.289+0000] {dagbag.py:545} INFO - Filling up the DagBag from /opt/airflow/dags/weather_etl_dag.py
[2026-06-18T09:49:12.342+0000] {processor.py:840} INFO - DAG(s) 'weather_etl_pipeline' retrieved from /opt/airflow/dags/weather_etl_dag.py
[2026-06-18T09:49:12.401+0000] {logging_mixin.py:188} INFO - [2026-06-18T09:49:12.401+0000] {dag.py:3096} INFO - Sync 1 DAGs
[2026-06-18T09:49:12.480+0000] {logging_mixin.py:188} INFO - [2026-06-18T09:49:12.480+0000] {dag.py:3954} INFO - Setting next_dagrun for weather_etl_pipeline to 2026-06-18 00:00:00+00:00, run_after=2026-06-19 00:00:00+00:00
[2026-06-18T09:49:12.531+0000] {processor.py:183} INFO - Processing /opt/airflow/dags/weather_etl_dag.py took 0.259 seconds
[2026-06-18T09:52:05.571+0000] {processor.py:161} INFO - Started process (PID=164) to work on /opt/airflow/dags/weather_etl_dag.py
[2026-06-18T09:52:05.578+0000] {processor.py:830} INFO - Processing file /opt/airflow/dags/weather_etl_dag.py for tasks to queue
[2026-06-18T09:52:05.585+0000] {logging_mixin.py:188} INFO - [2026-06-18T09:52:05.584+0000] {dagbag.py:545} INFO - Filling up the DagBag from /opt/airflow/dags/weather_etl_dag.py
[2026-06-18T09:52:05.748+0000] {processor.py:840} INFO - DAG(s) 'weather_etl_pipeline' retrieved from /opt/airflow/dags/weather_etl_dag.py
[2026-06-18T09:52:06.981+0000] {logging_mixin.py:188} INFO - [2026-06-18T09:52:06.979+0000] {override.py:1829} INFO - Created Permission View: can delete on DAG:weather_etl_pipeline
[2026-06-18T09:52:07.057+0000] {logging_mixin.py:188} INFO - [2026-06-18T09:52:07.056+0000] {override.py:1829} INFO - Created Permission View: can edit on DAG:weather_etl_pipeline
[2026-06-18T09:52:07.099+0000] {logging_mixin.py:188} INFO - [2026-06-18T09:52:07.098+0000] {override.py:1829} INFO - Created Permission View: can read on DAG:weather_etl_pipeline
[2026-06-18T09:52:07.106+0000] {logging_mixin.py:188} INFO - [2026-06-18T09:52:07.106+0000] {dag.py:3096} INFO - Sync 1 DAGs
[2026-06-18T09:52:07.146+0000] {logging_mixin.py:188} INFO - [2026-06-18T09:52:07.146+0000] {dag.py:3118} INFO - Creating ORM DAG for weather_etl_pipeline
[2026-06-18T09:52:07.183+0000] {logging_mixin.py:188} INFO - [2026-06-18T09:52:07.182+0000] {dag.py:3954} INFO - Setting next_dagrun for weather_etl_pipeline to 2026-06-17 00:00:00+00:00, run_after=2026-06-18 00:00:00+00:00
[2026-06-18T09:52:07.265+0000] {processor.py:183} INFO - Processing /opt/airflow/dags/weather_etl_dag.py took 1.718 seconds
[2026-06-18T09:52:17.756+0000] {processor.py:161} INFO - Started process (PID=169) to work on /opt/airflow/dags/weather_etl_dag.py
[2026-06-18T09:52:17.764+0000] {processor.py:830} INFO - Processing file /opt/airflow/dags/weather_etl_dag.py for tasks to queue
[2026-06-18T09:52:17.772+0000] {logging_mixin.py:188} INFO - [2026-06-18T09:52:17.771+0000] {dagbag.py:545} INFO - Filling up the DagBag from /opt/airflow/dags/weather_etl_dag.py
[2026-06-18T09:52:17.889+0000] {processor.py:840} INFO - DAG(s) 'weather_etl_pipeline' retrieved from /opt/airflow/dags/weather_etl_dag.py
[2026-06-18T09:52:17.927+0000] {logging_mixin.py:188} INFO - [2026-06-18T09:52:17.926+0000] {dag.py:3096} INFO - Sync 1 DAGs
[2026-06-18T09:52:18.066+0000] {logging_mixin.py:188} INFO - [2026-06-18T09:52:18.065+0000] {dag.py:3954} INFO - Setting next_dagrun for weather_etl_pipeline to 2026-06-17 00:00:00+00:00, run_after=2026-06-18 00:00:00+00:00
[2026-06-18T09:52:18.240+0000] {processor.py:183} INFO - Processing /opt/airflow/dags/weather_etl_dag.py took 0.513 seconds
[2026-06-18T09:52:28.384+0000] {processor.py:161} INFO - Started process (PID=174) to work on /opt/airflow/dags/weather_etl_dag.py
[2026-06-18T09:52:28.388+0000] {processor.py:830} INFO - Processing file /opt/airflow/dags/weather_etl_dag.py for tasks to queue
[2026-06-18T09:52:28.402+0000] {logging_mixin.py:188} INFO - [2026-06-18T09:52:28.401+0000] {dagbag.py:545} INFO - Filling up the DagBag from /opt/airflow/dags/weather_etl_dag.py
[2026-06-18T09:52:28.513+0000] {processor.py:840} INFO - DAG(s) 'weather_etl_pipeline' retrieved from /opt/airflow/dags/weather_etl_dag.py
[2026-06-18T09:52:28.557+0000] {logging_mixin.py:188} INFO - [2026-06-18T09:52:28.556+0000] {dag.py:3096} INFO - Sync 1 DAGs
[2026-06-18T09:52:28.667+0000] {logging_mixin.py:188} INFO - [2026-06-18T09:52:28.666+0000] {dag.py:3954} INFO - Setting next_dagrun for weather_etl_pipeline to 2026-06-17 00:00:00+00:00, run_after=2026-06-18 00:00:00+00:00
[2026-06-18T09:52:28.752+0000] {processor.py:183} INFO - Processing /opt/airflow/dags/weather_etl_dag.py took 0.395 seconds
[2026-06-18T09:52:38.967+0000] {processor.py:161} INFO - Started process (PID=179) to work on /opt/airflow/dags/weather_etl_dag.py
[2026-06-18T09:52:38.969+0000] {processor.py:830} INFO - Processing file /opt/airflow/dags/weather_etl_dag.py for tasks to queue
[2026-06-18T09:52:38.972+0000] {logging_mixin.py:188} INFO - [2026-06-18T09:52:38.971+0000] {dagbag.py:545} INFO - Filling up the DagBag from /opt/airflow/dags/weather_etl_dag.py
[2026-06-18T09:52:39.001+0000] {processor.py:840} INFO - DAG(s) 'weather_etl_pipeline' retrieved from /opt/airflow/dags/weather_etl_dag.py
[2026-06-18T09:52:39.041+0000] {logging_mixin.py:188} INFO - [2026-06-18T09:52:39.041+0000] {dag.py:3096} INFO - Sync 1 DAGs
[2026-06-18T09:52:39.076+0000] {logging_mixin.py:188} INFO - [2026-06-18T09:52:39.076+0000] {dag.py:3954} INFO - Setting next_dagrun for weather_etl_pipeline to 2026-06-17 00:00:00+00:00, run_after=2026-06-18 00:00:00+00:00
[2026-06-18T09:52:39.110+0000] {processor.py:183} INFO - Processing /opt/airflow/dags/weather_etl_dag.py took 0.151 seconds
[2026-06-18T09:52:49.227+0000] {processor.py:161} INFO - Started process (PID=184) to work on /opt/airflow/dags/weather_etl_dag.py
[2026-06-18T09:52:49.230+0000] {processor.py:830} INFO - Processing file /opt/airflow/dags/weather_etl_dag.py for tasks to queue
[2026-06-18T09:52:49.235+0000] {logging_mixin.py:188} INFO - [2026-06-18T09:52:49.234+0000] {dagbag.py:545} INFO - Filling up the DagBag from /opt/airflow/dags/weather_etl_dag.py
[2026-06-18T09:52:49.273+0000] {processor.py:840} INFO - DAG(s) 'weather_etl_pipeline' retrieved from /opt/airflow/dags/weather_etl_dag.py
[2026-06-18T09:52:49.330+0000] {logging_mixin.py:188} INFO - [2026-06-18T09:52:49.330+0000] {dag.py:3096} INFO - Sync 1 DAGs
[2026-06-18T09:52:49.368+0000] {logging_mixin.py:188} INFO - [2026-06-18T09:52:49.368+0000] {dag.py:3954} INFO - Setting next_dagrun for weather_etl_pipeline to 2026-06-17 00:00:00+00:00, run_after=2026-06-18 00:00:00+00:00
[2026-06-18T09:52:49.403+0000] {processor.py:183} INFO - Processing /opt/airflow/dags/weather_etl_dag.py took 0.187 seconds
[2026-06-18T09:52:59.511+0000] {processor.py:161} INFO - Started process (PID=189) to work on /opt/airflow/dags/weather_etl_dag.py
[2026-06-18T09:52:59.512+0000] {processor.py:830} INFO - Processing file /opt/airflow/dags/weather_etl_dag.py for tasks to queue
[2026-06-18T09:52:59.515+0000] {logging_mixin.py:188} INFO - [2026-06-18T09:52:59.515+0000] {dagbag.py:545} INFO - Filling up the DagBag from /opt/airflow/dags/weather_etl_dag.py
[2026-06-18T09:52:59.545+0000] {processor.py:840} INFO - DAG(s) 'weather_etl_pipeline' retrieved from /opt/airflow/dags/weather_etl_dag.py
[2026-06-18T09:52:59.596+0000] {logging_mixin.py:188} INFO - [2026-06-18T09:52:59.596+0000] {dag.py:3096} INFO - Sync 1 DAGs
[2026-06-18T09:52:59.630+0000] {logging_mixin.py:188} INFO - [2026-06-18T09:52:59.629+0000] {dag.py:3954} INFO - Setting next_dagrun for weather_etl_pipeline to 2026-06-17 00:00:00+00:00, run_after=2026-06-18 00:00:00+00:00
[2026-06-18T09:52:59.660+0000] {processor.py:183} INFO - Processing /opt/airflow/dags/weather_etl_dag.py took 0.157 seconds
[2026-06-18T09:53:09.765+0000] {processor.py:161} INFO - Started process (PID=194) to work on /opt/airflow/dags/weather_etl_dag.py
[2026-06-18T09:53:09.767+0000] {processor.py:830} INFO - Processing file /opt/airflow/dags/weather_etl_dag.py for tasks to queue
[2026-06-18T09:53:09.770+0000] {logging_mixin.py:188} INFO - [2026-06-18T09:53:09.770+0000] {dagbag.py:545} INFO - Filling up the DagBag from /opt/airflow/dags/weather_etl_dag.py
[2026-06-18T09:53:09.797+0000] {processor.py:840} INFO - DAG(s) 'weather_etl_pipeline' retrieved from /opt/airflow/dags/weather_etl_dag.py
[2026-06-18T09:53:09.846+0000] {logging_mixin.py:188} INFO - [2026-06-18T09:53:09.846+0000] {dag.py:3096} INFO - Sync 1 DAGs
[2026-06-18T09:53:09.883+0000] {logging_mixin.py:188} INFO - [2026-06-18T09:53:09.883+0000] {dag.py:3954} INFO - Setting next_dagrun for weather_etl_pipeline to 2026-06-17 00:00:00+00:00, run_after=2026-06-18 00:00:00+00:00
[2026-06-18T09:53:09.913+0000] {processor.py:183} INFO - Processing /opt/airflow/dags/weather_etl_dag.py took 0.155 seconds
[2026-06-18T09:53:21.057+0000] {processor.py:161} INFO - Started process (PID=199) to work on /opt/airflow/dags/weather_etl_dag.py
[2026-06-18T09:53:21.078+0000] {processor.py:830} INFO - Processing file /opt/airflow/dags/weather_etl_dag.py for tasks to queue
[2026-06-18T09:53:21.085+0000] {logging_mixin.py:188} INFO - [2026-06-18T09:53:21.084+0000] {dagbag.py:545} INFO - Filling up the DagBag from /opt/airflow/dags/weather_etl_dag.py
[2026-06-18T09:53:21.135+0000] {processor.py:840} INFO - DAG(s) 'weather_etl_pipeline' retrieved from /opt/airflow/dags/weather_etl_dag.py
[2026-06-18T09:53:21.194+0000] {logging_mixin.py:188} INFO - [2026-06-18T09:53:21.194+0000] {dag.py:3096} INFO - Sync 1 DAGs
[2026-06-18T09:53:21.233+0000] {logging_mixin.py:188} INFO - [2026-06-18T09:53:21.233+0000] {dag.py:3954} INFO - Setting next_dagrun for weather_etl_pipeline to 2026-06-17 00:00:00+00:00, run_after=2026-06-18 00:00:00+00:00
[2026-06-18T09:53:21.265+0000] {processor.py:183} INFO - Processing /opt/airflow/dags/weather_etl_dag.py took 0.240 seconds
[2026-06-18T09:53:31.396+0000] {processor.py:161} INFO - Started process (PID=204) to work on /opt/airflow/dags/weather_etl_dag.py
[2026-06-18T09:53:31.398+0000] {processor.py:830} INFO - Processing file /opt/airflow/dags/weather_etl_dag.py for tasks to queue
[2026-06-18T09:53:31.406+0000] {logging_mixin.py:188} INFO - [2026-06-18T09:53:31.404+0000] {dagbag.py:545} INFO - Filling up the DagBag from /opt/airflow/dags/weather_etl_dag.py
[2026-06-18T09:53:31.710+0000] {processor.py:840} INFO - DAG(s) 'weather_etl_pipeline' retrieved from /opt/airflow/dags/weather_etl_dag.py
[2026-06-18T09:53:31.804+0000] {logging_mixin.py:188} INFO - [2026-06-18T09:53:31.804+0000] {dag.py:3096} INFO - Sync 1 DAGs
[2026-06-18T09:53:31.845+0000] {logging_mixin.py:188} INFO - [2026-06-18T09:53:31.845+0000] {dag.py:3954} INFO - Setting next_dagrun for weather_etl_pipeline to 2026-06-17 00:00:00+00:00, run_after=2026-06-18 00:00:00+00:00
[2026-06-18T09:53:31.879+0000] {processor.py:183} INFO - Processing /opt/airflow/dags/weather_etl_dag.py took 0.498 seconds
[2026-06-18T09:53:42.008+0000] {processor.py:161} INFO - Started process (PID=209) to work on /opt/airflow/dags/weather_etl_dag.py
[2026-06-18T09:53:42.011+0000] {processor.py:830} INFO - Processing file /opt/airflow/dags/weather_etl_dag.py for tasks to queue
[2026-06-18T09:53:42.014+0000] {logging_mixin.py:188} INFO - [2026-06-18T09:53:42.014+0000] {dagbag.py:545} INFO - Filling up the DagBag from /opt/airflow/dags/weather_etl_dag.py
[2026-06-18T09:53:42.053+0000] {processor.py:840} INFO - DAG(s) 'weather_etl_pipeline' retrieved from /opt/airflow/dags/weather_etl_dag.py
[2026-06-18T09:53:42.126+0000] {logging_mixin.py:188} INFO - [2026-06-18T09:53:42.126+0000] {dag.py:3096} INFO - Sync 1 DAGs
[2026-06-18T09:53:42.174+0000] {logging_mixin.py:188} INFO - [2026-06-18T09:53:42.174+0000] {dag.py:3954} INFO - Setting next_dagrun for weather_etl_pipeline to 2026-06-17 00:00:00+00:00, run_after=2026-06-18 00:00:00+00:00
[2026-06-18T09:53:42.210+0000] {processor.py:183} INFO - Processing /opt/airflow/dags/weather_etl_dag.py took 0.212 seconds
[2026-06-18T09:53:52.799+0000] {processor.py:161} INFO - Started process (PID=214) to work on /opt/airflow/dags/weather_etl_dag.py
[2026-06-18T09:53:52.802+0000] {processor.py:830} INFO - Processing file /opt/airflow/dags/weather_etl_dag.py for tasks to queue
[2026-06-18T09:53:52.807+0000] {logging_mixin.py:188} INFO - [2026-06-18T09:53:52.806+0000] {dagbag.py:545} INFO - Filling up the DagBag from /opt/airflow/dags/weather_etl_dag.py
[2026-06-18T09:53:52.842+0000] {processor.py:840} INFO - DAG(s) 'weather_etl_pipeline' retrieved from /opt/airflow/dags/weather_etl_dag.py
[2026-06-18T09:53:52.893+0000] {logging_mixin.py:188} INFO - [2026-06-18T09:53:52.893+0000] {dag.py:3096} INFO - Sync 1 DAGs
[2026-06-18T09:53:52.935+0000] {logging_mixin.py:188} INFO - [2026-06-18T09:53:52.935+0000] {dag.py:3954} INFO - Setting next_dagrun for weather_etl_pipeline to 2026-06-17 00:00:00+00:00, run_after=2026-06-18 00:00:00+00:00
[2026-06-18T09:53:52.965+0000] {processor.py:183} INFO - Processing /opt/airflow/dags/weather_etl_dag.py took 0.180 seconds
[2026-06-18T09:54:03.062+0000] {processor.py:161} INFO - Started process (PID=219) to work on /opt/airflow/dags/weather_etl_dag.py
[2026-06-18T09:54:03.064+0000] {processor.py:830} INFO - Processing file /opt/airflow/dags/weather_etl_dag.py for tasks to queue
[2026-06-18T09:54:03.066+0000] {logging_mixin.py:188} INFO - [2026-06-18T09:54:03.066+0000] {dagbag.py:545} INFO - Filling up the DagBag from /opt/airflow/dags/weather_etl_dag.py
[2026-06-18T09:54:03.092+0000] {processor.py:840} INFO - DAG(s) 'weather_etl_pipeline' retrieved from /opt/airflow/dags/weather_etl_dag.py
[2026-06-18T09:54:03.127+0000] {logging_mixin.py:188} INFO - [2026-06-18T09:54:03.126+0000] {dag.py:3096} INFO - Sync 1 DAGs
[2026-06-18T09:54:03.155+0000] {logging_mixin.py:188} INFO - [2026-06-18T09:54:03.154+0000] {dag.py:3954} INFO - Setting next_dagrun for weather_etl_pipeline to 2026-06-17 00:00:00+00:00, run_after=2026-06-18 00:00:00+00:00
[2026-06-18T09:54:03.184+0000] {processor.py:183} INFO - Processing /opt/airflow/dags/weather_etl_dag.py took 0.128 seconds
[2026-06-18T09:54:13.289+0000] {processor.py:161} INFO - Started process (PID=224) to work on /opt/airflow/dags/weather_etl_dag.py
[2026-06-18T09:54:13.291+0000] {processor.py:830} INFO - Processing file /opt/airflow/dags/weather_etl_dag.py for tasks to queue
[2026-06-18T09:54:13.296+0000] {logging_mixin.py:188} INFO - [2026-06-18T09:54:13.295+0000] {dagbag.py:545} INFO - Filling up the DagBag from /opt/airflow/dags/weather_etl_dag.py
[2026-06-18T09:54:13.328+0000] {processor.py:840} INFO - DAG(s) 'weather_etl_pipeline' retrieved from /opt/airflow/dags/weather_etl_dag.py
[2026-06-18T09:54:13.367+0000] {logging_mixin.py:188} INFO - [2026-06-18T09:54:13.366+0000] {dag.py:3096} INFO - Sync 1 DAGs
[2026-06-18T09:54:13.398+0000] {logging_mixin.py:188} INFO - [2026-06-18T09:54:13.398+0000] {dag.py:3954} INFO - Setting next_dagrun for weather_etl_pipeline to 2026-06-17 00:00:00+00:00, run_after=2026-06-18 00:00:00+00:00
[2026-06-18T09:54:13.424+0000] {processor.py:183} INFO - Processing /opt/airflow/dags/weather_etl_dag.py took 0.144 seconds
[2026-06-18T09:54:24.072+0000] {processor.py:161} INFO - Started process (PID=229) to work on /opt/airflow/dags/weather_etl_dag.py
[2026-06-18T09:54:24.073+0000] {processor.py:830} INFO - Processing file /opt/airflow/dags/weather_etl_dag.py for tasks to queue
[2026-06-18T09:54:24.077+0000] {logging_mixin.py:188} INFO - [2026-06-18T09:54:24.076+0000] {dagbag.py:545} INFO - Filling up the DagBag from /opt/airflow/dags/weather_etl_dag.py
[2026-06-18T09:54:24.109+0000] {processor.py:840} INFO - DAG(s) 'weather_etl_pipeline' retrieved from /opt/airflow/dags/weather_etl_dag.py
[2026-06-18T09:54:24.159+0000] {logging_mixin.py:188} INFO - [2026-06-18T09:54:24.158+0000] {dag.py:3096} INFO - Sync 1 DAGs
[2026-06-18T09:54:24.198+0000] {logging_mixin.py:188} INFO - [2026-06-18T09:54:24.197+0000] {dag.py:3954} INFO - Setting next_dagrun for weather_etl_pipeline to 2026-06-17 00:00:00+00:00, run_after=2026-06-18 00:00:00+00:00
[2026-06-18T09:54:24.229+0000] {processor.py:183} INFO - Processing /opt/airflow/dags/weather_etl_dag.py took 0.165 seconds
[2026-06-18T09:54:34.293+0000] {processor.py:161} INFO - Started process (PID=234) to work on /opt/airflow/dags/weather_etl_dag.py
[2026-06-18T09:54:34.295+0000] {processor.py:830} INFO - Processing file /opt/airflow/dags/weather_etl_dag.py for tasks to queue
[2026-06-18T09:54:34.298+0000] {logging_mixin.py:188} INFO - [2026-06-18T09:54:34.298+0000] {dagbag.py:545} INFO - Filling up the DagBag from /opt/airflow/dags/weather_etl_dag.py
[2026-06-18T09:54:34.340+0000] {processor.py:840} INFO - DAG(s) 'weather_etl_pipeline' retrieved from /opt/airflow/dags/weather_etl_dag.py
[2026-06-18T09:54:34.380+0000] {logging_mixin.py:188} INFO - [2026-06-18T09:54:34.380+0000] {dag.py:3096} INFO - Sync 1 DAGs
[2026-06-18T09:54:34.412+0000] {logging_mixin.py:188} INFO - [2026-06-18T09:54:34.411+0000] {dag.py:3954} INFO - Setting next_dagrun for weather_etl_pipeline to 2026-06-17 00:00:00+00:00, run_after=2026-06-18 00:00:00+00:00
[2026-06-18T09:54:34.437+0000] {processor.py:183} INFO - Processing /opt/airflow/dags/weather_etl_dag.py took 0.156 seconds
[2026-06-18T09:54:44.556+0000] {processor.py:161} INFO - Started process (PID=239) to work on /opt/airflow/dags/weather_etl_dag.py
[2026-06-18T09:54:44.558+0000] {processor.py:830} INFO - Processing file /opt/airflow/dags/weather_etl_dag.py for tasks to queue
[2026-06-18T09:54:44.563+0000] {logging_mixin.py:188} INFO - [2026-06-18T09:54:44.562+0000] {dagbag.py:545} INFO - Filling up the DagBag from /opt/airflow/dags/weather_etl_dag.py
[2026-06-18T09:54:44.604+0000] {processor.py:840} INFO - DAG(s) 'weather_etl_pipeline' retrieved from /opt/airflow/dags/weather_etl_dag.py
[2026-06-18T09:54:44.670+0000] {logging_mixin.py:188} INFO - [2026-06-18T09:54:44.670+0000] {dag.py:3096} INFO - Sync 1 DAGs
[2026-06-18T09:54:44.715+0000] {logging_mixin.py:188} INFO - [2026-06-18T09:54:44.715+0000] {dag.py:3954} INFO - Setting next_dagrun for weather_etl_pipeline to 2026-06-17 00:00:00+00:00, run_after=2026-06-18 00:00:00+00:00
[2026-06-18T09:54:44.751+0000] {processor.py:183} INFO - Processing /opt/airflow/dags/weather_etl_dag.py took 0.207 seconds
[2026-06-18T09:54:55.585+0000] {processor.py:161} INFO - Started process (PID=244) to work on /opt/airflow/dags/weather_etl_dag.py
[2026-06-18T09:54:55.587+0000] {processor.py:830} INFO - Processing file /opt/airflow/dags/weather_etl_dag.py for tasks to queue
[2026-06-18T09:54:55.592+0000] {logging_mixin.py:188} INFO - [2026-06-18T09:54:55.591+0000] {dagbag.py:545} INFO - Filling up the DagBag from /opt/airflow/dags/weather_etl_dag.py
[2026-06-18T09:54:55.635+0000] {processor.py:840} INFO - DAG(s) 'weather_etl_pipeline' retrieved from /opt/airflow/dags/weather_etl_dag.py
[2026-06-18T09:54:55.708+0000] {logging_mixin.py:188} INFO - [2026-06-18T09:54:55.708+0000] {dag.py:3096} INFO - Sync 1 DAGs
[2026-06-18T09:54:55.771+0000] {logging_mixin.py:188} INFO - [2026-06-18T09:54:55.770+0000] {dag.py:3954} INFO - Setting next_dagrun for weather_etl_pipeline to 2026-06-17 00:00:00+00:00, run_after=2026-06-18 00:00:00+00:00
[2026-06-18T09:54:55.810+0000] {processor.py:183} INFO - Processing /opt/airflow/dags/weather_etl_dag.py took 0.236 seconds
[2026-06-18T09:55:05.924+0000] {processor.py:161} INFO - Started process (PID=249) to work on /opt/airflow/dags/weather_etl_dag.py
[2026-06-18T09:55:05.926+0000] {processor.py:830} INFO - Processing file /opt/airflow/dags/weather_etl_dag.py for tasks to queue
[2026-06-18T09:55:05.929+0000] {logging_mixin.py:188} INFO - [2026-06-18T09:55:05.929+0000] {dagbag.py:545} INFO - Filling up the DagBag from /opt/airflow/dags/weather_etl_dag.py
[2026-06-18T09:55:05.963+0000] {processor.py:840} INFO - DAG(s) 'weather_etl_pipeline' retrieved from /opt/airflow/dags/weather_etl_dag.py
[2026-06-18T09:55:06.015+0000] {logging_mixin.py:188} INFO - [2026-06-18T09:55:06.014+0000] {dag.py:3096} INFO - Sync 1 DAGs
[2026-06-18T09:55:06.054+0000] {logging_mixin.py:188} INFO - [2026-06-18T09:55:06.054+0000] {dag.py:3954} INFO - Setting next_dagrun for weather_etl_pipeline to 2026-06-17 00:00:00+00:00, run_after=2026-06-18 00:00:00+00:00
[2026-06-18T09:55:06.083+0000] {processor.py:183} INFO - Processing /opt/airflow/dags/weather_etl_dag.py took 0.172 seconds
[2026-06-18T09:55:16.215+0000] {processor.py:161} INFO - Started process (PID=254) to work on /opt/airflow/dags/weather_etl_dag.py
[2026-06-18T09:55:16.218+0000] {processor.py:830} INFO - Processing file /opt/airflow/dags/weather_etl_dag.py for tasks to queue
[2026-06-18T09:55:16.222+0000] {logging_mixin.py:188} INFO - [2026-06-18T09:55:16.222+0000] {dagbag.py:545} INFO - Filling up the DagBag from /opt/airflow/dags/weather_etl_dag.py
[2026-06-18T09:55:16.264+0000] {processor.py:840} INFO - DAG(s) 'weather_etl_pipeline' retrieved from /opt/airflow/dags/weather_etl_dag.py
[2026-06-18T09:55:16.322+0000] {logging_mixin.py:188} INFO - [2026-06-18T09:55:16.322+0000] {dag.py:3096} INFO - Sync 1 DAGs
[2026-06-18T09:55:16.367+0000] {logging_mixin.py:188} INFO - [2026-06-18T09:55:16.367+0000] {dag.py:3954} INFO - Setting next_dagrun for weather_etl_pipeline to 2026-06-17 00:00:00+00:00, run_after=2026-06-18 00:00:00+00:00
[2026-06-18T09:55:16.402+0000] {processor.py:183} INFO - Processing /opt/airflow/dags/weather_etl_dag.py took 0.198 seconds
[2026-06-18T09:55:27.070+0000] {processor.py:161} INFO - Started process (PID=259) to work on /opt/airflow/dags/weather_etl_dag.py
[2026-06-18T09:55:27.072+0000] {processor.py:830} INFO - Processing file /opt/airflow/dags/weather_etl_dag.py for tasks to queue
[2026-06-18T09:55:27.076+0000] {logging_mixin.py:188} INFO - [2026-06-18T09:55:27.075+0000] {dagbag.py:545} INFO - Filling up the DagBag from /opt/airflow/dags/weather_etl_dag.py
[2026-06-18T09:55:27.110+0000] {processor.py:840} INFO - DAG(s) 'weather_etl_pipeline' retrieved from /opt/airflow/dags/weather_etl_dag.py
[2026-06-18T09:55:27.168+0000] {logging_mixin.py:188} INFO - [2026-06-18T09:55:27.168+0000] {dag.py:3096} INFO - Sync 1 DAGs
[2026-06-18T09:55:27.209+0000] {logging_mixin.py:188} INFO - [2026-06-18T09:55:27.209+0000] {dag.py:3954} INFO - Setting next_dagrun for weather_etl_pipeline to 2026-06-17 00:00:00+00:00, run_after=2026-06-18 00:00:00+00:00
[2026-06-18T09:55:27.238+0000] {processor.py:183} INFO - Processing /opt/airflow/dags/weather_etl_dag.py took 0.177 seconds
[2026-06-18T09:55:37.458+0000] {processor.py:161} INFO - Started process (PID=264) to work on /opt/airflow/dags/weather_etl_dag.py
[2026-06-18T09:55:37.466+0000] {processor.py:830} INFO - Processing file /opt/airflow/dags/weather_etl_dag.py for tasks to queue
[2026-06-18T09:55:37.475+0000] {logging_mixin.py:188} INFO - [2026-06-18T09:55:37.474+0000] {dagbag.py:545} INFO - Filling up the DagBag from /opt/airflow/dags/weather_etl_dag.py
[2026-06-18T09:55:37.590+0000] {processor.py:840} INFO - DAG(s) 'weather_etl_pipeline' retrieved from /opt/airflow/dags/weather_etl_dag.py
[2026-06-18T09:55:37.660+0000] {logging_mixin.py:188} INFO - [2026-06-18T09:55:37.660+0000] {dag.py:3096} INFO - Sync 1 DAGs
[2026-06-18T09:55:37.704+0000] {logging_mixin.py:188} INFO - [2026-06-18T09:55:37.703+0000] {dag.py:3954} INFO - Setting next_dagrun for weather_etl_pipeline to 2026-06-17 00:00:00+00:00, run_after=2026-06-18 00:00:00+00:00
[2026-06-18T09:55:37.750+0000] {processor.py:183} INFO - Processing /opt/airflow/dags/weather_etl_dag.py took 0.321 seconds
[2026-06-18T09:55:47.873+0000] {processor.py:161} INFO - Started process (PID=269) to work on /opt/airflow/dags/weather_etl_dag.py
[2026-06-18T09:55:47.875+0000] {processor.py:830} INFO - Processing file /opt/airflow/dags/weather_etl_dag.py for tasks to queue
[2026-06-18T09:55:47.879+0000] {logging_mixin.py:188} INFO - [2026-06-18T09:55:47.879+0000] {dagbag.py:545} INFO - Filling up the DagBag from /opt/airflow/dags/weather_etl_dag.py
[2026-06-18T09:55:47.913+0000] {processor.py:840} INFO - DAG(s) 'weather_etl_pipeline' retrieved from /opt/airflow/dags/weather_etl_dag.py
[2026-06-18T09:55:47.965+0000] {logging_mixin.py:188} INFO - [2026-06-18T09:55:47.965+0000] {dag.py:3096} INFO - Sync 1 DAGs
[2026-06-18T09:55:48.011+0000] {logging_mixin.py:188} INFO - [2026-06-18T09:55:48.011+0000] {dag.py:3954} INFO - Setting next_dagrun for weather_etl_pipeline to 2026-06-17 00:00:00+00:00, run_after=2026-06-18 00:00:00+00:00
[2026-06-18T09:55:48.047+0000] {processor.py:183} INFO - Processing /opt/airflow/dags/weather_etl_dag.py took 0.181 seconds
[2026-06-18T09:55:58.559+0000] {processor.py:161} INFO - Started process (PID=274) to work on /opt/airflow/dags/weather_etl_dag.py
[2026-06-18T09:55:58.561+0000] {processor.py:830} INFO - Processing file /opt/airflow/dags/weather_etl_dag.py for tasks to queue
[2026-06-18T09:55:58.565+0000] {logging_mixin.py:188} INFO - [2026-06-18T09:55:58.564+0000] {dagbag.py:545} INFO - Filling up the DagBag from /opt/airflow/dags/weather_etl_dag.py
[2026-06-18T09:55:58.594+0000] {processor.py:840} INFO - DAG(s) 'weather_etl_pipeline' retrieved from /opt/airflow/dags/weather_etl_dag.py
[2026-06-18T09:55:58.638+0000] {logging_mixin.py:188} INFO - [2026-06-18T09:55:58.637+0000] {dag.py:3096} INFO - Sync 1 DAGs
[2026-06-18T09:55:58.669+0000] {logging_mixin.py:188} INFO - [2026-06-18T09:55:58.669+0000] {dag.py:3954} INFO - Setting next_dagrun for weather_etl_pipeline to 2026-06-17 00:00:00+00:00, run_after=2026-06-18 00:00:00+00:00
[2026-06-18T09:55:58.697+0000] {processor.py:183} INFO - Processing /opt/airflow/dags/weather_etl_dag.py took 0.145 seconds
[2026-06-18T09:56:08.803+0000] {processor.py:161} INFO - Started process (PID=279) to work on /opt/airflow/dags/weather_etl_dag.py
[2026-06-18T09:56:08.805+0000] {processor.py:830} INFO - Processing file /opt/airflow/dags/weather_etl_dag.py for tasks to queue
[2026-06-18T09:56:08.808+0000] {logging_mixin.py:188} INFO - [2026-06-18T09:56:08.808+0000] {dagbag.py:545} INFO - Filling up the DagBag from /opt/airflow/dags/weather_etl_dag.py
[2026-06-18T09:56:08.837+0000] {processor.py:840} INFO - DAG(s) 'weather_etl_pipeline' retrieved from /opt/airflow/dags/weather_etl_dag.py
[2026-06-18T09:56:08.875+0000] {logging_mixin.py:188} INFO - [2026-06-18T09:56:08.874+0000] {dag.py:3096} INFO - Sync 1 DAGs
[2026-06-18T09:56:08.907+0000] {logging_mixin.py:188} INFO - [2026-06-18T09:56:08.907+0000] {dag.py:3954} INFO - Setting next_dagrun for weather_etl_pipeline to 2026-06-17 00:00:00+00:00, run_after=2026-06-18 00:00:00+00:00
[2026-06-18T09:56:08.934+0000] {processor.py:183} INFO - Processing /opt/airflow/dags/weather_etl_dag.py took 0.137 seconds
[2026-06-18T09:56:19.224+0000] {processor.py:161} INFO - Started process (PID=284) to work on /opt/airflow/dags/weather_etl_dag.py
[2026-06-18T09:56:19.236+0000] {processor.py:830} INFO - Processing file /opt/airflow/dags/weather_etl_dag.py for tasks to queue
[2026-06-18T09:56:19.244+0000] {logging_mixin.py:188} INFO - [2026-06-18T09:56:19.243+0000] {dagbag.py:545} INFO - Filling up the DagBag from /opt/airflow/dags/weather_etl_dag.py
[2026-06-18T09:56:19.282+0000] {processor.py:840} INFO - DAG(s) 'weather_etl_pipeline' retrieved from /opt/airflow/dags/weather_etl_dag.py
[2026-06-18T09:56:19.339+0000] {logging_mixin.py:188} INFO - [2026-06-18T09:56:19.339+0000] {dag.py:3096} INFO - Sync 1 DAGs
[2026-06-18T09:56:19.376+0000] {logging_mixin.py:188} INFO - [2026-06-18T09:56:19.376+0000] {dag.py:3954} INFO - Setting next_dagrun for weather_etl_pipeline to 2026-06-17 00:00:00+00:00, run_after=2026-06-18 00:00:00+00:00
[2026-06-18T09:56:19.405+0000] {processor.py:183} INFO - Processing /opt/airflow/dags/weather_etl_dag.py took 0.201 seconds
[2026-06-18T09:56:29.661+0000] {processor.py:161} INFO - Started process (PID=289) to work on /opt/airflow/dags/weather_etl_dag.py
[2026-06-18T09:56:29.663+0000] {processor.py:830} INFO - Processing file /opt/airflow/dags/weather_etl_dag.py for tasks to queue
[2026-06-18T09:56:29.666+0000] {logging_mixin.py:188} INFO - [2026-06-18T09:56:29.666+0000] {dagbag.py:545} INFO - Filling up the DagBag from /opt/airflow/dags/weather_etl_dag.py
[2026-06-18T09:56:29.693+0000] {processor.py:840} INFO - DAG(s) 'weather_etl_pipeline' retrieved from /opt/airflow/dags/weather_etl_dag.py
[2026-06-18T09:56:29.730+0000] {logging_mixin.py:188} INFO - [2026-06-18T09:56:29.729+0000] {dag.py:3096} INFO - Sync 1 DAGs
[2026-06-18T09:56:29.759+0000] {logging_mixin.py:188} INFO - [2026-06-18T09:56:29.758+0000] {dag.py:3954} INFO - Setting next_dagrun for weather_etl_pipeline to 2026-06-17 00:00:00+00:00, run_after=2026-06-18 00:00:00+00:00
[2026-06-18T09:56:29.783+0000] {processor.py:183} INFO - Processing /opt/airflow/dags/weather_etl_dag.py took 0.129 seconds
[2026-06-18T09:56:39.887+0000] {processor.py:161} INFO - Started process (PID=294) to work on /opt/airflow/dags/weather_etl_dag.py
[2026-06-18T09:56:39.889+0000] {processor.py:830} INFO - Processing file /opt/airflow/dags/weather_etl_dag.py for tasks to queue
[2026-06-18T09:56:39.892+0000] {logging_mixin.py:188} INFO - [2026-06-18T09:56:39.891+0000] {dagbag.py:545} INFO - Filling up the DagBag from /opt/airflow/dags/weather_etl_dag.py
[2026-06-18T09:56:39.919+0000] {processor.py:840} INFO - DAG(s) 'weather_etl_pipeline' retrieved from /opt/airflow/dags/weather_etl_dag.py
[2026-06-18T09:56:39.952+0000] {logging_mixin.py:188} INFO - [2026-06-18T09:56:39.952+0000] {dag.py:3096} INFO - Sync 1 DAGs
[2026-06-18T09:56:39.983+0000] {logging_mixin.py:188} INFO - [2026-06-18T09:56:39.983+0000] {dag.py:3954} INFO - Setting next_dagrun for weather_etl_pipeline to 2026-06-17 00:00:00+00:00, run_after=2026-06-18 00:00:00+00:00
[2026-06-18T09:56:40.010+0000] {processor.py:183} INFO - Processing /opt/airflow/dags/weather_etl_dag.py took 0.130 seconds
[2026-06-18T09:56:50.134+0000] {processor.py:161} INFO - Started process (PID=299) to work on /opt/airflow/dags/weather_etl_dag.py
[2026-06-18T09:56:50.136+0000] {processor.py:830} INFO - Processing file /opt/airflow/dags/weather_etl_dag.py for tasks to queue
[2026-06-18T09:56:50.140+0000] {logging_mixin.py:188} INFO - [2026-06-18T09:56:50.139+0000] {dagbag.py:545} INFO - Filling up the DagBag from /opt/airflow/dags/weather_etl_dag.py
[2026-06-18T09:56:50.178+0000] {processor.py:840} INFO - DAG(s) 'weather_etl_pipeline' retrieved from /opt/airflow/dags/weather_etl_dag.py
[2026-06-18T09:56:50.224+0000] {logging_mixin.py:188} INFO - [2026-06-18T09:56:50.223+0000] {dag.py:3096} INFO - Sync 1 DAGs
[2026-06-18T09:56:50.256+0000] {logging_mixin.py:188} INFO - [2026-06-18T09:56:50.256+0000] {dag.py:3954} INFO - Setting next_dagrun for weather_etl_pipeline to 2026-06-17 00:00:00+00:00, run_after=2026-06-18 00:00:00+00:00
[2026-06-18T09:56:50.283+0000] {processor.py:183} INFO - Processing /opt/airflow/dags/weather_etl_dag.py took 0.158 seconds
[2026-06-18T09:57:00.911+0000] {processor.py:161} INFO - Started process (PID=304) to work on /opt/airflow/dags/weather_etl_dag.py
[2026-06-18T09:57:00.912+0000] {processor.py:830} INFO - Processing file /opt/airflow/dags/weather_etl_dag.py for tasks to queue
[2026-06-18T09:57:00.916+0000] {logging_mixin.py:188} INFO - [2026-06-18T09:57:00.915+0000] {dagbag.py:545} INFO - Filling up the DagBag from /opt/airflow/dags/weather_etl_dag.py
[2026-06-18T09:57:00.947+0000] {processor.py:840} INFO - DAG(s) 'weather_etl_pipeline' retrieved from /opt/airflow/dags/weather_etl_dag.py
[2026-06-18T09:57:00.986+0000] {logging_mixin.py:188} INFO - [2026-06-18T09:57:00.985+0000] {dag.py:3096} INFO - Sync 1 DAGs
[2026-06-18T09:57:01.018+0000] {logging_mixin.py:188} INFO - [2026-06-18T09:57:01.017+0000] {dag.py:3954} INFO - Setting next_dagrun for weather_etl_pipeline to 2026-06-17 00:00:00+00:00, run_after=2026-06-18 00:00:00+00:00
[2026-06-18T09:57:01.046+0000] {processor.py:183} INFO - Processing /opt/airflow/dags/weather_etl_dag.py took 0.143 seconds
[2026-06-18T09:57:11.136+0000] {processor.py:161} INFO - Started process (PID=309) to work on /opt/airflow/dags/weather_etl_dag.py
[2026-06-18T09:57:11.138+0000] {processor.py:830} INFO - Processing file /opt/airflow/dags/weather_etl_dag.py for tasks to queue
[2026-06-18T09:57:11.141+0000] {logging_mixin.py:188} INFO - [2026-06-18T09:57:11.140+0000] {dagbag.py:545} INFO - Filling up the DagBag from /opt/airflow/dags/weather_etl_dag.py
[2026-06-18T09:57:11.165+0000] {processor.py:840} INFO - DAG(s) 'weather_etl_pipeline' retrieved from /opt/airflow/dags/weather_etl_dag.py
[2026-06-18T09:57:11.199+0000] {logging_mixin.py:188} INFO - [2026-06-18T09:57:11.198+0000] {dag.py:3096} INFO - Sync 1 DAGs
[2026-06-18T09:57:11.226+0000] {logging_mixin.py:188} INFO - [2026-06-18T09:57:11.226+0000] {dag.py:3954} INFO - Setting next_dagrun for weather_etl_pipeline to 2026-06-17 00:00:00+00:00, run_after=2026-06-18 00:00:00+00:00
[2026-06-18T09:57:11.250+0000] {processor.py:183} INFO - Processing /opt/airflow/dags/weather_etl_dag.py took 0.122 seconds
[2026-06-18T09:57:21.357+0000] {processor.py:161} INFO - Started process (PID=314) to work on /opt/airflow/dags/weather_etl_dag.py
[2026-06-18T09:57:21.358+0000] {processor.py:830} INFO - Processing file /opt/airflow/dags/weather_etl_dag.py for tasks to queue
[2026-06-18T09:57:21.362+0000] {logging_mixin.py:188} INFO - [2026-06-18T09:57:21.361+0000] {dagbag.py:545} INFO - Filling up the DagBag from /opt/airflow/dags/weather_etl_dag.py
[2026-06-18T09:57:21.392+0000] {processor.py:840} INFO - DAG(s) 'weather_etl_pipeline' retrieved from /opt/airflow/dags/weather_etl_dag.py
[2026-06-18T09:57:21.434+0000] {logging_mixin.py:188} INFO - [2026-06-18T09:57:21.434+0000] {dag.py:3096} INFO - Sync 1 DAGs
[2026-06-18T09:57:21.473+0000] {logging_mixin.py:188} INFO - [2026-06-18T09:57:21.473+0000] {dag.py:3954} INFO - Setting next_dagrun for weather_etl_pipeline to 2026-06-17 00:00:00+00:00, run_after=2026-06-18 00:00:00+00:00
[2026-06-18T09:57:21.503+0000] {processor.py:183} INFO - Processing /opt/airflow/dags/weather_etl_dag.py took 0.156 seconds
[2026-06-18T09:57:34.157+0000] {processor.py:161} INFO - Started process (PID=319) to work on /opt/airflow/dags/weather_etl_dag.py
[2026-06-18T09:57:34.159+0000] {processor.py:830} INFO - Processing file /opt/airflow/dags/weather_etl_dag.py for tasks to queue
[2026-06-18T09:57:34.163+0000] {logging_mixin.py:188} INFO - [2026-06-18T09:57:34.163+0000] {dagbag.py:545} INFO - Filling up the DagBag from /opt/airflow/dags/weather_etl_dag.py
[2026-06-18T09:57:34.195+0000] {processor.py:840} INFO - DAG(s) 'weather_etl_pipeline' retrieved from /opt/airflow/dags/weather_etl_dag.py
[2026-06-18T09:57:34.235+0000] {logging_mixin.py:188} INFO - [2026-06-18T09:57:34.235+0000] {dag.py:3096} INFO - Sync 1 DAGs
[2026-06-18T09:57:34.268+0000] {logging_mixin.py:188} INFO - [2026-06-18T09:57:34.268+0000] {dag.py:3954} INFO - Setting next_dagrun for weather_etl_pipeline to 2026-06-17 00:00:00+00:00, run_after=2026-06-18 00:00:00+00:00
[2026-06-18T09:57:34.297+0000] {processor.py:183} INFO - Processing /opt/airflow/dags/weather_etl_dag.py took 0.150 seconds
[2026-06-18T09:57:44.462+0000] {processor.py:161} INFO - Started process (PID=324) to work on /opt/airflow/dags/weather_etl_dag.py
[2026-06-18T09:57:44.470+0000] {processor.py:830} INFO - Processing file /opt/airflow/dags/weather_etl_dag.py for tasks to queue
[2026-06-18T09:57:44.485+0000] {logging_mixin.py:188} INFO - [2026-06-18T09:57:44.483+0000] {dagbag.py:545} INFO - Filling up the DagBag from /opt/airflow/dags/weather_etl_dag.py
[2026-06-18T09:57:44.547+0000] {processor.py:840} INFO - DAG(s) 'weather_etl_pipeline' retrieved from /opt/airflow/dags/weather_etl_dag.py
[2026-06-18T09:57:44.606+0000] {logging_mixin.py:188} INFO - [2026-06-18T09:57:44.606+0000] {dag.py:3096} INFO - Sync 1 DAGs
[2026-06-18T09:57:44.654+0000] {logging_mixin.py:188} INFO - [2026-06-18T09:57:44.653+0000] {dag.py:3954} INFO - Setting next_dagrun for weather_etl_pipeline to 2026-06-17 00:00:00+00:00, run_after=2026-06-18 00:00:00+00:00
[2026-06-18T09:57:44.695+0000] {processor.py:183} INFO - Processing /opt/airflow/dags/weather_etl_dag.py took 0.252 seconds
[2026-06-18T09:57:54.800+0000] {processor.py:161} INFO - Started process (PID=329) to work on /opt/airflow/dags/weather_etl_dag.py
[2026-06-18T09:57:54.802+0000] {processor.py:830} INFO - Processing file /opt/airflow/dags/weather_etl_dag.py for tasks to queue
[2026-06-18T09:57:54.807+0000] {logging_mixin.py:188} INFO - [2026-06-18T09:57:54.806+0000] {dagbag.py:545} INFO - Filling up the DagBag from /opt/airflow/dags/weather_etl_dag.py
[2026-06-18T09:57:54.843+0000] {processor.py:840} INFO - DAG(s) 'weather_etl_pipeline' retrieved from /opt/airflow/dags/weather_etl_dag.py
[2026-06-18T09:57:54.881+0000] {logging_mixin.py:188} INFO - [2026-06-18T09:57:54.881+0000] {dag.py:3096} INFO - Sync 1 DAGs
[2026-06-18T09:57:54.915+0000] {logging_mixin.py:188} INFO - [2026-06-18T09:57:54.914+0000] {dag.py:3954} INFO - Setting next_dagrun for weather_etl_pipeline to 2026-06-17 00:00:00+00:00, run_after=2026-06-18 00:00:00+00:00
[2026-06-18T09:57:54.945+0000] {processor.py:183} INFO - Processing /opt/airflow/dags/weather_etl_dag.py took 0.155 seconds
[2026-06-18T09:58:06.591+0000] {processor.py:161} INFO - Started process (PID=334) to work on /opt/airflow/dags/weather_etl_dag.py
[2026-06-18T09:58:06.592+0000] {processor.py:830} INFO - Processing file /opt/airflow/dags/weather_etl_dag.py for tasks to queue
[2026-06-18T09:58:06.595+0000] {logging_mixin.py:188} INFO - [2026-06-18T09:58:06.595+0000] {dagbag.py:545} INFO - Filling up the DagBag from /opt/airflow/dags/weather_etl_dag.py
[2026-06-18T09:58:06.623+0000] {processor.py:840} INFO - DAG(s) 'weather_etl_pipeline' retrieved from /opt/airflow/dags/weather_etl_dag.py
[2026-06-18T09:58:06.662+0000] {logging_mixin.py:188} INFO - [2026-06-18T09:58:06.662+0000] {dag.py:3096} INFO - Sync 1 DAGs
[2026-06-18T09:58:06.705+0000] {logging_mixin.py:188} INFO - [2026-06-18T09:58:06.704+0000] {dag.py:3954} INFO - Setting next_dagrun for weather_etl_pipeline to 2026-06-17 00:00:00+00:00, run_after=2026-06-18 00:00:00+00:00
[2026-06-18T09:58:06.743+0000] {processor.py:183} INFO - Processing /opt/airflow/dags/weather_etl_dag.py took 0.159 seconds
[2026-06-18T09:58:16.946+0000] {processor.py:161} INFO - Started process (PID=339) to work on /opt/airflow/dags/weather_etl_dag.py
[2026-06-18T09:58:16.956+0000] {processor.py:830} INFO - Processing file /opt/airflow/dags/weather_etl_dag.py for tasks to queue
[2026-06-18T09:58:16.965+0000] {logging_mixin.py:188} INFO - [2026-06-18T09:58:16.964+0000] {dagbag.py:545} INFO - Filling up the DagBag from /opt/airflow/dags/weather_etl_dag.py
[2026-06-18T09:58:17.161+0000] {processor.py:840} INFO - DAG(s) 'weather_etl_pipeline' retrieved from /opt/airflow/dags/weather_etl_dag.py
[2026-06-18T09:58:17.288+0000] {logging_mixin.py:188} INFO - [2026-06-18T09:58:17.287+0000] {dag.py:3096} INFO - Sync 1 DAGs
[2026-06-18T09:58:17.414+0000] {logging_mixin.py:188} INFO - [2026-06-18T09:58:17.409+0000] {dag.py:3954} INFO - Setting next_dagrun for weather_etl_pipeline to 2026-06-17 00:00:00+00:00, run_after=2026-06-18 00:00:00+00:00
[2026-06-18T09:58:17.486+0000] {processor.py:183} INFO - Processing /opt/airflow/dags/weather_etl_dag.py took 0.562 seconds
[2026-06-18T09:58:27.603+0000] {processor.py:161} INFO - Started process (PID=344) to work on /opt/airflow/dags/weather_etl_dag.py
[2026-06-18T09:58:27.605+0000] {processor.py:830} INFO - Processing file /opt/airflow/dags/weather_etl_dag.py for tasks to queue
[2026-06-18T09:58:27.607+0000] {logging_mixin.py:188} INFO - [2026-06-18T09:58:27.607+0000] {dagbag.py:545} INFO - Filling up the DagBag from /opt/airflow/dags/weather_etl_dag.py
[2026-06-18T09:58:27.632+0000] {processor.py:840} INFO - DAG(s) 'weather_etl_pipeline' retrieved from /opt/airflow/dags/weather_etl_dag.py
[2026-06-18T09:58:27.668+0000] {logging_mixin.py:188} INFO - [2026-06-18T09:58:27.667+0000] {dag.py:3096} INFO - Sync 1 DAGs
[2026-06-18T09:58:27.697+0000] {logging_mixin.py:188} INFO - [2026-06-18T09:58:27.697+0000] {dag.py:3954} INFO - Setting next_dagrun for weather_etl_pipeline to 2026-06-17 00:00:00+00:00, run_after=2026-06-18 00:00:00+00:00
[2026-06-18T09:58:27.726+0000] {processor.py:183} INFO - Processing /opt/airflow/dags/weather_etl_dag.py took 0.129 seconds
[2026-06-18T09:58:39.476+0000] {processor.py:161} INFO - Started process (PID=349) to work on /opt/airflow/dags/weather_etl_dag.py
[2026-06-18T09:58:39.479+0000] {processor.py:830} INFO - Processing file /opt/airflow/dags/weather_etl_dag.py for tasks to queue
[2026-06-18T09:58:39.483+0000] {logging_mixin.py:188} INFO - [2026-06-18T09:58:39.483+0000] {dagbag.py:545} INFO - Filling up the DagBag from /opt/airflow/dags/weather_etl_dag.py
[2026-06-18T09:58:39.555+0000] {processor.py:840} INFO - DAG(s) 'weather_etl_pipeline' retrieved from /opt/airflow/dags/weather_etl_dag.py
[2026-06-18T09:58:39.630+0000] {logging_mixin.py:188} INFO - [2026-06-18T09:58:39.630+0000] {dag.py:3096} INFO - Sync 1 DAGs
[2026-06-18T09:58:39.679+0000] {logging_mixin.py:188} INFO - [2026-06-18T09:58:39.679+0000] {dag.py:3954} INFO - Setting next_dagrun for weather_etl_pipeline to 2026-06-17 00:00:00+00:00, run_after=2026-06-18 00:00:00+00:00
[2026-06-18T09:58:39.721+0000] {processor.py:183} INFO - Processing /opt/airflow/dags/weather_etl_dag.py took 0.261 seconds
[2026-06-18T09:58:49.838+0000] {processor.py:161} INFO - Started process (PID=354) to work on /opt/airflow/dags/weather_etl_dag.py
[2026-06-18T09:58:49.840+0000] {processor.py:830} INFO - Processing file /opt/airflow/dags/weather_etl_dag.py for tasks to queue
[2026-06-18T09:58:49.844+0000] {logging_mixin.py:188} INFO - [2026-06-18T09:58:49.844+0000] {dagbag.py:545} INFO - Filling up the DagBag from /opt/airflow/dags/weather_etl_dag.py
[2026-06-18T09:58:49.875+0000] {processor.py:840} INFO - DAG(s) 'weather_etl_pipeline' retrieved from /opt/airflow/dags/weather_etl_dag.py
[2026-06-18T09:58:49.914+0000] {logging_mixin.py:188} INFO - [2026-06-18T09:58:49.914+0000] {dag.py:3096} INFO - Sync 1 DAGs
[2026-06-18T09:58:49.946+0000] {logging_mixin.py:188} INFO - [2026-06-18T09:58:49.945+0000] {dag.py:3954} INFO - Setting next_dagrun for weather_etl_pipeline to 2026-06-17 00:00:00+00:00, run_after=2026-06-18 00:00:00+00:00
[2026-06-18T09:58:49.972+0000] {processor.py:183} INFO - Processing /opt/airflow/dags/weather_etl_dag.py took 0.143 seconds
[2026-06-18T09:59:00.095+0000] {processor.py:161} INFO - Started process (PID=359) to work on /opt/airflow/dags/weather_etl_dag.py
[2026-06-18T09:59:00.098+0000] {processor.py:830} INFO - Processing file /opt/airflow/dags/weather_etl_dag.py for tasks to queue
[2026-06-18T09:59:00.102+0000] {logging_mixin.py:188} INFO - [2026-06-18T09:59:00.101+0000] {dagbag.py:545} INFO - Filling up the DagBag from /opt/airflow/dags/weather_etl_dag.py
[2026-06-18T09:59:00.136+0000] {processor.py:840} INFO - DAG(s) 'weather_etl_pipeline' retrieved from /opt/airflow/dags/weather_etl_dag.py
[2026-06-18T09:59:00.175+0000] {logging_mixin.py:188} INFO - [2026-06-18T09:59:00.175+0000] {dag.py:3096} INFO - Sync 1 DAGs
[2026-06-18T09:59:00.209+0000] {logging_mixin.py:188} INFO - [2026-06-18T09:59:00.209+0000] {dag.py:3954} INFO - Setting next_dagrun for weather_etl_pipeline to 2026-06-17 00:00:00+00:00, run_after=2026-06-18 00:00:00+00:00
[2026-06-18T09:59:00.236+0000] {processor.py:183} INFO - Processing /opt/airflow/dags/weather_etl_dag.py took 0.153 seconds
[2026-06-18T09:59:11.872+0000] {processor.py:161} INFO - Started process (PID=364) to work on /opt/airflow/dags/weather_etl_dag.py
[2026-06-18T09:59:11.874+0000] {processor.py:830} INFO - Processing file /opt/airflow/dags/weather_etl_dag.py for tasks to queue
[2026-06-18T09:59:11.878+0000] {logging_mixin.py:188} INFO - [2026-06-18T09:59:11.878+0000] {dagbag.py:545} INFO - Filling up the DagBag from /opt/airflow/dags/weather_etl_dag.py
[2026-06-18T09:59:11.912+0000] {processor.py:840} INFO - DAG(s) 'weather_etl_pipeline' retrieved from /opt/airflow/dags/weather_etl_dag.py
[2026-06-18T09:59:11.954+0000] {logging_mixin.py:188} INFO - [2026-06-18T09:59:11.954+0000] {dag.py:3096} INFO - Sync 1 DAGs
[2026-06-18T09:59:11.990+0000] {logging_mixin.py:188} INFO - [2026-06-18T09:59:11.990+0000] {dag.py:3954} INFO - Setting next_dagrun for weather_etl_pipeline to 2026-06-17 00:00:00+00:00, run_after=2026-06-18 00:00:00+00:00
[2026-06-18T09:59:12.023+0000] {processor.py:183} INFO - Processing /opt/airflow/dags/weather_etl_dag.py took 0.159 seconds
[2026-06-18T09:59:22.141+0000] {processor.py:161} INFO - Started process (PID=369) to work on /opt/airflow/dags/weather_etl_dag.py
[2026-06-18T09:59:22.144+0000] {processor.py:830} INFO - Processing file /opt/airflow/dags/weather_etl_dag.py for tasks to queue
[2026-06-18T09:59:22.149+0000] {logging_mixin.py:188} INFO - [2026-06-18T09:59:22.148+0000] {dagbag.py:545} INFO - Filling up the DagBag from /opt/airflow/dags/weather_etl_dag.py
[2026-06-18T09:59:22.192+0000] {processor.py:840} INFO - DAG(s) 'weather_etl_pipeline' retrieved from /opt/airflow/dags/weather_etl_dag.py
[2026-06-18T09:59:22.242+0000] {logging_mixin.py:188} INFO - [2026-06-18T09:59:22.242+0000] {dag.py:3096} INFO - Sync 1 DAGs
[2026-06-18T09:59:22.290+0000] {logging_mixin.py:188} INFO - [2026-06-18T09:59:22.290+0000] {dag.py:3954} INFO - Setting next_dagrun for weather_etl_pipeline to 2026-06-17 00:00:00+00:00, run_after=2026-06-18 00:00:00+00:00
[2026-06-18T09:59:22.322+0000] {processor.py:183} INFO - Processing /opt/airflow/dags/weather_etl_dag.py took 0.192 seconds
[2026-06-18T09:59:32.471+0000] {processor.py:161} INFO - Started process (PID=374) to work on /opt/airflow/dags/weather_etl_dag.py
[2026-06-18T09:59:32.473+0000] {processor.py:830} INFO - Processing file /opt/airflow/dags/weather_etl_dag.py for tasks to queue
[2026-06-18T09:59:32.477+0000] {logging_mixin.py:188} INFO - [2026-06-18T09:59:32.476+0000] {dagbag.py:545} INFO - Filling up the DagBag from /opt/airflow/dags/weather_etl_dag.py
[2026-06-18T09:59:32.516+0000] {processor.py:840} INFO - DAG(s) 'weather_etl_pipeline' retrieved from /opt/airflow/dags/weather_etl_dag.py
[2026-06-18T09:59:32.570+0000] {logging_mixin.py:188} INFO - [2026-06-18T09:59:32.569+0000] {dag.py:3096} INFO - Sync 1 DAGs
[2026-06-18T09:59:32.608+0000] {logging_mixin.py:188} INFO - [2026-06-18T09:59:32.607+0000] {dag.py:3954} INFO - Setting next_dagrun for weather_etl_pipeline to 2026-06-17 00:00:00+00:00, run_after=2026-06-18 00:00:00+00:00
[2026-06-18T09:59:32.642+0000] {processor.py:183} INFO - Processing /opt/airflow/dags/weather_etl_dag.py took 0.183 seconds
[2026-06-18T09:59:43.307+0000] {processor.py:161} INFO - Started process (PID=379) to work on /opt/airflow/dags/weather_etl_dag.py
[2026-06-18T09:59:43.310+0000] {processor.py:830} INFO - Processing file /opt/airflow/dags/weather_etl_dag.py for tasks to queue
[2026-06-18T09:59:43.314+0000] {logging_mixin.py:188} INFO - [2026-06-18T09:59:43.313+0000] {dagbag.py:545} INFO - Filling up the DagBag from /opt/airflow/dags/weather_etl_dag.py
[2026-06-18T09:59:43.348+0000] {processor.py:840} INFO - DAG(s) 'weather_etl_pipeline' retrieved from /opt/airflow/dags/weather_etl_dag.py
[2026-06-18T09:59:43.391+0000] {logging_mixin.py:188} INFO - [2026-06-18T09:59:43.391+0000] {dag.py:3096} INFO - Sync 1 DAGs
[2026-06-18T09:59:43.432+0000] {logging_mixin.py:188} INFO - [2026-06-18T09:59:43.431+0000] {dag.py:3954} INFO - Setting next_dagrun for weather_etl_pipeline to 2026-06-17 00:00:00+00:00, run_after=2026-06-18 00:00:00+00:00
[2026-06-18T09:59:43.460+0000] {processor.py:183} INFO - Processing /opt/airflow/dags/weather_etl_dag.py took 0.162 seconds
[2026-06-18T09:59:53.577+0000] {processor.py:161} INFO - Started process (PID=384) to work on /opt/airflow/dags/weather_etl_dag.py
[2026-06-18T09:59:53.580+0000] {processor.py:830} INFO - Processing file /opt/airflow/dags/weather_etl_dag.py for tasks to queue
[2026-06-18T09:59:53.585+0000] {logging_mixin.py:188} INFO - [2026-06-18T09:59:53.584+0000] {dagbag.py:545} INFO - Filling up the DagBag from /opt/airflow/dags/weather_etl_dag.py
[2026-06-18T09:59:53.617+0000] {processor.py:840} INFO - DAG(s) 'weather_etl_pipeline' retrieved from /opt/airflow/dags/weather_etl_dag.py
[2026-06-18T09:59:53.659+0000] {logging_mixin.py:188} INFO - [2026-06-18T09:59:53.659+0000] {dag.py:3096} INFO - Sync 1 DAGs
[2026-06-18T09:59:53.698+0000] {logging_mixin.py:188} INFO - [2026-06-18T09:59:53.698+0000] {dag.py:3954} INFO - Setting next_dagrun for weather_etl_pipeline to 2026-06-17 00:00:00+00:00, run_after=2026-06-18 00:00:00+00:00
[2026-06-18T09:59:53.729+0000] {processor.py:183} INFO - Processing /opt/airflow/dags/weather_etl_dag.py took 0.160 seconds
[2026-06-18T10:00:03.843+0000] {processor.py:161} INFO - Started process (PID=389) to work on /opt/airflow/dags/weather_etl_dag.py
[2026-06-18T10:00:03.846+0000] {processor.py:830} INFO - Processing file /opt/airflow/dags/weather_etl_dag.py for tasks to queue
[2026-06-18T10:00:03.850+0000] {logging_mixin.py:188} INFO - [2026-06-18T10:00:03.849+0000] {dagbag.py:545} INFO - Filling up the DagBag from /opt/airflow/dags/weather_etl_dag.py
[2026-06-18T10:00:03.886+0000] {processor.py:840} INFO - DAG(s) 'weather_etl_pipeline' retrieved from /opt/airflow/dags/weather_etl_dag.py
[2026-06-18T10:00:03.939+0000] {logging_mixin.py:188} INFO - [2026-06-18T10:00:03.939+0000] {dag.py:3096} INFO - Sync 1 DAGs
[2026-06-18T10:00:03.982+0000] {logging_mixin.py:188} INFO - [2026-06-18T10:00:03.981+0000] {dag.py:3954} INFO - Setting next_dagrun for weather_etl_pipeline to 2026-06-17 00:00:00+00:00, run_after=2026-06-18 00:00:00+00:00
[2026-06-18T10:00:04.020+0000] {processor.py:183} INFO - Processing /opt/airflow/dags/weather_etl_dag.py took 0.187 seconds
[2026-06-18T10:00:14.508+0000] {processor.py:161} INFO - Started process (PID=394) to work on /opt/airflow/dags/weather_etl_dag.py
[2026-06-18T10:00:14.510+0000] {processor.py:830} INFO - Processing file /opt/airflow/dags/weather_etl_dag.py for tasks to queue
[2026-06-18T10:00:14.515+0000] {logging_mixin.py:188} INFO - [2026-06-18T10:00:14.514+0000] {dagbag.py:545} INFO - Filling up the DagBag from /opt/airflow/dags/weather_etl_dag.py
[2026-06-18T10:00:14.554+0000] {processor.py:840} INFO - DAG(s) 'weather_etl_pipeline' retrieved from /opt/airflow/dags/weather_etl_dag.py
[2026-06-18T10:00:14.616+0000] {logging_mixin.py:188} INFO - [2026-06-18T10:00:14.616+0000] {dag.py:3096} INFO - Sync 1 DAGs
[2026-06-18T10:00:14.662+0000] {logging_mixin.py:188} INFO - [2026-06-18T10:00:14.662+0000] {dag.py:3954} INFO - Setting next_dagrun for weather_etl_pipeline to 2026-06-17 00:00:00+00:00, run_after=2026-06-18 00:00:00+00:00
[2026-06-18T10:00:14.703+0000] {processor.py:183} INFO - Processing /opt/airflow/dags/weather_etl_dag.py took 0.207 seconds
[2026-06-18T10:00:24.780+0000] {processor.py:161} INFO - Started process (PID=399) to work on /opt/airflow/dags/weather_etl_dag.py
[2026-06-18T10:00:24.782+0000] {processor.py:830} INFO - Processing file /opt/airflow/dags/weather_etl_dag.py for tasks to queue
[2026-06-18T10:00:24.786+0000] {logging_mixin.py:188} INFO - [2026-06-18T10:00:24.786+0000] {dagbag.py:545} INFO - Filling up the DagBag from /opt/airflow/dags/weather_etl_dag.py
[2026-06-18T10:00:24.826+0000] {processor.py:840} INFO - DAG(s) 'weather_etl_pipeline' retrieved from /opt/airflow/dags/weather_etl_dag.py
[2026-06-18T10:00:24.876+0000] {logging_mixin.py:188} INFO - [2026-06-18T10:00:24.876+0000] {dag.py:3096} INFO - Sync 1 DAGs
[2026-06-18T10:00:24.912+0000] {logging_mixin.py:188} INFO - [2026-06-18T10:00:24.912+0000] {dag.py:3954} INFO - Setting next_dagrun for weather_etl_pipeline to 2026-06-17 00:00:00+00:00, run_after=2026-06-18 00:00:00+00:00
[2026-06-18T10:00:24.938+0000] {processor.py:183} INFO - Processing /opt/airflow/dags/weather_etl_dag.py took 0.166 seconds
[2026-06-18T10:00:35.042+0000] {processor.py:161} INFO - Started process (PID=404) to work on /opt/airflow/dags/weather_etl_dag.py
[2026-06-18T10:00:35.045+0000] {processor.py:830} INFO - Processing file /opt/airflow/dags/weather_etl_dag.py for tasks to queue
[2026-06-18T10:00:35.049+0000] {logging_mixin.py:188} INFO - [2026-06-18T10:00:35.049+0000] {dagbag.py:545} INFO - Filling up the DagBag from /opt/airflow/dags/weather_etl_dag.py
[2026-06-18T10:00:35.085+0000] {processor.py:840} INFO - DAG(s) 'weather_etl_pipeline' retrieved from /opt/airflow/dags/weather_etl_dag.py
[2026-06-18T10:00:35.133+0000] {logging_mixin.py:188} INFO - [2026-06-18T10:00:35.132+0000] {dag.py:3096} INFO - Sync 1 DAGs
[2026-06-18T10:00:35.164+0000] {logging_mixin.py:188} INFO - [2026-06-18T10:00:35.164+0000] {dag.py:3954} INFO - Setting next_dagrun for weather_etl_pipeline to 2026-06-17 00:00:00+00:00, run_after=2026-06-18 00:00:00+00:00
[2026-06-18T10:00:35.190+0000] {processor.py:183} INFO - Processing /opt/airflow/dags/weather_etl_dag.py took 0.158 seconds
[2026-06-18T10:00:45.496+0000] {processor.py:161} INFO - Started process (PID=409) to work on /opt/airflow/dags/weather_etl_dag.py
[2026-06-18T10:00:45.525+0000] {processor.py:830} INFO - Processing file /opt/airflow/dags/weather_etl_dag.py for tasks to queue
[2026-06-18T10:00:45.759+0000] {logging_mixin.py:188} INFO - [2026-06-18T10:00:45.758+0000] {dagbag.py:545} INFO - Filling up the DagBag from /opt/airflow/dags/weather_etl_dag.py
[2026-06-18T10:00:46.367+0000] {processor.py:840} INFO - DAG(s) 'weather_etl_pipeline' retrieved from /opt/airflow/dags/weather_etl_dag.py
[2026-06-18T10:00:46.474+0000] {logging_mixin.py:188} INFO - [2026-06-18T10:00:46.473+0000] {dag.py:3096} INFO - Sync 1 DAGs
[2026-06-18T10:00:46.522+0000] {logging_mixin.py:188} INFO - [2026-06-18T10:00:46.521+0000] {dag.py:3954} INFO - Setting next_dagrun for weather_etl_pipeline to 2026-06-17 00:00:00+00:00, run_after=2026-06-18 00:00:00+00:00
[2026-06-18T10:00:46.559+0000] {processor.py:183} INFO - Processing /opt/airflow/dags/weather_etl_dag.py took 1.100 seconds
[2026-06-18T10:00:56.684+0000] {processor.py:161} INFO - Started process (PID=414) to work on /opt/airflow/dags/weather_etl_dag.py
[2026-06-18T10:00:56.687+0000] {processor.py:830} INFO - Processing file /opt/airflow/dags/weather_etl_dag.py for tasks to queue
[2026-06-18T10:00:56.692+0000] {logging_mixin.py:188} INFO - [2026-06-18T10:00:56.692+0000] {dagbag.py:545} INFO - Filling up the DagBag from /opt/airflow/dags/weather_etl_dag.py
[2026-06-18T10:00:56.735+0000] {processor.py:840} INFO - DAG(s) 'weather_etl_pipeline' retrieved from /opt/airflow/dags/weather_etl_dag.py
[2026-06-18T10:00:56.779+0000] {logging_mixin.py:188} INFO - [2026-06-18T10:00:56.778+0000] {dag.py:3096} INFO - Sync 1 DAGs
[2026-06-18T10:00:56.815+0000] {logging_mixin.py:188} INFO - [2026-06-18T10:00:56.814+0000] {dag.py:3954} INFO - Setting next_dagrun for weather_etl_pipeline to 2026-06-17 00:00:00+00:00, run_after=2026-06-18 00:00:00+00:00
[2026-06-18T10:00:56.844+0000] {processor.py:183} INFO - Processing /opt/airflow/dags/weather_etl_dag.py took 0.170 seconds
[2026-06-18T10:01:06.945+0000] {processor.py:161} INFO - Started process (PID=419) to work on /opt/airflow/dags/weather_etl_dag.py
[2026-06-18T10:01:06.947+0000] {processor.py:830} INFO - Processing file /opt/airflow/dags/weather_etl_dag.py for tasks to queue
[2026-06-18T10:01:06.950+0000] {logging_mixin.py:188} INFO - [2026-06-18T10:01:06.950+0000] {dagbag.py:545} INFO - Filling up the DagBag from /opt/airflow/dags/weather_etl_dag.py
[2026-06-18T10:01:06.978+0000] {processor.py:840} INFO - DAG(s) 'weather_etl_pipeline' retrieved from /opt/airflow/dags/weather_etl_dag.py
[2026-06-18T10:01:07.021+0000] {logging_mixin.py:188} INFO - [2026-06-18T10:01:07.021+0000] {dag.py:3096} INFO - Sync 1 DAGs
[2026-06-18T10:01:07.053+0000] {logging_mixin.py:188} INFO - [2026-06-18T10:01:07.052+0000] {dag.py:3954} INFO - Setting next_dagrun for weather_etl_pipeline to 2026-06-17 00:00:00+00:00, run_after=2026-06-18 00:00:00+00:00
[2026-06-18T10:01:07.078+0000] {processor.py:183} INFO - Processing /opt/airflow/dags/weather_etl_dag.py took 0.140 seconds
[2026-06-18T10:01:18.049+0000] {processor.py:161} INFO - Started process (PID=424) to work on /opt/airflow/dags/weather_etl_dag.py
[2026-06-18T10:01:18.052+0000] {processor.py:830} INFO - Processing file /opt/airflow/dags/weather_etl_dag.py for tasks to queue
[2026-06-18T10:01:18.062+0000] {logging_mixin.py:188} INFO - [2026-06-18T10:01:18.062+0000] {dagbag.py:545} INFO - Filling up the DagBag from /opt/airflow/dags/weather_etl_dag.py
[2026-06-18T10:01:18.160+0000] {processor.py:840} INFO - DAG(s) 'weather_etl_pipeline' retrieved from /opt/airflow/dags/weather_etl_dag.py
[2026-06-18T10:01:18.253+0000] {logging_mixin.py:188} INFO - [2026-06-18T10:01:18.253+0000] {dag.py:3096} INFO - Sync 1 DAGs
[2026-06-18T10:01:18.320+0000] {logging_mixin.py:188} INFO - [2026-06-18T10:01:18.320+0000] {dag.py:3954} INFO - Setting next_dagrun for weather_etl_pipeline to 2026-06-17 00:00:00+00:00, run_after=2026-06-18 00:00:00+00:00
[2026-06-18T10:01:18.376+0000] {processor.py:183} INFO - Processing /opt/airflow/dags/weather_etl_dag.py took 0.342 seconds
[2026-06-18T10:01:28.489+0000] {processor.py:161} INFO - Started process (PID=429) to work on /opt/airflow/dags/weather_etl_dag.py
[2026-06-18T10:01:28.490+0000] {processor.py:830} INFO - Processing file /opt/airflow/dags/weather_etl_dag.py for tasks to queue
[2026-06-18T10:01:28.493+0000] {logging_mixin.py:188} INFO - [2026-06-18T10:01:28.493+0000] {dagbag.py:545} INFO - Filling up the DagBag from /opt/airflow/dags/weather_etl_dag.py
[2026-06-18T10:01:28.522+0000] {processor.py:840} INFO - DAG(s) 'weather_etl_pipeline' retrieved from /opt/airflow/dags/weather_etl_dag.py
[2026-06-18T10:01:28.559+0000] {logging_mixin.py:188} INFO - [2026-06-18T10:01:28.558+0000] {dag.py:3096} INFO - Sync 1 DAGs
[2026-06-18T10:01:28.589+0000] {logging_mixin.py:188} INFO - [2026-06-18T10:01:28.588+0000] {dag.py:3954} INFO - Setting next_dagrun for weather_etl_pipeline to 2026-06-17 00:00:00+00:00, run_after=2026-06-18 00:00:00+00:00
[2026-06-18T10:01:28.615+0000] {processor.py:183} INFO - Processing /opt/airflow/dags/weather_etl_dag.py took 0.135 seconds
[2026-06-18T10:01:38.726+0000] {processor.py:161} INFO - Started process (PID=434) to work on /opt/airflow/dags/weather_etl_dag.py
[2026-06-18T10:01:38.728+0000] {processor.py:830} INFO - Processing file /opt/airflow/dags/weather_etl_dag.py for tasks to queue
[2026-06-18T10:01:38.732+0000] {logging_mixin.py:188} INFO - [2026-06-18T10:01:38.731+0000] {dagbag.py:545} INFO - Filling up the DagBag from /opt/airflow/dags/weather_etl_dag.py
[2026-06-18T10:01:38.765+0000] {processor.py:840} INFO - DAG(s) 'weather_etl_pipeline' retrieved from /opt/airflow/dags/weather_etl_dag.py
[2026-06-18T10:01:38.804+0000] {logging_mixin.py:188} INFO - [2026-06-18T10:01:38.803+0000] {dag.py:3096} INFO - Sync 1 DAGs
[2026-06-18T10:01:38.840+0000] {logging_mixin.py:188} INFO - [2026-06-18T10:01:38.839+0000] {dag.py:3954} INFO - Setting next_dagrun for weather_etl_pipeline to 2026-06-17 00:00:00+00:00, run_after=2026-06-18 00:00:00+00:00
[2026-06-18T10:01:38.881+0000] {processor.py:183} INFO - Processing /opt/airflow/dags/weather_etl_dag.py took 0.165 seconds
[2026-06-18T10:01:49.732+0000] {processor.py:161} INFO - Started process (PID=439) to work on /opt/airflow/dags/weather_etl_dag.py
[2026-06-18T10:01:49.734+0000] {processor.py:830} INFO - Processing file /opt/airflow/dags/weather_etl_dag.py for tasks to queue
[2026-06-18T10:01:49.739+0000] {logging_mixin.py:188} INFO - [2026-06-18T10:01:49.738+0000] {dagbag.py:545} INFO - Filling up the DagBag from /opt/airflow/dags/weather_etl_dag.py
[2026-06-18T10:01:49.784+0000] {processor.py:840} INFO - DAG(s) 'weather_etl_pipeline' retrieved from /opt/airflow/dags/weather_etl_dag.py
[2026-06-18T10:01:49.833+0000] {logging_mixin.py:188} INFO - [2026-06-18T10:01:49.833+0000] {dag.py:3096} INFO - Sync 1 DAGs
[2026-06-18T10:01:49.878+0000] {logging_mixin.py:188} INFO - [2026-06-18T10:01:49.877+0000] {dag.py:3954} INFO - Setting next_dagrun for weather_etl_pipeline to 2026-06-17 00:00:00+00:00, run_after=2026-06-18 00:00:00+00:00
[2026-06-18T10:01:49.911+0000] {processor.py:183} INFO - Processing /opt/airflow/dags/weather_etl_dag.py took 0.192 seconds
[2026-06-18T10:02:00.028+0000] {processor.py:161} INFO - Started process (PID=444) to work on /opt/airflow/dags/weather_etl_dag.py
[2026-06-18T10:02:00.030+0000] {processor.py:830} INFO - Processing file /opt/airflow/dags/weather_etl_dag.py for tasks to queue
[2026-06-18T10:02:00.034+0000] {logging_mixin.py:188} INFO - [2026-06-18T10:02:00.033+0000] {dagbag.py:545} INFO - Filling up the DagBag from /opt/airflow/dags/weather_etl_dag.py
[2026-06-18T10:02:00.069+0000] {processor.py:840} INFO - DAG(s) 'weather_etl_pipeline' retrieved from /opt/airflow/dags/weather_etl_dag.py
[2026-06-18T10:02:00.116+0000] {logging_mixin.py:188} INFO - [2026-06-18T10:02:00.115+0000] {dag.py:3096} INFO - Sync 1 DAGs
[2026-06-18T10:02:00.156+0000] {logging_mixin.py:188} INFO - [2026-06-18T10:02:00.156+0000] {dag.py:3954} INFO - Setting next_dagrun for weather_etl_pipeline to 2026-06-17 00:00:00+00:00, run_after=2026-06-18 00:00:00+00:00
[2026-06-18T10:02:00.189+0000] {processor.py:183} INFO - Processing /opt/airflow/dags/weather_etl_dag.py took 0.173 seconds
[2026-06-18T10:02:10.312+0000] {processor.py:161} INFO - Started process (PID=449) to work on /opt/airflow/dags/weather_etl_dag.py
[2026-06-18T10:02:10.314+0000] {processor.py:830} INFO - Processing file /opt/airflow/dags/weather_etl_dag.py for tasks to queue
[2026-06-18T10:02:10.319+0000] {logging_mixin.py:188} INFO - [2026-06-18T10:02:10.318+0000] {dagbag.py:545} INFO - Filling up the DagBag from /opt/airflow/dags/weather_etl_dag.py
[2026-06-18T10:02:10.352+0000] {processor.py:840} INFO - DAG(s) 'weather_etl_pipeline' retrieved from /opt/airflow/dags/weather_etl_dag.py
[2026-06-18T10:02:10.394+0000] {logging_mixin.py:188} INFO - [2026-06-18T10:02:10.394+0000] {dag.py:3096} INFO - Sync 1 DAGs
[2026-06-18T10:02:10.431+0000] {logging_mixin.py:188} INFO - [2026-06-18T10:02:10.430+0000] {dag.py:3954} INFO - Setting next_dagrun for weather_etl_pipeline to 2026-06-17 00:00:00+00:00, run_after=2026-06-18 00:00:00+00:00
[2026-06-18T10:02:10.463+0000] {processor.py:183} INFO - Processing /opt/airflow/dags/weather_etl_dag.py took 0.159 seconds
[2026-06-18T10:02:22.450+0000] {processor.py:161} INFO - Started process (PID=454) to work on /opt/airflow/dags/weather_etl_dag.py
[2026-06-18T10:02:22.451+0000] {processor.py:830} INFO - Processing file /opt/airflow/dags/weather_etl_dag.py for tasks to queue
[2026-06-18T10:02:22.454+0000] {logging_mixin.py:188} INFO - [2026-06-18T10:02:22.454+0000] {dagbag.py:545} INFO - Filling up the DagBag from /opt/airflow/dags/weather_etl_dag.py
[2026-06-18T10:02:22.492+0000] {processor.py:840} INFO - DAG(s) 'weather_etl_pipeline' retrieved from /opt/airflow/dags/weather_etl_dag.py
[2026-06-18T10:02:22.546+0000] {logging_mixin.py:188} INFO - [2026-06-18T10:02:22.545+0000] {dag.py:3096} INFO - Sync 1 DAGs
[2026-06-18T10:02:22.582+0000] {logging_mixin.py:188} INFO - [2026-06-18T10:02:22.582+0000] {dag.py:3954} INFO - Setting next_dagrun for weather_etl_pipeline to 2026-06-17 00:00:00+00:00, run_after=2026-06-18 00:00:00+00:00
[2026-06-18T10:02:22.610+0000] {processor.py:183} INFO - Processing /opt/airflow/dags/weather_etl_dag.py took 0.169 seconds
[2026-06-18T10:02:32.740+0000] {processor.py:161} INFO - Started process (PID=459) to work on /opt/airflow/dags/weather_etl_dag.py
[2026-06-18T10:02:32.742+0000] {processor.py:830} INFO - Processing file /opt/airflow/dags/weather_etl_dag.py for tasks to queue
[2026-06-18T10:02:32.746+0000] {logging_mixin.py:188} INFO - [2026-06-18T10:02:32.745+0000] {dagbag.py:545} INFO - Filling up the DagBag from /opt/airflow/dags/weather_etl_dag.py
[2026-06-18T10:02:32.778+0000] {processor.py:840} INFO - DAG(s) 'weather_etl_pipeline' retrieved from /opt/airflow/dags/weather_etl_dag.py
[2026-06-18T10:02:32.820+0000] {logging_mixin.py:188} INFO - [2026-06-18T10:02:32.820+0000] {dag.py:3096} INFO - Sync 1 DAGs
[2026-06-18T10:02:32.864+0000] {logging_mixin.py:188} INFO - [2026-06-18T10:02:32.864+0000] {dag.py:3954} INFO - Setting next_dagrun for weather_etl_pipeline to 2026-06-17 00:00:00+00:00, run_after=2026-06-18 00:00:00+00:00
[2026-06-18T10:02:32.899+0000] {processor.py:183} INFO - Processing /opt/airflow/dags/weather_etl_dag.py took 0.171 seconds
[2026-06-18T10:02:43.006+0000] {processor.py:161} INFO - Started process (PID=464) to work on /opt/airflow/dags/weather_etl_dag.py
[2026-06-18T10:02:43.007+0000] {processor.py:830} INFO - Processing file /opt/airflow/dags/weather_etl_dag.py for tasks to queue
[2026-06-18T10:02:43.010+0000] {logging_mixin.py:188} INFO - [2026-06-18T10:02:43.010+0000] {dagbag.py:545} INFO - Filling up the DagBag from /opt/airflow/dags/weather_etl_dag.py
[2026-06-18T10:02:43.040+0000] {processor.py:840} INFO - DAG(s) 'weather_etl_pipeline' retrieved from /opt/airflow/dags/weather_etl_dag.py
[2026-06-18T10:02:43.089+0000] {logging_mixin.py:188} INFO - [2026-06-18T10:02:43.089+0000] {dag.py:3096} INFO - Sync 1 DAGs
[2026-06-18T10:02:43.137+0000] {logging_mixin.py:188} INFO - [2026-06-18T10:02:43.137+0000] {dag.py:3954} INFO - Setting next_dagrun for weather_etl_pipeline to 2026-06-17 00:00:00+00:00, run_after=2026-06-18 00:00:00+00:00
[2026-06-18T10:02:43.170+0000] {processor.py:183} INFO - Processing /opt/airflow/dags/weather_etl_dag.py took 0.173 seconds
[2026-06-18T10:02:55.012+0000] {processor.py:161} INFO - Started process (PID=469) to work on /opt/airflow/dags/weather_etl_dag.py
[2026-06-18T10:02:55.014+0000] {processor.py:830} INFO - Processing file /opt/airflow/dags/weather_etl_dag.py for tasks to queue
[2026-06-18T10:02:55.017+0000] {logging_mixin.py:188} INFO - [2026-06-18T10:02:55.016+0000] {dagbag.py:545} INFO - Filling up the DagBag from /opt/airflow/dags/weather_etl_dag.py
[2026-06-18T10:02:55.047+0000] {processor.py:840} INFO - DAG(s) 'weather_etl_pipeline' retrieved from /opt/airflow/dags/weather_etl_dag.py
[2026-06-18T10:02:55.089+0000] {logging_mixin.py:188} INFO - [2026-06-18T10:02:55.089+0000] {dag.py:3096} INFO - Sync 1 DAGs
[2026-06-18T10:02:55.120+0000] {logging_mixin.py:188} INFO - [2026-06-18T10:02:55.120+0000] {dag.py:3954} INFO - Setting next_dagrun for weather_etl_pipeline to 2026-06-17 00:00:00+00:00, run_after=2026-06-18 00:00:00+00:00
[2026-06-18T10:02:55.165+0000] {processor.py:183} INFO - Processing /opt/airflow/dags/weather_etl_dag.py took 0.162 seconds
[2026-06-18T10:03:05.277+0000] {processor.py:161} INFO - Started process (PID=474) to work on /opt/airflow/dags/weather_etl_dag.py
[2026-06-18T10:03:05.280+0000] {processor.py:830} INFO - Processing file /opt/airflow/dags/weather_etl_dag.py for tasks to queue
[2026-06-18T10:03:05.284+0000] {logging_mixin.py:188} INFO - [2026-06-18T10:03:05.284+0000] {dagbag.py:545} INFO - Filling up the DagBag from /opt/airflow/dags/weather_etl_dag.py
[2026-06-18T10:03:05.320+0000] {processor.py:840} INFO - DAG(s) 'weather_etl_pipeline' retrieved from /opt/airflow/dags/weather_etl_dag.py
[2026-06-18T10:03:05.401+0000] {logging_mixin.py:188} INFO - [2026-06-18T10:03:05.400+0000] {dag.py:3096} INFO - Sync 1 DAGs
[2026-06-18T10:03:05.449+0000] {logging_mixin.py:188} INFO - [2026-06-18T10:03:05.449+0000] {dag.py:3954} INFO - Setting next_dagrun for weather_etl_pipeline to 2026-06-17 00:00:00+00:00, run_after=2026-06-18 00:00:00+00:00
[2026-06-18T10:03:05.488+0000] {processor.py:183} INFO - Processing /opt/airflow/dags/weather_etl_dag.py took 0.222 seconds
[2026-06-18T10:03:15.642+0000] {processor.py:161} INFO - Started process (PID=479) to work on /opt/airflow/dags/weather_etl_dag.py
[2026-06-18T10:03:15.643+0000] {processor.py:830} INFO - Processing file /opt/airflow/dags/weather_etl_dag.py for tasks to queue
[2026-06-18T10:03:15.646+0000] {logging_mixin.py:188} INFO - [2026-06-18T10:03:15.646+0000] {dagbag.py:545} INFO - Filling up the DagBag from /opt/airflow/dags/weather_etl_dag.py
[2026-06-18T10:03:15.674+0000] {processor.py:840} INFO - DAG(s) 'weather_etl_pipeline' retrieved from /opt/airflow/dags/weather_etl_dag.py
[2026-06-18T10:03:15.711+0000] {logging_mixin.py:188} INFO - [2026-06-18T10:03:15.711+0000] {dag.py:3096} INFO - Sync 1 DAGs
[2026-06-18T10:03:15.741+0000] {logging_mixin.py:188} INFO - [2026-06-18T10:03:15.741+0000] {dag.py:3954} INFO - Setting next_dagrun for weather_etl_pipeline to 2026-06-17 00:00:00+00:00, run_after=2026-06-18 00:00:00+00:00
[2026-06-18T10:03:15.798+0000] {processor.py:183} INFO - Processing /opt/airflow/dags/weather_etl_dag.py took 0.165 seconds
[2026-06-18T10:03:25.940+0000] {processor.py:161} INFO - Started process (PID=484) to work on /opt/airflow/dags/weather_etl_dag.py
[2026-06-18T10:03:25.943+0000] {processor.py:830} INFO - Processing file /opt/airflow/dags/weather_etl_dag.py for tasks to queue
[2026-06-18T10:03:25.946+0000] {logging_mixin.py:188} INFO - [2026-06-18T10:03:25.946+0000] {dagbag.py:545} INFO - Filling up the DagBag from /opt/airflow/dags/weather_etl_dag.py
[2026-06-18T10:03:25.985+0000] {processor.py:840} INFO - DAG(s) 'weather_etl_pipeline' retrieved from /opt/airflow/dags/weather_etl_dag.py
[2026-06-18T10:03:26.038+0000] {logging_mixin.py:188} INFO - [2026-06-18T10:03:26.038+0000] {dag.py:3096} INFO - Sync 1 DAGs
[2026-06-18T10:03:26.080+0000] {logging_mixin.py:188} INFO - [2026-06-18T10:03:26.080+0000] {dag.py:3954} INFO - Setting next_dagrun for weather_etl_pipeline to 2026-06-17 00:00:00+00:00, run_after=2026-06-18 00:00:00+00:00
[2026-06-18T10:03:26.111+0000] {processor.py:183} INFO - Processing /opt/airflow/dags/weather_etl_dag.py took 0.182 seconds
[2026-06-18T10:03:36.216+0000] {processor.py:161} INFO - Started process (PID=489) to work on /opt/airflow/dags/weather_etl_dag.py
[2026-06-18T10:03:36.217+0000] {processor.py:830} INFO - Processing file /opt/airflow/dags/weather_etl_dag.py for tasks to queue
[2026-06-18T10:03:36.219+0000] {logging_mixin.py:188} INFO - [2026-06-18T10:03:36.219+0000] {dagbag.py:545} INFO - Filling up the DagBag from /opt/airflow/dags/weather_etl_dag.py
[2026-06-18T10:03:36.241+0000] {processor.py:840} INFO - DAG(s) 'weather_etl_pipeline' retrieved from /opt/airflow/dags/weather_etl_dag.py
[2026-06-18T10:03:36.274+0000] {logging_mixin.py:188} INFO - [2026-06-18T10:03:36.274+0000] {dag.py:3096} INFO - Sync 1 DAGs
[2026-06-18T10:03:36.305+0000] {logging_mixin.py:188} INFO - [2026-06-18T10:03:36.305+0000] {dag.py:3954} INFO - Setting next_dagrun for weather_etl_pipeline to 2026-06-17 00:00:00+00:00, run_after=2026-06-18 00:00:00+00:00
[2026-06-18T10:03:36.334+0000] {processor.py:183} INFO - Processing /opt/airflow/dags/weather_etl_dag.py took 0.124 seconds
[2026-06-18T10:03:46.543+0000] {processor.py:161} INFO - Started process (PID=494) to work on /opt/airflow/dags/weather_etl_dag.py
[2026-06-18T10:03:46.553+0000] {processor.py:830} INFO - Processing file /opt/airflow/dags/weather_etl_dag.py for tasks to queue
[2026-06-18T10:03:46.562+0000] {logging_mixin.py:188} INFO - [2026-06-18T10:03:46.561+0000] {dagbag.py:545} INFO - Filling up the DagBag from /opt/airflow/dags/weather_etl_dag.py
[2026-06-18T10:03:46.662+0000] {processor.py:840} INFO - DAG(s) 'weather_etl_pipeline' retrieved from /opt/airflow/dags/weather_etl_dag.py
[2026-06-18T10:03:46.752+0000] {logging_mixin.py:188} INFO - [2026-06-18T10:03:46.752+0000] {dag.py:3096} INFO - Sync 1 DAGs
[2026-06-18T10:03:46.815+0000] {logging_mixin.py:188} INFO - [2026-06-18T10:03:46.815+0000] {dag.py:3954} INFO - Setting next_dagrun for weather_etl_pipeline to 2026-06-17 00:00:00+00:00, run_after=2026-06-18 00:00:00+00:00
[2026-06-18T10:03:46.860+0000] {processor.py:183} INFO - Processing /opt/airflow/dags/weather_etl_dag.py took 0.344 seconds
[2026-06-18T10:03:57.540+0000] {processor.py:161} INFO - Started process (PID=499) to work on /opt/airflow/dags/weather_etl_dag.py
[2026-06-18T10:03:57.542+0000] {processor.py:830} INFO - Processing file /opt/airflow/dags/weather_etl_dag.py for tasks to queue
[2026-06-18T10:03:57.547+0000] {logging_mixin.py:188} INFO - [2026-06-18T10:03:57.546+0000] {dagbag.py:545} INFO - Filling up the DagBag from /opt/airflow/dags/weather_etl_dag.py
[2026-06-18T10:03:57.584+0000] {processor.py:840} INFO - DAG(s) 'weather_etl_pipeline' retrieved from /opt/airflow/dags/weather_etl_dag.py
[2026-06-18T10:03:57.633+0000] {logging_mixin.py:188} INFO - [2026-06-18T10:03:57.633+0000] {dag.py:3096} INFO - Sync 1 DAGs
[2026-06-18T10:03:57.675+0000] {logging_mixin.py:188} INFO - [2026-06-18T10:03:57.675+0000] {dag.py:3954} INFO - Setting next_dagrun for weather_etl_pipeline to 2026-06-17 00:00:00+00:00, run_after=2026-06-18 00:00:00+00:00
[2026-06-18T10:03:57.717+0000] {processor.py:183} INFO - Processing /opt/airflow/dags/weather_etl_dag.py took 0.188 seconds
[2026-06-18T10:04:07.835+0000] {processor.py:161} INFO - Started process (PID=504) to work on /opt/airflow/dags/weather_etl_dag.py
[2026-06-18T10:04:07.837+0000] {processor.py:830} INFO - Processing file /opt/airflow/dags/weather_etl_dag.py for tasks to queue
[2026-06-18T10:04:07.841+0000] {logging_mixin.py:188} INFO - [2026-06-18T10:04:07.840+0000] {dagbag.py:545} INFO - Filling up the DagBag from /opt/airflow/dags/weather_etl_dag.py
[2026-06-18T10:04:07.905+0000] {processor.py:840} INFO - DAG(s) 'weather_etl_pipeline' retrieved from /opt/airflow/dags/weather_etl_dag.py
[2026-06-18T10:04:08.084+0000] {logging_mixin.py:188} INFO - [2026-06-18T10:04:08.084+0000] {dag.py:3096} INFO - Sync 1 DAGs
[2026-06-18T10:04:08.166+0000] {logging_mixin.py:188} INFO - [2026-06-18T10:04:08.165+0000] {dag.py:3954} INFO - Setting next_dagrun for weather_etl_pipeline to 2026-06-17 00:00:00+00:00, run_after=2026-06-18 00:00:00+00:00
[2026-06-18T10:04:08.217+0000] {processor.py:183} INFO - Processing /opt/airflow/dags/weather_etl_dag.py took 0.391 seconds
[2026-06-18T10:04:18.374+0000] {processor.py:161} INFO - Started process (PID=509) to work on /opt/airflow/dags/weather_etl_dag.py
[2026-06-18T10:04:18.377+0000] {processor.py:830} INFO - Processing file /opt/airflow/dags/weather_etl_dag.py for tasks to queue
[2026-06-18T10:04:18.383+0000] {logging_mixin.py:188} INFO - [2026-06-18T10:04:18.382+0000] {dagbag.py:545} INFO - Filling up the DagBag from /opt/airflow/dags/weather_etl_dag.py
[2026-06-18T10:04:18.430+0000] {processor.py:840} INFO - DAG(s) 'weather_etl_pipeline' retrieved from /opt/airflow/dags/weather_etl_dag.py
[2026-06-18T10:04:18.495+0000] {logging_mixin.py:188} INFO - [2026-06-18T10:04:18.495+0000] {dag.py:3096} INFO - Sync 1 DAGs
[2026-06-18T10:04:18.562+0000] {logging_mixin.py:188} INFO - [2026-06-18T10:04:18.561+0000] {dag.py:3954} INFO - Setting next_dagrun for weather_etl_pipeline to 2026-06-17 00:00:00+00:00, run_after=2026-06-18 00:00:00+00:00
[2026-06-18T10:04:18.614+0000] {processor.py:183} INFO - Processing /opt/airflow/dags/weather_etl_dag.py took 0.256 seconds
[2026-06-18T10:04:28.984+0000] {processor.py:161} INFO - Started process (PID=514) to work on /opt/airflow/dags/weather_etl_dag.py
[2026-06-18T10:04:28.986+0000] {processor.py:830} INFO - Processing file /opt/airflow/dags/weather_etl_dag.py for tasks to queue
[2026-06-18T10:04:28.989+0000] {logging_mixin.py:188} INFO - [2026-06-18T10:04:28.989+0000] {dagbag.py:545} INFO - Filling up the DagBag from /opt/airflow/dags/weather_etl_dag.py
[2026-06-18T10:04:29.019+0000] {processor.py:840} INFO - DAG(s) 'weather_etl_pipeline' retrieved from /opt/airflow/dags/weather_etl_dag.py
[2026-06-18T10:04:29.057+0000] {logging_mixin.py:188} INFO - [2026-06-18T10:04:29.056+0000] {dag.py:3096} INFO - Sync 1 DAGs
[2026-06-18T10:04:29.090+0000] {logging_mixin.py:188} INFO - [2026-06-18T10:04:29.089+0000] {dag.py:3954} INFO - Setting next_dagrun for weather_etl_pipeline to 2026-06-17 00:00:00+00:00, run_after=2026-06-18 00:00:00+00:00
[2026-06-18T10:04:29.116+0000] {processor.py:183} INFO - Processing /opt/airflow/dags/weather_etl_dag.py took 0.140 seconds
[2026-06-18T10:04:39.256+0000] {processor.py:161} INFO - Started process (PID=519) to work on /opt/airflow/dags/weather_etl_dag.py
[2026-06-18T10:04:39.277+0000] {processor.py:830} INFO - Processing file /opt/airflow/dags/weather_etl_dag.py for tasks to queue
[2026-06-18T10:04:39.287+0000] {logging_mixin.py:188} INFO - [2026-06-18T10:04:39.286+0000] {dagbag.py:545} INFO - Filling up the DagBag from /opt/airflow/dags/weather_etl_dag.py
[2026-06-18T10:04:39.406+0000] {processor.py:840} INFO - DAG(s) 'weather_etl_pipeline' retrieved from /opt/airflow/dags/weather_etl_dag.py
[2026-06-18T10:04:39.507+0000] {logging_mixin.py:188} INFO - [2026-06-18T10:04:39.507+0000] {dag.py:3096} INFO - Sync 1 DAGs
[2026-06-18T10:04:39.589+0000] {logging_mixin.py:188} INFO - [2026-06-18T10:04:39.588+0000] {dag.py:3954} INFO - Setting next_dagrun for weather_etl_pipeline to 2026-06-17 00:00:00+00:00, run_after=2026-06-18 00:00:00+00:00
[2026-06-18T10:04:39.640+0000] {processor.py:183} INFO - Processing /opt/airflow/dags/weather_etl_dag.py took 0.398 seconds
[2026-06-18T10:04:49.777+0000] {processor.py:161} INFO - Started process (PID=524) to work on /opt/airflow/dags/weather_etl_dag.py
[2026-06-18T10:04:49.779+0000] {processor.py:830} INFO - Processing file /opt/airflow/dags/weather_etl_dag.py for tasks to queue
[2026-06-18T10:04:49.783+0000] {logging_mixin.py:188} INFO - [2026-06-18T10:04:49.782+0000] {dagbag.py:545} INFO - Filling up the DagBag from /opt/airflow/dags/weather_etl_dag.py
[2026-06-18T10:04:49.817+0000] {processor.py:840} INFO - DAG(s) 'weather_etl_pipeline' retrieved from /opt/airflow/dags/weather_etl_dag.py
[2026-06-18T10:04:49.861+0000] {logging_mixin.py:188} INFO - [2026-06-18T10:04:49.861+0000] {dag.py:3096} INFO - Sync 1 DAGs
[2026-06-18T10:04:49.893+0000] {logging_mixin.py:188} INFO - [2026-06-18T10:04:49.893+0000] {dag.py:3954} INFO - Setting next_dagrun for weather_etl_pipeline to 2026-06-17 00:00:00+00:00, run_after=2026-06-18 00:00:00+00:00
[2026-06-18T10:04:49.923+0000] {processor.py:183} INFO - Processing /opt/airflow/dags/weather_etl_dag.py took 0.160 seconds
[2026-06-18T10:05:00.532+0000] {processor.py:161} INFO - Started process (PID=529) to work on /opt/airflow/dags/weather_etl_dag.py
[2026-06-18T10:05:00.534+0000] {processor.py:830} INFO - Processing file /opt/airflow/dags/weather_etl_dag.py for tasks to queue
[2026-06-18T10:05:00.537+0000] {logging_mixin.py:188} INFO - [2026-06-18T10:05:00.537+0000] {dagbag.py:545} INFO - Filling up the DagBag from /opt/airflow/dags/weather_etl_dag.py
[2026-06-18T10:05:00.566+0000] {processor.py:840} INFO - DAG(s) 'weather_etl_pipeline' retrieved from /opt/airflow/dags/weather_etl_dag.py
[2026-06-18T10:05:00.602+0000] {logging_mixin.py:188} INFO - [2026-06-18T10:05:00.602+0000] {dag.py:3096} INFO - Sync 1 DAGs
[2026-06-18T10:05:00.632+0000] {logging_mixin.py:188} INFO - [2026-06-18T10:05:00.632+0000] {dag.py:3954} INFO - Setting next_dagrun for weather_etl_pipeline to 2026-06-17 00:00:00+00:00, run_after=2026-06-18 00:00:00+00:00
[2026-06-18T10:05:00.659+0000] {processor.py:183} INFO - Processing /opt/airflow/dags/weather_etl_dag.py took 0.134 seconds
[2026-06-18T10:05:10.759+0000] {processor.py:161} INFO - Started process (PID=534) to work on /opt/airflow/dags/weather_etl_dag.py
[2026-06-18T10:05:10.763+0000] {processor.py:830} INFO - Processing file /opt/airflow/dags/weather_etl_dag.py for tasks to queue
[2026-06-18T10:05:10.772+0000] {logging_mixin.py:188} INFO - [2026-06-18T10:05:10.771+0000] {dagbag.py:545} INFO - Filling up the DagBag from /opt/airflow/dags/weather_etl_dag.py
[2026-06-18T10:05:10.804+0000] {processor.py:840} INFO - DAG(s) 'weather_etl_pipeline' retrieved from /opt/airflow/dags/weather_etl_dag.py
[2026-06-18T10:05:10.843+0000] {logging_mixin.py:188} INFO - [2026-06-18T10:05:10.843+0000] {dag.py:3096} INFO - Sync 1 DAGs
[2026-06-18T10:05:10.874+0000] {logging_mixin.py:188} INFO - [2026-06-18T10:05:10.873+0000] {dag.py:3954} INFO - Setting next_dagrun for weather_etl_pipeline to 2026-06-17 00:00:00+00:00, run_after=2026-06-18 00:00:00+00:00
[2026-06-18T10:05:10.902+0000] {processor.py:183} INFO - Processing /opt/airflow/dags/weather_etl_dag.py took 0.155 seconds
[2026-06-18T10:05:21.037+0000] {processor.py:161} INFO - Started process (PID=539) to work on /opt/airflow/dags/weather_etl_dag.py
[2026-06-18T10:05:21.039+0000] {processor.py:830} INFO - Processing file /opt/airflow/dags/weather_etl_dag.py for tasks to queue
[2026-06-18T10:05:21.043+0000] {logging_mixin.py:188} INFO - [2026-06-18T10:05:21.042+0000] {dagbag.py:545} INFO - Filling up the DagBag from /opt/airflow/dags/weather_etl_dag.py
[2026-06-18T10:05:21.085+0000] {processor.py:840} INFO - DAG(s) 'weather_etl_pipeline' retrieved from /opt/airflow/dags/weather_etl_dag.py
[2026-06-18T10:05:21.149+0000] {logging_mixin.py:188} INFO - [2026-06-18T10:05:21.148+0000] {dag.py:3096} INFO - Sync 1 DAGs
[2026-06-18T10:05:21.210+0000] {logging_mixin.py:188} INFO - [2026-06-18T10:05:21.210+0000] {dag.py:3954} INFO - Setting next_dagrun for weather_etl_pipeline to 2026-06-17 00:00:00+00:00, run_after=2026-06-18 00:00:00+00:00
[2026-06-18T10:05:21.256+0000] {processor.py:183} INFO - Processing /opt/airflow/dags/weather_etl_dag.py took 0.231 seconds
[2026-06-18T10:05:32.818+0000] {processor.py:161} INFO - Started process (PID=544) to work on /opt/airflow/dags/weather_etl_dag.py
[2026-06-18T10:05:32.821+0000] {processor.py:830} INFO - Processing file /opt/airflow/dags/weather_etl_dag.py for tasks to queue
[2026-06-18T10:05:32.825+0000] {logging_mixin.py:188} INFO - [2026-06-18T10:05:32.824+0000] {dagbag.py:545} INFO - Filling up the DagBag from /opt/airflow/dags/weather_etl_dag.py
[2026-06-18T10:05:32.858+0000] {processor.py:840} INFO - DAG(s) 'weather_etl_pipeline' retrieved from /opt/airflow/dags/weather_etl_dag.py
[2026-06-18T10:05:32.906+0000] {logging_mixin.py:188} INFO - [2026-06-18T10:05:32.905+0000] {dag.py:3096} INFO - Sync 1 DAGs
[2026-06-18T10:05:32.943+0000] {logging_mixin.py:188} INFO - [2026-06-18T10:05:32.943+0000] {dag.py:3954} INFO - Setting next_dagrun for weather_etl_pipeline to 2026-06-17 00:00:00+00:00, run_after=2026-06-18 00:00:00+00:00
[2026-06-18T10:05:32.973+0000] {processor.py:183} INFO - Processing /opt/airflow/dags/weather_etl_dag.py took 0.165 seconds
[2026-06-18T10:05:43.076+0000] {processor.py:161} INFO - Started process (PID=549) to work on /opt/airflow/dags/weather_etl_dag.py
[2026-06-18T10:05:43.078+0000] {processor.py:830} INFO - Processing file /opt/airflow/dags/weather_etl_dag.py for tasks to queue
[2026-06-18T10:05:43.080+0000] {logging_mixin.py:188} INFO - [2026-06-18T10:05:43.080+0000] {dagbag.py:545} INFO - Filling up the DagBag from /opt/airflow/dags/weather_etl_dag.py
[2026-06-18T10:05:43.107+0000] {processor.py:840} INFO - DAG(s) 'weather_etl_pipeline' retrieved from /opt/airflow/dags/weather_etl_dag.py
[2026-06-18T10:05:43.146+0000] {logging_mixin.py:188} INFO - [2026-06-18T10:05:43.145+0000] {dag.py:3096} INFO - Sync 1 DAGs
[2026-06-18T10:05:43.176+0000] {logging_mixin.py:188} INFO - [2026-06-18T10:05:43.176+0000] {dag.py:3954} INFO - Setting next_dagrun for weather_etl_pipeline to 2026-06-17 00:00:00+00:00, run_after=2026-06-18 00:00:00+00:00
[2026-06-18T10:05:43.201+0000] {processor.py:183} INFO - Processing /opt/airflow/dags/weather_etl_dag.py took 0.133 seconds
[2026-06-18T10:05:53.331+0000] {processor.py:161} INFO - Started process (PID=554) to work on /opt/airflow/dags/weather_etl_dag.py
[2026-06-18T10:05:53.333+0000] {processor.py:830} INFO - Processing file /opt/airflow/dags/weather_etl_dag.py for tasks to queue
[2026-06-18T10:05:53.338+0000] {logging_mixin.py:188} INFO - [2026-06-18T10:05:53.338+0000] {dagbag.py:545} INFO - Filling up the DagBag from /opt/airflow/dags/weather_etl_dag.py
[2026-06-18T10:05:53.378+0000] {processor.py:840} INFO - DAG(s) 'weather_etl_pipeline' retrieved from /opt/airflow/dags/weather_etl_dag.py
[2026-06-18T10:05:53.431+0000] {logging_mixin.py:188} INFO - [2026-06-18T10:05:53.431+0000] {dag.py:3096} INFO - Sync 1 DAGs
[2026-06-18T10:05:53.472+0000] {logging_mixin.py:188} INFO - [2026-06-18T10:05:53.471+0000] {dag.py:3954} INFO - Setting next_dagrun for weather_etl_pipeline to 2026-06-17 00:00:00+00:00, run_after=2026-06-18 00:00:00+00:00
[2026-06-18T10:05:53.509+0000] {processor.py:183} INFO - Processing /opt/airflow/dags/weather_etl_dag.py took 0.188 seconds
[2026-06-18T10:06:06.137+0000] {processor.py:161} INFO - Started process (PID=559) to work on /opt/airflow/dags/weather_etl_dag.py
[2026-06-18T10:06:06.139+0000] {processor.py:830} INFO - Processing file /opt/airflow/dags/weather_etl_dag.py for tasks to queue
[2026-06-18T10:06:06.142+0000] {logging_mixin.py:188} INFO - [2026-06-18T10:06:06.141+0000] {dagbag.py:545} INFO - Filling up the DagBag from /opt/airflow/dags/weather_etl_dag.py
[2026-06-18T10:06:06.166+0000] {processor.py:840} INFO - DAG(s) 'weather_etl_pipeline' retrieved from /opt/airflow/dags/weather_etl_dag.py
[2026-06-18T10:06:06.198+0000] {logging_mixin.py:188} INFO - [2026-06-18T10:06:06.198+0000] {dag.py:3096} INFO - Sync 1 DAGs
[2026-06-18T10:06:06.225+0000] {logging_mixin.py:188} INFO - [2026-06-18T10:06:06.225+0000] {dag.py:3954} INFO - Setting next_dagrun for weather_etl_pipeline to 2026-06-17 00:00:00+00:00, run_after=2026-06-18 00:00:00+00:00
[2026-06-18T10:06:06.250+0000] {processor.py:183} INFO - Processing /opt/airflow/dags/weather_etl_dag.py took 0.119 seconds
[2026-06-18T10:06:16.386+0000] {processor.py:161} INFO - Started process (PID=564) to work on /opt/airflow/dags/weather_etl_dag.py
[2026-06-18T10:06:16.388+0000] {processor.py:830} INFO - Processing file /opt/airflow/dags/weather_etl_dag.py for tasks to queue
[2026-06-18T10:06:16.391+0000] {logging_mixin.py:188} INFO - [2026-06-18T10:06:16.390+0000] {dagbag.py:545} INFO - Filling up the DagBag from /opt/airflow/dags/weather_etl_dag.py
[2026-06-18T10:06:16.416+0000] {processor.py:840} INFO - DAG(s) 'weather_etl_pipeline' retrieved from /opt/airflow/dags/weather_etl_dag.py
[2026-06-18T10:06:16.452+0000] {logging_mixin.py:188} INFO - [2026-06-18T10:06:16.452+0000] {dag.py:3096} INFO - Sync 1 DAGs
[2026-06-18T10:06:16.485+0000] {logging_mixin.py:188} INFO - [2026-06-18T10:06:16.485+0000] {dag.py:3954} INFO - Setting next_dagrun for weather_etl_pipeline to 2026-06-17 00:00:00+00:00, run_after=2026-06-18 00:00:00+00:00
[2026-06-18T10:06:16.516+0000] {processor.py:183} INFO - Processing /opt/airflow/dags/weather_etl_dag.py took 0.138 seconds
[2026-06-18T10:06:26.669+0000] {processor.py:161} INFO - Started process (PID=569) to work on /opt/airflow/dags/weather_etl_dag.py
[2026-06-18T10:06:26.671+0000] {processor.py:830} INFO - Processing file /opt/airflow/dags/weather_etl_dag.py for tasks to queue
[2026-06-18T10:06:26.675+0000] {logging_mixin.py:188} INFO - [2026-06-18T10:06:26.674+0000] {dagbag.py:545} INFO - Filling up the DagBag from /opt/airflow/dags/weather_etl_dag.py
[2026-06-18T10:06:26.707+0000] {processor.py:840} INFO - DAG(s) 'weather_etl_pipeline' retrieved from /opt/airflow/dags/weather_etl_dag.py
[2026-06-18T10:06:26.755+0000] {logging_mixin.py:188} INFO - [2026-06-18T10:06:26.754+0000] {dag.py:3096} INFO - Sync 1 DAGs
[2026-06-18T10:06:26.792+0000] {logging_mixin.py:188} INFO - [2026-06-18T10:06:26.792+0000] {dag.py:3954} INFO - Setting next_dagrun for weather_etl_pipeline to 2026-06-17 00:00:00+00:00, run_after=2026-06-18 00:00:00+00:00
[2026-06-18T10:06:26.822+0000] {processor.py:183} INFO - Processing /opt/airflow/dags/weather_etl_dag.py took 0.162 seconds
[2026-06-18T10:06:38.473+0000] {processor.py:161} INFO - Started process (PID=574) to work on /opt/airflow/dags/weather_etl_dag.py
[2026-06-18T10:06:38.475+0000] {processor.py:830} INFO - Processing file /opt/airflow/dags/weather_etl_dag.py for tasks to queue
[2026-06-18T10:06:38.479+0000] {logging_mixin.py:188} INFO - [2026-06-18T10:06:38.479+0000] {dagbag.py:545} INFO - Filling up the DagBag from /opt/airflow/dags/weather_etl_dag.py
[2026-06-18T10:06:38.511+0000] {processor.py:840} INFO - DAG(s) 'weather_etl_pipeline' retrieved from /opt/airflow/dags/weather_etl_dag.py
[2026-06-18T10:06:38.549+0000] {logging_mixin.py:188} INFO - [2026-06-18T10:06:38.548+0000] {dag.py:3096} INFO - Sync 1 DAGs
[2026-06-18T10:06:38.583+0000] {logging_mixin.py:188} INFO - [2026-06-18T10:06:38.583+0000] {dag.py:3954} INFO - Setting next_dagrun for weather_etl_pipeline to 2026-06-17 00:00:00+00:00, run_after=2026-06-18 00:00:00+00:00
[2026-06-18T10:06:38.614+0000] {processor.py:183} INFO - Processing /opt/airflow/dags/weather_etl_dag.py took 0.153 seconds
[2026-06-18T10:06:48.709+0000] {processor.py:161} INFO - Started process (PID=579) to work on /opt/airflow/dags/weather_etl_dag.py
[2026-06-18T10:06:48.711+0000] {processor.py:830} INFO - Processing file /opt/airflow/dags/weather_etl_dag.py for tasks to queue
[2026-06-18T10:06:48.714+0000] {logging_mixin.py:188} INFO - [2026-06-18T10:06:48.714+0000] {dagbag.py:545} INFO - Filling up the DagBag from /opt/airflow/dags/weather_etl_dag.py
[2026-06-18T10:06:48.747+0000] {processor.py:840} INFO - DAG(s) 'weather_etl_pipeline' retrieved from /opt/airflow/dags/weather_etl_dag.py
[2026-06-18T10:06:48.795+0000] {logging_mixin.py:188} INFO - [2026-06-18T10:06:48.794+0000] {dag.py:3096} INFO - Sync 1 DAGs
[2026-06-18T10:06:48.832+0000] {logging_mixin.py:188} INFO - [2026-06-18T10:06:48.831+0000] {dag.py:3954} INFO - Setting next_dagrun for weather_etl_pipeline to 2026-06-17 00:00:00+00:00, run_after=2026-06-18 00:00:00+00:00
[2026-06-18T10:06:48.862+0000] {processor.py:183} INFO - Processing /opt/airflow/dags/weather_etl_dag.py took 0.161 seconds
[2026-06-18T10:06:58.963+0000] {processor.py:161} INFO - Started process (PID=584) to work on /opt/airflow/dags/weather_etl_dag.py
[2026-06-18T10:06:58.965+0000] {processor.py:830} INFO - Processing file /opt/airflow/dags/weather_etl_dag.py for tasks to queue
[2026-06-18T10:06:58.968+0000] {logging_mixin.py:188} INFO - [2026-06-18T10:06:58.968+0000] {dagbag.py:545} INFO - Filling up the DagBag from /opt/airflow/dags/weather_etl_dag.py
[2026-06-18T10:06:58.995+0000] {processor.py:840} INFO - DAG(s) 'weather_etl_pipeline' retrieved from /opt/airflow/dags/weather_etl_dag.py
[2026-06-18T10:06:59.031+0000] {logging_mixin.py:188} INFO - [2026-06-18T10:06:59.031+0000] {dag.py:3096} INFO - Sync 1 DAGs
[2026-06-18T10:06:59.060+0000] {logging_mixin.py:188} INFO - [2026-06-18T10:06:59.060+0000] {dag.py:3954} INFO - Setting next_dagrun for weather_etl_pipeline to 2026-06-17 00:00:00+00:00, run_after=2026-06-18 00:00:00+00:00
[2026-06-18T10:06:59.112+0000] {processor.py:183} INFO - Processing /opt/airflow/dags/weather_etl_dag.py took 0.157 seconds
[2026-06-18T10:07:10.963+0000] {processor.py:161} INFO - Started process (PID=589) to work on /opt/airflow/dags/weather_etl_dag.py
[2026-06-18T10:07:10.965+0000] {processor.py:830} INFO - Processing file /opt/airflow/dags/weather_etl_dag.py for tasks to queue
[2026-06-18T10:07:10.969+0000] {logging_mixin.py:188} INFO - [2026-06-18T10:07:10.968+0000] {dagbag.py:545} INFO - Filling up the DagBag from /opt/airflow/dags/weather_etl_dag.py
[2026-06-18T10:07:11.002+0000] {processor.py:840} INFO - DAG(s) 'weather_etl_pipeline' retrieved from /opt/airflow/dags/weather_etl_dag.py
[2026-06-18T10:07:11.051+0000] {logging_mixin.py:188} INFO - [2026-06-18T10:07:11.051+0000] {dag.py:3096} INFO - Sync 1 DAGs
[2026-06-18T10:07:11.090+0000] {logging_mixin.py:188} INFO - [2026-06-18T10:07:11.090+0000] {dag.py:3954} INFO - Setting next_dagrun for weather_etl_pipeline to 2026-06-17 00:00:00+00:00, run_after=2026-06-18 00:00:00+00:00
[2026-06-18T10:07:11.122+0000] {processor.py:183} INFO - Processing /opt/airflow/dags/weather_etl_dag.py took 0.168 seconds
[2026-06-18T10:07:21.234+0000] {processor.py:161} INFO - Started process (PID=594) to work on /opt/airflow/dags/weather_etl_dag.py
[2026-06-18T10:07:21.236+0000] {processor.py:830} INFO - Processing file /opt/airflow/dags/weather_etl_dag.py for tasks to queue
[2026-06-18T10:07:21.240+0000] {logging_mixin.py:188} INFO - [2026-06-18T10:07:21.240+0000] {dagbag.py:545} INFO - Filling up the DagBag from /opt/airflow/dags/weather_etl_dag.py
[2026-06-18T10:07:21.273+0000] {processor.py:840} INFO - DAG(s) 'weather_etl_pipeline' retrieved from /opt/airflow/dags/weather_etl_dag.py
[2026-06-18T10:07:21.317+0000] {logging_mixin.py:188} INFO - [2026-06-18T10:07:21.317+0000] {dag.py:3096} INFO - Sync 1 DAGs
[2026-06-18T10:07:21.352+0000] {logging_mixin.py:188} INFO - [2026-06-18T10:07:21.352+0000] {dag.py:3954} INFO - Setting next_dagrun for weather_etl_pipeline to 2026-06-17 00:00:00+00:00, run_after=2026-06-18 00:00:00+00:00
[2026-06-18T10:07:21.387+0000] {processor.py:183} INFO - Processing /opt/airflow/dags/weather_etl_dag.py took 0.166 seconds
[2026-06-18T10:07:31.507+0000] {processor.py:161} INFO - Started process (PID=599) to work on /opt/airflow/dags/weather_etl_dag.py
[2026-06-18T10:07:31.508+0000] {processor.py:830} INFO - Processing file /opt/airflow/dags/weather_etl_dag.py for tasks to queue
[2026-06-18T10:07:31.511+0000] {logging_mixin.py:188} INFO - [2026-06-18T10:07:31.511+0000] {dagbag.py:545} INFO - Filling up the DagBag from /opt/airflow/dags/weather_etl_dag.py
[2026-06-18T10:07:31.547+0000] {processor.py:840} INFO - DAG(s) 'weather_etl_pipeline' retrieved from /opt/airflow/dags/weather_etl_dag.py
[2026-06-18T10:07:31.600+0000] {logging_mixin.py:188} INFO - [2026-06-18T10:07:31.600+0000] {dag.py:3096} INFO - Sync 1 DAGs
[2026-06-18T10:07:31.643+0000] {logging_mixin.py:188} INFO - [2026-06-18T10:07:31.643+0000] {dag.py:3954} INFO - Setting next_dagrun for weather_etl_pipeline to 2026-06-17 00:00:00+00:00, run_after=2026-06-18 00:00:00+00:00
[2026-06-18T10:07:31.676+0000] {processor.py:183} INFO - Processing /opt/airflow/dags/weather_etl_dag.py took 0.178 seconds
[2026-06-18T10:07:42.471+0000] {processor.py:161} INFO - Started process (PID=604) to work on /opt/airflow/dags/weather_etl_dag.py
[2026-06-18T10:07:42.473+0000] {processor.py:830} INFO - Processing file /opt/airflow/dags/weather_etl_dag.py for tasks to queue
[2026-06-18T10:07:42.477+0000] {logging_mixin.py:188} INFO - [2026-06-18T10:07:42.476+0000] {dagbag.py:545} INFO - Filling up the DagBag from /opt/airflow/dags/weather_etl_dag.py
[2026-06-18T10:07:42.508+0000] {processor.py:840} INFO - DAG(s) 'weather_etl_pipeline' retrieved from /opt/airflow/dags/weather_etl_dag.py
[2026-06-18T10:07:42.560+0000] {logging_mixin.py:188} INFO - [2026-06-18T10:07:42.560+0000] {dag.py:3096} INFO - Sync 1 DAGs
[2026-06-18T10:07:42.601+0000] {logging_mixin.py:188} INFO - [2026-06-18T10:07:42.601+0000] {dag.py:3954} INFO - Setting next_dagrun for weather_etl_pipeline to 2026-06-17 00:00:00+00:00, run_after=2026-06-18 00:00:00+00:00
[2026-06-18T10:07:42.634+0000] {processor.py:183} INFO - Processing /opt/airflow/dags/weather_etl_dag.py took 0.173 seconds
[2026-06-18T10:07:52.751+0000] {processor.py:161} INFO - Started process (PID=609) to work on /opt/airflow/dags/weather_etl_dag.py
[2026-06-18T10:07:52.754+0000] {processor.py:830} INFO - Processing file /opt/airflow/dags/weather_etl_dag.py for tasks to queue
[2026-06-18T10:07:52.757+0000] {logging_mixin.py:188} INFO - [2026-06-18T10:07:52.757+0000] {dagbag.py:545} INFO - Filling up the DagBag from /opt/airflow/dags/weather_etl_dag.py
[2026-06-18T10:07:52.792+0000] {processor.py:840} INFO - DAG(s) 'weather_etl_pipeline' retrieved from /opt/airflow/dags/weather_etl_dag.py
[2026-06-18T10:07:52.842+0000] {logging_mixin.py:188} INFO - [2026-06-18T10:07:52.841+0000] {dag.py:3096} INFO - Sync 1 DAGs
[2026-06-18T10:07:52.887+0000] {logging_mixin.py:188} INFO - [2026-06-18T10:07:52.886+0000] {dag.py:3954} INFO - Setting next_dagrun for weather_etl_pipeline to 2026-06-17 00:00:00+00:00, run_after=2026-06-18 00:00:00+00:00
[2026-06-18T10:07:52.926+0000] {processor.py:183} INFO - Processing /opt/airflow/dags/weather_etl_dag.py took 0.184 seconds
[2026-06-18T10:08:03.060+0000] {processor.py:161} INFO - Started process (PID=614) to work on /opt/airflow/dags/weather_etl_dag.py
[2026-06-18T10:08:03.062+0000] {processor.py:830} INFO - Processing file /opt/airflow/dags/weather_etl_dag.py for tasks to queue
[2026-06-18T10:08:03.067+0000] {logging_mixin.py:188} INFO - [2026-06-18T10:08:03.067+0000] {dagbag.py:545} INFO - Filling up the DagBag from /opt/airflow/dags/weather_etl_dag.py
[2026-06-18T10:08:03.103+0000] {processor.py:840} INFO - DAG(s) 'weather_etl_pipeline' retrieved from /opt/airflow/dags/weather_etl_dag.py
[2026-06-18T10:08:03.146+0000] {logging_mixin.py:188} INFO - [2026-06-18T10:08:03.145+0000] {dag.py:3096} INFO - Sync 1 DAGs
[2026-06-18T10:08:03.182+0000] {logging_mixin.py:188} INFO - [2026-06-18T10:08:03.182+0000] {dag.py:3954} INFO - Setting next_dagrun for weather_etl_pipeline to 2026-06-17 00:00:00+00:00, run_after=2026-06-18 00:00:00+00:00
[2026-06-18T10:08:03.223+0000] {processor.py:183} INFO - Processing /opt/airflow/dags/weather_etl_dag.py took 0.176 seconds
[2026-06-18T10:08:13.849+0000] {processor.py:161} INFO - Started process (PID=619) to work on /opt/airflow/dags/weather_etl_dag.py
[2026-06-18T10:08:13.851+0000] {processor.py:830} INFO - Processing file /opt/airflow/dags/weather_etl_dag.py for tasks to queue
[2026-06-18T10:08:13.856+0000] {logging_mixin.py:188} INFO - [2026-06-18T10:08:13.855+0000] {dagbag.py:545} INFO - Filling up the DagBag from /opt/airflow/dags/weather_etl_dag.py
[2026-06-18T10:08:13.893+0000] {processor.py:840} INFO - DAG(s) 'weather_etl_pipeline' retrieved from /opt/airflow/dags/weather_etl_dag.py
[2026-06-18T10:08:13.938+0000] {logging_mixin.py:188} INFO - [2026-06-18T10:08:13.938+0000] {dag.py:3096} INFO - Sync 1 DAGs
[2026-06-18T10:08:13.975+0000] {logging_mixin.py:188} INFO - [2026-06-18T10:08:13.974+0000] {dag.py:3954} INFO - Setting next_dagrun for weather_etl_pipeline to 2026-06-17 00:00:00+00:00, run_after=2026-06-18 00:00:00+00:00
[2026-06-18T10:08:14.010+0000] {processor.py:183} INFO - Processing /opt/airflow/dags/weather_etl_dag.py took 0.169 seconds
[2026-06-18T10:08:24.121+0000] {processor.py:161} INFO - Started process (PID=624) to work on /opt/airflow/dags/weather_etl_dag.py
[2026-06-18T10:08:24.124+0000] {processor.py:830} INFO - Processing file /opt/airflow/dags/weather_etl_dag.py for tasks to queue
[2026-06-18T10:08:24.127+0000] {logging_mixin.py:188} INFO - [2026-06-18T10:08:24.126+0000] {dagbag.py:545} INFO - Filling up the DagBag from /opt/airflow/dags/weather_etl_dag.py
[2026-06-18T10:08:24.157+0000] {processor.py:840} INFO - DAG(s) 'weather_etl_pipeline' retrieved from /opt/airflow/dags/weather_etl_dag.py
[2026-06-18T10:08:24.197+0000] {logging_mixin.py:188} INFO - [2026-06-18T10:08:24.197+0000] {dag.py:3096} INFO - Sync 1 DAGs
[2026-06-18T10:08:24.235+0000] {logging_mixin.py:188} INFO - [2026-06-18T10:08:24.235+0000] {dag.py:3954} INFO - Setting next_dagrun for weather_etl_pipeline to 2026-06-17 00:00:00+00:00, run_after=2026-06-18 00:00:00+00:00
[2026-06-18T10:08:24.274+0000] {processor.py:183} INFO - Processing /opt/airflow/dags/weather_etl_dag.py took 0.162 seconds
[2026-06-18T10:08:34.371+0000] {processor.py:161} INFO - Started process (PID=629) to work on /opt/airflow/dags/weather_etl_dag.py
[2026-06-18T10:08:34.373+0000] {processor.py:830} INFO - Processing file /opt/airflow/dags/weather_etl_dag.py for tasks to queue
[2026-06-18T10:08:34.376+0000] {logging_mixin.py:188} INFO - [2026-06-18T10:08:34.375+0000] {dagbag.py:545} INFO - Filling up the DagBag from /opt/airflow/dags/weather_etl_dag.py
[2026-06-18T10:08:34.403+0000] {processor.py:840} INFO - DAG(s) 'weather_etl_pipeline' retrieved from /opt/airflow/dags/weather_etl_dag.py
[2026-06-18T10:08:34.440+0000] {logging_mixin.py:188} INFO - [2026-06-18T10:08:34.440+0000] {dag.py:3096} INFO - Sync 1 DAGs
[2026-06-18T10:08:34.469+0000] {logging_mixin.py:188} INFO - [2026-06-18T10:08:34.468+0000] {dag.py:3954} INFO - Setting next_dagrun for weather_etl_pipeline to 2026-06-17 00:00:00+00:00, run_after=2026-06-18 00:00:00+00:00
[2026-06-18T10:08:34.496+0000] {processor.py:183} INFO - Processing /opt/airflow/dags/weather_etl_dag.py took 0.132 seconds
[2026-06-18T10:08:45.015+0000] {processor.py:161} INFO - Started process (PID=634) to work on /opt/airflow/dags/weather_etl_dag.py
[2026-06-18T10:08:45.017+0000] {processor.py:830} INFO - Processing file /opt/airflow/dags/weather_etl_dag.py for tasks to queue
[2026-06-18T10:08:45.021+0000] {logging_mixin.py:188} INFO - [2026-06-18T10:08:45.021+0000] {dagbag.py:545} INFO - Filling up the DagBag from /opt/airflow/dags/weather_etl_dag.py
[2026-06-18T10:08:45.054+0000] {processor.py:840} INFO - DAG(s) 'weather_etl_pipeline' retrieved from /opt/airflow/dags/weather_etl_dag.py
[2026-06-18T10:08:45.105+0000] {logging_mixin.py:188} INFO - [2026-06-18T10:08:45.105+0000] {dag.py:3096} INFO - Sync 1 DAGs
[2026-06-18T10:08:45.140+0000] {logging_mixin.py:188} INFO - [2026-06-18T10:08:45.139+0000] {dag.py:3954} INFO - Setting next_dagrun for weather_etl_pipeline to 2026-06-17 00:00:00+00:00, run_after=2026-06-18 00:00:00+00:00
[2026-06-18T10:08:45.168+0000] {processor.py:183} INFO - Processing /opt/airflow/dags/weather_etl_dag.py took 0.163 seconds
[2026-06-18T10:08:55.301+0000] {processor.py:161} INFO - Started process (PID=639) to work on /opt/airflow/dags/weather_etl_dag.py
[2026-06-18T10:08:55.303+0000] {processor.py:830} INFO - Processing file /opt/airflow/dags/weather_etl_dag.py for tasks to queue
[2026-06-18T10:08:55.306+0000] {logging_mixin.py:188} INFO - [2026-06-18T10:08:55.306+0000] {dagbag.py:545} INFO - Filling up the DagBag from /opt/airflow/dags/weather_etl_dag.py
[2026-06-18T10:08:55.394+0000] {processor.py:840} INFO - DAG(s) 'weather_etl_pipeline' retrieved from /opt/airflow/dags/weather_etl_dag.py
[2026-06-18T10:08:55.632+0000] {logging_mixin.py:188} INFO - [2026-06-18T10:08:55.631+0000] {dag.py:3096} INFO - Sync 1 DAGs
[2026-06-18T10:08:55.701+0000] {logging_mixin.py:188} INFO - [2026-06-18T10:08:55.700+0000] {dag.py:3954} INFO - Setting next_dagrun for weather_etl_pipeline to 2026-06-17 00:00:00+00:00, run_after=2026-06-18 00:00:00+00:00
[2026-06-18T10:08:55.777+0000] {processor.py:183} INFO - Processing /opt/airflow/dags/weather_etl_dag.py took 0.488 seconds
[2026-06-18T10:09:05.961+0000] {processor.py:161} INFO - Started process (PID=644) to work on /opt/airflow/dags/weather_etl_dag.py
[2026-06-18T10:09:05.998+0000] {processor.py:830} INFO - Processing file /opt/airflow/dags/weather_etl_dag.py for tasks to queue
[2026-06-18T10:09:06.029+0000] {logging_mixin.py:188} INFO - [2026-06-18T10:09:06.028+0000] {dagbag.py:545} INFO - Filling up the DagBag from /opt/airflow/dags/weather_etl_dag.py
[2026-06-18T10:09:06.129+0000] {processor.py:840} INFO - DAG(s) 'weather_etl_pipeline' retrieved from /opt/airflow/dags/weather_etl_dag.py
[2026-06-18T10:09:06.186+0000] {logging_mixin.py:188} INFO - [2026-06-18T10:09:06.185+0000] {dag.py:3096} INFO - Sync 1 DAGs
[2026-06-18T10:09:06.224+0000] {logging_mixin.py:188} INFO - [2026-06-18T10:09:06.224+0000] {dag.py:3954} INFO - Setting next_dagrun for weather_etl_pipeline to 2026-06-17 00:00:00+00:00, run_after=2026-06-18 00:00:00+00:00
[2026-06-18T10:09:06.254+0000] {processor.py:183} INFO - Processing /opt/airflow/dags/weather_etl_dag.py took 0.310 seconds
[2026-06-18T10:09:17.092+0000] {processor.py:161} INFO - Started process (PID=649) to work on /opt/airflow/dags/weather_etl_dag.py
[2026-06-18T10:09:17.098+0000] {processor.py:830} INFO - Processing file /opt/airflow/dags/weather_etl_dag.py for tasks to queue
[2026-06-18T10:09:17.107+0000] {logging_mixin.py:188} INFO - [2026-06-18T10:09:17.106+0000] {dagbag.py:545} INFO - Filling up the DagBag from /opt/airflow/dags/weather_etl_dag.py
[2026-06-18T10:09:17.341+0000] {processor.py:840} INFO - DAG(s) 'weather_etl_pipeline' retrieved from /opt/airflow/dags/weather_etl_dag.py
[2026-06-18T10:09:17.520+0000] {logging_mixin.py:188} INFO - [2026-06-18T10:09:17.520+0000] {dag.py:3096} INFO - Sync 1 DAGs
[2026-06-18T10:09:17.641+0000] {logging_mixin.py:188} INFO - [2026-06-18T10:09:17.641+0000] {dag.py:3954} INFO - Setting next_dagrun for weather_etl_pipeline to 2026-06-17 00:00:00+00:00, run_after=2026-06-18 00:00:00+00:00
[2026-06-18T10:09:17.766+0000] {processor.py:183} INFO - Processing /opt/airflow/dags/weather_etl_dag.py took 0.701 seconds
[2026-06-18T10:09:28.062+0000] {processor.py:161} INFO - Started process (PID=654) to work on /opt/airflow/dags/weather_etl_dag.py
[2026-06-18T10:09:28.066+0000] {processor.py:830} INFO - Processing file /opt/airflow/dags/weather_etl_dag.py for tasks to queue
[2026-06-18T10:09:28.071+0000] {logging_mixin.py:188} INFO - [2026-06-18T10:09:28.070+0000] {dagbag.py:545} INFO - Filling up the DagBag from /opt/airflow/dags/weather_etl_dag.py
[2026-06-18T10:09:28.150+0000] {processor.py:840} INFO - DAG(s) 'weather_etl_pipeline' retrieved from /opt/airflow/dags/weather_etl_dag.py
[2026-06-18T10:09:28.236+0000] {logging_mixin.py:188} INFO - [2026-06-18T10:09:28.232+0000] {dag.py:3096} INFO - Sync 1 DAGs
[2026-06-18T10:09:28.305+0000] {logging_mixin.py:188} INFO - [2026-06-18T10:09:28.305+0000] {dag.py:3954} INFO - Setting next_dagrun for weather_etl_pipeline to 2026-06-17 00:00:00+00:00, run_after=2026-06-18 00:00:00+00:00
[2026-06-18T10:09:28.385+0000] {processor.py:183} INFO - Processing /opt/airflow/dags/weather_etl_dag.py took 0.353 seconds
[2026-06-18T10:09:38.859+0000] {processor.py:161} INFO - Started process (PID=659) to work on /opt/airflow/dags/weather_etl_dag.py
[2026-06-18T10:09:38.872+0000] {processor.py:830} INFO - Processing file /opt/airflow/dags/weather_etl_dag.py for tasks to queue
[2026-06-18T10:09:38.885+0000] {logging_mixin.py:188} INFO - [2026-06-18T10:09:38.884+0000] {dagbag.py:545} INFO - Filling up the DagBag from /opt/airflow/dags/weather_etl_dag.py
[2026-06-18T10:09:38.969+0000] {processor.py:840} INFO - DAG(s) 'weather_etl_pipeline' retrieved from /opt/airflow/dags/weather_etl_dag.py
[2026-06-18T10:09:39.098+0000] {logging_mixin.py:188} INFO - [2026-06-18T10:09:39.098+0000] {dag.py:3096} INFO - Sync 1 DAGs
[2026-06-18T10:09:39.185+0000] {logging_mixin.py:188} INFO - [2026-06-18T10:09:39.184+0000] {dag.py:3954} INFO - Setting next_dagrun for weather_etl_pipeline to 2026-06-17 00:00:00+00:00, run_after=2026-06-18 00:00:00+00:00
[2026-06-18T10:09:39.274+0000] {processor.py:183} INFO - Processing /opt/airflow/dags/weather_etl_dag.py took 0.439 seconds
[2026-06-18T10:09:49.855+0000] {processor.py:161} INFO - Started process (PID=664) to work on /opt/airflow/dags/weather_etl_dag.py
[2026-06-18T10:09:49.859+0000] {processor.py:830} INFO - Processing file /opt/airflow/dags/weather_etl_dag.py for tasks to queue
[2026-06-18T10:09:49.868+0000] {logging_mixin.py:188} INFO - [2026-06-18T10:09:49.867+0000] {dagbag.py:545} INFO - Filling up the DagBag from /opt/airflow/dags/weather_etl_dag.py
[2026-06-18T10:09:49.947+0000] {processor.py:840} INFO - DAG(s) 'weather_etl_pipeline' retrieved from /opt/airflow/dags/weather_etl_dag.py
[2026-06-18T10:09:50.063+0000] {logging_mixin.py:188} INFO - [2026-06-18T10:09:50.062+0000] {dag.py:3096} INFO - Sync 1 DAGs
[2026-06-18T10:09:50.199+0000] {logging_mixin.py:188} INFO - [2026-06-18T10:09:50.199+0000] {dag.py:3954} INFO - Setting next_dagrun for weather_etl_pipeline to 2026-06-17 00:00:00+00:00, run_after=2026-06-18 00:00:00+00:00
[2026-06-18T10:09:50.287+0000] {processor.py:183} INFO - Processing /opt/airflow/dags/weather_etl_dag.py took 0.446 seconds
[2026-06-18T10:10:00.671+0000] {processor.py:161} INFO - Started process (PID=669) to work on /opt/airflow/dags/weather_etl_dag.py
[2026-06-18T10:10:00.677+0000] {processor.py:830} INFO - Processing file /opt/airflow/dags/weather_etl_dag.py for tasks to queue
[2026-06-18T10:10:00.689+0000] {logging_mixin.py:188} INFO - [2026-06-18T10:10:00.688+0000] {dagbag.py:545} INFO - Filling up the DagBag from /opt/airflow/dags/weather_etl_dag.py
[2026-06-18T10:10:00.830+0000] {processor.py:840} INFO - DAG(s) 'weather_etl_pipeline' retrieved from /opt/airflow/dags/weather_etl_dag.py
[2026-06-18T10:10:00.962+0000] {logging_mixin.py:188} INFO - [2026-06-18T10:10:00.962+0000] {dag.py:3096} INFO - Sync 1 DAGs
[2026-06-18T10:10:01.089+0000] {logging_mixin.py:188} INFO - [2026-06-18T10:10:01.088+0000] {dag.py:3954} INFO - Setting next_dagrun for weather_etl_pipeline to 2026-06-17 00:00:00+00:00, run_after=2026-06-18 00:00:00+00:00
[2026-06-18T10:10:01.190+0000] {processor.py:183} INFO - Processing /opt/airflow/dags/weather_etl_dag.py took 0.551 seconds
[2026-06-18T10:10:11.894+0000] {processor.py:161} INFO - Started process (PID=674) to work on /opt/airflow/dags/weather_etl_dag.py
[2026-06-18T10:10:11.913+0000] {processor.py:830} INFO - Processing file /opt/airflow/dags/weather_etl_dag.py for tasks to queue
[2026-06-18T10:10:11.930+0000] {logging_mixin.py:188} INFO - [2026-06-18T10:10:11.929+0000] {dagbag.py:545} INFO - Filling up the DagBag from /opt/airflow/dags/weather_etl_dag.py
[2026-06-18T10:10:12.057+0000] {processor.py:840} INFO - DAG(s) 'weather_etl_pipeline' retrieved from /opt/airflow/dags/weather_etl_dag.py
[2026-06-18T10:10:12.255+0000] {logging_mixin.py:188} INFO - [2026-06-18T10:10:12.253+0000] {dag.py:3096} INFO - Sync 1 DAGs
[2026-06-18T10:10:12.477+0000] {logging_mixin.py:188} INFO - [2026-06-18T10:10:12.473+0000] {dag.py:3954} INFO - Setting next_dagrun for weather_etl_pipeline to 2026-06-17 00:00:00+00:00, run_after=2026-06-18 00:00:00+00:00
[2026-06-18T10:10:12.710+0000] {processor.py:183} INFO - Processing /opt/airflow/dags/weather_etl_dag.py took 0.868 seconds
[2026-06-18T10:10:24.377+0000] {processor.py:161} INFO - Started process (PID=679) to work on /opt/airflow/dags/weather_etl_dag.py
[2026-06-18T10:10:24.395+0000] {processor.py:830} INFO - Processing file /opt/airflow/dags/weather_etl_dag.py for tasks to queue
[2026-06-18T10:10:24.407+0000] {logging_mixin.py:188} INFO - [2026-06-18T10:10:24.406+0000] {dagbag.py:545} INFO - Filling up the DagBag from /opt/airflow/dags/weather_etl_dag.py
[2026-06-18T10:10:24.991+0000] {processor.py:840} INFO - DAG(s) 'weather_etl_pipeline' retrieved from /opt/airflow/dags/weather_etl_dag.py
[2026-06-18T10:10:25.338+0000] {logging_mixin.py:188} INFO - [2026-06-18T10:10:25.337+0000] {dag.py:3096} INFO - Sync 1 DAGs
[2026-06-18T10:10:25.573+0000] {logging_mixin.py:188} INFO - [2026-06-18T10:10:25.572+0000] {dag.py:3954} INFO - Setting next_dagrun for weather_etl_pipeline to 2026-06-17 00:00:00+00:00, run_after=2026-06-18 00:00:00+00:00
[2026-06-18T10:10:25.998+0000] {processor.py:183} INFO - Processing /opt/airflow/dags/weather_etl_dag.py took 1.670 seconds
[2026-06-18T10:10:36.420+0000] {processor.py:161} INFO - Started process (PID=684) to work on /opt/airflow/dags/weather_etl_dag.py
[2026-06-18T10:10:36.436+0000] {processor.py:830} INFO - Processing file /opt/airflow/dags/weather_etl_dag.py for tasks to queue
[2026-06-18T10:10:36.447+0000] {logging_mixin.py:188} INFO - [2026-06-18T10:10:36.446+0000] {dagbag.py:545} INFO - Filling up the DagBag from /opt/airflow/dags/weather_etl_dag.py
[2026-06-18T10:10:36.624+0000] {processor.py:840} INFO - DAG(s) 'weather_etl_pipeline' retrieved from /opt/airflow/dags/weather_etl_dag.py
[2026-06-18T10:10:36.919+0000] {logging_mixin.py:188} INFO - [2026-06-18T10:10:36.918+0000] {dag.py:3096} INFO - Sync 1 DAGs
[2026-06-18T10:10:37.064+0000] {logging_mixin.py:188} INFO - [2026-06-18T10:10:37.063+0000] {dag.py:3954} INFO - Setting next_dagrun for weather_etl_pipeline to 2026-06-17 00:00:00+00:00, run_after=2026-06-18 00:00:00+00:00
[2026-06-18T10:10:37.160+0000] {processor.py:183} INFO - Processing /opt/airflow/dags/weather_etl_dag.py took 0.788 seconds
[2026-06-18T10:10:47.801+0000] {processor.py:161} INFO - Started process (PID=689) to work on /opt/airflow/dags/weather_etl_dag.py
[2026-06-18T10:10:47.825+0000] {processor.py:830} INFO - Processing file /opt/airflow/dags/weather_etl_dag.py for tasks to queue
[2026-06-18T10:10:47.853+0000] {logging_mixin.py:188} INFO - [2026-06-18T10:10:47.852+0000] {dagbag.py:545} INFO - Filling up the DagBag from /opt/airflow/dags/weather_etl_dag.py
[2026-06-18T10:10:48.267+0000] {processor.py:840} INFO - DAG(s) 'weather_etl_pipeline' retrieved from /opt/airflow/dags/weather_etl_dag.py
[2026-06-18T10:10:48.448+0000] {logging_mixin.py:188} INFO - [2026-06-18T10:10:48.448+0000] {dag.py:3096} INFO - Sync 1 DAGs
[2026-06-18T10:10:48.610+0000] {logging_mixin.py:188} INFO - [2026-06-18T10:10:48.609+0000] {dag.py:3954} INFO - Setting next_dagrun for weather_etl_pipeline to 2026-06-17 00:00:00+00:00, run_after=2026-06-18 00:00:00+00:00
[2026-06-18T10:10:48.799+0000] {processor.py:183} INFO - Processing /opt/airflow/dags/weather_etl_dag.py took 1.029 seconds
[2026-06-18T10:11:00.103+0000] {processor.py:161} INFO - Started process (PID=694) to work on /opt/airflow/dags/weather_etl_dag.py
[2026-06-18T10:11:00.123+0000] {processor.py:830} INFO - Processing file /opt/airflow/dags/weather_etl_dag.py for tasks to queue
[2026-06-18T10:11:00.140+0000] {logging_mixin.py:188} INFO - [2026-06-18T10:11:00.139+0000] {dagbag.py:545} INFO - Filling up the DagBag from /opt/airflow/dags/weather_etl_dag.py
[2026-06-18T10:11:01.087+0000] {processor.py:840} INFO - DAG(s) 'weather_etl_pipeline' retrieved from /opt/airflow/dags/weather_etl_dag.py
[2026-06-18T10:11:01.290+0000] {logging_mixin.py:188} INFO - [2026-06-18T10:11:01.290+0000] {dag.py:3096} INFO - Sync 1 DAGs
[2026-06-18T10:11:02.080+0000] {logging_mixin.py:188} INFO - [2026-06-18T10:11:02.079+0000] {dag.py:3954} INFO - Setting next_dagrun for weather_etl_pipeline to 2026-06-17 00:00:00+00:00, run_after=2026-06-18 00:00:00+00:00
[2026-06-18T10:11:02.290+0000] {processor.py:183} INFO - Processing /opt/airflow/dags/weather_etl_dag.py took 2.218 seconds
[2026-06-18T10:11:13.136+0000] {processor.py:161} INFO - Started process (PID=699) to work on /opt/airflow/dags/weather_etl_dag.py
[2026-06-18T10:11:13.155+0000] {processor.py:830} INFO - Processing file /opt/airflow/dags/weather_etl_dag.py for tasks to queue
[2026-06-18T10:11:13.194+0000] {logging_mixin.py:188} INFO - [2026-06-18T10:11:13.194+0000] {dagbag.py:545} INFO - Filling up the DagBag from /opt/airflow/dags/weather_etl_dag.py
[2026-06-18T10:11:14.108+0000] {processor.py:840} INFO - DAG(s) 'weather_etl_pipeline' retrieved from /opt/airflow/dags/weather_etl_dag.py
[2026-06-18T10:11:14.264+0000] {logging_mixin.py:188} INFO - [2026-06-18T10:11:14.264+0000] {dag.py:3096} INFO - Sync 1 DAGs
[2026-06-18T10:11:14.452+0000] {logging_mixin.py:188} INFO - [2026-06-18T10:11:14.452+0000] {dag.py:3954} INFO - Setting next_dagrun for weather_etl_pipeline to 2026-06-17 00:00:00+00:00, run_after=2026-06-18 00:00:00+00:00
[2026-06-18T10:11:14.620+0000] {processor.py:183} INFO - Processing /opt/airflow/dags/weather_etl_dag.py took 1.515 seconds
[2026-06-18T10:11:25.667+0000] {processor.py:161} INFO - Started process (PID=704) to work on /opt/airflow/dags/weather_etl_dag.py
[2026-06-18T10:11:25.705+0000] {processor.py:830} INFO - Processing file /opt/airflow/dags/weather_etl_dag.py for tasks to queue
[2026-06-18T10:11:25.743+0000] {logging_mixin.py:188} INFO - [2026-06-18T10:11:25.741+0000] {dagbag.py:545} INFO - Filling up the DagBag from /opt/airflow/dags/weather_etl_dag.py
[2026-06-18T10:11:25.904+0000] {processor.py:840} INFO - DAG(s) 'weather_etl_pipeline' retrieved from /opt/airflow/dags/weather_etl_dag.py
[2026-06-18T10:11:26.082+0000] {logging_mixin.py:188} INFO - [2026-06-18T10:11:26.081+0000] {dag.py:3096} INFO - Sync 1 DAGs
[2026-06-18T10:11:26.270+0000] {logging_mixin.py:188} INFO - [2026-06-18T10:11:26.269+0000] {dag.py:3954} INFO - Setting next_dagrun for weather_etl_pipeline to 2026-06-17 00:00:00+00:00, run_after=2026-06-18 00:00:00+00:00
[2026-06-18T10:11:26.397+0000] {processor.py:183} INFO - Processing /opt/airflow/dags/weather_etl_dag.py took 0.756 seconds
[2026-06-18T10:11:38.028+0000] {processor.py:161} INFO - Started process (PID=709) to work on /opt/airflow/dags/weather_etl_dag.py
[2026-06-18T10:11:38.041+0000] {processor.py:830} INFO - Processing file /opt/airflow/dags/weather_etl_dag.py for tasks to queue
[2026-06-18T10:11:38.066+0000] {logging_mixin.py:188} INFO - [2026-06-18T10:11:38.065+0000] {dagbag.py:545} INFO - Filling up the DagBag from /opt/airflow/dags/weather_etl_dag.py
[2026-06-18T10:11:38.334+0000] {processor.py:840} INFO - DAG(s) 'weather_etl_pipeline' retrieved from /opt/airflow/dags/weather_etl_dag.py
[2026-06-18T10:11:38.533+0000] {logging_mixin.py:188} INFO - [2026-06-18T10:11:38.532+0000] {dag.py:3096} INFO - Sync 1 DAGs
[2026-06-18T10:11:38.744+0000] {logging_mixin.py:188} INFO - [2026-06-18T10:11:38.734+0000] {dag.py:3954} INFO - Setting next_dagrun for weather_etl_pipeline to 2026-06-17 00:00:00+00:00, run_after=2026-06-18 00:00:00+00:00
[2026-06-18T10:11:39.056+0000] {processor.py:183} INFO - Processing /opt/airflow/dags/weather_etl_dag.py took 1.058 seconds
[2026-06-18T10:11:49.966+0000] {processor.py:161} INFO - Started process (PID=714) to work on /opt/airflow/dags/weather_etl_dag.py
[2026-06-18T10:11:49.971+0000] {processor.py:830} INFO - Processing file /opt/airflow/dags/weather_etl_dag.py for tasks to queue
[2026-06-18T10:11:49.994+0000] {logging_mixin.py:188} INFO - [2026-06-18T10:11:49.993+0000] {dagbag.py:545} INFO - Filling up the DagBag from /opt/airflow/dags/weather_etl_dag.py
[2026-06-18T10:11:50.136+0000] {processor.py:840} INFO - DAG(s) 'weather_etl_pipeline' retrieved from /opt/airflow/dags/weather_etl_dag.py
[2026-06-18T10:11:50.312+0000] {logging_mixin.py:188} INFO - [2026-06-18T10:11:50.311+0000] {dag.py:3096} INFO - Sync 1 DAGs
[2026-06-18T10:11:50.454+0000] {logging_mixin.py:188} INFO - [2026-06-18T10:11:50.452+0000] {dag.py:3954} INFO - Setting next_dagrun for weather_etl_pipeline to 2026-06-17 00:00:00+00:00, run_after=2026-06-18 00:00:00+00:00
[2026-06-18T10:11:50.559+0000] {processor.py:183} INFO - Processing /opt/airflow/dags/weather_etl_dag.py took 0.628 seconds
[2026-06-18T10:12:00.842+0000] {processor.py:161} INFO - Started process (PID=719) to work on /opt/airflow/dags/weather_etl_dag.py
[2026-06-18T10:12:00.858+0000] {processor.py:830} INFO - Processing file /opt/airflow/dags/weather_etl_dag.py for tasks to queue
[2026-06-18T10:12:00.874+0000] {logging_mixin.py:188} INFO - [2026-06-18T10:12:00.873+0000] {dagbag.py:545} INFO - Filling up the DagBag from /opt/airflow/dags/weather_etl_dag.py
[2026-06-18T10:12:00.985+0000] {processor.py:840} INFO - DAG(s) 'weather_etl_pipeline' retrieved from /opt/airflow/dags/weather_etl_dag.py
[2026-06-18T10:12:01.135+0000] {logging_mixin.py:188} INFO - [2026-06-18T10:12:01.135+0000] {dag.py:3096} INFO - Sync 1 DAGs
[2026-06-18T10:12:01.243+0000] {logging_mixin.py:188} INFO - [2026-06-18T10:12:01.242+0000] {dag.py:3954} INFO - Setting next_dagrun for weather_etl_pipeline to 2026-06-17 00:00:00+00:00, run_after=2026-06-18 00:00:00+00:00
[2026-06-18T10:12:01.322+0000] {processor.py:183} INFO - Processing /opt/airflow/dags/weather_etl_dag.py took 0.517 seconds
[2026-06-18T10:12:11.954+0000] {processor.py:161} INFO - Started process (PID=724) to work on /opt/airflow/dags/weather_etl_dag.py
[2026-06-18T10:12:11.970+0000] {processor.py:830} INFO - Processing file /opt/airflow/dags/weather_etl_dag.py for tasks to queue
[2026-06-18T10:12:11.979+0000] {logging_mixin.py:188} INFO - [2026-06-18T10:12:11.978+0000] {dagbag.py:545} INFO - Filling up the DagBag from /opt/airflow/dags/weather_etl_dag.py
[2026-06-18T10:12:12.264+0000] {processor.py:840} INFO - DAG(s) 'weather_etl_pipeline' retrieved from /opt/airflow/dags/weather_etl_dag.py
[2026-06-18T10:12:12.506+0000] {logging_mixin.py:188} INFO - [2026-06-18T10:12:12.505+0000] {dag.py:3096} INFO - Sync 1 DAGs
[2026-06-18T10:12:12.822+0000] {logging_mixin.py:188} INFO - [2026-06-18T10:12:12.822+0000] {dag.py:3954} INFO - Setting next_dagrun for weather_etl_pipeline to 2026-06-17 00:00:00+00:00, run_after=2026-06-18 00:00:00+00:00
[2026-06-18T10:12:13.106+0000] {processor.py:183} INFO - Processing /opt/airflow/dags/weather_etl_dag.py took 1.174 seconds
[2026-06-18T10:12:23.542+0000] {processor.py:161} INFO - Started process (PID=729) to work on /opt/airflow/dags/weather_etl_dag.py
[2026-06-18T10:12:23.550+0000] {processor.py:830} INFO - Processing file /opt/airflow/dags/weather_etl_dag.py for tasks to queue
[2026-06-18T10:12:23.567+0000] {logging_mixin.py:188} INFO - [2026-06-18T10:12:23.566+0000] {dagbag.py:545} INFO - Filling up the DagBag from /opt/airflow/dags/weather_etl_dag.py
[2026-06-18T10:12:23.669+0000] {processor.py:840} INFO - DAG(s) 'weather_etl_pipeline' retrieved from /opt/airflow/dags/weather_etl_dag.py
[2026-06-18T10:12:23.853+0000] {logging_mixin.py:188} INFO - [2026-06-18T10:12:23.844+0000] {dag.py:3096} INFO - Sync 1 DAGs
[2026-06-18T10:12:24.006+0000] {logging_mixin.py:188} INFO - [2026-06-18T10:12:23.983+0000] {dag.py:3954} INFO - Setting next_dagrun for weather_etl_pipeline to 2026-06-17 00:00:00+00:00, run_after=2026-06-18 00:00:00+00:00
[2026-06-18T10:12:24.159+0000] {processor.py:183} INFO - Processing /opt/airflow/dags/weather_etl_dag.py took 0.654 seconds
[2026-06-18T10:12:34.580+0000] {processor.py:161} INFO - Started process (PID=734) to work on /opt/airflow/dags/weather_etl_dag.py
[2026-06-18T10:12:34.597+0000] {processor.py:830} INFO - Processing file /opt/airflow/dags/weather_etl_dag.py for tasks to queue
[2026-06-18T10:12:34.606+0000] {logging_mixin.py:188} INFO - [2026-06-18T10:12:34.605+0000] {dagbag.py:545} INFO - Filling up the DagBag from /opt/airflow/dags/weather_etl_dag.py
[2026-06-18T10:12:34.772+0000] {processor.py:840} INFO - DAG(s) 'weather_etl_pipeline' retrieved from /opt/airflow/dags/weather_etl_dag.py
[2026-06-18T10:12:34.903+0000] {logging_mixin.py:188} INFO - [2026-06-18T10:12:34.898+0000] {dag.py:3096} INFO - Sync 1 DAGs
[2026-06-18T10:12:35.008+0000] {logging_mixin.py:188} INFO - [2026-06-18T10:12:35.007+0000] {dag.py:3954} INFO - Setting next_dagrun for weather_etl_pipeline to 2026-06-17 00:00:00+00:00, run_after=2026-06-18 00:00:00+00:00
[2026-06-18T10:12:35.084+0000] {processor.py:183} INFO - Processing /opt/airflow/dags/weather_etl_dag.py took 0.521 seconds
[2026-06-18T10:12:45.386+0000] {processor.py:161} INFO - Started process (PID=739) to work on /opt/airflow/dags/weather_etl_dag.py
[2026-06-18T10:12:45.389+0000] {processor.py:830} INFO - Processing file /opt/airflow/dags/weather_etl_dag.py for tasks to queue
[2026-06-18T10:12:45.394+0000] {logging_mixin.py:188} INFO - [2026-06-18T10:12:45.393+0000] {dagbag.py:545} INFO - Filling up the DagBag from /opt/airflow/dags/weather_etl_dag.py
[2026-06-18T10:12:45.439+0000] {processor.py:840} INFO - DAG(s) 'weather_etl_pipeline' retrieved from /opt/airflow/dags/weather_etl_dag.py
[2026-06-18T10:12:45.489+0000] {logging_mixin.py:188} INFO - [2026-06-18T10:12:45.488+0000] {dag.py:3096} INFO - Sync 1 DAGs
[2026-06-18T10:12:45.537+0000] {logging_mixin.py:188} INFO - [2026-06-18T10:12:45.536+0000] {dag.py:3954} INFO - Setting next_dagrun for weather_etl_pipeline to 2026-06-17 00:00:00+00:00, run_after=2026-06-18 00:00:00+00:00
[2026-06-18T10:12:45.577+0000] {processor.py:183} INFO - Processing /opt/airflow/dags/weather_etl_dag.py took 0.207 seconds
[2026-06-18T10:12:55.748+0000] {processor.py:161} INFO - Started process (PID=744) to work on /opt/airflow/dags/weather_etl_dag.py
[2026-06-18T10:12:55.751+0000] {processor.py:830} INFO - Processing file /opt/airflow/dags/weather_etl_dag.py for tasks to queue
[2026-06-18T10:12:55.755+0000] {logging_mixin.py:188} INFO - [2026-06-18T10:12:55.755+0000] {dagbag.py:545} INFO - Filling up the DagBag from /opt/airflow/dags/weather_etl_dag.py
[2026-06-18T10:12:55.791+0000] {processor.py:840} INFO - DAG(s) 'weather_etl_pipeline' retrieved from /opt/airflow/dags/weather_etl_dag.py
[2026-06-18T10:12:55.842+0000] {logging_mixin.py:188} INFO - [2026-06-18T10:12:55.842+0000] {dag.py:3096} INFO - Sync 1 DAGs
[2026-06-18T10:12:55.883+0000] {logging_mixin.py:188} INFO - [2026-06-18T10:12:55.883+0000] {dag.py:3954} INFO - Setting next_dagrun for weather_etl_pipeline to 2026-06-17 00:00:00+00:00, run_after=2026-06-18 00:00:00+00:00
[2026-06-18T10:12:55.916+0000] {processor.py:183} INFO - Processing /opt/airflow/dags/weather_etl_dag.py took 0.179 seconds
[2026-06-18T10:13:06.534+0000] {processor.py:161} INFO - Started process (PID=749) to work on /opt/airflow/dags/weather_etl_dag.py
[2026-06-18T10:13:06.537+0000] {processor.py:830} INFO - Processing file /opt/airflow/dags/weather_etl_dag.py for tasks to queue
[2026-06-18T10:13:06.541+0000] {logging_mixin.py:188} INFO - [2026-06-18T10:13:06.540+0000] {dagbag.py:545} INFO - Filling up the DagBag from /opt/airflow/dags/weather_etl_dag.py
[2026-06-18T10:13:06.647+0000] {processor.py:840} INFO - DAG(s) 'weather_etl_pipeline' retrieved from /opt/airflow/dags/weather_etl_dag.py
[2026-06-18T10:13:06.711+0000] {logging_mixin.py:188} INFO - [2026-06-18T10:13:06.711+0000] {dag.py:3096} INFO - Sync 1 DAGs
[2026-06-18T10:13:06.773+0000] {logging_mixin.py:188} INFO - [2026-06-18T10:13:06.773+0000] {dag.py:3954} INFO - Setting next_dagrun for weather_etl_pipeline to 2026-06-17 00:00:00+00:00, run_after=2026-06-18 00:00:00+00:00
[2026-06-18T10:13:06.830+0000] {processor.py:183} INFO - Processing /opt/airflow/dags/weather_etl_dag.py took 0.310 seconds
[2026-06-18T10:13:16.964+0000] {processor.py:161} INFO - Started process (PID=754) to work on /opt/airflow/dags/weather_etl_dag.py
[2026-06-18T10:13:16.966+0000] {processor.py:830} INFO - Processing file /opt/airflow/dags/weather_etl_dag.py for tasks to queue
[2026-06-18T10:13:16.970+0000] {logging_mixin.py:188} INFO - [2026-06-18T10:13:16.969+0000] {dagbag.py:545} INFO - Filling up the DagBag from /opt/airflow/dags/weather_etl_dag.py
[2026-06-18T10:13:17.009+0000] {processor.py:840} INFO - DAG(s) 'weather_etl_pipeline' retrieved from /opt/airflow/dags/weather_etl_dag.py
[2026-06-18T10:13:17.054+0000] {logging_mixin.py:188} INFO - [2026-06-18T10:13:17.053+0000] {dag.py:3096} INFO - Sync 1 DAGs
[2026-06-18T10:13:17.098+0000] {logging_mixin.py:188} INFO - [2026-06-18T10:13:17.097+0000] {dag.py:3954} INFO - Setting next_dagrun for weather_etl_pipeline to 2026-06-17 00:00:00+00:00, run_after=2026-06-18 00:00:00+00:00
[2026-06-18T10:13:17.137+0000] {processor.py:183} INFO - Processing /opt/airflow/dags/weather_etl_dag.py took 0.186 seconds
[2026-06-18T10:13:27.271+0000] {processor.py:161} INFO - Started process (PID=759) to work on /opt/airflow/dags/weather_etl_dag.py
[2026-06-18T10:13:27.273+0000] {processor.py:830} INFO - Processing file /opt/airflow/dags/weather_etl_dag.py for tasks to queue
[2026-06-18T10:13:27.276+0000] {logging_mixin.py:188} INFO - [2026-06-18T10:13:27.276+0000] {dagbag.py:545} INFO - Filling up the DagBag from /opt/airflow/dags/weather_etl_dag.py
[2026-06-18T10:13:27.308+0000] {processor.py:840} INFO - DAG(s) 'weather_etl_pipeline' retrieved from /opt/airflow/dags/weather_etl_dag.py
[2026-06-18T10:13:27.368+0000] {logging_mixin.py:188} INFO - [2026-06-18T10:13:27.367+0000] {dag.py:3096} INFO - Sync 1 DAGs
[2026-06-18T10:13:27.435+0000] {logging_mixin.py:188} INFO - [2026-06-18T10:13:27.434+0000] {dag.py:3954} INFO - Setting next_dagrun for weather_etl_pipeline to 2026-06-17 00:00:00+00:00, run_after=2026-06-18 00:00:00+00:00
[2026-06-18T10:13:27.487+0000] {processor.py:183} INFO - Processing /opt/airflow/dags/weather_etl_dag.py took 0.224 seconds
[2026-06-18T10:13:38.082+0000] {processor.py:161} INFO - Started process (PID=764) to work on /opt/airflow/dags/weather_etl_dag.py
[2026-06-18T10:13:38.084+0000] {processor.py:830} INFO - Processing file /opt/airflow/dags/weather_etl_dag.py for tasks to queue
[2026-06-18T10:13:38.088+0000] {logging_mixin.py:188} INFO - [2026-06-18T10:13:38.088+0000] {dagbag.py:545} INFO - Filling up the DagBag from /opt/airflow/dags/weather_etl_dag.py
[2026-06-18T10:13:38.131+0000] {processor.py:840} INFO - DAG(s) 'weather_etl_pipeline' retrieved from /opt/airflow/dags/weather_etl_dag.py
[2026-06-18T10:13:38.178+0000] {logging_mixin.py:188} INFO - [2026-06-18T10:13:38.178+0000] {dag.py:3096} INFO - Sync 1 DAGs
[2026-06-18T10:13:38.226+0000] {logging_mixin.py:188} INFO - [2026-06-18T10:13:38.225+0000] {dag.py:3954} INFO - Setting next_dagrun for weather_etl_pipeline to 2026-06-17 00:00:00+00:00, run_after=2026-06-18 00:00:00+00:00
[2026-06-18T10:13:38.272+0000] {processor.py:183} INFO - Processing /opt/airflow/dags/weather_etl_dag.py took 0.200 seconds
[2026-06-18T10:13:48.397+0000] {processor.py:161} INFO - Started process (PID=769) to work on /opt/airflow/dags/weather_etl_dag.py
[2026-06-18T10:13:48.399+0000] {processor.py:830} INFO - Processing file /opt/airflow/dags/weather_etl_dag.py for tasks to queue
[2026-06-18T10:13:48.402+0000] {logging_mixin.py:188} INFO - [2026-06-18T10:13:48.402+0000] {dagbag.py:545} INFO - Filling up the DagBag from /opt/airflow/dags/weather_etl_dag.py
[2026-06-18T10:13:48.434+0000] {processor.py:840} INFO - DAG(s) 'weather_etl_pipeline' retrieved from /opt/airflow/dags/weather_etl_dag.py
[2026-06-18T10:13:48.477+0000] {logging_mixin.py:188} INFO - [2026-06-18T10:13:48.477+0000] {dag.py:3096} INFO - Sync 1 DAGs
[2026-06-18T10:13:48.511+0000] {logging_mixin.py:188} INFO - [2026-06-18T10:13:48.511+0000] {dag.py:3954} INFO - Setting next_dagrun for weather_etl_pipeline to 2026-06-17 00:00:00+00:00, run_after=2026-06-18 00:00:00+00:00
[2026-06-18T10:13:48.544+0000] {processor.py:183} INFO - Processing /opt/airflow/dags/weather_etl_dag.py took 0.157 seconds
[2026-06-18T10:13:58.678+0000] {processor.py:161} INFO - Started process (PID=774) to work on /opt/airflow/dags/weather_etl_dag.py
[2026-06-18T10:13:58.680+0000] {processor.py:830} INFO - Processing file /opt/airflow/dags/weather_etl_dag.py for tasks to queue
[2026-06-18T10:13:58.683+0000] {logging_mixin.py:188} INFO - [2026-06-18T10:13:58.682+0000] {dagbag.py:545} INFO - Filling up the DagBag from /opt/airflow/dags/weather_etl_dag.py
[2026-06-18T10:13:58.715+0000] {processor.py:840} INFO - DAG(s) 'weather_etl_pipeline' retrieved from /opt/airflow/dags/weather_etl_dag.py
[2026-06-18T10:13:58.761+0000] {logging_mixin.py:188} INFO - [2026-06-18T10:13:58.761+0000] {dag.py:3096} INFO - Sync 1 DAGs
[2026-06-18T10:13:58.800+0000] {logging_mixin.py:188} INFO - [2026-06-18T10:13:58.800+0000] {dag.py:3954} INFO - Setting next_dagrun for weather_etl_pipeline to 2026-06-17 00:00:00+00:00, run_after=2026-06-18 00:00:00+00:00
[2026-06-18T10:13:58.828+0000] {processor.py:183} INFO - Processing /opt/airflow/dags/weather_etl_dag.py took 0.157 seconds
[2026-06-18T10:14:09.676+0000] {processor.py:161} INFO - Started process (PID=779) to work on /opt/airflow/dags/weather_etl_dag.py
[2026-06-18T10:14:09.698+0000] {processor.py:830} INFO - Processing file /opt/airflow/dags/weather_etl_dag.py for tasks to queue
[2026-06-18T10:14:09.734+0000] {logging_mixin.py:188} INFO - [2026-06-18T10:14:09.733+0000] {dagbag.py:545} INFO - Filling up the DagBag from /opt/airflow/dags/weather_etl_dag.py
[2026-06-18T10:14:09.922+0000] {processor.py:840} INFO - DAG(s) 'weather_etl_pipeline' retrieved from /opt/airflow/dags/weather_etl_dag.py
[2026-06-18T10:14:10.105+0000] {logging_mixin.py:188} INFO - [2026-06-18T10:14:10.104+0000] {dag.py:3096} INFO - Sync 1 DAGs
[2026-06-18T10:14:10.189+0000] {logging_mixin.py:188} INFO - [2026-06-18T10:14:10.188+0000] {dag.py:3954} INFO - Setting next_dagrun for weather_etl_pipeline to 2026-06-17 00:00:00+00:00, run_after=2026-06-18 00:00:00+00:00
[2026-06-18T10:14:10.299+0000] {processor.py:183} INFO - Processing /opt/airflow/dags/weather_etl_dag.py took 0.649 seconds
[2026-06-18T10:14:20.597+0000] {processor.py:161} INFO - Started process (PID=784) to work on /opt/airflow/dags/weather_etl_dag.py
[2026-06-18T10:14:20.600+0000] {processor.py:830} INFO - Processing file /opt/airflow/dags/weather_etl_dag.py for tasks to queue
[2026-06-18T10:14:20.604+0000] {logging_mixin.py:188} INFO - [2026-06-18T10:14:20.604+0000] {dagbag.py:545} INFO - Filling up the DagBag from /opt/airflow/dags/weather_etl_dag.py
[2026-06-18T10:14:20.656+0000] {processor.py:840} INFO - DAG(s) 'weather_etl_pipeline' retrieved from /opt/airflow/dags/weather_etl_dag.py
[2026-06-18T10:14:20.731+0000] {logging_mixin.py:188} INFO - [2026-06-18T10:14:20.730+0000] {dag.py:3096} INFO - Sync 1 DAGs
[2026-06-18T10:14:20.790+0000] {logging_mixin.py:188} INFO - [2026-06-18T10:14:20.790+0000] {dag.py:3954} INFO - Setting next_dagrun for weather_etl_pipeline to 2026-06-17 00:00:00+00:00, run_after=2026-06-18 00:00:00+00:00
[2026-06-18T10:14:20.854+0000] {processor.py:183} INFO - Processing /opt/airflow/dags/weather_etl_dag.py took 0.269 seconds
[2026-06-18T10:14:30.967+0000] {processor.py:161} INFO - Started process (PID=789) to work on /opt/airflow/dags/weather_etl_dag.py
[2026-06-18T10:14:30.969+0000] {processor.py:830} INFO - Processing file /opt/airflow/dags/weather_etl_dag.py for tasks to queue
[2026-06-18T10:14:30.972+0000] {logging_mixin.py:188} INFO - [2026-06-18T10:14:30.972+0000] {dagbag.py:545} INFO - Filling up the DagBag from /opt/airflow/dags/weather_etl_dag.py
[2026-06-18T10:14:31.004+0000] {processor.py:840} INFO - DAG(s) 'weather_etl_pipeline' retrieved from /opt/airflow/dags/weather_etl_dag.py
[2026-06-18T10:14:31.047+0000] {logging_mixin.py:188} INFO - [2026-06-18T10:14:31.047+0000] {dag.py:3096} INFO - Sync 1 DAGs
[2026-06-18T10:14:31.077+0000] {logging_mixin.py:188} INFO - [2026-06-18T10:14:31.076+0000] {dag.py:3954} INFO - Setting next_dagrun for weather_etl_pipeline to 2026-06-17 00:00:00+00:00, run_after=2026-06-18 00:00:00+00:00
[2026-06-18T10:14:31.101+0000] {processor.py:183} INFO - Processing /opt/airflow/dags/weather_etl_dag.py took 0.143 seconds
[2026-06-18T10:14:41.782+0000] {processor.py:161} INFO - Started process (PID=794) to work on /opt/airflow/dags/weather_etl_dag.py
[2026-06-18T10:14:41.783+0000] {processor.py:830} INFO - Processing file /opt/airflow/dags/weather_etl_dag.py for tasks to queue
[2026-06-18T10:14:41.786+0000] {logging_mixin.py:188} INFO - [2026-06-18T10:14:41.785+0000] {dagbag.py:545} INFO - Filling up the DagBag from /opt/airflow/dags/weather_etl_dag.py
[2026-06-18T10:14:41.811+0000] {processor.py:840} INFO - DAG(s) 'weather_etl_pipeline' retrieved from /opt/airflow/dags/weather_etl_dag.py
[2026-06-18T10:14:41.848+0000] {logging_mixin.py:188} INFO - [2026-06-18T10:14:41.848+0000] {dag.py:3096} INFO - Sync 1 DAGs
[2026-06-18T10:14:41.886+0000] {logging_mixin.py:188} INFO - [2026-06-18T10:14:41.886+0000] {dag.py:3954} INFO - Setting next_dagrun for weather_etl_pipeline to 2026-06-17 00:00:00+00:00, run_after=2026-06-18 00:00:00+00:00
[2026-06-18T10:14:41.927+0000] {processor.py:183} INFO - Processing /opt/airflow/dags/weather_etl_dag.py took 0.151 seconds
[2026-06-18T10:14:51.991+0000] {processor.py:161} INFO - Started process (PID=799) to work on /opt/airflow/dags/weather_etl_dag.py
[2026-06-18T10:14:51.992+0000] {processor.py:830} INFO - Processing file /opt/airflow/dags/weather_etl_dag.py for tasks to queue
[2026-06-18T10:14:51.995+0000] {logging_mixin.py:188} INFO - [2026-06-18T10:14:51.994+0000] {dagbag.py:545} INFO - Filling up the DagBag from /opt/airflow/dags/weather_etl_dag.py
[2026-06-18T10:14:52.019+0000] {processor.py:840} INFO - DAG(s) 'weather_etl_pipeline' retrieved from /opt/airflow/dags/weather_etl_dag.py
[2026-06-18T10:14:52.058+0000] {logging_mixin.py:188} INFO - [2026-06-18T10:14:52.058+0000] {dag.py:3096} INFO - Sync 1 DAGs
[2026-06-18T10:14:52.088+0000] {logging_mixin.py:188} INFO - [2026-06-18T10:14:52.088+0000] {dag.py:3954} INFO - Setting next_dagrun for weather_etl_pipeline to 2026-06-17 00:00:00+00:00, run_after=2026-06-18 00:00:00+00:00
[2026-06-18T10:14:52.111+0000] {processor.py:183} INFO - Processing /opt/airflow/dags/weather_etl_dag.py took 0.126 seconds
[2026-06-18T10:15:02.257+0000] {processor.py:161} INFO - Started process (PID=804) to work on /opt/airflow/dags/weather_etl_dag.py
[2026-06-18T10:15:02.259+0000] {processor.py:830} INFO - Processing file /opt/airflow/dags/weather_etl_dag.py for tasks to queue
[2026-06-18T10:15:02.262+0000] {logging_mixin.py:188} INFO - [2026-06-18T10:15:02.262+0000] {dagbag.py:545} INFO - Filling up the DagBag from /opt/airflow/dags/weather_etl_dag.py
[2026-06-18T10:15:02.300+0000] {processor.py:840} INFO - DAG(s) 'weather_etl_pipeline' retrieved from /opt/airflow/dags/weather_etl_dag.py
[2026-06-18T10:15:02.362+0000] {logging_mixin.py:188} INFO - [2026-06-18T10:15:02.362+0000] {dag.py:3096} INFO - Sync 1 DAGs
[2026-06-18T10:15:02.398+0000] {logging_mixin.py:188} INFO - [2026-06-18T10:15:02.398+0000] {dag.py:3954} INFO - Setting next_dagrun for weather_etl_pipeline to 2026-06-17 00:00:00+00:00, run_after=2026-06-18 00:00:00+00:00
[2026-06-18T10:15:02.428+0000] {processor.py:183} INFO - Processing /opt/airflow/dags/weather_etl_dag.py took 0.179 seconds
[2026-06-18T10:15:12.492+0000] {processor.py:161} INFO - Started process (PID=809) to work on /opt/airflow/dags/weather_etl_dag.py
[2026-06-18T10:15:12.494+0000] {processor.py:830} INFO - Processing file /opt/airflow/dags/weather_etl_dag.py for tasks to queue
[2026-06-18T10:15:12.497+0000] {logging_mixin.py:188} INFO - [2026-06-18T10:15:12.497+0000] {dagbag.py:545} INFO - Filling up the DagBag from /opt/airflow/dags/weather_etl_dag.py
[2026-06-18T10:15:12.524+0000] {processor.py:840} INFO - DAG(s) 'weather_etl_pipeline' retrieved from /opt/airflow/dags/weather_etl_dag.py
[2026-06-18T10:15:12.561+0000] {logging_mixin.py:188} INFO - [2026-06-18T10:15:12.561+0000] {dag.py:3096} INFO - Sync 1 DAGs
[2026-06-18T10:15:12.593+0000] {logging_mixin.py:188} INFO - [2026-06-18T10:15:12.592+0000] {dag.py:3954} INFO - Setting next_dagrun for weather_etl_pipeline to 2026-06-17 00:00:00+00:00, run_after=2026-06-18 00:00:00+00:00
[2026-06-18T10:15:12.618+0000] {processor.py:183} INFO - Processing /opt/airflow/dags/weather_etl_dag.py took 0.134 seconds
[2026-06-18T10:15:22.747+0000] {processor.py:161} INFO - Started process (PID=814) to work on /opt/airflow/dags/weather_etl_dag.py
[2026-06-18T10:15:22.750+0000] {processor.py:830} INFO - Processing file /opt/airflow/dags/weather_etl_dag.py for tasks to queue
[2026-06-18T10:15:22.754+0000] {logging_mixin.py:188} INFO - [2026-06-18T10:15:22.753+0000] {dagbag.py:545} INFO - Filling up the DagBag from /opt/airflow/dags/weather_etl_dag.py
[2026-06-18T10:15:22.790+0000] {processor.py:840} INFO - DAG(s) 'weather_etl_pipeline' retrieved from /opt/airflow/dags/weather_etl_dag.py
[2026-06-18T10:15:22.830+0000] {logging_mixin.py:188} INFO - [2026-06-18T10:15:22.830+0000] {dag.py:3096} INFO - Sync 1 DAGs
[2026-06-18T10:15:22.857+0000] {logging_mixin.py:188} INFO - [2026-06-18T10:15:22.856+0000] {dag.py:3954} INFO - Setting next_dagrun for weather_etl_pipeline to 2026-06-17 00:00:00+00:00, run_after=2026-06-18 00:00:00+00:00
[2026-06-18T10:15:22.881+0000] {processor.py:183} INFO - Processing /opt/airflow/dags/weather_etl_dag.py took 0.145 seconds
[2026-06-18T10:15:32.990+0000] {processor.py:161} INFO - Started process (PID=819) to work on /opt/airflow/dags/weather_etl_dag.py
[2026-06-18T10:15:32.991+0000] {processor.py:830} INFO - Processing file /opt/airflow/dags/weather_etl_dag.py for tasks to queue
[2026-06-18T10:15:32.995+0000] {logging_mixin.py:188} INFO - [2026-06-18T10:15:32.994+0000] {dagbag.py:545} INFO - Filling up the DagBag from /opt/airflow/dags/weather_etl_dag.py
[2026-06-18T10:15:33.019+0000] {processor.py:840} INFO - DAG(s) 'weather_etl_pipeline' retrieved from /opt/airflow/dags/weather_etl_dag.py
[2026-06-18T10:15:33.054+0000] {logging_mixin.py:188} INFO - [2026-06-18T10:15:33.053+0000] {dag.py:3096} INFO - Sync 1 DAGs
[2026-06-18T10:15:33.081+0000] {logging_mixin.py:188} INFO - [2026-06-18T10:15:33.081+0000] {dag.py:3954} INFO - Setting next_dagrun for weather_etl_pipeline to 2026-06-17 00:00:00+00:00, run_after=2026-06-18 00:00:00+00:00
[2026-06-18T10:15:33.102+0000] {processor.py:183} INFO - Processing /opt/airflow/dags/weather_etl_dag.py took 0.119 seconds
[2026-06-18T10:15:44.086+0000] {processor.py:161} INFO - Started process (PID=824) to work on /opt/airflow/dags/weather_etl_dag.py
[2026-06-18T10:15:44.090+0000] {processor.py:830} INFO - Processing file /opt/airflow/dags/weather_etl_dag.py for tasks to queue
[2026-06-18T10:15:44.096+0000] {logging_mixin.py:188} INFO - [2026-06-18T10:15:44.096+0000] {dagbag.py:545} INFO - Filling up the DagBag from /opt/airflow/dags/weather_etl_dag.py
[2026-06-18T10:15:44.167+0000] {processor.py:840} INFO - DAG(s) 'weather_etl_pipeline' retrieved from /opt/airflow/dags/weather_etl_dag.py
[2026-06-18T10:15:44.220+0000] {logging_mixin.py:188} INFO - [2026-06-18T10:15:44.220+0000] {dag.py:3096} INFO - Sync 1 DAGs
[2026-06-18T10:15:44.254+0000] {logging_mixin.py:188} INFO - [2026-06-18T10:15:44.254+0000] {dag.py:3954} INFO - Setting next_dagrun for weather_etl_pipeline to 2026-06-17 00:00:00+00:00, run_after=2026-06-18 00:00:00+00:00
[2026-06-18T10:15:44.279+0000] {processor.py:183} INFO - Processing /opt/airflow/dags/weather_etl_dag.py took 0.201 seconds
[2026-06-18T10:15:54.384+0000] {processor.py:161} INFO - Started process (PID=829) to work on /opt/airflow/dags/weather_etl_dag.py
[2026-06-18T10:15:54.386+0000] {processor.py:830} INFO - Processing file /opt/airflow/dags/weather_etl_dag.py for tasks to queue
[2026-06-18T10:15:54.389+0000] {logging_mixin.py:188} INFO - [2026-06-18T10:15:54.388+0000] {dagbag.py:545} INFO - Filling up the DagBag from /opt/airflow/dags/weather_etl_dag.py
[2026-06-18T10:15:54.421+0000] {processor.py:840} INFO - DAG(s) 'weather_etl_pipeline' retrieved from /opt/airflow/dags/weather_etl_dag.py
[2026-06-18T10:15:54.461+0000] {logging_mixin.py:188} INFO - [2026-06-18T10:15:54.460+0000] {dag.py:3096} INFO - Sync 1 DAGs
[2026-06-18T10:15:54.487+0000] {logging_mixin.py:188} INFO - [2026-06-18T10:15:54.486+0000] {dag.py:3954} INFO - Setting next_dagrun for weather_etl_pipeline to 2026-06-17 00:00:00+00:00, run_after=2026-06-18 00:00:00+00:00
[2026-06-18T10:15:54.512+0000] {processor.py:183} INFO - Processing /opt/airflow/dags/weather_etl_dag.py took 0.135 seconds
[2026-06-18T10:16:04.605+0000] {processor.py:161} INFO - Started process (PID=834) to work on /opt/airflow/dags/weather_etl_dag.py
[2026-06-18T10:16:04.607+0000] {processor.py:830} INFO - Processing file /opt/airflow/dags/weather_etl_dag.py for tasks to queue
[2026-06-18T10:16:04.609+0000] {logging_mixin.py:188} INFO - [2026-06-18T10:16:04.609+0000] {dagbag.py:545} INFO - Filling up the DagBag from /opt/airflow/dags/weather_etl_dag.py
[2026-06-18T10:16:04.631+0000] {processor.py:840} INFO - DAG(s) 'weather_etl_pipeline' retrieved from /opt/airflow/dags/weather_etl_dag.py
[2026-06-18T10:16:04.661+0000] {logging_mixin.py:188} INFO - [2026-06-18T10:16:04.660+0000] {dag.py:3096} INFO - Sync 1 DAGs
[2026-06-18T10:16:04.685+0000] {logging_mixin.py:188} INFO - [2026-06-18T10:16:04.685+0000] {dag.py:3954} INFO - Setting next_dagrun for weather_etl_pipeline to 2026-06-17 00:00:00+00:00, run_after=2026-06-18 00:00:00+00:00
[2026-06-18T10:16:04.715+0000] {processor.py:183} INFO - Processing /opt/airflow/dags/weather_etl_dag.py took 0.116 seconds
[2026-06-18T10:16:16.402+0000] {processor.py:161} INFO - Started process (PID=839) to work on /opt/airflow/dags/weather_etl_dag.py
[2026-06-18T10:16:16.404+0000] {processor.py:830} INFO - Processing file /opt/airflow/dags/weather_etl_dag.py for tasks to queue
[2026-06-18T10:16:16.406+0000] {logging_mixin.py:188} INFO - [2026-06-18T10:16:16.406+0000] {dagbag.py:545} INFO - Filling up the DagBag from /opt/airflow/dags/weather_etl_dag.py
[2026-06-18T10:16:16.426+0000] {processor.py:840} INFO - DAG(s) 'weather_etl_pipeline' retrieved from /opt/airflow/dags/weather_etl_dag.py
[2026-06-18T10:16:16.455+0000] {logging_mixin.py:188} INFO - [2026-06-18T10:16:16.454+0000] {dag.py:3096} INFO - Sync 1 DAGs
[2026-06-18T10:16:16.478+0000] {logging_mixin.py:188} INFO - [2026-06-18T10:16:16.478+0000] {dag.py:3954} INFO - Setting next_dagrun for weather_etl_pipeline to 2026-06-17 00:00:00+00:00, run_after=2026-06-18 00:00:00+00:00
[2026-06-18T10:16:16.503+0000] {processor.py:183} INFO - Processing /opt/airflow/dags/weather_etl_dag.py took 0.107 seconds
[2026-06-18T10:16:26.607+0000] {processor.py:161} INFO - Started process (PID=844) to work on /opt/airflow/dags/weather_etl_dag.py
[2026-06-18T10:16:26.609+0000] {processor.py:830} INFO - Processing file /opt/airflow/dags/weather_etl_dag.py for tasks to queue
[2026-06-18T10:16:26.611+0000] {logging_mixin.py:188} INFO - [2026-06-18T10:16:26.611+0000] {dagbag.py:545} INFO - Filling up the DagBag from /opt/airflow/dags/weather_etl_dag.py
[2026-06-18T10:16:26.633+0000] {processor.py:840} INFO - DAG(s) 'weather_etl_pipeline' retrieved from /opt/airflow/dags/weather_etl_dag.py
[2026-06-18T10:16:26.663+0000] {logging_mixin.py:188} INFO - [2026-06-18T10:16:26.663+0000] {dag.py:3096} INFO - Sync 1 DAGs
[2026-06-18T10:16:26.688+0000] {logging_mixin.py:188} INFO - [2026-06-18T10:16:26.688+0000] {dag.py:3954} INFO - Setting next_dagrun for weather_etl_pipeline to 2026-06-17 00:00:00+00:00, run_after=2026-06-18 00:00:00+00:00
[2026-06-18T10:16:26.720+0000] {processor.py:183} INFO - Processing /opt/airflow/dags/weather_etl_dag.py took 0.120 seconds
[2026-06-18T10:16:36.823+0000] {processor.py:161} INFO - Started process (PID=849) to work on /opt/airflow/dags/weather_etl_dag.py
[2026-06-18T10:16:36.824+0000] {processor.py:830} INFO - Processing file /opt/airflow/dags/weather_etl_dag.py for tasks to queue
[2026-06-18T10:16:36.826+0000] {logging_mixin.py:188} INFO - [2026-06-18T10:16:36.826+0000] {dagbag.py:545} INFO - Filling up the DagBag from /opt/airflow/dags/weather_etl_dag.py
[2026-06-18T10:16:36.850+0000] {processor.py:840} INFO - DAG(s) 'weather_etl_pipeline' retrieved from /opt/airflow/dags/weather_etl_dag.py
[2026-06-18T10:16:36.879+0000] {logging_mixin.py:188} INFO - [2026-06-18T10:16:36.878+0000] {dag.py:3096} INFO - Sync 1 DAGs
[2026-06-18T10:16:36.905+0000] {logging_mixin.py:188} INFO - [2026-06-18T10:16:36.905+0000] {dag.py:3954} INFO - Setting next_dagrun for weather_etl_pipeline to 2026-06-17 00:00:00+00:00, run_after=2026-06-18 00:00:00+00:00
[2026-06-18T10:16:36.932+0000] {processor.py:183} INFO - Processing /opt/airflow/dags/weather_etl_dag.py took 0.115 seconds
[2026-06-18T10:16:49.662+0000] {processor.py:161} INFO - Started process (PID=854) to work on /opt/airflow/dags/weather_etl_dag.py
[2026-06-18T10:16:49.664+0000] {processor.py:830} INFO - Processing file /opt/airflow/dags/weather_etl_dag.py for tasks to queue
[2026-06-18T10:16:49.667+0000] {logging_mixin.py:188} INFO - [2026-06-18T10:16:49.666+0000] {dagbag.py:545} INFO - Filling up the DagBag from /opt/airflow/dags/weather_etl_dag.py
[2026-06-18T10:16:49.689+0000] {processor.py:840} INFO - DAG(s) 'weather_etl_pipeline' retrieved from /opt/airflow/dags/weather_etl_dag.py
[2026-06-18T10:16:49.731+0000] {logging_mixin.py:188} INFO - [2026-06-18T10:16:49.731+0000] {dag.py:3096} INFO - Sync 1 DAGs
[2026-06-18T10:16:49.755+0000] {logging_mixin.py:188} INFO - [2026-06-18T10:16:49.754+0000] {dag.py:3954} INFO - Setting next_dagrun for weather_etl_pipeline to 2026-06-17 00:00:00+00:00, run_after=2026-06-18 00:00:00+00:00
[2026-06-18T10:16:49.776+0000] {processor.py:183} INFO - Processing /opt/airflow/dags/weather_etl_dag.py took 0.122 seconds
[2026-06-18T10:16:59.880+0000] {processor.py:161} INFO - Started process (PID=859) to work on /opt/airflow/dags/weather_etl_dag.py
[2026-06-18T10:16:59.881+0000] {processor.py:830} INFO - Processing file /opt/airflow/dags/weather_etl_dag.py for tasks to queue
[2026-06-18T10:16:59.884+0000] {logging_mixin.py:188} INFO - [2026-06-18T10:16:59.883+0000] {dagbag.py:545} INFO - Filling up the DagBag from /opt/airflow/dags/weather_etl_dag.py
[2026-06-18T10:16:59.907+0000] {processor.py:840} INFO - DAG(s) 'weather_etl_pipeline' retrieved from /opt/airflow/dags/weather_etl_dag.py
[2026-06-18T10:16:59.944+0000] {logging_mixin.py:188} INFO - [2026-06-18T10:16:59.943+0000] {dag.py:3096} INFO - Sync 1 DAGs
[2026-06-18T10:16:59.971+0000] {logging_mixin.py:188} INFO - [2026-06-18T10:16:59.970+0000] {dag.py:3954} INFO - Setting next_dagrun for weather_etl_pipeline to 2026-06-17 00:00:00+00:00, run_after=2026-06-18 00:00:00+00:00
[2026-06-18T10:16:59.993+0000] {processor.py:183} INFO - Processing /opt/airflow/dags/weather_etl_dag.py took 0.119 seconds
[2026-06-18T10:17:10.130+0000] {processor.py:161} INFO - Started process (PID=864) to work on /opt/airflow/dags/weather_etl_dag.py
[2026-06-18T10:17:10.161+0000] {processor.py:830} INFO - Processing file /opt/airflow/dags/weather_etl_dag.py for tasks to queue
[2026-06-18T10:17:10.164+0000] {logging_mixin.py:188} INFO - [2026-06-18T10:17:10.164+0000] {dagbag.py:545} INFO - Filling up the DagBag from /opt/airflow/dags/weather_etl_dag.py
[2026-06-18T10:17:10.199+0000] {processor.py:840} INFO - DAG(s) 'weather_etl_pipeline' retrieved from /opt/airflow/dags/weather_etl_dag.py
[2026-06-18T10:17:10.235+0000] {logging_mixin.py:188} INFO - [2026-06-18T10:17:10.235+0000] {dag.py:3096} INFO - Sync 1 DAGs
[2026-06-18T10:17:10.265+0000] {logging_mixin.py:188} INFO - [2026-06-18T10:17:10.265+0000] {dag.py:3954} INFO - Setting next_dagrun for weather_etl_pipeline to 2026-06-17 00:00:00+00:00, run_after=2026-06-18 00:00:00+00:00
[2026-06-18T10:17:10.415+0000] {processor.py:183} INFO - Processing /opt/airflow/dags/weather_etl_dag.py took 0.297 seconds
[2026-06-18T10:17:21.914+0000] {processor.py:161} INFO - Started process (PID=869) to work on /opt/airflow/dags/weather_etl_dag.py
[2026-06-18T10:17:21.916+0000] {processor.py:830} INFO - Processing file /opt/airflow/dags/weather_etl_dag.py for tasks to queue
[2026-06-18T10:17:21.919+0000] {logging_mixin.py:188} INFO - [2026-06-18T10:17:21.918+0000] {dagbag.py:545} INFO - Filling up the DagBag from /opt/airflow/dags/weather_etl_dag.py
[2026-06-18T10:17:21.942+0000] {processor.py:840} INFO - DAG(s) 'weather_etl_pipeline' retrieved from /opt/airflow/dags/weather_etl_dag.py
[2026-06-18T10:17:21.977+0000] {logging_mixin.py:188} INFO - [2026-06-18T10:17:21.976+0000] {dag.py:3096} INFO - Sync 1 DAGs
[2026-06-18T10:17:22.007+0000] {logging_mixin.py:188} INFO - [2026-06-18T10:17:22.006+0000] {dag.py:3954} INFO - Setting next_dagrun for weather_etl_pipeline to 2026-06-17 00:00:00+00:00, run_after=2026-06-18 00:00:00+00:00
[2026-06-18T10:17:22.034+0000] {processor.py:183} INFO - Processing /opt/airflow/dags/weather_etl_dag.py took 0.126 seconds
[2026-06-18T10:17:32.151+0000] {processor.py:161} INFO - Started process (PID=874) to work on /opt/airflow/dags/weather_etl_dag.py
[2026-06-18T10:17:32.153+0000] {processor.py:830} INFO - Processing file /opt/airflow/dags/weather_etl_dag.py for tasks to queue
[2026-06-18T10:17:32.156+0000] {logging_mixin.py:188} INFO - [2026-06-18T10:17:32.156+0000] {dagbag.py:545} INFO - Filling up the DagBag from /opt/airflow/dags/weather_etl_dag.py
[2026-06-18T10:17:32.182+0000] {processor.py:840} INFO - DAG(s) 'weather_etl_pipeline' retrieved from /opt/airflow/dags/weather_etl_dag.py
[2026-06-18T10:17:32.218+0000] {logging_mixin.py:188} INFO - [2026-06-18T10:17:32.217+0000] {dag.py:3096} INFO - Sync 1 DAGs
[2026-06-18T10:17:32.245+0000] {logging_mixin.py:188} INFO - [2026-06-18T10:17:32.245+0000] {dag.py:3954} INFO - Setting next_dagrun for weather_etl_pipeline to 2026-06-17 00:00:00+00:00, run_after=2026-06-18 00:00:00+00:00
[2026-06-18T10:17:32.271+0000] {processor.py:183} INFO - Processing /opt/airflow/dags/weather_etl_dag.py took 0.128 seconds
[2026-06-18T10:17:42.391+0000] {processor.py:161} INFO - Started process (PID=879) to work on /opt/airflow/dags/weather_etl_dag.py
[2026-06-18T10:17:42.392+0000] {processor.py:830} INFO - Processing file /opt/airflow/dags/weather_etl_dag.py for tasks to queue
[2026-06-18T10:17:42.395+0000] {logging_mixin.py:188} INFO - [2026-06-18T10:17:42.394+0000] {dagbag.py:545} INFO - Filling up the DagBag from /opt/airflow/dags/weather_etl_dag.py
[2026-06-18T10:17:42.419+0000] {processor.py:840} INFO - DAG(s) 'weather_etl_pipeline' retrieved from /opt/airflow/dags/weather_etl_dag.py
[2026-06-18T10:17:42.450+0000] {logging_mixin.py:188} INFO - [2026-06-18T10:17:42.450+0000] {dag.py:3096} INFO - Sync 1 DAGs
[2026-06-18T10:17:42.474+0000] {logging_mixin.py:188} INFO - [2026-06-18T10:17:42.474+0000] {dag.py:3954} INFO - Setting next_dagrun for weather_etl_pipeline to 2026-06-17 00:00:00+00:00, run_after=2026-06-18 00:00:00+00:00
[2026-06-18T10:17:42.497+0000] {processor.py:183} INFO - Processing /opt/airflow/dags/weather_etl_dag.py took 0.114 seconds
[2026-06-18T10:17:54.323+0000] {processor.py:161} INFO - Started process (PID=884) to work on /opt/airflow/dags/weather_etl_dag.py
[2026-06-18T10:17:54.324+0000] {processor.py:830} INFO - Processing file /opt/airflow/dags/weather_etl_dag.py for tasks to queue
[2026-06-18T10:17:54.327+0000] {logging_mixin.py:188} INFO - [2026-06-18T10:17:54.326+0000] {dagbag.py:545} INFO - Filling up the DagBag from /opt/airflow/dags/weather_etl_dag.py
[2026-06-18T10:17:54.347+0000] {processor.py:840} INFO - DAG(s) 'weather_etl_pipeline' retrieved from /opt/airflow/dags/weather_etl_dag.py
[2026-06-18T10:17:54.386+0000] {logging_mixin.py:188} INFO - [2026-06-18T10:17:54.386+0000] {dag.py:3096} INFO - Sync 1 DAGs
[2026-06-18T10:17:54.411+0000] {logging_mixin.py:188} INFO - [2026-06-18T10:17:54.411+0000] {dag.py:3954} INFO - Setting next_dagrun for weather_etl_pipeline to 2026-06-17 00:00:00+00:00, run_after=2026-06-18 00:00:00+00:00
[2026-06-18T10:17:54.440+0000] {processor.py:183} INFO - Processing /opt/airflow/dags/weather_etl_dag.py took 0.122 seconds
[2026-06-18T10:18:04.561+0000] {processor.py:161} INFO - Started process (PID=889) to work on /opt/airflow/dags/weather_etl_dag.py
[2026-06-18T10:18:04.563+0000] {processor.py:830} INFO - Processing file /opt/airflow/dags/weather_etl_dag.py for tasks to queue
[2026-06-18T10:18:04.566+0000] {logging_mixin.py:188} INFO - [2026-06-18T10:18:04.566+0000] {dagbag.py:545} INFO - Filling up the DagBag from /opt/airflow/dags/weather_etl_dag.py
[2026-06-18T10:18:04.591+0000] {processor.py:840} INFO - DAG(s) 'weather_etl_pipeline' retrieved from /opt/airflow/dags/weather_etl_dag.py
[2026-06-18T10:18:04.628+0000] {logging_mixin.py:188} INFO - [2026-06-18T10:18:04.628+0000] {dag.py:3096} INFO - Sync 1 DAGs
[2026-06-18T10:18:04.655+0000] {logging_mixin.py:188} INFO - [2026-06-18T10:18:04.655+0000] {dag.py:3954} INFO - Setting next_dagrun for weather_etl_pipeline to 2026-06-17 00:00:00+00:00, run_after=2026-06-18 00:00:00+00:00
[2026-06-18T10:18:04.678+0000] {processor.py:183} INFO - Processing /opt/airflow/dags/weather_etl_dag.py took 0.125 seconds
[2026-06-18T10:18:14.780+0000] {processor.py:161} INFO - Started process (PID=894) to work on /opt/airflow/dags/weather_etl_dag.py
[2026-06-18T10:18:14.781+0000] {processor.py:830} INFO - Processing file /opt/airflow/dags/weather_etl_dag.py for tasks to queue
[2026-06-18T10:18:14.785+0000] {logging_mixin.py:188} INFO - [2026-06-18T10:18:14.784+0000] {dagbag.py:545} INFO - Filling up the DagBag from /opt/airflow/dags/weather_etl_dag.py
[2026-06-18T10:18:14.810+0000] {processor.py:840} INFO - DAG(s) 'weather_etl_pipeline' retrieved from /opt/airflow/dags/weather_etl_dag.py
[2026-06-18T10:18:14.846+0000] {logging_mixin.py:188} INFO - [2026-06-18T10:18:14.846+0000] {dag.py:3096} INFO - Sync 1 DAGs
[2026-06-18T10:18:14.874+0000] {logging_mixin.py:188} INFO - [2026-06-18T10:18:14.874+0000] {dag.py:3954} INFO - Setting next_dagrun for weather_etl_pipeline to 2026-06-17 00:00:00+00:00, run_after=2026-06-18 00:00:00+00:00
[2026-06-18T10:18:14.899+0000] {processor.py:183} INFO - Processing /opt/airflow/dags/weather_etl_dag.py took 0.127 seconds
[2026-06-18T10:18:27.573+0000] {processor.py:161} INFO - Started process (PID=899) to work on /opt/airflow/dags/weather_etl_dag.py
[2026-06-18T10:18:27.575+0000] {processor.py:830} INFO - Processing file /opt/airflow/dags/weather_etl_dag.py for tasks to queue
[2026-06-18T10:18:27.578+0000] {logging_mixin.py:188} INFO - [2026-06-18T10:18:27.577+0000] {dagbag.py:545} INFO - Filling up the DagBag from /opt/airflow/dags/weather_etl_dag.py
[2026-06-18T10:18:27.602+0000] {processor.py:840} INFO - DAG(s) 'weather_etl_pipeline' retrieved from /opt/airflow/dags/weather_etl_dag.py
[2026-06-18T10:18:27.635+0000] {logging_mixin.py:188} INFO - [2026-06-18T10:18:27.634+0000] {dag.py:3096} INFO - Sync 1 DAGs
[2026-06-18T10:18:27.662+0000] {logging_mixin.py:188} INFO - [2026-06-18T10:18:27.661+0000] {dag.py:3954} INFO - Setting next_dagrun for weather_etl_pipeline to 2026-06-17 00:00:00+00:00, run_after=2026-06-18 00:00:00+00:00
[2026-06-18T10:18:27.687+0000] {processor.py:183} INFO - Processing /opt/airflow/dags/weather_etl_dag.py took 0.120 seconds
[2026-06-18T10:18:37.861+0000] {processor.py:161} INFO - Started process (PID=904) to work on /opt/airflow/dags/weather_etl_dag.py
[2026-06-18T10:18:37.862+0000] {processor.py:830} INFO - Processing file /opt/airflow/dags/weather_etl_dag.py for tasks to queue
[2026-06-18T10:18:37.866+0000] {logging_mixin.py:188} INFO - [2026-06-18T10:18:37.865+0000] {dagbag.py:545} INFO - Filling up the DagBag from /opt/airflow/dags/weather_etl_dag.py
[2026-06-18T10:18:37.905+0000] {processor.py:840} INFO - DAG(s) 'weather_etl_pipeline' retrieved from /opt/airflow/dags/weather_etl_dag.py
[2026-06-18T10:18:37.960+0000] {logging_mixin.py:188} INFO - [2026-06-18T10:18:37.960+0000] {dag.py:3096} INFO - Sync 1 DAGs
[2026-06-18T10:18:37.995+0000] {logging_mixin.py:188} INFO - [2026-06-18T10:18:37.994+0000] {dag.py:3954} INFO - Setting next_dagrun for weather_etl_pipeline to 2026-06-17 00:00:00+00:00, run_after=2026-06-18 00:00:00+00:00
[2026-06-18T10:18:38.037+0000] {processor.py:183} INFO - Processing /opt/airflow/dags/weather_etl_dag.py took 0.184 seconds
[2026-06-18T10:18:48.180+0000] {processor.py:161} INFO - Started process (PID=909) to work on /opt/airflow/dags/weather_etl_dag.py
[2026-06-18T10:18:48.182+0000] {processor.py:830} INFO - Processing file /opt/airflow/dags/weather_etl_dag.py for tasks to queue
[2026-06-18T10:18:48.185+0000] {logging_mixin.py:188} INFO - [2026-06-18T10:18:48.184+0000] {dagbag.py:545} INFO - Filling up the DagBag from /opt/airflow/dags/weather_etl_dag.py
[2026-06-18T10:18:48.213+0000] {processor.py:840} INFO - DAG(s) 'weather_etl_pipeline' retrieved from /opt/airflow/dags/weather_etl_dag.py
[2026-06-18T10:18:48.251+0000] {logging_mixin.py:188} INFO - [2026-06-18T10:18:48.251+0000] {dag.py:3096} INFO - Sync 1 DAGs
[2026-06-18T10:18:48.282+0000] {logging_mixin.py:188} INFO - [2026-06-18T10:18:48.282+0000] {dag.py:3954} INFO - Setting next_dagrun for weather_etl_pipeline to 2026-06-17 00:00:00+00:00, run_after=2026-06-18 00:00:00+00:00
[2026-06-18T10:18:48.335+0000] {processor.py:183} INFO - Processing /opt/airflow/dags/weather_etl_dag.py took 0.163 seconds
[2026-06-18T10:18:58.866+0000] {processor.py:161} INFO - Started process (PID=914) to work on /opt/airflow/dags/weather_etl_dag.py
[2026-06-18T10:18:58.868+0000] {processor.py:830} INFO - Processing file /opt/airflow/dags/weather_etl_dag.py for tasks to queue
[2026-06-18T10:18:58.871+0000] {logging_mixin.py:188} INFO - [2026-06-18T10:18:58.870+0000] {dagbag.py:545} INFO - Filling up the DagBag from /opt/airflow/dags/weather_etl_dag.py
[2026-06-18T10:18:58.895+0000] {processor.py:840} INFO - DAG(s) 'weather_etl_pipeline' retrieved from /opt/airflow/dags/weather_etl_dag.py
[2026-06-18T10:18:58.926+0000] {logging_mixin.py:188} INFO - [2026-06-18T10:18:58.925+0000] {dag.py:3096} INFO - Sync 1 DAGs
[2026-06-18T10:18:58.953+0000] {logging_mixin.py:188} INFO - [2026-06-18T10:18:58.953+0000] {dag.py:3954} INFO - Setting next_dagrun for weather_etl_pipeline to 2026-06-17 00:00:00+00:00, run_after=2026-06-18 00:00:00+00:00
[2026-06-18T10:18:58.975+0000] {processor.py:183} INFO - Processing /opt/airflow/dags/weather_etl_dag.py took 0.115 seconds
[2026-06-18T10:19:09.125+0000] {processor.py:161} INFO - Started process (PID=919) to work on /opt/airflow/dags/weather_etl_dag.py
[2026-06-18T10:19:09.126+0000] {processor.py:830} INFO - Processing file /opt/airflow/dags/weather_etl_dag.py for tasks to queue
[2026-06-18T10:19:09.129+0000] {logging_mixin.py:188} INFO - [2026-06-18T10:19:09.129+0000] {dagbag.py:545} INFO - Filling up the DagBag from /opt/airflow/dags/weather_etl_dag.py
[2026-06-18T10:19:09.155+0000] {processor.py:840} INFO - DAG(s) 'weather_etl_pipeline' retrieved from /opt/airflow/dags/weather_etl_dag.py
[2026-06-18T10:19:09.186+0000] {logging_mixin.py:188} INFO - [2026-06-18T10:19:09.186+0000] {dag.py:3096} INFO - Sync 1 DAGs
[2026-06-18T10:19:09.211+0000] {logging_mixin.py:188} INFO - [2026-06-18T10:19:09.211+0000] {dag.py:3954} INFO - Setting next_dagrun for weather_etl_pipeline to 2026-06-17 00:00:00+00:00, run_after=2026-06-18 00:00:00+00:00
[2026-06-18T10:19:09.234+0000] {processor.py:183} INFO - Processing /opt/airflow/dags/weather_etl_dag.py took 0.116 seconds
[2026-06-18T10:19:19.362+0000] {processor.py:161} INFO - Started process (PID=924) to work on /opt/airflow/dags/weather_etl_dag.py
[2026-06-18T10:19:19.366+0000] {processor.py:830} INFO - Processing file /opt/airflow/dags/weather_etl_dag.py for tasks to queue
[2026-06-18T10:19:19.369+0000] {logging_mixin.py:188} INFO - [2026-06-18T10:19:19.368+0000] {dagbag.py:545} INFO - Filling up the DagBag from /opt/airflow/dags/weather_etl_dag.py
[2026-06-18T10:19:19.399+0000] {processor.py:840} INFO - DAG(s) 'weather_etl_pipeline' retrieved from /opt/airflow/dags/weather_etl_dag.py
[2026-06-18T10:19:19.441+0000] {logging_mixin.py:188} INFO - [2026-06-18T10:19:19.441+0000] {dag.py:3096} INFO - Sync 1 DAGs
[2026-06-18T10:19:19.472+0000] {logging_mixin.py:188} INFO - [2026-06-18T10:19:19.472+0000] {dag.py:3954} INFO - Setting next_dagrun for weather_etl_pipeline to 2026-06-17 00:00:00+00:00, run_after=2026-06-18 00:00:00+00:00
[2026-06-18T10:19:19.499+0000] {processor.py:183} INFO - Processing /opt/airflow/dags/weather_etl_dag.py took 0.146 seconds
[2026-06-18T10:19:29.570+0000] {processor.py:161} INFO - Started process (PID=929) to work on /opt/airflow/dags/weather_etl_dag.py
[2026-06-18T10:19:29.572+0000] {processor.py:830} INFO - Processing file /opt/airflow/dags/weather_etl_dag.py for tasks to queue
[2026-06-18T10:19:29.575+0000] {logging_mixin.py:188} INFO - [2026-06-18T10:19:29.574+0000] {dagbag.py:545} INFO - Filling up the DagBag from /opt/airflow/dags/weather_etl_dag.py
[2026-06-18T10:19:29.605+0000] {processor.py:840} INFO - DAG(s) 'weather_etl_pipeline' retrieved from /opt/airflow/dags/weather_etl_dag.py
[2026-06-18T10:19:29.641+0000] {logging_mixin.py:188} INFO - [2026-06-18T10:19:29.641+0000] {dag.py:3096} INFO - Sync 1 DAGs
[2026-06-18T10:19:29.668+0000] {logging_mixin.py:188} INFO - [2026-06-18T10:19:29.668+0000] {dag.py:3954} INFO - Setting next_dagrun for weather_etl_pipeline to 2026-06-17 00:00:00+00:00, run_after=2026-06-18 00:00:00+00:00
[2026-06-18T10:19:29.692+0000] {processor.py:183} INFO - Processing /opt/airflow/dags/weather_etl_dag.py took 0.130 seconds
[2026-06-18T10:19:39.807+0000] {processor.py:161} INFO - Started process (PID=934) to work on /opt/airflow/dags/weather_etl_dag.py
[2026-06-18T10:19:39.809+0000] {processor.py:830} INFO - Processing file /opt/airflow/dags/weather_etl_dag.py for tasks to queue
[2026-06-18T10:19:39.811+0000] {logging_mixin.py:188} INFO - [2026-06-18T10:19:39.811+0000] {dagbag.py:545} INFO - Filling up the DagBag from /opt/airflow/dags/weather_etl_dag.py
[2026-06-18T10:19:39.832+0000] {processor.py:840} INFO - DAG(s) 'weather_etl_pipeline' retrieved from /opt/airflow/dags/weather_etl_dag.py
[2026-06-18T10:19:39.861+0000] {logging_mixin.py:188} INFO - [2026-06-18T10:19:39.860+0000] {dag.py:3096} INFO - Sync 1 DAGs
[2026-06-18T10:19:39.884+0000] {logging_mixin.py:188} INFO - [2026-06-18T10:19:39.884+0000] {dag.py:3954} INFO - Setting next_dagrun for weather_etl_pipeline to 2026-06-17 00:00:00+00:00, run_after=2026-06-18 00:00:00+00:00
[2026-06-18T10:19:39.912+0000] {processor.py:183} INFO - Processing /opt/airflow/dags/weather_etl_dag.py took 0.111 seconds
[2026-06-18T10:19:50.035+0000] {processor.py:161} INFO - Started process (PID=939) to work on /opt/airflow/dags/weather_etl_dag.py
[2026-06-18T10:19:50.037+0000] {processor.py:830} INFO - Processing file /opt/airflow/dags/weather_etl_dag.py for tasks to queue
[2026-06-18T10:19:50.041+0000] {logging_mixin.py:188} INFO - [2026-06-18T10:19:50.040+0000] {dagbag.py:545} INFO - Filling up the DagBag from /opt/airflow/dags/weather_etl_dag.py
[2026-06-18T10:19:50.069+0000] {processor.py:840} INFO - DAG(s) 'weather_etl_pipeline' retrieved from /opt/airflow/dags/weather_etl_dag.py
[2026-06-18T10:19:50.104+0000] {logging_mixin.py:188} INFO - [2026-06-18T10:19:50.104+0000] {dag.py:3096} INFO - Sync 1 DAGs
[2026-06-18T10:19:50.133+0000] {logging_mixin.py:188} INFO - [2026-06-18T10:19:50.132+0000] {dag.py:3954} INFO - Setting next_dagrun for weather_etl_pipeline to 2026-06-17 00:00:00+00:00, run_after=2026-06-18 00:00:00+00:00
[2026-06-18T10:19:50.155+0000] {processor.py:183} INFO - Processing /opt/airflow/dags/weather_etl_dag.py took 0.126 seconds
[2026-06-18T10:20:01.906+0000] {processor.py:161} INFO - Started process (PID=944) to work on /opt/airflow/dags/weather_etl_dag.py
[2026-06-18T10:20:01.907+0000] {processor.py:830} INFO - Processing file /opt/airflow/dags/weather_etl_dag.py for tasks to queue
[2026-06-18T10:20:01.909+0000] {logging_mixin.py:188} INFO - [2026-06-18T10:20:01.909+0000] {dagbag.py:545} INFO - Filling up the DagBag from /opt/airflow/dags/weather_etl_dag.py
[2026-06-18T10:20:01.932+0000] {processor.py:840} INFO - DAG(s) 'weather_etl_pipeline' retrieved from /opt/airflow/dags/weather_etl_dag.py
[2026-06-18T10:20:01.963+0000] {logging_mixin.py:188} INFO - [2026-06-18T10:20:01.963+0000] {dag.py:3096} INFO - Sync 1 DAGs
[2026-06-18T10:20:01.987+0000] {logging_mixin.py:188} INFO - [2026-06-18T10:20:01.987+0000] {dag.py:3954} INFO - Setting next_dagrun for weather_etl_pipeline to 2026-06-17 00:00:00+00:00, run_after=2026-06-18 00:00:00+00:00
[2026-06-18T10:20:02.008+0000] {processor.py:183} INFO - Processing /opt/airflow/dags/weather_etl_dag.py took 0.117 seconds
[2026-06-18T10:20:12.092+0000] {processor.py:161} INFO - Started process (PID=949) to work on /opt/airflow/dags/weather_etl_dag.py
[2026-06-18T10:20:12.094+0000] {processor.py:830} INFO - Processing file /opt/airflow/dags/weather_etl_dag.py for tasks to queue
[2026-06-18T10:20:12.096+0000] {logging_mixin.py:188} INFO - [2026-06-18T10:20:12.096+0000] {dagbag.py:545} INFO - Filling up the DagBag from /opt/airflow/dags/weather_etl_dag.py
[2026-06-18T10:20:12.120+0000] {processor.py:840} INFO - DAG(s) 'weather_etl_pipeline' retrieved from /opt/airflow/dags/weather_etl_dag.py
[2026-06-18T10:20:12.152+0000] {logging_mixin.py:188} INFO - [2026-06-18T10:20:12.152+0000] {dag.py:3096} INFO - Sync 1 DAGs
[2026-06-18T10:20:12.176+0000] {logging_mixin.py:188} INFO - [2026-06-18T10:20:12.176+0000] {dag.py:3954} INFO - Setting next_dagrun for weather_etl_pipeline to 2026-06-17 00:00:00+00:00, run_after=2026-06-18 00:00:00+00:00
[2026-06-18T10:20:12.199+0000] {processor.py:183} INFO - Processing /opt/airflow/dags/weather_etl_dag.py took 0.113 seconds
[2026-06-18T10:20:22.332+0000] {processor.py:161} INFO - Started process (PID=954) to work on /opt/airflow/dags/weather_etl_dag.py
[2026-06-18T10:20:22.333+0000] {processor.py:830} INFO - Processing file /opt/airflow/dags/weather_etl_dag.py for tasks to queue
[2026-06-18T10:20:22.336+0000] {logging_mixin.py:188} INFO - [2026-06-18T10:20:22.336+0000] {dagbag.py:545} INFO - Filling up the DagBag from /opt/airflow/dags/weather_etl_dag.py
[2026-06-18T10:20:22.360+0000] {processor.py:840} INFO - DAG(s) 'weather_etl_pipeline' retrieved from /opt/airflow/dags/weather_etl_dag.py
[2026-06-18T10:20:22.395+0000] {logging_mixin.py:188} INFO - [2026-06-18T10:20:22.395+0000] {dag.py:3096} INFO - Sync 1 DAGs
[2026-06-18T10:20:22.423+0000] {logging_mixin.py:188} INFO - [2026-06-18T10:20:22.423+0000] {dag.py:3954} INFO - Setting next_dagrun for weather_etl_pipeline to 2026-06-17 00:00:00+00:00, run_after=2026-06-18 00:00:00+00:00
[2026-06-18T10:20:22.446+0000] {processor.py:183} INFO - Processing /opt/airflow/dags/weather_etl_dag.py took 0.122 seconds
[2026-06-18T10:20:34.265+0000] {processor.py:161} INFO - Started process (PID=959) to work on /opt/airflow/dags/weather_etl_dag.py
[2026-06-18T10:20:34.267+0000] {processor.py:830} INFO - Processing file /opt/airflow/dags/weather_etl_dag.py for tasks to queue
[2026-06-18T10:20:34.269+0000] {logging_mixin.py:188} INFO - [2026-06-18T10:20:34.269+0000] {dagbag.py:545} INFO - Filling up the DagBag from /opt/airflow/dags/weather_etl_dag.py
[2026-06-18T10:20:34.291+0000] {processor.py:840} INFO - DAG(s) 'weather_etl_pipeline' retrieved from /opt/airflow/dags/weather_etl_dag.py
[2026-06-18T10:20:34.322+0000] {logging_mixin.py:188} INFO - [2026-06-18T10:20:34.322+0000] {dag.py:3096} INFO - Sync 1 DAGs
[2026-06-18T10:20:34.346+0000] {logging_mixin.py:188} INFO - [2026-06-18T10:20:34.346+0000] {dag.py:3954} INFO - Setting next_dagrun for weather_etl_pipeline to 2026-06-17 00:00:00+00:00, run_after=2026-06-18 00:00:00+00:00
[2026-06-18T10:20:34.399+0000] {processor.py:183} INFO - Processing /opt/airflow/dags/weather_etl_dag.py took 0.141 seconds
[2026-06-18T10:20:44.512+0000] {processor.py:161} INFO - Started process (PID=964) to work on /opt/airflow/dags/weather_etl_dag.py
[2026-06-18T10:20:44.514+0000] {processor.py:830} INFO - Processing file /opt/airflow/dags/weather_etl_dag.py for tasks to queue
[2026-06-18T10:20:44.516+0000] {logging_mixin.py:188} INFO - [2026-06-18T10:20:44.516+0000] {dagbag.py:545} INFO - Filling up the DagBag from /opt/airflow/dags/weather_etl_dag.py
[2026-06-18T10:20:44.536+0000] {processor.py:840} INFO - DAG(s) 'weather_etl_pipeline' retrieved from /opt/airflow/dags/weather_etl_dag.py
[2026-06-18T10:20:44.565+0000] {logging_mixin.py:188} INFO - [2026-06-18T10:20:44.565+0000] {dag.py:3096} INFO - Sync 1 DAGs
[2026-06-18T10:20:44.590+0000] {logging_mixin.py:188} INFO - [2026-06-18T10:20:44.590+0000] {dag.py:3954} INFO - Setting next_dagrun for weather_etl_pipeline to 2026-06-17 00:00:00+00:00, run_after=2026-06-18 00:00:00+00:00
[2026-06-18T10:20:44.614+0000] {processor.py:183} INFO - Processing /opt/airflow/dags/weather_etl_dag.py took 0.108 seconds
[2026-06-18T10:20:54.745+0000] {processor.py:161} INFO - Started process (PID=969) to work on /opt/airflow/dags/weather_etl_dag.py
[2026-06-18T10:20:54.753+0000] {processor.py:830} INFO - Processing file /opt/airflow/dags/weather_etl_dag.py for tasks to queue
[2026-06-18T10:20:54.756+0000] {logging_mixin.py:188} INFO - [2026-06-18T10:20:54.756+0000] {dagbag.py:545} INFO - Filling up the DagBag from /opt/airflow/dags/weather_etl_dag.py
[2026-06-18T10:20:54.781+0000] {processor.py:840} INFO - DAG(s) 'weather_etl_pipeline' retrieved from /opt/airflow/dags/weather_etl_dag.py
[2026-06-18T10:20:54.812+0000] {logging_mixin.py:188} INFO - [2026-06-18T10:20:54.811+0000] {dag.py:3096} INFO - Sync 1 DAGs
[2026-06-18T10:20:54.848+0000] {logging_mixin.py:188} INFO - [2026-06-18T10:20:54.848+0000] {dag.py:3954} INFO - Setting next_dagrun for weather_etl_pipeline to 2026-06-17 00:00:00+00:00, run_after=2026-06-18 00:00:00+00:00
[2026-06-18T10:20:54.888+0000] {processor.py:183} INFO - Processing /opt/airflow/dags/weather_etl_dag.py took 0.165 seconds
[2026-06-18T10:21:07.560+0000] {processor.py:161} INFO - Started process (PID=974) to work on /opt/airflow/dags/weather_etl_dag.py
[2026-06-18T10:21:07.562+0000] {processor.py:830} INFO - Processing file /opt/airflow/dags/weather_etl_dag.py for tasks to queue
[2026-06-18T10:21:07.565+0000] {logging_mixin.py:188} INFO - [2026-06-18T10:21:07.564+0000] {dagbag.py:545} INFO - Filling up the DagBag from /opt/airflow/dags/weather_etl_dag.py
[2026-06-18T10:21:07.589+0000] {processor.py:840} INFO - DAG(s) 'weather_etl_pipeline' retrieved from /opt/airflow/dags/weather_etl_dag.py
[2026-06-18T10:21:07.620+0000] {logging_mixin.py:188} INFO - [2026-06-18T10:21:07.620+0000] {dag.py:3096} INFO - Sync 1 DAGs
[2026-06-18T10:21:07.649+0000] {logging_mixin.py:188} INFO - [2026-06-18T10:21:07.649+0000] {dag.py:3954} INFO - Setting next_dagrun for weather_etl_pipeline to 2026-06-17 00:00:00+00:00, run_after=2026-06-18 00:00:00+00:00
[2026-06-18T10:21:07.672+0000] {processor.py:183} INFO - Processing /opt/airflow/dags/weather_etl_dag.py took 0.119 seconds
[2026-06-18T10:21:17.766+0000] {processor.py:161} INFO - Started process (PID=979) to work on /opt/airflow/dags/weather_etl_dag.py
[2026-06-18T10:21:17.767+0000] {processor.py:830} INFO - Processing file /opt/airflow/dags/weather_etl_dag.py for tasks to queue
[2026-06-18T10:21:17.769+0000] {logging_mixin.py:188} INFO - [2026-06-18T10:21:17.769+0000] {dagbag.py:545} INFO - Filling up the DagBag from /opt/airflow/dags/weather_etl_dag.py
[2026-06-18T10:21:17.790+0000] {processor.py:840} INFO - DAG(s) 'weather_etl_pipeline' retrieved from /opt/airflow/dags/weather_etl_dag.py
[2026-06-18T10:21:17.819+0000] {logging_mixin.py:188} INFO - [2026-06-18T10:21:17.819+0000] {dag.py:3096} INFO - Sync 1 DAGs
[2026-06-18T10:21:17.845+0000] {logging_mixin.py:188} INFO - [2026-06-18T10:21:17.845+0000] {dag.py:3954} INFO - Setting next_dagrun for weather_etl_pipeline to 2026-06-17 00:00:00+00:00, run_after=2026-06-18 00:00:00+00:00
[2026-06-18T10:21:17.868+0000] {processor.py:183} INFO - Processing /opt/airflow/dags/weather_etl_dag.py took 0.108 seconds
[2026-06-18T10:21:28.003+0000] {processor.py:161} INFO - Started process (PID=984) to work on /opt/airflow/dags/weather_etl_dag.py
[2026-06-18T10:21:28.005+0000] {processor.py:830} INFO - Processing file /opt/airflow/dags/weather_etl_dag.py for tasks to queue
[2026-06-18T10:21:28.007+0000] {logging_mixin.py:188} INFO - [2026-06-18T10:21:28.007+0000] {dagbag.py:545} INFO - Filling up the DagBag from /opt/airflow/dags/weather_etl_dag.py
[2026-06-18T10:21:28.031+0000] {processor.py:840} INFO - DAG(s) 'weather_etl_pipeline' retrieved from /opt/airflow/dags/weather_etl_dag.py
[2026-06-18T10:21:28.061+0000] {logging_mixin.py:188} INFO - [2026-06-18T10:21:28.060+0000] {dag.py:3096} INFO - Sync 1 DAGs
[2026-06-18T10:21:28.087+0000] {logging_mixin.py:188} INFO - [2026-06-18T10:21:28.087+0000] {dag.py:3954} INFO - Setting next_dagrun for weather_etl_pipeline to 2026-06-17 00:00:00+00:00, run_after=2026-06-18 00:00:00+00:00
[2026-06-18T10:21:28.117+0000] {processor.py:183} INFO - Processing /opt/airflow/dags/weather_etl_dag.py took 0.121 seconds
[2026-06-18T10:21:39.801+0000] {processor.py:161} INFO - Started process (PID=989) to work on /opt/airflow/dags/weather_etl_dag.py
[2026-06-18T10:21:39.802+0000] {processor.py:830} INFO - Processing file /opt/airflow/dags/weather_etl_dag.py for tasks to queue
[2026-06-18T10:21:39.805+0000] {logging_mixin.py:188} INFO - [2026-06-18T10:21:39.805+0000] {dagbag.py:545} INFO - Filling up the DagBag from /opt/airflow/dags/weather_etl_dag.py
[2026-06-18T10:21:39.832+0000] {processor.py:840} INFO - DAG(s) 'weather_etl_pipeline' retrieved from /opt/airflow/dags/weather_etl_dag.py
[2026-06-18T10:21:39.869+0000] {logging_mixin.py:188} INFO - [2026-06-18T10:21:39.869+0000] {dag.py:3096} INFO - Sync 1 DAGs
[2026-06-18T10:21:39.905+0000] {logging_mixin.py:188} INFO - [2026-06-18T10:21:39.904+0000] {dag.py:3954} INFO - Setting next_dagrun for weather_etl_pipeline to 2026-06-17 00:00:00+00:00, run_after=2026-06-18 00:00:00+00:00
[2026-06-18T10:21:39.939+0000] {processor.py:183} INFO - Processing /opt/airflow/dags/weather_etl_dag.py took 0.147 seconds
[2026-06-18T10:21:50.101+0000] {processor.py:161} INFO - Started process (PID=994) to work on /opt/airflow/dags/weather_etl_dag.py
[2026-06-18T10:21:50.102+0000] {processor.py:830} INFO - Processing file /opt/airflow/dags/weather_etl_dag.py for tasks to queue
[2026-06-18T10:21:50.106+0000] {logging_mixin.py:188} INFO - [2026-06-18T10:21:50.105+0000] {dagbag.py:545} INFO - Filling up the DagBag from /opt/airflow/dags/weather_etl_dag.py
[2026-06-18T10:21:50.133+0000] {processor.py:840} INFO - DAG(s) 'weather_etl_pipeline' retrieved from /opt/airflow/dags/weather_etl_dag.py
[2026-06-18T10:21:50.166+0000] {logging_mixin.py:188} INFO - [2026-06-18T10:21:50.165+0000] {dag.py:3096} INFO - Sync 1 DAGs
[2026-06-18T10:21:50.195+0000] {logging_mixin.py:188} INFO - [2026-06-18T10:21:50.195+0000] {dag.py:3954} INFO - Setting next_dagrun for weather_etl_pipeline to 2026-06-17 00:00:00+00:00, run_after=2026-06-18 00:00:00+00:00
[2026-06-18T10:21:50.221+0000] {processor.py:183} INFO - Processing /opt/airflow/dags/weather_etl_dag.py took 0.129 seconds
[2026-06-18T10:22:00.318+0000] {processor.py:161} INFO - Started process (PID=999) to work on /opt/airflow/dags/weather_etl_dag.py
[2026-06-18T10:22:00.320+0000] {processor.py:830} INFO - Processing file /opt/airflow/dags/weather_etl_dag.py for tasks to queue
[2026-06-18T10:22:00.323+0000] {logging_mixin.py:188} INFO - [2026-06-18T10:22:00.322+0000] {dagbag.py:545} INFO - Filling up the DagBag from /opt/airflow/dags/weather_etl_dag.py
[2026-06-18T10:22:00.347+0000] {processor.py:840} INFO - DAG(s) 'weather_etl_pipeline' retrieved from /opt/airflow/dags/weather_etl_dag.py
[2026-06-18T10:22:00.379+0000] {logging_mixin.py:188} INFO - [2026-06-18T10:22:00.378+0000] {dag.py:3096} INFO - Sync 1 DAGs
[2026-06-18T10:22:00.406+0000] {logging_mixin.py:188} INFO - [2026-06-18T10:22:00.406+0000] {dag.py:3954} INFO - Setting next_dagrun for weather_etl_pipeline to 2026-06-17 00:00:00+00:00, run_after=2026-06-18 00:00:00+00:00
[2026-06-18T10:22:00.429+0000] {processor.py:183} INFO - Processing /opt/airflow/dags/weather_etl_dag.py took 0.118 seconds
[2026-06-18T10:22:11.442+0000] {processor.py:161} INFO - Started process (PID=1004) to work on /opt/airflow/dags/weather_etl_dag.py
[2026-06-18T10:22:11.447+0000] {processor.py:830} INFO - Processing file /opt/airflow/dags/weather_etl_dag.py for tasks to queue
[2026-06-18T10:22:11.457+0000] {logging_mixin.py:188} INFO - [2026-06-18T10:22:11.457+0000] {dagbag.py:545} INFO - Filling up the DagBag from /opt/airflow/dags/weather_etl_dag.py
[2026-06-18T10:22:11.484+0000] {processor.py:840} INFO - DAG(s) 'weather_etl_pipeline' retrieved from /opt/airflow/dags/weather_etl_dag.py
[2026-06-18T10:22:11.519+0000] {logging_mixin.py:188} INFO - [2026-06-18T10:22:11.519+0000] {dag.py:3096} INFO - Sync 1 DAGs
[2026-06-18T10:22:11.547+0000] {logging_mixin.py:188} INFO - [2026-06-18T10:22:11.547+0000] {dag.py:3954} INFO - Setting next_dagrun for weather_etl_pipeline to 2026-06-17 00:00:00+00:00, run_after=2026-06-18 00:00:00+00:00
[2026-06-18T10:22:11.571+0000] {processor.py:183} INFO - Processing /opt/airflow/dags/weather_etl_dag.py took 0.136 seconds
[2026-06-18T10:22:21.672+0000] {processor.py:161} INFO - Started process (PID=1009) to work on /opt/airflow/dags/weather_etl_dag.py
[2026-06-18T10:22:21.673+0000] {processor.py:830} INFO - Processing file /opt/airflow/dags/weather_etl_dag.py for tasks to queue
[2026-06-18T10:22:21.676+0000] {logging_mixin.py:188} INFO - [2026-06-18T10:22:21.676+0000] {dagbag.py:545} INFO - Filling up the DagBag from /opt/airflow/dags/weather_etl_dag.py
[2026-06-18T10:22:21.700+0000] {processor.py:840} INFO - DAG(s) 'weather_etl_pipeline' retrieved from /opt/airflow/dags/weather_etl_dag.py
[2026-06-18T10:22:21.736+0000] {logging_mixin.py:188} INFO - [2026-06-18T10:22:21.736+0000] {dag.py:3096} INFO - Sync 1 DAGs
[2026-06-18T10:22:21.765+0000] {logging_mixin.py:188} INFO - [2026-06-18T10:22:21.765+0000] {dag.py:3954} INFO - Setting next_dagrun for weather_etl_pipeline to 2026-06-17 00:00:00+00:00, run_after=2026-06-18 00:00:00+00:00
[2026-06-18T10:22:21.790+0000] {processor.py:183} INFO - Processing /opt/airflow/dags/weather_etl_dag.py took 0.125 seconds
[2026-06-18T10:22:31.932+0000] {processor.py:161} INFO - Started process (PID=1014) to work on /opt/airflow/dags/weather_etl_dag.py
[2026-06-18T10:22:31.934+0000] {processor.py:830} INFO - Processing file /opt/airflow/dags/weather_etl_dag.py for tasks to queue
[2026-06-18T10:22:31.937+0000] {logging_mixin.py:188} INFO - [2026-06-18T10:22:31.936+0000] {dagbag.py:545} INFO - Filling up the DagBag from /opt/airflow/dags/weather_etl_dag.py
[2026-06-18T10:22:31.964+0000] {processor.py:840} INFO - DAG(s) 'weather_etl_pipeline' retrieved from /opt/airflow/dags/weather_etl_dag.py
[2026-06-18T10:22:31.999+0000] {logging_mixin.py:188} INFO - [2026-06-18T10:22:31.999+0000] {dag.py:3096} INFO - Sync 1 DAGs
[2026-06-18T10:22:32.028+0000] {logging_mixin.py:188} INFO - [2026-06-18T10:22:32.028+0000] {dag.py:3954} INFO - Setting next_dagrun for weather_etl_pipeline to 2026-06-17 00:00:00+00:00, run_after=2026-06-18 00:00:00+00:00
[2026-06-18T10:22:32.054+0000] {processor.py:183} INFO - Processing /opt/airflow/dags/weather_etl_dag.py took 0.129 seconds
[2026-06-18T10:22:42.787+0000] {processor.py:161} INFO - Started process (PID=1019) to work on /opt/airflow/dags/weather_etl_dag.py
[2026-06-18T10:22:42.789+0000] {processor.py:830} INFO - Processing file /opt/airflow/dags/weather_etl_dag.py for tasks to queue
[2026-06-18T10:22:42.791+0000] {logging_mixin.py:188} INFO - [2026-06-18T10:22:42.791+0000] {dagbag.py:545} INFO - Filling up the DagBag from /opt/airflow/dags/weather_etl_dag.py
[2026-06-18T10:22:42.813+0000] {processor.py:840} INFO - DAG(s) 'weather_etl_pipeline' retrieved from /opt/airflow/dags/weather_etl_dag.py
[2026-06-18T10:22:42.842+0000] {logging_mixin.py:188} INFO - [2026-06-18T10:22:42.842+0000] {dag.py:3096} INFO - Sync 1 DAGs
[2026-06-18T10:22:42.870+0000] {logging_mixin.py:188} INFO - [2026-06-18T10:22:42.870+0000] {dag.py:3954} INFO - Setting next_dagrun for weather_etl_pipeline to 2026-06-17 00:00:00+00:00, run_after=2026-06-18 00:00:00+00:00
[2026-06-18T10:22:42.894+0000] {processor.py:183} INFO - Processing /opt/airflow/dags/weather_etl_dag.py took 0.113 seconds
[2026-06-18T10:22:53.042+0000] {processor.py:161} INFO - Started process (PID=1024) to work on /opt/airflow/dags/weather_etl_dag.py
[2026-06-18T10:22:53.043+0000] {processor.py:830} INFO - Processing file /opt/airflow/dags/weather_etl_dag.py for tasks to queue
[2026-06-18T10:22:53.046+0000] {logging_mixin.py:188} INFO - [2026-06-18T10:22:53.046+0000] {dagbag.py:545} INFO - Filling up the DagBag from /opt/airflow/dags/weather_etl_dag.py
[2026-06-18T10:22:53.069+0000] {processor.py:840} INFO - DAG(s) 'weather_etl_pipeline' retrieved from /opt/airflow/dags/weather_etl_dag.py
[2026-06-18T10:22:53.102+0000] {logging_mixin.py:188} INFO - [2026-06-18T10:22:53.102+0000] {dag.py:3096} INFO - Sync 1 DAGs
[2026-06-18T10:22:53.130+0000] {logging_mixin.py:188} INFO - [2026-06-18T10:22:53.130+0000] {dag.py:3954} INFO - Setting next_dagrun for weather_etl_pipeline to 2026-06-17 00:00:00+00:00, run_after=2026-06-18 00:00:00+00:00
[2026-06-18T10:22:53.157+0000] {processor.py:183} INFO - Processing /opt/airflow/dags/weather_etl_dag.py took 0.137 seconds
[2026-06-18T10:23:03.292+0000] {processor.py:161} INFO - Started process (PID=1029) to work on /opt/airflow/dags/weather_etl_dag.py
[2026-06-18T10:23:03.294+0000] {processor.py:830} INFO - Processing file /opt/airflow/dags/weather_etl_dag.py for tasks to queue
[2026-06-18T10:23:03.297+0000] {logging_mixin.py:188} INFO - [2026-06-18T10:23:03.296+0000] {dagbag.py:545} INFO - Filling up the DagBag from /opt/airflow/dags/weather_etl_dag.py
[2026-06-18T10:23:03.323+0000] {processor.py:840} INFO - DAG(s) 'weather_etl_pipeline' retrieved from /opt/airflow/dags/weather_etl_dag.py
[2026-06-18T10:23:03.364+0000] {logging_mixin.py:188} INFO - [2026-06-18T10:23:03.364+0000] {dag.py:3096} INFO - Sync 1 DAGs
[2026-06-18T10:23:03.395+0000] {logging_mixin.py:188} INFO - [2026-06-18T10:23:03.395+0000] {dag.py:3954} INFO - Setting next_dagrun for weather_etl_pipeline to 2026-06-17 00:00:00+00:00, run_after=2026-06-18 00:00:00+00:00
[2026-06-18T10:23:03.425+0000] {processor.py:183} INFO - Processing /opt/airflow/dags/weather_etl_dag.py took 0.140 seconds
[2026-06-18T10:23:13.953+0000] {processor.py:161} INFO - Started process (PID=1034) to work on /opt/airflow/dags/weather_etl_dag.py
[2026-06-18T10:23:13.955+0000] {processor.py:830} INFO - Processing file /opt/airflow/dags/weather_etl_dag.py for tasks to queue
[2026-06-18T10:23:13.957+0000] {logging_mixin.py:188} INFO - [2026-06-18T10:23:13.957+0000] {dagbag.py:545} INFO - Filling up the DagBag from /opt/airflow/dags/weather_etl_dag.py
[2026-06-18T10:23:13.982+0000] {processor.py:840} INFO - DAG(s) 'weather_etl_pipeline' retrieved from /opt/airflow/dags/weather_etl_dag.py
[2026-06-18T10:23:14.007+0000] {logging_mixin.py:188} INFO - [2026-06-18T10:23:14.007+0000] {dag.py:3096} INFO - Sync 1 DAGs
[2026-06-18T10:23:14.031+0000] {logging_mixin.py:188} INFO - [2026-06-18T10:23:14.030+0000] {dag.py:3954} INFO - Setting next_dagrun for weather_etl_pipeline to 2026-06-17 00:00:00+00:00, run_after=2026-06-18 00:00:00+00:00
[2026-06-18T10:23:14.051+0000] {processor.py:183} INFO - Processing /opt/airflow/dags/weather_etl_dag.py took 0.105 seconds
[2026-06-18T10:23:24.162+0000] {processor.py:161} INFO - Started process (PID=1039) to work on /opt/airflow/dags/weather_etl_dag.py
[2026-06-18T10:23:24.163+0000] {processor.py:830} INFO - Processing file /opt/airflow/dags/weather_etl_dag.py for tasks to queue
[2026-06-18T10:23:24.165+0000] {logging_mixin.py:188} INFO - [2026-06-18T10:23:24.165+0000] {dagbag.py:545} INFO - Filling up the DagBag from /opt/airflow/dags/weather_etl_dag.py
[2026-06-18T10:23:24.186+0000] {processor.py:840} INFO - DAG(s) 'weather_etl_pipeline' retrieved from /opt/airflow/dags/weather_etl_dag.py
[2026-06-18T10:23:24.214+0000] {logging_mixin.py:188} INFO - [2026-06-18T10:23:24.214+0000] {dag.py:3096} INFO - Sync 1 DAGs
[2026-06-18T10:23:24.243+0000] {logging_mixin.py:188} INFO - [2026-06-18T10:23:24.243+0000] {dag.py:3954} INFO - Setting next_dagrun for weather_etl_pipeline to 2026-06-17 00:00:00+00:00, run_after=2026-06-18 00:00:00+00:00
[2026-06-18T10:23:24.267+0000] {processor.py:183} INFO - Processing /opt/airflow/dags/weather_etl_dag.py took 0.112 seconds
[2026-06-18T10:23:34.422+0000] {processor.py:161} INFO - Started process (PID=1044) to work on /opt/airflow/dags/weather_etl_dag.py
[2026-06-18T10:23:34.423+0000] {processor.py:830} INFO - Processing file /opt/airflow/dags/weather_etl_dag.py for tasks to queue
[2026-06-18T10:23:34.426+0000] {logging_mixin.py:188} INFO - [2026-06-18T10:23:34.426+0000] {dagbag.py:545} INFO - Filling up the DagBag from /opt/airflow/dags/weather_etl_dag.py
[2026-06-18T10:23:34.451+0000] {processor.py:840} INFO - DAG(s) 'weather_etl_pipeline' retrieved from /opt/airflow/dags/weather_etl_dag.py
[2026-06-18T10:23:34.484+0000] {logging_mixin.py:188} INFO - [2026-06-18T10:23:34.484+0000] {dag.py:3096} INFO - Sync 1 DAGs
[2026-06-18T10:23:34.511+0000] {logging_mixin.py:188} INFO - [2026-06-18T10:23:34.511+0000] {dag.py:3954} INFO - Setting next_dagrun for weather_etl_pipeline to 2026-06-17 00:00:00+00:00, run_after=2026-06-18 00:00:00+00:00
[2026-06-18T10:23:34.533+0000] {processor.py:183} INFO - Processing /opt/airflow/dags/weather_etl_dag.py took 0.118 seconds
[2026-06-18T10:23:45.216+0000] {processor.py:161} INFO - Started process (PID=1049) to work on /opt/airflow/dags/weather_etl_dag.py
[2026-06-18T10:23:45.217+0000] {processor.py:830} INFO - Processing file /opt/airflow/dags/weather_etl_dag.py for tasks to queue
[2026-06-18T10:23:45.222+0000] {logging_mixin.py:188} INFO - [2026-06-18T10:23:45.221+0000] {dagbag.py:545} INFO - Filling up the DagBag from /opt/airflow/dags/weather_etl_dag.py
[2026-06-18T10:23:45.257+0000] {processor.py:840} INFO - DAG(s) 'weather_etl_pipeline' retrieved from /opt/airflow/dags/weather_etl_dag.py
[2026-06-18T10:23:45.361+0000] {logging_mixin.py:188} INFO - [2026-06-18T10:23:45.360+0000] {dag.py:3096} INFO - Sync 1 DAGs
[2026-06-18T10:23:45.392+0000] {logging_mixin.py:188} INFO - [2026-06-18T10:23:45.392+0000] {dag.py:3954} INFO - Setting next_dagrun for weather_etl_pipeline to 2026-06-17 00:00:00+00:00, run_after=2026-06-18 00:00:00+00:00
[2026-06-18T10:23:45.416+0000] {processor.py:183} INFO - Processing /opt/airflow/dags/weather_etl_dag.py took 0.207 seconds
[2026-06-18T10:23:55.576+0000] {processor.py:161} INFO - Started process (PID=1054) to work on /opt/airflow/dags/weather_etl_dag.py
[2026-06-18T10:23:55.578+0000] {processor.py:830} INFO - Processing file /opt/airflow/dags/weather_etl_dag.py for tasks to queue
[2026-06-18T10:23:55.581+0000] {logging_mixin.py:188} INFO - [2026-06-18T10:23:55.581+0000] {dagbag.py:545} INFO - Filling up the DagBag from /opt/airflow/dags/weather_etl_dag.py
[2026-06-18T10:23:55.606+0000] {processor.py:840} INFO - DAG(s) 'weather_etl_pipeline' retrieved from /opt/airflow/dags/weather_etl_dag.py
[2026-06-18T10:23:55.635+0000] {logging_mixin.py:188} INFO - [2026-06-18T10:23:55.635+0000] {dag.py:3096} INFO - Sync 1 DAGs
[2026-06-18T10:23:55.659+0000] {logging_mixin.py:188} INFO - [2026-06-18T10:23:55.659+0000] {dag.py:3954} INFO - Setting next_dagrun for weather_etl_pipeline to 2026-06-17 00:00:00+00:00, run_after=2026-06-18 00:00:00+00:00
[2026-06-18T10:23:55.683+0000] {processor.py:183} INFO - Processing /opt/airflow/dags/weather_etl_dag.py took 0.115 seconds
[2026-06-18T10:24:05.779+0000] {processor.py:161} INFO - Started process (PID=1059) to work on /opt/airflow/dags/weather_etl_dag.py
[2026-06-18T10:24:05.780+0000] {processor.py:830} INFO - Processing file /opt/airflow/dags/weather_etl_dag.py for tasks to queue
[2026-06-18T10:24:05.783+0000] {logging_mixin.py:188} INFO - [2026-06-18T10:24:05.782+0000] {dagbag.py:545} INFO - Filling up the DagBag from /opt/airflow/dags/weather_etl_dag.py
[2026-06-18T10:24:05.805+0000] {processor.py:840} INFO - DAG(s) 'weather_etl_pipeline' retrieved from /opt/airflow/dags/weather_etl_dag.py
[2026-06-18T10:24:05.838+0000] {logging_mixin.py:188} INFO - [2026-06-18T10:24:05.838+0000] {dag.py:3096} INFO - Sync 1 DAGs
[2026-06-18T10:24:05.864+0000] {logging_mixin.py:188} INFO - [2026-06-18T10:24:05.864+0000] {dag.py:3954} INFO - Setting next_dagrun for weather_etl_pipeline to 2026-06-17 00:00:00+00:00, run_after=2026-06-18 00:00:00+00:00
[2026-06-18T10:24:05.887+0000] {processor.py:183} INFO - Processing /opt/airflow/dags/weather_etl_dag.py took 0.115 seconds
[2026-06-18T10:24:17.587+0000] {processor.py:161} INFO - Started process (PID=1064) to work on /opt/airflow/dags/weather_etl_dag.py
[2026-06-18T10:24:17.589+0000] {processor.py:830} INFO - Processing file /opt/airflow/dags/weather_etl_dag.py for tasks to queue
[2026-06-18T10:24:17.591+0000] {logging_mixin.py:188} INFO - [2026-06-18T10:24:17.591+0000] {dagbag.py:545} INFO - Filling up the DagBag from /opt/airflow/dags/weather_etl_dag.py
[2026-06-18T10:24:17.611+0000] {processor.py:840} INFO - DAG(s) 'weather_etl_pipeline' retrieved from /opt/airflow/dags/weather_etl_dag.py
[2026-06-18T10:24:17.641+0000] {logging_mixin.py:188} INFO - [2026-06-18T10:24:17.641+0000] {dag.py:3096} INFO - Sync 1 DAGs
[2026-06-18T10:24:17.665+0000] {logging_mixin.py:188} INFO - [2026-06-18T10:24:17.665+0000] {dag.py:3954} INFO - Setting next_dagrun for weather_etl_pipeline to 2026-06-17 00:00:00+00:00, run_after=2026-06-18 00:00:00+00:00
[2026-06-18T10:24:17.692+0000] {processor.py:183} INFO - Processing /opt/airflow/dags/weather_etl_dag.py took 0.111 seconds
[2026-06-18T10:24:27.832+0000] {processor.py:161} INFO - Started process (PID=1069) to work on /opt/airflow/dags/weather_etl_dag.py
[2026-06-18T10:24:27.834+0000] {processor.py:830} INFO - Processing file /opt/airflow/dags/weather_etl_dag.py for tasks to queue
[2026-06-18T10:24:27.837+0000] {logging_mixin.py:188} INFO - [2026-06-18T10:24:27.836+0000] {dagbag.py:545} INFO - Filling up the DagBag from /opt/airflow/dags/weather_etl_dag.py
[2026-06-18T10:24:27.860+0000] {processor.py:840} INFO - DAG(s) 'weather_etl_pipeline' retrieved from /opt/airflow/dags/weather_etl_dag.py
[2026-06-18T10:24:27.892+0000] {logging_mixin.py:188} INFO - [2026-06-18T10:24:27.892+0000] {dag.py:3096} INFO - Sync 1 DAGs
[2026-06-18T10:24:27.917+0000] {logging_mixin.py:188} INFO - [2026-06-18T10:24:27.916+0000] {dag.py:3954} INFO - Setting next_dagrun for weather_etl_pipeline to 2026-06-17 00:00:00+00:00, run_after=2026-06-18 00:00:00+00:00
[2026-06-18T10:24:27.938+0000] {processor.py:183} INFO - Processing /opt/airflow/dags/weather_etl_dag.py took 0.114 seconds
[2026-06-18T10:24:38.042+0000] {processor.py:161} INFO - Started process (PID=1074) to work on /opt/airflow/dags/weather_etl_dag.py
[2026-06-18T10:24:38.043+0000] {processor.py:830} INFO - Processing file /opt/airflow/dags/weather_etl_dag.py for tasks to queue
[2026-06-18T10:24:38.046+0000] {logging_mixin.py:188} INFO - [2026-06-18T10:24:38.045+0000] {dagbag.py:545} INFO - Filling up the DagBag from /opt/airflow/dags/weather_etl_dag.py
[2026-06-18T10:24:38.067+0000] {processor.py:840} INFO - DAG(s) 'weather_etl_pipeline' retrieved from /opt/airflow/dags/weather_etl_dag.py
[2026-06-18T10:24:38.097+0000] {logging_mixin.py:188} INFO - [2026-06-18T10:24:38.097+0000] {dag.py:3096} INFO - Sync 1 DAGs
[2026-06-18T10:24:38.129+0000] {logging_mixin.py:188} INFO - [2026-06-18T10:24:38.128+0000] {dag.py:3954} INFO - Setting next_dagrun for weather_etl_pipeline to 2026-06-17 00:00:00+00:00, run_after=2026-06-18 00:00:00+00:00
[2026-06-18T10:24:38.168+0000] {processor.py:183} INFO - Processing /opt/airflow/dags/weather_etl_dag.py took 0.131 seconds
[2026-06-18T10:24:50.835+0000] {processor.py:161} INFO - Started process (PID=1079) to work on /opt/airflow/dags/weather_etl_dag.py
[2026-06-18T10:24:50.837+0000] {processor.py:830} INFO - Processing file /opt/airflow/dags/weather_etl_dag.py for tasks to queue
[2026-06-18T10:24:50.840+0000] {logging_mixin.py:188} INFO - [2026-06-18T10:24:50.839+0000] {dagbag.py:545} INFO - Filling up the DagBag from /opt/airflow/dags/weather_etl_dag.py
[2026-06-18T10:24:50.866+0000] {processor.py:840} INFO - DAG(s) 'weather_etl_pipeline' retrieved from /opt/airflow/dags/weather_etl_dag.py
[2026-06-18T10:24:50.900+0000] {logging_mixin.py:188} INFO - [2026-06-18T10:24:50.899+0000] {dag.py:3096} INFO - Sync 1 DAGs
[2026-06-18T10:24:50.935+0000] {logging_mixin.py:188} INFO - [2026-06-18T10:24:50.935+0000] {dag.py:3954} INFO - Setting next_dagrun for weather_etl_pipeline to 2026-06-17 00:00:00+00:00, run_after=2026-06-18 00:00:00+00:00
[2026-06-18T10:24:50.963+0000] {processor.py:183} INFO - Processing /opt/airflow/dags/weather_etl_dag.py took 0.136 seconds
[2026-06-18T10:25:01.086+0000] {processor.py:161} INFO - Started process (PID=1084) to work on /opt/airflow/dags/weather_etl_dag.py
[2026-06-18T10:25:01.088+0000] {processor.py:830} INFO - Processing file /opt/airflow/dags/weather_etl_dag.py for tasks to queue
[2026-06-18T10:25:01.091+0000] {logging_mixin.py:188} INFO - [2026-06-18T10:25:01.090+0000] {dagbag.py:545} INFO - Filling up the DagBag from /opt/airflow/dags/weather_etl_dag.py
[2026-06-18T10:25:01.117+0000] {processor.py:840} INFO - DAG(s) 'weather_etl_pipeline' retrieved from /opt/airflow/dags/weather_etl_dag.py
[2026-06-18T10:25:01.149+0000] {logging_mixin.py:188} INFO - [2026-06-18T10:25:01.149+0000] {dag.py:3096} INFO - Sync 1 DAGs
[2026-06-18T10:25:01.181+0000] {logging_mixin.py:188} INFO - [2026-06-18T10:25:01.181+0000] {dag.py:3954} INFO - Setting next_dagrun for weather_etl_pipeline to 2026-06-17 00:00:00+00:00, run_after=2026-06-18 00:00:00+00:00
[2026-06-18T10:25:01.231+0000] {processor.py:183} INFO - Processing /opt/airflow/dags/weather_etl_dag.py took 0.151 seconds
[2026-06-18T10:25:11.338+0000] {processor.py:161} INFO - Started process (PID=1089) to work on /opt/airflow/dags/weather_etl_dag.py
[2026-06-18T10:25:11.341+0000] {processor.py:830} INFO - Processing file /opt/airflow/dags/weather_etl_dag.py for tasks to queue
[2026-06-18T10:25:11.344+0000] {logging_mixin.py:188} INFO - [2026-06-18T10:25:11.343+0000] {dagbag.py:545} INFO - Filling up the DagBag from /opt/airflow/dags/weather_etl_dag.py
[2026-06-18T10:25:11.375+0000] {processor.py:840} INFO - DAG(s) 'weather_etl_pipeline' retrieved from /opt/airflow/dags/weather_etl_dag.py
[2026-06-18T10:25:11.412+0000] {logging_mixin.py:188} INFO - [2026-06-18T10:25:11.412+0000] {dag.py:3096} INFO - Sync 1 DAGs
[2026-06-18T10:25:11.446+0000] {logging_mixin.py:188} INFO - [2026-06-18T10:25:11.445+0000] {dag.py:3954} INFO - Setting next_dagrun for weather_etl_pipeline to 2026-06-17 00:00:00+00:00, run_after=2026-06-18 00:00:00+00:00
[2026-06-18T10:25:11.472+0000] {processor.py:183} INFO - Processing /opt/airflow/dags/weather_etl_dag.py took 0.141 seconds
[2026-06-18T10:25:22.014+0000] {processor.py:161} INFO - Started process (PID=1094) to work on /opt/airflow/dags/weather_etl_dag.py
[2026-06-18T10:25:22.015+0000] {processor.py:830} INFO - Processing file /opt/airflow/dags/weather_etl_dag.py for tasks to queue
[2026-06-18T10:25:22.019+0000] {logging_mixin.py:188} INFO - [2026-06-18T10:25:22.018+0000] {dagbag.py:545} INFO - Filling up the DagBag from /opt/airflow/dags/weather_etl_dag.py
[2026-06-18T10:25:22.048+0000] {processor.py:840} INFO - DAG(s) 'weather_etl_pipeline' retrieved from /opt/airflow/dags/weather_etl_dag.py
[2026-06-18T10:25:22.083+0000] {logging_mixin.py:188} INFO - [2026-06-18T10:25:22.083+0000] {dag.py:3096} INFO - Sync 1 DAGs
[2026-06-18T10:25:22.111+0000] {logging_mixin.py:188} INFO - [2026-06-18T10:25:22.111+0000] {dag.py:3954} INFO - Setting next_dagrun for weather_etl_pipeline to 2026-06-17 00:00:00+00:00, run_after=2026-06-18 00:00:00+00:00
[2026-06-18T10:25:22.134+0000] {processor.py:183} INFO - Processing /opt/airflow/dags/weather_etl_dag.py took 0.128 seconds
[2026-06-18T10:25:32.322+0000] {processor.py:161} INFO - Started process (PID=1099) to work on /opt/airflow/dags/weather_etl_dag.py
[2026-06-18T10:25:32.329+0000] {processor.py:830} INFO - Processing file /opt/airflow/dags/weather_etl_dag.py for tasks to queue
[2026-06-18T10:25:32.332+0000] {logging_mixin.py:188} INFO - [2026-06-18T10:25:32.332+0000] {dagbag.py:545} INFO - Filling up the DagBag from /opt/airflow/dags/weather_etl_dag.py
[2026-06-18T10:25:32.364+0000] {processor.py:840} INFO - DAG(s) 'weather_etl_pipeline' retrieved from /opt/airflow/dags/weather_etl_dag.py
[2026-06-18T10:25:32.401+0000] {logging_mixin.py:188} INFO - [2026-06-18T10:25:32.400+0000] {dag.py:3096} INFO - Sync 1 DAGs
[2026-06-18T10:25:32.432+0000] {logging_mixin.py:188} INFO - [2026-06-18T10:25:32.432+0000] {dag.py:3954} INFO - Setting next_dagrun for weather_etl_pipeline to 2026-06-17 00:00:00+00:00, run_after=2026-06-18 00:00:00+00:00
[2026-06-18T10:25:32.458+0000] {processor.py:183} INFO - Processing /opt/airflow/dags/weather_etl_dag.py took 0.177 seconds
[2026-06-18T10:25:42.565+0000] {processor.py:161} INFO - Started process (PID=1104) to work on /opt/airflow/dags/weather_etl_dag.py
[2026-06-18T10:25:42.566+0000] {processor.py:830} INFO - Processing file /opt/airflow/dags/weather_etl_dag.py for tasks to queue
[2026-06-18T10:25:42.569+0000] {logging_mixin.py:188} INFO - [2026-06-18T10:25:42.568+0000] {dagbag.py:545} INFO - Filling up the DagBag from /opt/airflow/dags/weather_etl_dag.py
[2026-06-18T10:25:42.592+0000] {processor.py:840} INFO - DAG(s) 'weather_etl_pipeline' retrieved from /opt/airflow/dags/weather_etl_dag.py
[2026-06-18T10:25:42.623+0000] {logging_mixin.py:188} INFO - [2026-06-18T10:25:42.623+0000] {dag.py:3096} INFO - Sync 1 DAGs
[2026-06-18T10:25:42.650+0000] {logging_mixin.py:188} INFO - [2026-06-18T10:25:42.649+0000] {dag.py:3954} INFO - Setting next_dagrun for weather_etl_pipeline to 2026-06-17 00:00:00+00:00, run_after=2026-06-18 00:00:00+00:00
[2026-06-18T10:25:42.671+0000] {processor.py:183} INFO - Processing /opt/airflow/dags/weather_etl_dag.py took 0.113 seconds
[2026-06-18T10:25:52.779+0000] {processor.py:161} INFO - Started process (PID=1109) to work on /opt/airflow/dags/weather_etl_dag.py
[2026-06-18T10:25:52.781+0000] {processor.py:830} INFO - Processing file /opt/airflow/dags/weather_etl_dag.py for tasks to queue
[2026-06-18T10:25:52.783+0000] {logging_mixin.py:188} INFO - [2026-06-18T10:25:52.783+0000] {dagbag.py:545} INFO - Filling up the DagBag from /opt/airflow/dags/weather_etl_dag.py
[2026-06-18T10:25:52.806+0000] {processor.py:840} INFO - DAG(s) 'weather_etl_pipeline' retrieved from /opt/airflow/dags/weather_etl_dag.py
[2026-06-18T10:25:52.837+0000] {logging_mixin.py:188} INFO - [2026-06-18T10:25:52.836+0000] {dag.py:3096} INFO - Sync 1 DAGs
[2026-06-18T10:25:52.862+0000] {logging_mixin.py:188} INFO - [2026-06-18T10:25:52.862+0000] {dag.py:3954} INFO - Setting next_dagrun for weather_etl_pipeline to 2026-06-17 00:00:00+00:00, run_after=2026-06-18 00:00:00+00:00
[2026-06-18T10:25:52.886+0000] {processor.py:183} INFO - Processing /opt/airflow/dags/weather_etl_dag.py took 0.113 seconds
[2026-06-18T10:26:02.951+0000] {processor.py:161} INFO - Started process (PID=1114) to work on /opt/airflow/dags/weather_etl_dag.py
[2026-06-18T10:26:02.952+0000] {processor.py:830} INFO - Processing file /opt/airflow/dags/weather_etl_dag.py for tasks to queue
[2026-06-18T10:26:02.955+0000] {logging_mixin.py:188} INFO - [2026-06-18T10:26:02.955+0000] {dagbag.py:545} INFO - Filling up the DagBag from /opt/airflow/dags/weather_etl_dag.py
[2026-06-18T10:26:02.981+0000] {processor.py:840} INFO - DAG(s) 'weather_etl_pipeline' retrieved from /opt/airflow/dags/weather_etl_dag.py
[2026-06-18T10:26:03.016+0000] {logging_mixin.py:188} INFO - [2026-06-18T10:26:03.016+0000] {dag.py:3096} INFO - Sync 1 DAGs
[2026-06-18T10:26:03.048+0000] {logging_mixin.py:188} INFO - [2026-06-18T10:26:03.048+0000] {dag.py:3954} INFO - Setting next_dagrun for weather_etl_pipeline to 2026-06-17 00:00:00+00:00, run_after=2026-06-18 00:00:00+00:00
[2026-06-18T10:26:03.070+0000] {processor.py:183} INFO - Processing /opt/airflow/dags/weather_etl_dag.py took 0.126 seconds
[2026-06-18T10:26:13.177+0000] {processor.py:161} INFO - Started process (PID=1119) to work on /opt/airflow/dags/weather_etl_dag.py
[2026-06-18T10:26:13.178+0000] {processor.py:830} INFO - Processing file /opt/airflow/dags/weather_etl_dag.py for tasks to queue
[2026-06-18T10:26:13.181+0000] {logging_mixin.py:188} INFO - [2026-06-18T10:26:13.180+0000] {dagbag.py:545} INFO - Filling up the DagBag from /opt/airflow/dags/weather_etl_dag.py
[2026-06-18T10:26:13.204+0000] {processor.py:840} INFO - DAG(s) 'weather_etl_pipeline' retrieved from /opt/airflow/dags/weather_etl_dag.py
[2026-06-18T10:26:13.234+0000] {logging_mixin.py:188} INFO - [2026-06-18T10:26:13.234+0000] {dag.py:3096} INFO - Sync 1 DAGs
[2026-06-18T10:26:13.259+0000] {logging_mixin.py:188} INFO - [2026-06-18T10:26:13.259+0000] {dag.py:3954} INFO - Setting next_dagrun for weather_etl_pipeline to 2026-06-17 00:00:00+00:00, run_after=2026-06-18 00:00:00+00:00
[2026-06-18T10:26:13.288+0000] {processor.py:183} INFO - Processing /opt/airflow/dags/weather_etl_dag.py took 0.117 seconds
[2026-06-18T10:26:24.186+0000] {processor.py:161} INFO - Started process (PID=1124) to work on /opt/airflow/dags/weather_etl_dag.py
[2026-06-18T10:26:24.187+0000] {processor.py:830} INFO - Processing file /opt/airflow/dags/weather_etl_dag.py for tasks to queue
[2026-06-18T10:26:24.190+0000] {logging_mixin.py:188} INFO - [2026-06-18T10:26:24.189+0000] {dagbag.py:545} INFO - Filling up the DagBag from /opt/airflow/dags/weather_etl_dag.py
[2026-06-18T10:26:24.217+0000] {processor.py:840} INFO - DAG(s) 'weather_etl_pipeline' retrieved from /opt/airflow/dags/weather_etl_dag.py
[2026-06-18T10:26:24.248+0000] {logging_mixin.py:188} INFO - [2026-06-18T10:26:24.247+0000] {dag.py:3096} INFO - Sync 1 DAGs
[2026-06-18T10:26:24.272+0000] {logging_mixin.py:188} INFO - [2026-06-18T10:26:24.272+0000] {dag.py:3954} INFO - Setting next_dagrun for weather_etl_pipeline to 2026-06-17 00:00:00+00:00, run_after=2026-06-18 00:00:00+00:00
[2026-06-18T10:26:24.296+0000] {processor.py:183} INFO - Processing /opt/airflow/dags/weather_etl_dag.py took 0.117 seconds
[2026-06-18T10:26:34.399+0000] {processor.py:161} INFO - Started process (PID=1129) to work on /opt/airflow/dags/weather_etl_dag.py
[2026-06-18T10:26:34.400+0000] {processor.py:830} INFO - Processing file /opt/airflow/dags/weather_etl_dag.py for tasks to queue
[2026-06-18T10:26:34.403+0000] {logging_mixin.py:188} INFO - [2026-06-18T10:26:34.403+0000] {dagbag.py:545} INFO - Filling up the DagBag from /opt/airflow/dags/weather_etl_dag.py
[2026-06-18T10:26:34.427+0000] {processor.py:840} INFO - DAG(s) 'weather_etl_pipeline' retrieved from /opt/airflow/dags/weather_etl_dag.py
[2026-06-18T10:26:34.456+0000] {logging_mixin.py:188} INFO - [2026-06-18T10:26:34.456+0000] {dag.py:3096} INFO - Sync 1 DAGs
[2026-06-18T10:26:34.483+0000] {logging_mixin.py:188} INFO - [2026-06-18T10:26:34.483+0000] {dag.py:3954} INFO - Setting next_dagrun for weather_etl_pipeline to 2026-06-17 00:00:00+00:00, run_after=2026-06-18 00:00:00+00:00
[2026-06-18T10:26:34.507+0000] {processor.py:183} INFO - Processing /opt/airflow/dags/weather_etl_dag.py took 0.114 seconds
[2026-06-18T10:26:44.609+0000] {processor.py:161} INFO - Started process (PID=1134) to work on /opt/airflow/dags/weather_etl_dag.py
[2026-06-18T10:26:44.611+0000] {processor.py:830} INFO - Processing file /opt/airflow/dags/weather_etl_dag.py for tasks to queue
[2026-06-18T10:26:44.613+0000] {logging_mixin.py:188} INFO - [2026-06-18T10:26:44.613+0000] {dagbag.py:545} INFO - Filling up the DagBag from /opt/airflow/dags/weather_etl_dag.py
[2026-06-18T10:26:44.635+0000] {processor.py:840} INFO - DAG(s) 'weather_etl_pipeline' retrieved from /opt/airflow/dags/weather_etl_dag.py
[2026-06-18T10:26:44.663+0000] {logging_mixin.py:188} INFO - [2026-06-18T10:26:44.663+0000] {dag.py:3096} INFO - Sync 1 DAGs
[2026-06-18T10:26:44.689+0000] {logging_mixin.py:188} INFO - [2026-06-18T10:26:44.688+0000] {dag.py:3954} INFO - Setting next_dagrun for weather_etl_pipeline to 2026-06-17 00:00:00+00:00, run_after=2026-06-18 00:00:00+00:00
[2026-06-18T10:26:44.711+0000] {processor.py:183} INFO - Processing /opt/airflow/dags/weather_etl_dag.py took 0.108 seconds
[2026-06-18T10:26:55.526+0000] {processor.py:161} INFO - Started process (PID=1139) to work on /opt/airflow/dags/weather_etl_dag.py
[2026-06-18T10:26:55.527+0000] {processor.py:830} INFO - Processing file /opt/airflow/dags/weather_etl_dag.py for tasks to queue
[2026-06-18T10:26:55.531+0000] {logging_mixin.py:188} INFO - [2026-06-18T10:26:55.530+0000] {dagbag.py:545} INFO - Filling up the DagBag from /opt/airflow/dags/weather_etl_dag.py
[2026-06-18T10:26:55.556+0000] {processor.py:840} INFO - DAG(s) 'weather_etl_pipeline' retrieved from /opt/airflow/dags/weather_etl_dag.py
[2026-06-18T10:26:55.588+0000] {logging_mixin.py:188} INFO - [2026-06-18T10:26:55.588+0000] {dag.py:3096} INFO - Sync 1 DAGs
[2026-06-18T10:26:55.619+0000] {logging_mixin.py:188} INFO - [2026-06-18T10:26:55.619+0000] {dag.py:3954} INFO - Setting next_dagrun for weather_etl_pipeline to 2026-06-17 00:00:00+00:00, run_after=2026-06-18 00:00:00+00:00
[2026-06-18T10:26:55.646+0000] {processor.py:183} INFO - Processing /opt/airflow/dags/weather_etl_dag.py took 0.126 seconds
[2026-06-18T10:27:05.806+0000] {processor.py:161} INFO - Started process (PID=1144) to work on /opt/airflow/dags/weather_etl_dag.py
[2026-06-18T10:27:05.809+0000] {processor.py:830} INFO - Processing file /opt/airflow/dags/weather_etl_dag.py for tasks to queue
[2026-06-18T10:27:05.817+0000] {logging_mixin.py:188} INFO - [2026-06-18T10:27:05.816+0000] {dagbag.py:545} INFO - Filling up the DagBag from /opt/airflow/dags/weather_etl_dag.py
[2026-06-18T10:27:05.922+0000] {processor.py:840} INFO - DAG(s) 'weather_etl_pipeline' retrieved from /opt/airflow/dags/weather_etl_dag.py
[2026-06-18T10:27:06.028+0000] {logging_mixin.py:188} INFO - [2026-06-18T10:27:06.028+0000] {dag.py:3096} INFO - Sync 1 DAGs
[2026-06-18T10:27:06.058+0000] {logging_mixin.py:188} INFO - [2026-06-18T10:27:06.058+0000] {dag.py:3954} INFO - Setting next_dagrun for weather_etl_pipeline to 2026-06-17 00:00:00+00:00, run_after=2026-06-18 00:00:00+00:00
[2026-06-18T10:27:06.084+0000] {processor.py:183} INFO - Processing /opt/airflow/dags/weather_etl_dag.py took 0.293 seconds
[2026-06-18T10:27:16.195+0000] {processor.py:161} INFO - Started process (PID=1149) to work on /opt/airflow/dags/weather_etl_dag.py
[2026-06-18T10:27:16.197+0000] {processor.py:830} INFO - Processing file /opt/airflow/dags/weather_etl_dag.py for tasks to queue
[2026-06-18T10:27:16.200+0000] {logging_mixin.py:188} INFO - [2026-06-18T10:27:16.199+0000] {dagbag.py:545} INFO - Filling up the DagBag from /opt/airflow/dags/weather_etl_dag.py
[2026-06-18T10:27:16.226+0000] {processor.py:840} INFO - DAG(s) 'weather_etl_pipeline' retrieved from /opt/airflow/dags/weather_etl_dag.py
[2026-06-18T10:27:16.271+0000] {logging_mixin.py:188} INFO - [2026-06-18T10:27:16.270+0000] {dag.py:3096} INFO - Sync 1 DAGs
[2026-06-18T10:27:16.306+0000] {logging_mixin.py:188} INFO - [2026-06-18T10:27:16.306+0000] {dag.py:3954} INFO - Setting next_dagrun for weather_etl_pipeline to 2026-06-17 00:00:00+00:00, run_after=2026-06-18 00:00:00+00:00
[2026-06-18T10:27:16.342+0000] {processor.py:183} INFO - Processing /opt/airflow/dags/weather_etl_dag.py took 0.154 seconds
[2026-06-18T10:27:29.000+0000] {processor.py:161} INFO - Started process (PID=1154) to work on /opt/airflow/dags/weather_etl_dag.py
[2026-06-18T10:27:29.001+0000] {processor.py:830} INFO - Processing file /opt/airflow/dags/weather_etl_dag.py for tasks to queue
[2026-06-18T10:27:29.003+0000] {logging_mixin.py:188} INFO - [2026-06-18T10:27:29.003+0000] {dagbag.py:545} INFO - Filling up the DagBag from /opt/airflow/dags/weather_etl_dag.py
[2026-06-18T10:27:29.027+0000] {processor.py:840} INFO - DAG(s) 'weather_etl_pipeline' retrieved from /opt/airflow/dags/weather_etl_dag.py
[2026-06-18T10:27:29.073+0000] {logging_mixin.py:188} INFO - [2026-06-18T10:27:29.073+0000] {dag.py:3096} INFO - Sync 1 DAGs
[2026-06-18T10:27:29.102+0000] {logging_mixin.py:188} INFO - [2026-06-18T10:27:29.102+0000] {dag.py:3954} INFO - Setting next_dagrun for weather_etl_pipeline to 2026-06-17 00:00:00+00:00, run_after=2026-06-18 00:00:00+00:00
[2026-06-18T10:27:29.124+0000] {processor.py:183} INFO - Processing /opt/airflow/dags/weather_etl_dag.py took 0.131 seconds
[2026-06-18T10:27:39.236+0000] {processor.py:161} INFO - Started process (PID=1159) to work on /opt/airflow/dags/weather_etl_dag.py
[2026-06-18T10:27:39.238+0000] {processor.py:830} INFO - Processing file /opt/airflow/dags/weather_etl_dag.py for tasks to queue
[2026-06-18T10:27:39.241+0000] {logging_mixin.py:188} INFO - [2026-06-18T10:27:39.240+0000] {dagbag.py:545} INFO - Filling up the DagBag from /opt/airflow/dags/weather_etl_dag.py
[2026-06-18T10:27:39.269+0000] {processor.py:840} INFO - DAG(s) 'weather_etl_pipeline' retrieved from /opt/airflow/dags/weather_etl_dag.py
[2026-06-18T10:27:39.310+0000] {logging_mixin.py:188} INFO - [2026-06-18T10:27:39.310+0000] {dag.py:3096} INFO - Sync 1 DAGs
[2026-06-18T10:27:39.350+0000] {logging_mixin.py:188} INFO - [2026-06-18T10:27:39.350+0000] {dag.py:3954} INFO - Setting next_dagrun for weather_etl_pipeline to 2026-06-17 00:00:00+00:00, run_after=2026-06-18 00:00:00+00:00
[2026-06-18T10:27:39.377+0000] {processor.py:183} INFO - Processing /opt/airflow/dags/weather_etl_dag.py took 0.147 seconds
[2026-06-18T10:27:49.485+0000] {processor.py:161} INFO - Started process (PID=1164) to work on /opt/airflow/dags/weather_etl_dag.py
[2026-06-18T10:27:49.486+0000] {processor.py:830} INFO - Processing file /opt/airflow/dags/weather_etl_dag.py for tasks to queue
[2026-06-18T10:27:49.489+0000] {logging_mixin.py:188} INFO - [2026-06-18T10:27:49.488+0000] {dagbag.py:545} INFO - Filling up the DagBag from /opt/airflow/dags/weather_etl_dag.py
[2026-06-18T10:27:49.510+0000] {processor.py:840} INFO - DAG(s) 'weather_etl_pipeline' retrieved from /opt/airflow/dags/weather_etl_dag.py
[2026-06-18T10:27:49.542+0000] {logging_mixin.py:188} INFO - [2026-06-18T10:27:49.541+0000] {dag.py:3096} INFO - Sync 1 DAGs
[2026-06-18T10:27:49.567+0000] {logging_mixin.py:188} INFO - [2026-06-18T10:27:49.566+0000] {dag.py:3954} INFO - Setting next_dagrun for weather_etl_pipeline to 2026-06-17 00:00:00+00:00, run_after=2026-06-18 00:00:00+00:00
[2026-06-18T10:27:49.588+0000] {processor.py:183} INFO - Processing /opt/airflow/dags/weather_etl_dag.py took 0.109 seconds
[2026-06-18T10:28:01.324+0000] {processor.py:161} INFO - Started process (PID=1169) to work on /opt/airflow/dags/weather_etl_dag.py
[2026-06-18T10:28:01.326+0000] {processor.py:830} INFO - Processing file /opt/airflow/dags/weather_etl_dag.py for tasks to queue
[2026-06-18T10:28:01.329+0000] {logging_mixin.py:188} INFO - [2026-06-18T10:28:01.328+0000] {dagbag.py:545} INFO - Filling up the DagBag from /opt/airflow/dags/weather_etl_dag.py
[2026-06-18T10:28:01.352+0000] {processor.py:840} INFO - DAG(s) 'weather_etl_pipeline' retrieved from /opt/airflow/dags/weather_etl_dag.py
[2026-06-18T10:28:01.388+0000] {logging_mixin.py:188} INFO - [2026-06-18T10:28:01.388+0000] {dag.py:3096} INFO - Sync 1 DAGs
[2026-06-18T10:28:01.415+0000] {logging_mixin.py:188} INFO - [2026-06-18T10:28:01.414+0000] {dag.py:3954} INFO - Setting next_dagrun for weather_etl_pipeline to 2026-06-17 00:00:00+00:00, run_after=2026-06-18 00:00:00+00:00
[2026-06-18T10:28:01.438+0000] {processor.py:183} INFO - Processing /opt/airflow/dags/weather_etl_dag.py took 0.128 seconds
[2026-06-18T10:28:11.510+0000] {processor.py:161} INFO - Started process (PID=1174) to work on /opt/airflow/dags/weather_etl_dag.py
[2026-06-18T10:28:11.511+0000] {processor.py:830} INFO - Processing file /opt/airflow/dags/weather_etl_dag.py for tasks to queue
[2026-06-18T10:28:11.514+0000] {logging_mixin.py:188} INFO - [2026-06-18T10:28:11.513+0000] {dagbag.py:545} INFO - Filling up the DagBag from /opt/airflow/dags/weather_etl_dag.py
[2026-06-18T10:28:11.538+0000] {processor.py:840} INFO - DAG(s) 'weather_etl_pipeline' retrieved from /opt/airflow/dags/weather_etl_dag.py
[2026-06-18T10:28:11.568+0000] {logging_mixin.py:188} INFO - [2026-06-18T10:28:11.568+0000] {dag.py:3096} INFO - Sync 1 DAGs
[2026-06-18T10:28:11.595+0000] {logging_mixin.py:188} INFO - [2026-06-18T10:28:11.595+0000] {dag.py:3954} INFO - Setting next_dagrun for weather_etl_pipeline to 2026-06-17 00:00:00+00:00, run_after=2026-06-18 00:00:00+00:00
[2026-06-18T10:28:11.622+0000] {processor.py:183} INFO - Processing /opt/airflow/dags/weather_etl_dag.py took 0.118 seconds
[2026-06-18T10:28:21.746+0000] {processor.py:161} INFO - Started process (PID=1179) to work on /opt/airflow/dags/weather_etl_dag.py
[2026-06-18T10:28:21.748+0000] {processor.py:830} INFO - Processing file /opt/airflow/dags/weather_etl_dag.py for tasks to queue
[2026-06-18T10:28:21.751+0000] {logging_mixin.py:188} INFO - [2026-06-18T10:28:21.750+0000] {dagbag.py:545} INFO - Filling up the DagBag from /opt/airflow/dags/weather_etl_dag.py
[2026-06-18T10:28:21.776+0000] {processor.py:840} INFO - DAG(s) 'weather_etl_pipeline' retrieved from /opt/airflow/dags/weather_etl_dag.py
[2026-06-18T10:28:21.811+0000] {logging_mixin.py:188} INFO - [2026-06-18T10:28:21.811+0000] {dag.py:3096} INFO - Sync 1 DAGs
[2026-06-18T10:28:21.837+0000] {logging_mixin.py:188} INFO - [2026-06-18T10:28:21.836+0000] {dag.py:3954} INFO - Setting next_dagrun for weather_etl_pipeline to 2026-06-17 00:00:00+00:00, run_after=2026-06-18 00:00:00+00:00
[2026-06-18T10:28:21.859+0000] {processor.py:183} INFO - Processing /opt/airflow/dags/weather_etl_dag.py took 0.122 seconds
[2026-06-18T10:28:34.552+0000] {processor.py:161} INFO - Started process (PID=1184) to work on /opt/airflow/dags/weather_etl_dag.py
[2026-06-18T10:28:34.554+0000] {processor.py:830} INFO - Processing file /opt/airflow/dags/weather_etl_dag.py for tasks to queue
[2026-06-18T10:28:34.558+0000] {logging_mixin.py:188} INFO - [2026-06-18T10:28:34.557+0000] {dagbag.py:545} INFO - Filling up the DagBag from /opt/airflow/dags/weather_etl_dag.py
[2026-06-18T10:28:34.585+0000] {processor.py:840} INFO - DAG(s) 'weather_etl_pipeline' retrieved from /opt/airflow/dags/weather_etl_dag.py
[2026-06-18T10:28:34.620+0000] {logging_mixin.py:188} INFO - [2026-06-18T10:28:34.619+0000] {dag.py:3096} INFO - Sync 1 DAGs
[2026-06-18T10:28:34.683+0000] {logging_mixin.py:188} INFO - [2026-06-18T10:28:34.682+0000] {dag.py:3954} INFO - Setting next_dagrun for weather_etl_pipeline to 2026-06-17 00:00:00+00:00, run_after=2026-06-18 00:00:00+00:00
[2026-06-18T10:28:34.710+0000] {processor.py:183} INFO - Processing /opt/airflow/dags/weather_etl_dag.py took 0.168 seconds
[2026-06-18T10:28:44.781+0000] {processor.py:161} INFO - Started process (PID=1189) to work on /opt/airflow/dags/weather_etl_dag.py
[2026-06-18T10:28:44.783+0000] {processor.py:830} INFO - Processing file /opt/airflow/dags/weather_etl_dag.py for tasks to queue
[2026-06-18T10:28:44.787+0000] {logging_mixin.py:188} INFO - [2026-06-18T10:28:44.787+0000] {dagbag.py:545} INFO - Filling up the DagBag from /opt/airflow/dags/weather_etl_dag.py
[2026-06-18T10:28:44.819+0000] {processor.py:840} INFO - DAG(s) 'weather_etl_pipeline' retrieved from /opt/airflow/dags/weather_etl_dag.py
[2026-06-18T10:28:44.864+0000] {logging_mixin.py:188} INFO - [2026-06-18T10:28:44.864+0000] {dag.py:3096} INFO - Sync 1 DAGs
[2026-06-18T10:28:44.891+0000] {logging_mixin.py:188} INFO - [2026-06-18T10:28:44.891+0000] {dag.py:3954} INFO - Setting next_dagrun for weather_etl_pipeline to 2026-06-17 00:00:00+00:00, run_after=2026-06-18 00:00:00+00:00
[2026-06-18T10:28:44.916+0000] {processor.py:183} INFO - Processing /opt/airflow/dags/weather_etl_dag.py took 0.144 seconds
[2026-06-18T10:28:55.073+0000] {processor.py:161} INFO - Started process (PID=1194) to work on /opt/airflow/dags/weather_etl_dag.py
[2026-06-18T10:28:55.074+0000] {processor.py:830} INFO - Processing file /opt/airflow/dags/weather_etl_dag.py for tasks to queue
[2026-06-18T10:28:55.078+0000] {logging_mixin.py:188} INFO - [2026-06-18T10:28:55.077+0000] {dagbag.py:545} INFO - Filling up the DagBag from /opt/airflow/dags/weather_etl_dag.py
[2026-06-18T10:28:55.112+0000] {processor.py:840} INFO - DAG(s) 'weather_etl_pipeline' retrieved from /opt/airflow/dags/weather_etl_dag.py
[2026-06-18T10:28:55.146+0000] {logging_mixin.py:188} INFO - [2026-06-18T10:28:55.146+0000] {dag.py:3096} INFO - Sync 1 DAGs
[2026-06-18T10:28:55.178+0000] {logging_mixin.py:188} INFO - [2026-06-18T10:28:55.178+0000] {dag.py:3954} INFO - Setting next_dagrun for weather_etl_pipeline to 2026-06-17 00:00:00+00:00, run_after=2026-06-18 00:00:00+00:00
[2026-06-18T10:28:55.201+0000] {processor.py:183} INFO - Processing /opt/airflow/dags/weather_etl_dag.py took 0.137 seconds
[2026-06-18T10:29:05.887+0000] {processor.py:161} INFO - Started process (PID=1199) to work on /opt/airflow/dags/weather_etl_dag.py
[2026-06-18T10:29:05.888+0000] {processor.py:830} INFO - Processing file /opt/airflow/dags/weather_etl_dag.py for tasks to queue
[2026-06-18T10:29:05.892+0000] {logging_mixin.py:188} INFO - [2026-06-18T10:29:05.891+0000] {dagbag.py:545} INFO - Filling up the DagBag from /opt/airflow/dags/weather_etl_dag.py
[2026-06-18T10:29:05.918+0000] {processor.py:840} INFO - DAG(s) 'weather_etl_pipeline' retrieved from /opt/airflow/dags/weather_etl_dag.py
[2026-06-18T10:29:05.953+0000] {logging_mixin.py:188} INFO - [2026-06-18T10:29:05.953+0000] {dag.py:3096} INFO - Sync 1 DAGs
[2026-06-18T10:29:05.987+0000] {logging_mixin.py:188} INFO - [2026-06-18T10:29:05.986+0000] {dag.py:3954} INFO - Setting next_dagrun for weather_etl_pipeline to 2026-06-17 00:00:00+00:00, run_after=2026-06-18 00:00:00+00:00
[2026-06-18T10:29:06.012+0000] {processor.py:183} INFO - Processing /opt/airflow/dags/weather_etl_dag.py took 0.133 seconds
[2026-06-18T10:29:16.155+0000] {processor.py:161} INFO - Started process (PID=1204) to work on /opt/airflow/dags/weather_etl_dag.py
[2026-06-18T10:29:16.157+0000] {processor.py:830} INFO - Processing file /opt/airflow/dags/weather_etl_dag.py for tasks to queue
[2026-06-18T10:29:16.160+0000] {logging_mixin.py:188} INFO - [2026-06-18T10:29:16.159+0000] {dagbag.py:545} INFO - Filling up the DagBag from /opt/airflow/dags/weather_etl_dag.py
[2026-06-18T10:29:16.187+0000] {processor.py:840} INFO - DAG(s) 'weather_etl_pipeline' retrieved from /opt/airflow/dags/weather_etl_dag.py
[2026-06-18T10:29:16.224+0000] {logging_mixin.py:188} INFO - [2026-06-18T10:29:16.224+0000] {dag.py:3096} INFO - Sync 1 DAGs
[2026-06-18T10:29:16.255+0000] {logging_mixin.py:188} INFO - [2026-06-18T10:29:16.255+0000] {dag.py:3954} INFO - Setting next_dagrun for weather_etl_pipeline to 2026-06-17 00:00:00+00:00, run_after=2026-06-18 00:00:00+00:00
[2026-06-18T10:29:16.282+0000] {processor.py:183} INFO - Processing /opt/airflow/dags/weather_etl_dag.py took 0.133 seconds
[2026-06-18T10:29:26.421+0000] {processor.py:161} INFO - Started process (PID=1209) to work on /opt/airflow/dags/weather_etl_dag.py
[2026-06-18T10:29:26.423+0000] {processor.py:830} INFO - Processing file /opt/airflow/dags/weather_etl_dag.py for tasks to queue
[2026-06-18T10:29:26.426+0000] {logging_mixin.py:188} INFO - [2026-06-18T10:29:26.425+0000] {dagbag.py:545} INFO - Filling up the DagBag from /opt/airflow/dags/weather_etl_dag.py
[2026-06-18T10:29:26.451+0000] {processor.py:840} INFO - DAG(s) 'weather_etl_pipeline' retrieved from /opt/airflow/dags/weather_etl_dag.py
[2026-06-18T10:29:26.486+0000] {logging_mixin.py:188} INFO - [2026-06-18T10:29:26.486+0000] {dag.py:3096} INFO - Sync 1 DAGs
[2026-06-18T10:29:26.516+0000] {logging_mixin.py:188} INFO - [2026-06-18T10:29:26.516+0000] {dag.py:3954} INFO - Setting next_dagrun for weather_etl_pipeline to 2026-06-17 00:00:00+00:00, run_after=2026-06-18 00:00:00+00:00
[2026-06-18T10:29:26.758+0000] {processor.py:183} INFO - Processing /opt/airflow/dags/weather_etl_dag.py took 0.344 seconds
[2026-06-18T10:29:37.049+0000] {processor.py:161} INFO - Started process (PID=1214) to work on /opt/airflow/dags/weather_etl_dag.py
[2026-06-18T10:29:37.051+0000] {processor.py:830} INFO - Processing file /opt/airflow/dags/weather_etl_dag.py for tasks to queue
[2026-06-18T10:29:37.055+0000] {logging_mixin.py:188} INFO - [2026-06-18T10:29:37.054+0000] {dagbag.py:545} INFO - Filling up the DagBag from /opt/airflow/dags/weather_etl_dag.py
[2026-06-18T10:29:37.095+0000] {processor.py:840} INFO - DAG(s) 'weather_etl_pipeline' retrieved from /opt/airflow/dags/weather_etl_dag.py
[2026-06-18T10:29:37.197+0000] {logging_mixin.py:188} INFO - [2026-06-18T10:29:37.196+0000] {dag.py:3096} INFO - Sync 1 DAGs
[2026-06-18T10:29:37.308+0000] {logging_mixin.py:188} INFO - [2026-06-18T10:29:37.306+0000] {dag.py:3954} INFO - Setting next_dagrun for weather_etl_pipeline to 2026-06-17 00:00:00+00:00, run_after=2026-06-18 00:00:00+00:00
[2026-06-18T10:29:37.362+0000] {processor.py:183} INFO - Processing /opt/airflow/dags/weather_etl_dag.py took 0.321 seconds
[2026-06-18T10:29:47.468+0000] {processor.py:161} INFO - Started process (PID=1219) to work on /opt/airflow/dags/weather_etl_dag.py
[2026-06-18T10:29:47.469+0000] {processor.py:830} INFO - Processing file /opt/airflow/dags/weather_etl_dag.py for tasks to queue
[2026-06-18T10:29:47.472+0000] {logging_mixin.py:188} INFO - [2026-06-18T10:29:47.471+0000] {dagbag.py:545} INFO - Filling up the DagBag from /opt/airflow/dags/weather_etl_dag.py
[2026-06-18T10:29:47.494+0000] {processor.py:840} INFO - DAG(s) 'weather_etl_pipeline' retrieved from /opt/airflow/dags/weather_etl_dag.py
[2026-06-18T10:29:47.524+0000] {logging_mixin.py:188} INFO - [2026-06-18T10:29:47.523+0000] {dag.py:3096} INFO - Sync 1 DAGs
[2026-06-18T10:29:47.550+0000] {logging_mixin.py:188} INFO - [2026-06-18T10:29:47.550+0000] {dag.py:3954} INFO - Setting next_dagrun for weather_etl_pipeline to 2026-06-17 00:00:00+00:00, run_after=2026-06-18 00:00:00+00:00
[2026-06-18T10:29:47.573+0000] {processor.py:183} INFO - Processing /opt/airflow/dags/weather_etl_dag.py took 0.110 seconds
[2026-06-18T10:29:57.696+0000] {processor.py:161} INFO - Started process (PID=1224) to work on /opt/airflow/dags/weather_etl_dag.py
[2026-06-18T10:29:57.698+0000] {processor.py:830} INFO - Processing file /opt/airflow/dags/weather_etl_dag.py for tasks to queue
[2026-06-18T10:29:57.708+0000] {logging_mixin.py:188} INFO - [2026-06-18T10:29:57.707+0000] {dagbag.py:545} INFO - Filling up the DagBag from /opt/airflow/dags/weather_etl_dag.py
[2026-06-18T10:29:57.735+0000] {processor.py:840} INFO - DAG(s) 'weather_etl_pipeline' retrieved from /opt/airflow/dags/weather_etl_dag.py
[2026-06-18T10:29:57.786+0000] {logging_mixin.py:188} INFO - [2026-06-18T10:29:57.785+0000] {dag.py:3096} INFO - Sync 1 DAGs
[2026-06-18T10:29:57.820+0000] {logging_mixin.py:188} INFO - [2026-06-18T10:29:57.820+0000] {dag.py:3954} INFO - Setting next_dagrun for weather_etl_pipeline to 2026-06-17 00:00:00+00:00, run_after=2026-06-18 00:00:00+00:00
[2026-06-18T10:29:57.854+0000] {processor.py:183} INFO - Processing /opt/airflow/dags/weather_etl_dag.py took 0.167 seconds
[2026-06-18T10:30:08.483+0000] {processor.py:161} INFO - Started process (PID=1229) to work on /opt/airflow/dags/weather_etl_dag.py
[2026-06-18T10:30:08.484+0000] {processor.py:830} INFO - Processing file /opt/airflow/dags/weather_etl_dag.py for tasks to queue
[2026-06-18T10:30:08.488+0000] {logging_mixin.py:188} INFO - [2026-06-18T10:30:08.487+0000] {dagbag.py:545} INFO - Filling up the DagBag from /opt/airflow/dags/weather_etl_dag.py
[2026-06-18T10:30:08.522+0000] {processor.py:840} INFO - DAG(s) 'weather_etl_pipeline' retrieved from /opt/airflow/dags/weather_etl_dag.py
[2026-06-18T10:30:08.568+0000] {logging_mixin.py:188} INFO - [2026-06-18T10:30:08.568+0000] {dag.py:3096} INFO - Sync 1 DAGs
[2026-06-18T10:30:08.606+0000] {logging_mixin.py:188} INFO - [2026-06-18T10:30:08.605+0000] {dag.py:3954} INFO - Setting next_dagrun for weather_etl_pipeline to 2026-06-17 00:00:00+00:00, run_after=2026-06-18 00:00:00+00:00
[2026-06-18T10:30:08.632+0000] {processor.py:183} INFO - Processing /opt/airflow/dags/weather_etl_dag.py took 0.157 seconds
[2026-06-18T10:30:18.728+0000] {processor.py:161} INFO - Started process (PID=1234) to work on /opt/airflow/dags/weather_etl_dag.py
[2026-06-18T10:30:18.730+0000] {processor.py:830} INFO - Processing file /opt/airflow/dags/weather_etl_dag.py for tasks to queue
[2026-06-18T10:30:18.733+0000] {logging_mixin.py:188} INFO - [2026-06-18T10:30:18.733+0000] {dagbag.py:545} INFO - Filling up the DagBag from /opt/airflow/dags/weather_etl_dag.py
[2026-06-18T10:30:18.766+0000] {processor.py:840} INFO - DAG(s) 'weather_etl_pipeline' retrieved from /opt/airflow/dags/weather_etl_dag.py
[2026-06-18T10:30:18.818+0000] {logging_mixin.py:188} INFO - [2026-06-18T10:30:18.818+0000] {dag.py:3096} INFO - Sync 1 DAGs
[2026-06-18T10:30:18.864+0000] {logging_mixin.py:188} INFO - [2026-06-18T10:30:18.863+0000] {dag.py:3954} INFO - Setting next_dagrun for weather_etl_pipeline to 2026-06-17 00:00:00+00:00, run_after=2026-06-18 00:00:00+00:00
[2026-06-18T10:30:18.917+0000] {processor.py:183} INFO - Processing /opt/airflow/dags/weather_etl_dag.py took 0.196 seconds
[2026-06-18T10:30:29.076+0000] {processor.py:161} INFO - Started process (PID=1239) to work on /opt/airflow/dags/weather_etl_dag.py
[2026-06-18T10:30:29.078+0000] {processor.py:830} INFO - Processing file /opt/airflow/dags/weather_etl_dag.py for tasks to queue
[2026-06-18T10:30:29.082+0000] {logging_mixin.py:188} INFO - [2026-06-18T10:30:29.081+0000] {dagbag.py:545} INFO - Filling up the DagBag from /opt/airflow/dags/weather_etl_dag.py
[2026-06-18T10:30:29.109+0000] {processor.py:840} INFO - DAG(s) 'weather_etl_pipeline' retrieved from /opt/airflow/dags/weather_etl_dag.py
[2026-06-18T10:30:29.140+0000] {logging_mixin.py:188} INFO - [2026-06-18T10:30:29.139+0000] {dag.py:3096} INFO - Sync 1 DAGs
[2026-06-18T10:30:29.167+0000] {logging_mixin.py:188} INFO - [2026-06-18T10:30:29.167+0000] {dag.py:3954} INFO - Setting next_dagrun for weather_etl_pipeline to 2026-06-17 00:00:00+00:00, run_after=2026-06-18 00:00:00+00:00
[2026-06-18T10:30:29.190+0000] {processor.py:183} INFO - Processing /opt/airflow/dags/weather_etl_dag.py took 0.122 seconds
[2026-06-18T10:30:40.872+0000] {processor.py:161} INFO - Started process (PID=1244) to work on /opt/airflow/dags/weather_etl_dag.py
[2026-06-18T10:30:40.873+0000] {processor.py:830} INFO - Processing file /opt/airflow/dags/weather_etl_dag.py for tasks to queue
[2026-06-18T10:30:40.877+0000] {logging_mixin.py:188} INFO - [2026-06-18T10:30:40.876+0000] {dagbag.py:545} INFO - Filling up the DagBag from /opt/airflow/dags/weather_etl_dag.py
[2026-06-18T10:30:40.906+0000] {processor.py:840} INFO - DAG(s) 'weather_etl_pipeline' retrieved from /opt/airflow/dags/weather_etl_dag.py
[2026-06-18T10:30:40.970+0000] {logging_mixin.py:188} INFO - [2026-06-18T10:30:40.970+0000] {dag.py:3096} INFO - Sync 1 DAGs
[2026-06-18T10:30:41.000+0000] {logging_mixin.py:188} INFO - [2026-06-18T10:30:41.000+0000] {dag.py:3954} INFO - Setting next_dagrun for weather_etl_pipeline to 2026-06-17 00:00:00+00:00, run_after=2026-06-18 00:00:00+00:00
[2026-06-18T10:30:41.021+0000] {processor.py:183} INFO - Processing /opt/airflow/dags/weather_etl_dag.py took 0.157 seconds
[2026-06-18T10:30:51.070+0000] {processor.py:161} INFO - Started process (PID=1249) to work on /opt/airflow/dags/weather_etl_dag.py
[2026-06-18T10:30:51.071+0000] {processor.py:830} INFO - Processing file /opt/airflow/dags/weather_etl_dag.py for tasks to queue
[2026-06-18T10:30:51.073+0000] {logging_mixin.py:188} INFO - [2026-06-18T10:30:51.073+0000] {dagbag.py:545} INFO - Filling up the DagBag from /opt/airflow/dags/weather_etl_dag.py
[2026-06-18T10:30:51.095+0000] {processor.py:840} INFO - DAG(s) 'weather_etl_pipeline' retrieved from /opt/airflow/dags/weather_etl_dag.py
[2026-06-18T10:30:51.126+0000] {logging_mixin.py:188} INFO - [2026-06-18T10:30:51.126+0000] {dag.py:3096} INFO - Sync 1 DAGs
[2026-06-18T10:30:51.154+0000] {logging_mixin.py:188} INFO - [2026-06-18T10:30:51.154+0000] {dag.py:3954} INFO - Setting next_dagrun for weather_etl_pipeline to 2026-06-17 00:00:00+00:00, run_after=2026-06-18 00:00:00+00:00
[2026-06-18T10:30:51.178+0000] {processor.py:183} INFO - Processing /opt/airflow/dags/weather_etl_dag.py took 0.115 seconds
[2026-06-18T10:31:01.288+0000] {processor.py:161} INFO - Started process (PID=1254) to work on /opt/airflow/dags/weather_etl_dag.py
[2026-06-18T10:31:01.289+0000] {processor.py:830} INFO - Processing file /opt/airflow/dags/weather_etl_dag.py for tasks to queue
[2026-06-18T10:31:01.292+0000] {logging_mixin.py:188} INFO - [2026-06-18T10:31:01.292+0000] {dagbag.py:545} INFO - Filling up the DagBag from /opt/airflow/dags/weather_etl_dag.py
[2026-06-18T10:31:01.317+0000] {processor.py:840} INFO - DAG(s) 'weather_etl_pipeline' retrieved from /opt/airflow/dags/weather_etl_dag.py
[2026-06-18T10:31:01.350+0000] {logging_mixin.py:188} INFO - [2026-06-18T10:31:01.350+0000] {dag.py:3096} INFO - Sync 1 DAGs
[2026-06-18T10:31:01.379+0000] {logging_mixin.py:188} INFO - [2026-06-18T10:31:01.378+0000] {dag.py:3954} INFO - Setting next_dagrun for weather_etl_pipeline to 2026-06-17 00:00:00+00:00, run_after=2026-06-18 00:00:00+00:00
[2026-06-18T10:31:01.405+0000] {processor.py:183} INFO - Processing /opt/airflow/dags/weather_etl_dag.py took 0.123 seconds
[2026-06-18T10:31:13.229+0000] {processor.py:161} INFO - Started process (PID=1259) to work on /opt/airflow/dags/weather_etl_dag.py
[2026-06-18T10:31:13.231+0000] {processor.py:830} INFO - Processing file /opt/airflow/dags/weather_etl_dag.py for tasks to queue
[2026-06-18T10:31:13.234+0000] {logging_mixin.py:188} INFO - [2026-06-18T10:31:13.234+0000] {dagbag.py:545} INFO - Filling up the DagBag from /opt/airflow/dags/weather_etl_dag.py
[2026-06-18T10:31:13.260+0000] {processor.py:840} INFO - DAG(s) 'weather_etl_pipeline' retrieved from /opt/airflow/dags/weather_etl_dag.py
[2026-06-18T10:31:13.297+0000] {logging_mixin.py:188} INFO - [2026-06-18T10:31:13.297+0000] {dag.py:3096} INFO - Sync 1 DAGs
[2026-06-18T10:31:13.326+0000] {logging_mixin.py:188} INFO - [2026-06-18T10:31:13.326+0000] {dag.py:3954} INFO - Setting next_dagrun for weather_etl_pipeline to 2026-06-17 00:00:00+00:00, run_after=2026-06-18 00:00:00+00:00
[2026-06-18T10:31:13.354+0000] {processor.py:183} INFO - Processing /opt/airflow/dags/weather_etl_dag.py took 0.132 seconds
[2026-06-18T10:31:23.456+0000] {processor.py:161} INFO - Started process (PID=1264) to work on /opt/airflow/dags/weather_etl_dag.py
[2026-06-18T10:31:23.458+0000] {processor.py:830} INFO - Processing file /opt/airflow/dags/weather_etl_dag.py for tasks to queue
[2026-06-18T10:31:23.460+0000] {logging_mixin.py:188} INFO - [2026-06-18T10:31:23.460+0000] {dagbag.py:545} INFO - Filling up the DagBag from /opt/airflow/dags/weather_etl_dag.py
[2026-06-18T10:31:23.483+0000] {processor.py:840} INFO - DAG(s) 'weather_etl_pipeline' retrieved from /opt/airflow/dags/weather_etl_dag.py
[2026-06-18T10:31:23.517+0000] {logging_mixin.py:188} INFO - [2026-06-18T10:31:23.517+0000] {dag.py:3096} INFO - Sync 1 DAGs
[2026-06-18T10:31:23.546+0000] {logging_mixin.py:188} INFO - [2026-06-18T10:31:23.545+0000] {dag.py:3954} INFO - Setting next_dagrun for weather_etl_pipeline to 2026-06-17 00:00:00+00:00, run_after=2026-06-18 00:00:00+00:00
[2026-06-18T10:31:23.571+0000] {processor.py:183} INFO - Processing /opt/airflow/dags/weather_etl_dag.py took 0.122 seconds
[2026-06-18T10:31:33.679+0000] {processor.py:161} INFO - Started process (PID=1269) to work on /opt/airflow/dags/weather_etl_dag.py
[2026-06-18T10:31:33.680+0000] {processor.py:830} INFO - Processing file /opt/airflow/dags/weather_etl_dag.py for tasks to queue
[2026-06-18T10:31:33.683+0000] {logging_mixin.py:188} INFO - [2026-06-18T10:31:33.683+0000] {dagbag.py:545} INFO - Filling up the DagBag from /opt/airflow/dags/weather_etl_dag.py
[2026-06-18T10:31:33.710+0000] {processor.py:840} INFO - DAG(s) 'weather_etl_pipeline' retrieved from /opt/airflow/dags/weather_etl_dag.py
[2026-06-18T10:31:33.745+0000] {logging_mixin.py:188} INFO - [2026-06-18T10:31:33.745+0000] {dag.py:3096} INFO - Sync 1 DAGs
[2026-06-18T10:31:33.775+0000] {logging_mixin.py:188} INFO - [2026-06-18T10:31:33.775+0000] {dag.py:3954} INFO - Setting next_dagrun for weather_etl_pipeline to 2026-06-17 00:00:00+00:00, run_after=2026-06-18 00:00:00+00:00
[2026-06-18T10:31:33.969+0000] {processor.py:183} INFO - Processing /opt/airflow/dags/weather_etl_dag.py took 0.299 seconds
[2026-06-18T10:31:46.470+0000] {processor.py:161} INFO - Started process (PID=1274) to work on /opt/airflow/dags/weather_etl_dag.py
[2026-06-18T10:31:46.472+0000] {processor.py:830} INFO - Processing file /opt/airflow/dags/weather_etl_dag.py for tasks to queue
[2026-06-18T10:31:46.475+0000] {logging_mixin.py:188} INFO - [2026-06-18T10:31:46.474+0000] {dagbag.py:545} INFO - Filling up the DagBag from /opt/airflow/dags/weather_etl_dag.py
[2026-06-18T10:31:46.502+0000] {processor.py:840} INFO - DAG(s) 'weather_etl_pipeline' retrieved from /opt/airflow/dags/weather_etl_dag.py
[2026-06-18T10:31:46.538+0000] {logging_mixin.py:188} INFO - [2026-06-18T10:31:46.538+0000] {dag.py:3096} INFO - Sync 1 DAGs
[2026-06-18T10:31:46.731+0000] {logging_mixin.py:188} INFO - [2026-06-18T10:31:46.730+0000] {dag.py:3954} INFO - Setting next_dagrun for weather_etl_pipeline to 2026-06-17 00:00:00+00:00, run_after=2026-06-18 00:00:00+00:00
[2026-06-18T10:31:46.761+0000] {processor.py:183} INFO - Processing /opt/airflow/dags/weather_etl_dag.py took 0.297 seconds
[2026-06-18T10:31:56.877+0000] {processor.py:161} INFO - Started process (PID=1279) to work on /opt/airflow/dags/weather_etl_dag.py
[2026-06-18T10:31:56.878+0000] {processor.py:830} INFO - Processing file /opt/airflow/dags/weather_etl_dag.py for tasks to queue
[2026-06-18T10:31:56.881+0000] {logging_mixin.py:188} INFO - [2026-06-18T10:31:56.881+0000] {dagbag.py:545} INFO - Filling up the DagBag from /opt/airflow/dags/weather_etl_dag.py
[2026-06-18T10:31:56.906+0000] {processor.py:840} INFO - DAG(s) 'weather_etl_pipeline' retrieved from /opt/airflow/dags/weather_etl_dag.py
[2026-06-18T10:31:56.937+0000] {logging_mixin.py:188} INFO - [2026-06-18T10:31:56.937+0000] {dag.py:3096} INFO - Sync 1 DAGs
[2026-06-18T10:31:57.157+0000] {logging_mixin.py:188} INFO - [2026-06-18T10:31:57.157+0000] {dag.py:3954} INFO - Setting next_dagrun for weather_etl_pipeline to 2026-06-17 00:00:00+00:00, run_after=2026-06-18 00:00:00+00:00
[2026-06-18T10:31:57.183+0000] {processor.py:183} INFO - Processing /opt/airflow/dags/weather_etl_dag.py took 0.312 seconds
[2026-06-18T10:32:07.292+0000] {processor.py:161} INFO - Started process (PID=1284) to work on /opt/airflow/dags/weather_etl_dag.py
[2026-06-18T10:32:07.294+0000] {processor.py:830} INFO - Processing file /opt/airflow/dags/weather_etl_dag.py for tasks to queue
[2026-06-18T10:32:07.297+0000] {logging_mixin.py:188} INFO - [2026-06-18T10:32:07.296+0000] {dagbag.py:545} INFO - Filling up the DagBag from /opt/airflow/dags/weather_etl_dag.py
[2026-06-18T10:32:07.341+0000] {processor.py:840} INFO - DAG(s) 'weather_etl_pipeline' retrieved from /opt/airflow/dags/weather_etl_dag.py
[2026-06-18T10:32:07.376+0000] {logging_mixin.py:188} INFO - [2026-06-18T10:32:07.376+0000] {dag.py:3096} INFO - Sync 1 DAGs
[2026-06-18T10:32:07.403+0000] {logging_mixin.py:188} INFO - [2026-06-18T10:32:07.402+0000] {dag.py:3954} INFO - Setting next_dagrun for weather_etl_pipeline to 2026-06-17 00:00:00+00:00, run_after=2026-06-18 00:00:00+00:00
[2026-06-18T10:32:07.425+0000] {processor.py:183} INFO - Processing /opt/airflow/dags/weather_etl_dag.py took 0.139 seconds
[2026-06-18T10:32:17.585+0000] {processor.py:161} INFO - Started process (PID=1289) to work on /opt/airflow/dags/weather_etl_dag.py
[2026-06-18T10:32:17.587+0000] {processor.py:830} INFO - Processing file /opt/airflow/dags/weather_etl_dag.py for tasks to queue
[2026-06-18T10:32:17.589+0000] {logging_mixin.py:188} INFO - [2026-06-18T10:32:17.589+0000] {dagbag.py:545} INFO - Filling up the DagBag from /opt/airflow/dags/weather_etl_dag.py
[2026-06-18T10:32:17.615+0000] {processor.py:840} INFO - DAG(s) 'weather_etl_pipeline' retrieved from /opt/airflow/dags/weather_etl_dag.py
[2026-06-18T10:32:17.646+0000] {logging_mixin.py:188} INFO - [2026-06-18T10:32:17.646+0000] {dag.py:3096} INFO - Sync 1 DAGs
[2026-06-18T10:32:17.671+0000] {logging_mixin.py:188} INFO - [2026-06-18T10:32:17.670+0000] {dag.py:3954} INFO - Setting next_dagrun for weather_etl_pipeline to 2026-06-17 00:00:00+00:00, run_after=2026-06-18 00:00:00+00:00
[2026-06-18T10:32:17.694+0000] {processor.py:183} INFO - Processing /opt/airflow/dags/weather_etl_dag.py took 0.118 seconds
[2026-06-18T10:32:27.815+0000] {processor.py:161} INFO - Started process (PID=1294) to work on /opt/airflow/dags/weather_etl_dag.py
[2026-06-18T10:32:27.817+0000] {processor.py:830} INFO - Processing file /opt/airflow/dags/weather_etl_dag.py for tasks to queue
[2026-06-18T10:32:27.820+0000] {logging_mixin.py:188} INFO - [2026-06-18T10:32:27.820+0000] {dagbag.py:545} INFO - Filling up the DagBag from /opt/airflow/dags/weather_etl_dag.py
[2026-06-18T10:32:27.847+0000] {processor.py:840} INFO - DAG(s) 'weather_etl_pipeline' retrieved from /opt/airflow/dags/weather_etl_dag.py
[2026-06-18T10:32:27.883+0000] {logging_mixin.py:188} INFO - [2026-06-18T10:32:27.883+0000] {dag.py:3096} INFO - Sync 1 DAGs
[2026-06-18T10:32:27.913+0000] {logging_mixin.py:188} INFO - [2026-06-18T10:32:27.913+0000] {dag.py:3954} INFO - Setting next_dagrun for weather_etl_pipeline to 2026-06-17 00:00:00+00:00, run_after=2026-06-18 00:00:00+00:00
[2026-06-18T10:32:27.938+0000] {processor.py:183} INFO - Processing /opt/airflow/dags/weather_etl_dag.py took 0.130 seconds
[2026-06-18T10:32:38.060+0000] {processor.py:161} INFO - Started process (PID=1299) to work on /opt/airflow/dags/weather_etl_dag.py
[2026-06-18T10:32:38.061+0000] {processor.py:830} INFO - Processing file /opt/airflow/dags/weather_etl_dag.py for tasks to queue
[2026-06-18T10:32:38.064+0000] {logging_mixin.py:188} INFO - [2026-06-18T10:32:38.064+0000] {dagbag.py:545} INFO - Filling up the DagBag from /opt/airflow/dags/weather_etl_dag.py
[2026-06-18T10:32:38.089+0000] {processor.py:840} INFO - DAG(s) 'weather_etl_pipeline' retrieved from /opt/airflow/dags/weather_etl_dag.py
[2026-06-18T10:32:38.121+0000] {logging_mixin.py:188} INFO - [2026-06-18T10:32:38.121+0000] {dag.py:3096} INFO - Sync 1 DAGs
[2026-06-18T10:32:38.151+0000] {logging_mixin.py:188} INFO - [2026-06-18T10:32:38.151+0000] {dag.py:3954} INFO - Setting next_dagrun for weather_etl_pipeline to 2026-06-17 00:00:00+00:00, run_after=2026-06-18 00:00:00+00:00
[2026-06-18T10:32:38.176+0000] {processor.py:183} INFO - Processing /opt/airflow/dags/weather_etl_dag.py took 0.123 seconds
[2026-06-18T10:32:49.025+0000] {processor.py:161} INFO - Started process (PID=1304) to work on /opt/airflow/dags/weather_etl_dag.py
[2026-06-18T10:32:49.027+0000] {processor.py:830} INFO - Processing file /opt/airflow/dags/weather_etl_dag.py for tasks to queue
[2026-06-18T10:32:49.030+0000] {logging_mixin.py:188} INFO - [2026-06-18T10:32:49.030+0000] {dagbag.py:545} INFO - Filling up the DagBag from /opt/airflow/dags/weather_etl_dag.py
[2026-06-18T10:32:49.056+0000] {processor.py:840} INFO - DAG(s) 'weather_etl_pipeline' retrieved from /opt/airflow/dags/weather_etl_dag.py
[2026-06-18T10:32:49.092+0000] {logging_mixin.py:188} INFO - [2026-06-18T10:32:49.092+0000] {dag.py:3096} INFO - Sync 1 DAGs
[2026-06-18T10:32:49.123+0000] {logging_mixin.py:188} INFO - [2026-06-18T10:32:49.123+0000] {dag.py:3954} INFO - Setting next_dagrun for weather_etl_pipeline to 2026-06-17 00:00:00+00:00, run_after=2026-06-18 00:00:00+00:00
[2026-06-18T10:32:49.161+0000] {processor.py:183} INFO - Processing /opt/airflow/dags/weather_etl_dag.py took 0.143 seconds
[2026-06-18T10:32:59.254+0000] {processor.py:161} INFO - Started process (PID=1309) to work on /opt/airflow/dags/weather_etl_dag.py
[2026-06-18T10:32:59.256+0000] {processor.py:830} INFO - Processing file /opt/airflow/dags/weather_etl_dag.py for tasks to queue
[2026-06-18T10:32:59.259+0000] {logging_mixin.py:188} INFO - [2026-06-18T10:32:59.259+0000] {dagbag.py:545} INFO - Filling up the DagBag from /opt/airflow/dags/weather_etl_dag.py
[2026-06-18T10:32:59.287+0000] {processor.py:840} INFO - DAG(s) 'weather_etl_pipeline' retrieved from /opt/airflow/dags/weather_etl_dag.py
[2026-06-18T10:32:59.319+0000] {logging_mixin.py:188} INFO - [2026-06-18T10:32:59.319+0000] {dag.py:3096} INFO - Sync 1 DAGs
[2026-06-18T10:32:59.350+0000] {logging_mixin.py:188} INFO - [2026-06-18T10:32:59.349+0000] {dag.py:3954} INFO - Setting next_dagrun for weather_etl_pipeline to 2026-06-17 00:00:00+00:00, run_after=2026-06-18 00:00:00+00:00
[2026-06-18T10:32:59.379+0000] {processor.py:183} INFO - Processing /opt/airflow/dags/weather_etl_dag.py took 0.132 seconds
[2026-06-18T10:33:09.494+0000] {processor.py:161} INFO - Started process (PID=1314) to work on /opt/airflow/dags/weather_etl_dag.py
[2026-06-18T10:33:09.496+0000] {processor.py:830} INFO - Processing file /opt/airflow/dags/weather_etl_dag.py for tasks to queue
[2026-06-18T10:33:09.498+0000] {logging_mixin.py:188} INFO - [2026-06-18T10:33:09.498+0000] {dagbag.py:545} INFO - Filling up the DagBag from /opt/airflow/dags/weather_etl_dag.py
[2026-06-18T10:33:09.524+0000] {processor.py:840} INFO - DAG(s) 'weather_etl_pipeline' retrieved from /opt/airflow/dags/weather_etl_dag.py
[2026-06-18T10:33:09.552+0000] {logging_mixin.py:188} INFO - [2026-06-18T10:33:09.552+0000] {dag.py:3096} INFO - Sync 1 DAGs
[2026-06-18T10:33:09.579+0000] {logging_mixin.py:188} INFO - [2026-06-18T10:33:09.578+0000] {dag.py:3954} INFO - Setting next_dagrun for weather_etl_pipeline to 2026-06-17 00:00:00+00:00, run_after=2026-06-18 00:00:00+00:00
[2026-06-18T10:33:09.605+0000] {processor.py:183} INFO - Processing /opt/airflow/dags/weather_etl_dag.py took 0.117 seconds
[2026-06-18T10:33:20.267+0000] {processor.py:161} INFO - Started process (PID=1319) to work on /opt/airflow/dags/weather_etl_dag.py
[2026-06-18T10:33:20.269+0000] {processor.py:830} INFO - Processing file /opt/airflow/dags/weather_etl_dag.py for tasks to queue
[2026-06-18T10:33:20.272+0000] {logging_mixin.py:188} INFO - [2026-06-18T10:33:20.271+0000] {dagbag.py:545} INFO - Filling up the DagBag from /opt/airflow/dags/weather_etl_dag.py
[2026-06-18T10:33:20.294+0000] {processor.py:840} INFO - DAG(s) 'weather_etl_pipeline' retrieved from /opt/airflow/dags/weather_etl_dag.py
[2026-06-18T10:33:20.328+0000] {logging_mixin.py:188} INFO - [2026-06-18T10:33:20.327+0000] {dag.py:3096} INFO - Sync 1 DAGs
[2026-06-18T10:33:20.352+0000] {logging_mixin.py:188} INFO - [2026-06-18T10:33:20.352+0000] {dag.py:3954} INFO - Setting next_dagrun for weather_etl_pipeline to 2026-06-17 00:00:00+00:00, run_after=2026-06-18 00:00:00+00:00
[2026-06-18T10:33:20.375+0000] {processor.py:183} INFO - Processing /opt/airflow/dags/weather_etl_dag.py took 0.115 seconds
[2026-06-18T10:33:30.460+0000] {processor.py:161} INFO - Started process (PID=1324) to work on /opt/airflow/dags/weather_etl_dag.py
[2026-06-18T10:33:30.461+0000] {processor.py:830} INFO - Processing file /opt/airflow/dags/weather_etl_dag.py for tasks to queue
[2026-06-18T10:33:30.463+0000] {logging_mixin.py:188} INFO - [2026-06-18T10:33:30.463+0000] {dagbag.py:545} INFO - Filling up the DagBag from /opt/airflow/dags/weather_etl_dag.py
[2026-06-18T10:33:30.484+0000] {processor.py:840} INFO - DAG(s) 'weather_etl_pipeline' retrieved from /opt/airflow/dags/weather_etl_dag.py
[2026-06-18T10:33:30.512+0000] {logging_mixin.py:188} INFO - [2026-06-18T10:33:30.512+0000] {dag.py:3096} INFO - Sync 1 DAGs
[2026-06-18T10:33:30.536+0000] {logging_mixin.py:188} INFO - [2026-06-18T10:33:30.536+0000] {dag.py:3954} INFO - Setting next_dagrun for weather_etl_pipeline to 2026-06-17 00:00:00+00:00, run_after=2026-06-18 00:00:00+00:00
[2026-06-18T10:33:30.557+0000] {processor.py:183} INFO - Processing /opt/airflow/dags/weather_etl_dag.py took 0.102 seconds
[2026-06-18T10:33:40.648+0000] {processor.py:161} INFO - Started process (PID=1329) to work on /opt/airflow/dags/weather_etl_dag.py
[2026-06-18T10:33:40.649+0000] {processor.py:830} INFO - Processing file /opt/airflow/dags/weather_etl_dag.py for tasks to queue
[2026-06-18T10:33:40.651+0000] {logging_mixin.py:188} INFO - [2026-06-18T10:33:40.651+0000] {dagbag.py:545} INFO - Filling up the DagBag from /opt/airflow/dags/weather_etl_dag.py
[2026-06-18T10:33:40.673+0000] {processor.py:840} INFO - DAG(s) 'weather_etl_pipeline' retrieved from /opt/airflow/dags/weather_etl_dag.py
[2026-06-18T10:33:40.708+0000] {logging_mixin.py:188} INFO - [2026-06-18T10:33:40.707+0000] {dag.py:3096} INFO - Sync 1 DAGs
[2026-06-18T10:33:40.736+0000] {logging_mixin.py:188} INFO - [2026-06-18T10:33:40.736+0000] {dag.py:3954} INFO - Setting next_dagrun for weather_etl_pipeline to 2026-06-17 00:00:00+00:00, run_after=2026-06-18 00:00:00+00:00
[2026-06-18T10:33:40.901+0000] {processor.py:183} INFO - Processing /opt/airflow/dags/weather_etl_dag.py took 0.258 seconds
[2026-06-18T10:33:51.427+0000] {processor.py:161} INFO - Started process (PID=1334) to work on /opt/airflow/dags/weather_etl_dag.py
[2026-06-18T10:33:51.429+0000] {processor.py:830} INFO - Processing file /opt/airflow/dags/weather_etl_dag.py for tasks to queue
[2026-06-18T10:33:51.431+0000] {logging_mixin.py:188} INFO - [2026-06-18T10:33:51.431+0000] {dagbag.py:545} INFO - Filling up the DagBag from /opt/airflow/dags/weather_etl_dag.py
[2026-06-18T10:33:51.454+0000] {processor.py:840} INFO - DAG(s) 'weather_etl_pipeline' retrieved from /opt/airflow/dags/weather_etl_dag.py
[2026-06-18T10:33:51.493+0000] {logging_mixin.py:188} INFO - [2026-06-18T10:33:51.493+0000] {dag.py:3096} INFO - Sync 1 DAGs
[2026-06-18T10:33:51.694+0000] {logging_mixin.py:188} INFO - [2026-06-18T10:33:51.694+0000] {dag.py:3954} INFO - Setting next_dagrun for weather_etl_pipeline to 2026-06-17 00:00:00+00:00, run_after=2026-06-18 00:00:00+00:00
[2026-06-18T10:33:51.740+0000] {processor.py:183} INFO - Processing /opt/airflow/dags/weather_etl_dag.py took 0.319 seconds
[2026-06-18T10:34:01.831+0000] {processor.py:161} INFO - Started process (PID=1339) to work on /opt/airflow/dags/weather_etl_dag.py
[2026-06-18T10:34:01.832+0000] {processor.py:830} INFO - Processing file /opt/airflow/dags/weather_etl_dag.py for tasks to queue
[2026-06-18T10:34:01.835+0000] {logging_mixin.py:188} INFO - [2026-06-18T10:34:01.834+0000] {dagbag.py:545} INFO - Filling up the DagBag from /opt/airflow/dags/weather_etl_dag.py
[2026-06-18T10:34:01.855+0000] {processor.py:840} INFO - DAG(s) 'weather_etl_pipeline' retrieved from /opt/airflow/dags/weather_etl_dag.py
[2026-06-18T10:34:01.884+0000] {logging_mixin.py:188} INFO - [2026-06-18T10:34:01.883+0000] {dag.py:3096} INFO - Sync 1 DAGs
[2026-06-18T10:34:02.046+0000] {logging_mixin.py:188} INFO - [2026-06-18T10:34:02.046+0000] {dag.py:3954} INFO - Setting next_dagrun for weather_etl_pipeline to 2026-06-17 00:00:00+00:00, run_after=2026-06-18 00:00:00+00:00
[2026-06-18T10:34:02.071+0000] {processor.py:183} INFO - Processing /opt/airflow/dags/weather_etl_dag.py took 0.247 seconds
[2026-06-18T10:34:12.171+0000] {processor.py:161} INFO - Started process (PID=1344) to work on /opt/airflow/dags/weather_etl_dag.py
[2026-06-18T10:34:12.172+0000] {processor.py:830} INFO - Processing file /opt/airflow/dags/weather_etl_dag.py for tasks to queue
[2026-06-18T10:34:12.175+0000] {logging_mixin.py:188} INFO - [2026-06-18T10:34:12.175+0000] {dagbag.py:545} INFO - Filling up the DagBag from /opt/airflow/dags/weather_etl_dag.py
[2026-06-18T10:34:12.198+0000] {processor.py:840} INFO - DAG(s) 'weather_etl_pipeline' retrieved from /opt/airflow/dags/weather_etl_dag.py
[2026-06-18T10:34:12.227+0000] {logging_mixin.py:188} INFO - [2026-06-18T10:34:12.226+0000] {dag.py:3096} INFO - Sync 1 DAGs
[2026-06-18T10:34:12.406+0000] {logging_mixin.py:188} INFO - [2026-06-18T10:34:12.406+0000] {dag.py:3954} INFO - Setting next_dagrun for weather_etl_pipeline to 2026-06-17 00:00:00+00:00, run_after=2026-06-18 00:00:00+00:00
[2026-06-18T10:34:12.428+0000] {processor.py:183} INFO - Processing /opt/airflow/dags/weather_etl_dag.py took 0.264 seconds
[2026-06-18T10:34:24.271+0000] {processor.py:161} INFO - Started process (PID=1349) to work on /opt/airflow/dags/weather_etl_dag.py
[2026-06-18T10:34:24.272+0000] {processor.py:830} INFO - Processing file /opt/airflow/dags/weather_etl_dag.py for tasks to queue
[2026-06-18T10:34:24.275+0000] {logging_mixin.py:188} INFO - [2026-06-18T10:34:24.274+0000] {dagbag.py:545} INFO - Filling up the DagBag from /opt/airflow/dags/weather_etl_dag.py
[2026-06-18T10:34:24.298+0000] {processor.py:840} INFO - DAG(s) 'weather_etl_pipeline' retrieved from /opt/airflow/dags/weather_etl_dag.py
[2026-06-18T10:34:24.327+0000] {logging_mixin.py:188} INFO - [2026-06-18T10:34:24.326+0000] {dag.py:3096} INFO - Sync 1 DAGs
[2026-06-18T10:34:24.349+0000] {logging_mixin.py:188} INFO - [2026-06-18T10:34:24.349+0000] {dag.py:3954} INFO - Setting next_dagrun for weather_etl_pipeline to 2026-06-17 00:00:00+00:00, run_after=2026-06-18 00:00:00+00:00
[2026-06-18T10:34:24.371+0000] {processor.py:183} INFO - Processing /opt/airflow/dags/weather_etl_dag.py took 0.106 seconds
[2026-06-18T10:34:34.495+0000] {processor.py:161} INFO - Started process (PID=1354) to work on /opt/airflow/dags/weather_etl_dag.py
[2026-06-18T10:34:34.497+0000] {processor.py:830} INFO - Processing file /opt/airflow/dags/weather_etl_dag.py for tasks to queue
[2026-06-18T10:34:34.500+0000] {logging_mixin.py:188} INFO - [2026-06-18T10:34:34.499+0000] {dagbag.py:545} INFO - Filling up the DagBag from /opt/airflow/dags/weather_etl_dag.py
[2026-06-18T10:34:34.525+0000] {processor.py:840} INFO - DAG(s) 'weather_etl_pipeline' retrieved from /opt/airflow/dags/weather_etl_dag.py
[2026-06-18T10:34:34.555+0000] {logging_mixin.py:188} INFO - [2026-06-18T10:34:34.555+0000] {dag.py:3096} INFO - Sync 1 DAGs
[2026-06-18T10:34:34.580+0000] {logging_mixin.py:188} INFO - [2026-06-18T10:34:34.579+0000] {dag.py:3954} INFO - Setting next_dagrun for weather_etl_pipeline to 2026-06-17 00:00:00+00:00, run_after=2026-06-18 00:00:00+00:00
[2026-06-18T10:34:34.599+0000] {processor.py:183} INFO - Processing /opt/airflow/dags/weather_etl_dag.py took 0.113 seconds
[2026-06-18T10:34:44.686+0000] {processor.py:161} INFO - Started process (PID=1359) to work on /opt/airflow/dags/weather_etl_dag.py
[2026-06-18T10:34:44.687+0000] {processor.py:830} INFO - Processing file /opt/airflow/dags/weather_etl_dag.py for tasks to queue
[2026-06-18T10:34:44.690+0000] {logging_mixin.py:188} INFO - [2026-06-18T10:34:44.689+0000] {dagbag.py:545} INFO - Filling up the DagBag from /opt/airflow/dags/weather_etl_dag.py
[2026-06-18T10:34:44.713+0000] {processor.py:840} INFO - DAG(s) 'weather_etl_pipeline' retrieved from /opt/airflow/dags/weather_etl_dag.py
[2026-06-18T10:34:44.743+0000] {logging_mixin.py:188} INFO - [2026-06-18T10:34:44.743+0000] {dag.py:3096} INFO - Sync 1 DAGs
[2026-06-18T10:34:44.771+0000] {logging_mixin.py:188} INFO - [2026-06-18T10:34:44.771+0000] {dag.py:3954} INFO - Setting next_dagrun for weather_etl_pipeline to 2026-06-17 00:00:00+00:00, run_after=2026-06-18 00:00:00+00:00
[2026-06-18T10:34:44.795+0000] {processor.py:183} INFO - Processing /opt/airflow/dags/weather_etl_dag.py took 0.114 seconds
[2026-06-18T10:34:57.467+0000] {processor.py:161} INFO - Started process (PID=1364) to work on /opt/airflow/dags/weather_etl_dag.py
[2026-06-18T10:34:57.468+0000] {processor.py:830} INFO - Processing file /opt/airflow/dags/weather_etl_dag.py for tasks to queue
[2026-06-18T10:34:57.471+0000] {logging_mixin.py:188} INFO - [2026-06-18T10:34:57.471+0000] {dagbag.py:545} INFO - Filling up the DagBag from /opt/airflow/dags/weather_etl_dag.py
[2026-06-18T10:34:57.496+0000] {processor.py:840} INFO - DAG(s) 'weather_etl_pipeline' retrieved from /opt/airflow/dags/weather_etl_dag.py
[2026-06-18T10:34:57.541+0000] {logging_mixin.py:188} INFO - [2026-06-18T10:34:57.541+0000] {dag.py:3096} INFO - Sync 1 DAGs
[2026-06-18T10:34:57.568+0000] {logging_mixin.py:188} INFO - [2026-06-18T10:34:57.568+0000] {dag.py:3954} INFO - Setting next_dagrun for weather_etl_pipeline to 2026-06-17 00:00:00+00:00, run_after=2026-06-18 00:00:00+00:00
[2026-06-18T10:34:57.589+0000] {processor.py:183} INFO - Processing /opt/airflow/dags/weather_etl_dag.py took 0.128 seconds
[2026-06-18T10:35:07.656+0000] {processor.py:161} INFO - Started process (PID=1369) to work on /opt/airflow/dags/weather_etl_dag.py
[2026-06-18T10:35:07.657+0000] {processor.py:830} INFO - Processing file /opt/airflow/dags/weather_etl_dag.py for tasks to queue
[2026-06-18T10:35:07.660+0000] {logging_mixin.py:188} INFO - [2026-06-18T10:35:07.659+0000] {dagbag.py:545} INFO - Filling up the DagBag from /opt/airflow/dags/weather_etl_dag.py
[2026-06-18T10:35:07.684+0000] {processor.py:840} INFO - DAG(s) 'weather_etl_pipeline' retrieved from /opt/airflow/dags/weather_etl_dag.py
[2026-06-18T10:35:07.712+0000] {logging_mixin.py:188} INFO - [2026-06-18T10:35:07.712+0000] {dag.py:3096} INFO - Sync 1 DAGs
[2026-06-18T10:35:07.737+0000] {logging_mixin.py:188} INFO - [2026-06-18T10:35:07.736+0000] {dag.py:3954} INFO - Setting next_dagrun for weather_etl_pipeline to 2026-06-17 00:00:00+00:00, run_after=2026-06-18 00:00:00+00:00
[2026-06-18T10:35:07.758+0000] {processor.py:183} INFO - Processing /opt/airflow/dags/weather_etl_dag.py took 0.107 seconds
[2026-06-18T10:35:17.844+0000] {processor.py:161} INFO - Started process (PID=1374) to work on /opt/airflow/dags/weather_etl_dag.py
[2026-06-18T10:35:17.846+0000] {processor.py:830} INFO - Processing file /opt/airflow/dags/weather_etl_dag.py for tasks to queue
[2026-06-18T10:35:17.849+0000] {logging_mixin.py:188} INFO - [2026-06-18T10:35:17.848+0000] {dagbag.py:545} INFO - Filling up the DagBag from /opt/airflow/dags/weather_etl_dag.py
[2026-06-18T10:35:17.876+0000] {processor.py:840} INFO - DAG(s) 'weather_etl_pipeline' retrieved from /opt/airflow/dags/weather_etl_dag.py
[2026-06-18T10:35:17.911+0000] {logging_mixin.py:188} INFO - [2026-06-18T10:35:17.910+0000] {dag.py:3096} INFO - Sync 1 DAGs
[2026-06-18T10:35:17.935+0000] {logging_mixin.py:188} INFO - [2026-06-18T10:35:17.935+0000] {dag.py:3954} INFO - Setting next_dagrun for weather_etl_pipeline to 2026-06-17 00:00:00+00:00, run_after=2026-06-18 00:00:00+00:00
[2026-06-18T10:35:17.956+0000] {processor.py:183} INFO - Processing /opt/airflow/dags/weather_etl_dag.py took 0.119 seconds
[2026-06-18T10:35:29.656+0000] {processor.py:161} INFO - Started process (PID=1379) to work on /opt/airflow/dags/weather_etl_dag.py
[2026-06-18T10:35:29.658+0000] {processor.py:830} INFO - Processing file /opt/airflow/dags/weather_etl_dag.py for tasks to queue
[2026-06-18T10:35:29.662+0000] {logging_mixin.py:188} INFO - [2026-06-18T10:35:29.662+0000] {dagbag.py:545} INFO - Filling up the DagBag from /opt/airflow/dags/weather_etl_dag.py
[2026-06-18T10:35:29.688+0000] {processor.py:840} INFO - DAG(s) 'weather_etl_pipeline' retrieved from /opt/airflow/dags/weather_etl_dag.py
[2026-06-18T10:35:29.722+0000] {logging_mixin.py:188} INFO - [2026-06-18T10:35:29.722+0000] {dag.py:3096} INFO - Sync 1 DAGs
[2026-06-18T10:35:29.751+0000] {logging_mixin.py:188} INFO - [2026-06-18T10:35:29.751+0000] {dag.py:3954} INFO - Setting next_dagrun for weather_etl_pipeline to 2026-06-17 00:00:00+00:00, run_after=2026-06-18 00:00:00+00:00
[2026-06-18T10:35:29.776+0000] {processor.py:183} INFO - Processing /opt/airflow/dags/weather_etl_dag.py took 0.128 seconds
[2026-06-18T10:35:39.828+0000] {processor.py:161} INFO - Started process (PID=1384) to work on /opt/airflow/dags/weather_etl_dag.py
[2026-06-18T10:35:39.830+0000] {processor.py:830} INFO - Processing file /opt/airflow/dags/weather_etl_dag.py for tasks to queue
[2026-06-18T10:35:39.833+0000] {logging_mixin.py:188} INFO - [2026-06-18T10:35:39.832+0000] {dagbag.py:545} INFO - Filling up the DagBag from /opt/airflow/dags/weather_etl_dag.py
[2026-06-18T10:35:39.859+0000] {processor.py:840} INFO - DAG(s) 'weather_etl_pipeline' retrieved from /opt/airflow/dags/weather_etl_dag.py
[2026-06-18T10:35:39.893+0000] {logging_mixin.py:188} INFO - [2026-06-18T10:35:39.892+0000] {dag.py:3096} INFO - Sync 1 DAGs
[2026-06-18T10:35:39.923+0000] {logging_mixin.py:188} INFO - [2026-06-18T10:35:39.923+0000] {dag.py:3954} INFO - Setting next_dagrun for weather_etl_pipeline to 2026-06-17 00:00:00+00:00, run_after=2026-06-18 00:00:00+00:00
[2026-06-18T10:35:39.948+0000] {processor.py:183} INFO - Processing /opt/airflow/dags/weather_etl_dag.py took 0.125 seconds
[2026-06-18T10:35:50.049+0000] {processor.py:161} INFO - Started process (PID=1389) to work on /opt/airflow/dags/weather_etl_dag.py
[2026-06-18T10:35:50.051+0000] {processor.py:830} INFO - Processing file /opt/airflow/dags/weather_etl_dag.py for tasks to queue
[2026-06-18T10:35:50.054+0000] {logging_mixin.py:188} INFO - [2026-06-18T10:35:50.053+0000] {dagbag.py:545} INFO - Filling up the DagBag from /opt/airflow/dags/weather_etl_dag.py
[2026-06-18T10:35:50.082+0000] {processor.py:840} INFO - DAG(s) 'weather_etl_pipeline' retrieved from /opt/airflow/dags/weather_etl_dag.py
[2026-06-18T10:35:50.120+0000] {logging_mixin.py:188} INFO - [2026-06-18T10:35:50.119+0000] {dag.py:3096} INFO - Sync 1 DAGs
[2026-06-18T10:35:50.151+0000] {logging_mixin.py:188} INFO - [2026-06-18T10:35:50.151+0000] {dag.py:3954} INFO - Setting next_dagrun for weather_etl_pipeline to 2026-06-17 00:00:00+00:00, run_after=2026-06-18 00:00:00+00:00
[2026-06-18T10:35:50.332+0000] {processor.py:183} INFO - Processing /opt/airflow/dags/weather_etl_dag.py took 0.289 seconds
[2026-06-18T10:36:00.655+0000] {processor.py:161} INFO - Started process (PID=1394) to work on /opt/airflow/dags/weather_etl_dag.py
[2026-06-18T10:36:00.657+0000] {processor.py:830} INFO - Processing file /opt/airflow/dags/weather_etl_dag.py for tasks to queue
[2026-06-18T10:36:00.660+0000] {logging_mixin.py:188} INFO - [2026-06-18T10:36:00.660+0000] {dagbag.py:545} INFO - Filling up the DagBag from /opt/airflow/dags/weather_etl_dag.py
[2026-06-18T10:36:00.689+0000] {processor.py:840} INFO - DAG(s) 'weather_etl_pipeline' retrieved from /opt/airflow/dags/weather_etl_dag.py
[2026-06-18T10:36:00.731+0000] {logging_mixin.py:188} INFO - [2026-06-18T10:36:00.731+0000] {dag.py:3096} INFO - Sync 1 DAGs
[2026-06-18T10:36:00.950+0000] {logging_mixin.py:188} INFO - [2026-06-18T10:36:00.950+0000] {dag.py:3954} INFO - Setting next_dagrun for weather_etl_pipeline to 2026-06-17 00:00:00+00:00, run_after=2026-06-18 00:00:00+00:00
[2026-06-18T10:36:00.974+0000] {processor.py:183} INFO - Processing /opt/airflow/dags/weather_etl_dag.py took 0.328 seconds
[2026-06-18T10:36:11.038+0000] {processor.py:161} INFO - Started process (PID=1399) to work on /opt/airflow/dags/weather_etl_dag.py
[2026-06-18T10:36:11.040+0000] {processor.py:830} INFO - Processing file /opt/airflow/dags/weather_etl_dag.py for tasks to queue
[2026-06-18T10:36:11.043+0000] {logging_mixin.py:188} INFO - [2026-06-18T10:36:11.042+0000] {dagbag.py:545} INFO - Filling up the DagBag from /opt/airflow/dags/weather_etl_dag.py
[2026-06-18T10:36:11.094+0000] {processor.py:840} INFO - DAG(s) 'weather_etl_pipeline' retrieved from /opt/airflow/dags/weather_etl_dag.py
[2026-06-18T10:36:11.134+0000] {logging_mixin.py:188} INFO - [2026-06-18T10:36:11.134+0000] {dag.py:3096} INFO - Sync 1 DAGs
[2026-06-18T10:36:11.332+0000] {logging_mixin.py:188} INFO - [2026-06-18T10:36:11.332+0000] {dag.py:3954} INFO - Setting next_dagrun for weather_etl_pipeline to 2026-06-17 00:00:00+00:00, run_after=2026-06-18 00:00:00+00:00
[2026-06-18T10:36:11.358+0000] {processor.py:183} INFO - Processing /opt/airflow/dags/weather_etl_dag.py took 0.328 seconds
[2026-06-18T10:36:21.488+0000] {processor.py:161} INFO - Started process (PID=1404) to work on /opt/airflow/dags/weather_etl_dag.py
[2026-06-18T10:36:21.489+0000] {processor.py:830} INFO - Processing file /opt/airflow/dags/weather_etl_dag.py for tasks to queue
[2026-06-18T10:36:21.491+0000] {logging_mixin.py:188} INFO - [2026-06-18T10:36:21.491+0000] {dagbag.py:545} INFO - Filling up the DagBag from /opt/airflow/dags/weather_etl_dag.py
[2026-06-18T10:36:21.511+0000] {processor.py:840} INFO - DAG(s) 'weather_etl_pipeline' retrieved from /opt/airflow/dags/weather_etl_dag.py
[2026-06-18T10:36:21.537+0000] {logging_mixin.py:188} INFO - [2026-06-18T10:36:21.537+0000] {dag.py:3096} INFO - Sync 1 DAGs
[2026-06-18T10:36:21.687+0000] {logging_mixin.py:188} INFO - [2026-06-18T10:36:21.687+0000] {dag.py:3954} INFO - Setting next_dagrun for weather_etl_pipeline to 2026-06-17 00:00:00+00:00, run_after=2026-06-18 00:00:00+00:00
[2026-06-18T10:36:21.711+0000] {processor.py:183} INFO - Processing /opt/airflow/dags/weather_etl_dag.py took 0.229 seconds
[2026-06-18T10:36:31.871+0000] {processor.py:161} INFO - Started process (PID=1409) to work on /opt/airflow/dags/weather_etl_dag.py
[2026-06-18T10:36:31.873+0000] {processor.py:830} INFO - Processing file /opt/airflow/dags/weather_etl_dag.py for tasks to queue
[2026-06-18T10:36:31.876+0000] {logging_mixin.py:188} INFO - [2026-06-18T10:36:31.876+0000] {dagbag.py:545} INFO - Filling up the DagBag from /opt/airflow/dags/weather_etl_dag.py
[2026-06-18T10:36:31.904+0000] {processor.py:840} INFO - DAG(s) 'weather_etl_pipeline' retrieved from /opt/airflow/dags/weather_etl_dag.py
[2026-06-18T10:36:31.959+0000] {logging_mixin.py:188} INFO - [2026-06-18T10:36:31.959+0000] {dag.py:3096} INFO - Sync 1 DAGs
[2026-06-18T10:36:32.175+0000] {logging_mixin.py:188} INFO - [2026-06-18T10:36:32.175+0000] {dag.py:3954} INFO - Setting next_dagrun for weather_etl_pipeline to 2026-06-17 00:00:00+00:00, run_after=2026-06-18 00:00:00+00:00
[2026-06-18T10:36:32.201+0000] {processor.py:183} INFO - Processing /opt/airflow/dags/weather_etl_dag.py took 0.339 seconds
[2026-06-18T10:36:42.328+0000] {processor.py:161} INFO - Started process (PID=1414) to work on /opt/airflow/dags/weather_etl_dag.py
[2026-06-18T10:36:42.330+0000] {processor.py:830} INFO - Processing file /opt/airflow/dags/weather_etl_dag.py for tasks to queue
[2026-06-18T10:36:42.333+0000] {logging_mixin.py:188} INFO - [2026-06-18T10:36:42.332+0000] {dagbag.py:545} INFO - Filling up the DagBag from /opt/airflow/dags/weather_etl_dag.py
[2026-06-18T10:36:42.364+0000] {processor.py:840} INFO - DAG(s) 'weather_etl_pipeline' retrieved from /opt/airflow/dags/weather_etl_dag.py
[2026-06-18T10:36:42.572+0000] {logging_mixin.py:188} INFO - [2026-06-18T10:36:42.571+0000] {dag.py:3096} INFO - Sync 1 DAGs
[2026-06-18T10:36:42.600+0000] {logging_mixin.py:188} INFO - [2026-06-18T10:36:42.600+0000] {dag.py:3954} INFO - Setting next_dagrun for weather_etl_pipeline to 2026-06-17 00:00:00+00:00, run_after=2026-06-18 00:00:00+00:00
[2026-06-18T10:36:42.625+0000] {processor.py:183} INFO - Processing /opt/airflow/dags/weather_etl_dag.py took 0.305 seconds
[2026-06-18T10:36:52.758+0000] {processor.py:161} INFO - Started process (PID=1419) to work on /opt/airflow/dags/weather_etl_dag.py
[2026-06-18T10:36:52.759+0000] {processor.py:830} INFO - Processing file /opt/airflow/dags/weather_etl_dag.py for tasks to queue
[2026-06-18T10:36:52.762+0000] {logging_mixin.py:188} INFO - [2026-06-18T10:36:52.762+0000] {dagbag.py:545} INFO - Filling up the DagBag from /opt/airflow/dags/weather_etl_dag.py
[2026-06-18T10:36:52.786+0000] {processor.py:840} INFO - DAG(s) 'weather_etl_pipeline' retrieved from /opt/airflow/dags/weather_etl_dag.py
[2026-06-18T10:36:52.816+0000] {logging_mixin.py:188} INFO - [2026-06-18T10:36:52.816+0000] {dag.py:3096} INFO - Sync 1 DAGs
[2026-06-18T10:36:52.841+0000] {logging_mixin.py:188} INFO - [2026-06-18T10:36:52.841+0000] {dag.py:3954} INFO - Setting next_dagrun for weather_etl_pipeline to 2026-06-17 00:00:00+00:00, run_after=2026-06-18 00:00:00+00:00
[2026-06-18T10:36:52.864+0000] {processor.py:183} INFO - Processing /opt/airflow/dags/weather_etl_dag.py took 0.114 seconds
[2026-06-18T10:37:03.687+0000] {processor.py:161} INFO - Started process (PID=1424) to work on /opt/airflow/dags/weather_etl_dag.py
[2026-06-18T10:37:03.689+0000] {processor.py:830} INFO - Processing file /opt/airflow/dags/weather_etl_dag.py for tasks to queue
[2026-06-18T10:37:03.692+0000] {logging_mixin.py:188} INFO - [2026-06-18T10:37:03.692+0000] {dagbag.py:545} INFO - Filling up the DagBag from /opt/airflow/dags/weather_etl_dag.py
[2026-06-18T10:37:03.723+0000] {processor.py:840} INFO - DAG(s) 'weather_etl_pipeline' retrieved from /opt/airflow/dags/weather_etl_dag.py
[2026-06-18T10:37:03.763+0000] {logging_mixin.py:188} INFO - [2026-06-18T10:37:03.763+0000] {dag.py:3096} INFO - Sync 1 DAGs
[2026-06-18T10:37:03.797+0000] {logging_mixin.py:188} INFO - [2026-06-18T10:37:03.796+0000] {dag.py:3954} INFO - Setting next_dagrun for weather_etl_pipeline to 2026-06-17 00:00:00+00:00, run_after=2026-06-18 00:00:00+00:00
[2026-06-18T10:37:03.820+0000] {processor.py:183} INFO - Processing /opt/airflow/dags/weather_etl_dag.py took 0.140 seconds
[2026-06-18T10:37:14.007+0000] {processor.py:161} INFO - Started process (PID=1429) to work on /opt/airflow/dags/weather_etl_dag.py
[2026-06-18T10:37:14.009+0000] {processor.py:830} INFO - Processing file /opt/airflow/dags/weather_etl_dag.py for tasks to queue
[2026-06-18T10:37:14.013+0000] {logging_mixin.py:188} INFO - [2026-06-18T10:37:14.012+0000] {dagbag.py:545} INFO - Filling up the DagBag from /opt/airflow/dags/weather_etl_dag.py
[2026-06-18T10:37:14.042+0000] {processor.py:840} INFO - DAG(s) 'weather_etl_pipeline' retrieved from /opt/airflow/dags/weather_etl_dag.py
[2026-06-18T10:37:14.081+0000] {logging_mixin.py:188} INFO - [2026-06-18T10:37:14.080+0000] {dag.py:3096} INFO - Sync 1 DAGs
[2026-06-18T10:37:14.111+0000] {logging_mixin.py:188} INFO - [2026-06-18T10:37:14.111+0000] {dag.py:3954} INFO - Setting next_dagrun for weather_etl_pipeline to 2026-06-17 00:00:00+00:00, run_after=2026-06-18 00:00:00+00:00
[2026-06-18T10:37:14.137+0000] {processor.py:183} INFO - Processing /opt/airflow/dags/weather_etl_dag.py took 0.137 seconds
[2026-06-18T10:37:24.250+0000] {processor.py:161} INFO - Started process (PID=1434) to work on /opt/airflow/dags/weather_etl_dag.py
[2026-06-18T10:37:24.252+0000] {processor.py:830} INFO - Processing file /opt/airflow/dags/weather_etl_dag.py for tasks to queue
[2026-06-18T10:37:24.255+0000] {logging_mixin.py:188} INFO - [2026-06-18T10:37:24.255+0000] {dagbag.py:545} INFO - Filling up the DagBag from /opt/airflow/dags/weather_etl_dag.py
[2026-06-18T10:37:24.282+0000] {processor.py:840} INFO - DAG(s) 'weather_etl_pipeline' retrieved from /opt/airflow/dags/weather_etl_dag.py
[2026-06-18T10:37:24.318+0000] {logging_mixin.py:188} INFO - [2026-06-18T10:37:24.318+0000] {dag.py:3096} INFO - Sync 1 DAGs
[2026-06-18T10:37:24.346+0000] {logging_mixin.py:188} INFO - [2026-06-18T10:37:24.346+0000] {dag.py:3954} INFO - Setting next_dagrun for weather_etl_pipeline to 2026-06-17 00:00:00+00:00, run_after=2026-06-18 00:00:00+00:00
[2026-06-18T10:37:24.374+0000] {processor.py:183} INFO - Processing /opt/airflow/dags/weather_etl_dag.py took 0.133 seconds
[2026-06-18T10:37:35.055+0000] {processor.py:161} INFO - Started process (PID=1439) to work on /opt/airflow/dags/weather_etl_dag.py
[2026-06-18T10:37:35.056+0000] {processor.py:830} INFO - Processing file /opt/airflow/dags/weather_etl_dag.py for tasks to queue
[2026-06-18T10:37:35.058+0000] {logging_mixin.py:188} INFO - [2026-06-18T10:37:35.058+0000] {dagbag.py:545} INFO - Filling up the DagBag from /opt/airflow/dags/weather_etl_dag.py
[2026-06-18T10:37:35.080+0000] {processor.py:840} INFO - DAG(s) 'weather_etl_pipeline' retrieved from /opt/airflow/dags/weather_etl_dag.py
[2026-06-18T10:37:35.113+0000] {logging_mixin.py:188} INFO - [2026-06-18T10:37:35.113+0000] {dag.py:3096} INFO - Sync 1 DAGs
[2026-06-18T10:37:35.141+0000] {logging_mixin.py:188} INFO - [2026-06-18T10:37:35.141+0000] {dag.py:3954} INFO - Setting next_dagrun for weather_etl_pipeline to 2026-06-17 00:00:00+00:00, run_after=2026-06-18 00:00:00+00:00
[2026-06-18T10:37:35.164+0000] {processor.py:183} INFO - Processing /opt/airflow/dags/weather_etl_dag.py took 0.116 seconds
[2026-06-18T10:37:45.248+0000] {processor.py:161} INFO - Started process (PID=1444) to work on /opt/airflow/dags/weather_etl_dag.py
[2026-06-18T10:37:45.250+0000] {processor.py:830} INFO - Processing file /opt/airflow/dags/weather_etl_dag.py for tasks to queue
[2026-06-18T10:37:45.253+0000] {logging_mixin.py:188} INFO - [2026-06-18T10:37:45.253+0000] {dagbag.py:545} INFO - Filling up the DagBag from /opt/airflow/dags/weather_etl_dag.py
[2026-06-18T10:37:45.276+0000] {processor.py:840} INFO - DAG(s) 'weather_etl_pipeline' retrieved from /opt/airflow/dags/weather_etl_dag.py
[2026-06-18T10:37:45.305+0000] {logging_mixin.py:188} INFO - [2026-06-18T10:37:45.305+0000] {dag.py:3096} INFO - Sync 1 DAGs
[2026-06-18T10:37:45.327+0000] {logging_mixin.py:188} INFO - [2026-06-18T10:37:45.327+0000] {dag.py:3954} INFO - Setting next_dagrun for weather_etl_pipeline to 2026-06-17 00:00:00+00:00, run_after=2026-06-18 00:00:00+00:00
[2026-06-18T10:37:45.349+0000] {processor.py:183} INFO - Processing /opt/airflow/dags/weather_etl_dag.py took 0.118 seconds
[2026-06-18T10:37:55.464+0000] {processor.py:161} INFO - Started process (PID=1449) to work on /opt/airflow/dags/weather_etl_dag.py
[2026-06-18T10:37:55.466+0000] {processor.py:830} INFO - Processing file /opt/airflow/dags/weather_etl_dag.py for tasks to queue
[2026-06-18T10:37:55.470+0000] {logging_mixin.py:188} INFO - [2026-06-18T10:37:55.469+0000] {dagbag.py:545} INFO - Filling up the DagBag from /opt/airflow/dags/weather_etl_dag.py
[2026-06-18T10:37:55.509+0000] {processor.py:840} INFO - DAG(s) 'weather_etl_pipeline' retrieved from /opt/airflow/dags/weather_etl_dag.py
[2026-06-18T10:37:55.552+0000] {logging_mixin.py:188} INFO - [2026-06-18T10:37:55.552+0000] {dag.py:3096} INFO - Sync 1 DAGs
[2026-06-18T10:37:55.602+0000] {logging_mixin.py:188} INFO - [2026-06-18T10:37:55.602+0000] {dag.py:3954} INFO - Setting next_dagrun for weather_etl_pipeline to 2026-06-17 00:00:00+00:00, run_after=2026-06-18 00:00:00+00:00
[2026-06-18T10:37:55.801+0000] {processor.py:183} INFO - Processing /opt/airflow/dags/weather_etl_dag.py took 0.347 seconds
[2026-06-18T10:38:06.218+0000] {processor.py:161} INFO - Started process (PID=1454) to work on /opt/airflow/dags/weather_etl_dag.py
[2026-06-18T10:38:06.219+0000] {processor.py:830} INFO - Processing file /opt/airflow/dags/weather_etl_dag.py for tasks to queue
[2026-06-18T10:38:06.223+0000] {logging_mixin.py:188} INFO - [2026-06-18T10:38:06.223+0000] {dagbag.py:545} INFO - Filling up the DagBag from /opt/airflow/dags/weather_etl_dag.py
[2026-06-18T10:38:06.247+0000] {processor.py:840} INFO - DAG(s) 'weather_etl_pipeline' retrieved from /opt/airflow/dags/weather_etl_dag.py
[2026-06-18T10:38:06.291+0000] {logging_mixin.py:188} INFO - [2026-06-18T10:38:06.291+0000] {dag.py:3096} INFO - Sync 1 DAGs
[2026-06-18T10:38:06.466+0000] {logging_mixin.py:188} INFO - [2026-06-18T10:38:06.465+0000] {dag.py:3954} INFO - Setting next_dagrun for weather_etl_pipeline to 2026-06-17 00:00:00+00:00, run_after=2026-06-18 00:00:00+00:00
[2026-06-18T10:38:06.491+0000] {processor.py:183} INFO - Processing /opt/airflow/dags/weather_etl_dag.py took 0.280 seconds
[2026-06-18T10:38:16.590+0000] {processor.py:161} INFO - Started process (PID=1459) to work on /opt/airflow/dags/weather_etl_dag.py
[2026-06-18T10:38:16.592+0000] {processor.py:830} INFO - Processing file /opt/airflow/dags/weather_etl_dag.py for tasks to queue
[2026-06-18T10:38:16.594+0000] {logging_mixin.py:188} INFO - [2026-06-18T10:38:16.594+0000] {dagbag.py:545} INFO - Filling up the DagBag from /opt/airflow/dags/weather_etl_dag.py
[2026-06-18T10:38:16.616+0000] {processor.py:840} INFO - DAG(s) 'weather_etl_pipeline' retrieved from /opt/airflow/dags/weather_etl_dag.py
[2026-06-18T10:38:16.648+0000] {logging_mixin.py:188} INFO - [2026-06-18T10:38:16.647+0000] {dag.py:3096} INFO - Sync 1 DAGs
[2026-06-18T10:38:16.823+0000] {logging_mixin.py:188} INFO - [2026-06-18T10:38:16.822+0000] {dag.py:3954} INFO - Setting next_dagrun for weather_etl_pipeline to 2026-06-17 00:00:00+00:00, run_after=2026-06-18 00:00:00+00:00
[2026-06-18T10:38:16.848+0000] {processor.py:183} INFO - Processing /opt/airflow/dags/weather_etl_dag.py took 0.264 seconds
[2026-06-18T10:38:26.951+0000] {processor.py:161} INFO - Started process (PID=1464) to work on /opt/airflow/dags/weather_etl_dag.py
[2026-06-18T10:38:26.952+0000] {processor.py:830} INFO - Processing file /opt/airflow/dags/weather_etl_dag.py for tasks to queue
[2026-06-18T10:38:26.955+0000] {logging_mixin.py:188} INFO - [2026-06-18T10:38:26.954+0000] {dagbag.py:545} INFO - Filling up the DagBag from /opt/airflow/dags/weather_etl_dag.py
[2026-06-18T10:38:26.979+0000] {processor.py:840} INFO - DAG(s) 'weather_etl_pipeline' retrieved from /opt/airflow/dags/weather_etl_dag.py
[2026-06-18T10:38:27.008+0000] {logging_mixin.py:188} INFO - [2026-06-18T10:38:27.008+0000] {dag.py:3096} INFO - Sync 1 DAGs
[2026-06-18T10:38:27.178+0000] {logging_mixin.py:188} INFO - [2026-06-18T10:38:27.178+0000] {dag.py:3954} INFO - Setting next_dagrun for weather_etl_pipeline to 2026-06-17 00:00:00+00:00, run_after=2026-06-18 00:00:00+00:00
[2026-06-18T10:38:27.260+0000] {processor.py:183} INFO - Processing /opt/airflow/dags/weather_etl_dag.py took 0.314 seconds
[2026-06-18T10:38:38.742+0000] {processor.py:161} INFO - Started process (PID=1469) to work on /opt/airflow/dags/weather_etl_dag.py
[2026-06-18T10:38:38.744+0000] {processor.py:830} INFO - Processing file /opt/airflow/dags/weather_etl_dag.py for tasks to queue
[2026-06-18T10:38:38.746+0000] {logging_mixin.py:188} INFO - [2026-06-18T10:38:38.746+0000] {dagbag.py:545} INFO - Filling up the DagBag from /opt/airflow/dags/weather_etl_dag.py
[2026-06-18T10:38:38.768+0000] {processor.py:840} INFO - DAG(s) 'weather_etl_pipeline' retrieved from /opt/airflow/dags/weather_etl_dag.py
[2026-06-18T10:38:38.798+0000] {logging_mixin.py:188} INFO - [2026-06-18T10:38:38.798+0000] {dag.py:3096} INFO - Sync 1 DAGs
[2026-06-18T10:38:38.962+0000] {logging_mixin.py:188} INFO - [2026-06-18T10:38:38.962+0000] {dag.py:3954} INFO - Setting next_dagrun for weather_etl_pipeline to 2026-06-17 00:00:00+00:00, run_after=2026-06-18 00:00:00+00:00
[2026-06-18T10:38:38.985+0000] {processor.py:183} INFO - Processing /opt/airflow/dags/weather_etl_dag.py took 0.249 seconds
[2026-06-18T10:38:49.110+0000] {processor.py:161} INFO - Started process (PID=1474) to work on /opt/airflow/dags/weather_etl_dag.py
[2026-06-18T10:38:49.111+0000] {processor.py:830} INFO - Processing file /opt/airflow/dags/weather_etl_dag.py for tasks to queue
[2026-06-18T10:38:49.115+0000] {logging_mixin.py:188} INFO - [2026-06-18T10:38:49.114+0000] {dagbag.py:545} INFO - Filling up the DagBag from /opt/airflow/dags/weather_etl_dag.py
[2026-06-18T10:38:49.141+0000] {processor.py:840} INFO - DAG(s) 'weather_etl_pipeline' retrieved from /opt/airflow/dags/weather_etl_dag.py
[2026-06-18T10:38:49.327+0000] {logging_mixin.py:188} INFO - [2026-06-18T10:38:49.327+0000] {dag.py:3096} INFO - Sync 1 DAGs
[2026-06-18T10:38:49.361+0000] {logging_mixin.py:188} INFO - [2026-06-18T10:38:49.361+0000] {dag.py:3954} INFO - Setting next_dagrun for weather_etl_pipeline to 2026-06-17 00:00:00+00:00, run_after=2026-06-18 00:00:00+00:00
[2026-06-18T10:38:49.387+0000] {processor.py:183} INFO - Processing /opt/airflow/dags/weather_etl_dag.py took 0.285 seconds
[2026-06-18T10:38:59.493+0000] {processor.py:161} INFO - Started process (PID=1479) to work on /opt/airflow/dags/weather_etl_dag.py
[2026-06-18T10:38:59.494+0000] {processor.py:830} INFO - Processing file /opt/airflow/dags/weather_etl_dag.py for tasks to queue
[2026-06-18T10:38:59.497+0000] {logging_mixin.py:188} INFO - [2026-06-18T10:38:59.496+0000] {dagbag.py:545} INFO - Filling up the DagBag from /opt/airflow/dags/weather_etl_dag.py
[2026-06-18T10:38:59.521+0000] {processor.py:840} INFO - DAG(s) 'weather_etl_pipeline' retrieved from /opt/airflow/dags/weather_etl_dag.py
[2026-06-18T10:38:59.701+0000] {logging_mixin.py:188} INFO - [2026-06-18T10:38:59.701+0000] {dag.py:3096} INFO - Sync 1 DAGs
[2026-06-18T10:38:59.731+0000] {logging_mixin.py:188} INFO - [2026-06-18T10:38:59.730+0000] {dag.py:3954} INFO - Setting next_dagrun for weather_etl_pipeline to 2026-06-17 00:00:00+00:00, run_after=2026-06-18 00:00:00+00:00
[2026-06-18T10:38:59.757+0000] {processor.py:183} INFO - Processing /opt/airflow/dags/weather_etl_dag.py took 0.272 seconds
[2026-06-18T10:39:11.280+0000] {processor.py:161} INFO - Started process (PID=1484) to work on /opt/airflow/dags/weather_etl_dag.py
[2026-06-18T10:39:11.282+0000] {processor.py:830} INFO - Processing file /opt/airflow/dags/weather_etl_dag.py for tasks to queue
[2026-06-18T10:39:11.285+0000] {logging_mixin.py:188} INFO - [2026-06-18T10:39:11.284+0000] {dagbag.py:545} INFO - Filling up the DagBag from /opt/airflow/dags/weather_etl_dag.py
[2026-06-18T10:39:11.462+0000] {processor.py:840} INFO - DAG(s) 'weather_etl_pipeline' retrieved from /opt/airflow/dags/weather_etl_dag.py
[2026-06-18T10:39:11.494+0000] {logging_mixin.py:188} INFO - [2026-06-18T10:39:11.494+0000] {dag.py:3096} INFO - Sync 1 DAGs
[2026-06-18T10:39:11.518+0000] {logging_mixin.py:188} INFO - [2026-06-18T10:39:11.518+0000] {dag.py:3954} INFO - Setting next_dagrun for weather_etl_pipeline to 2026-06-17 00:00:00+00:00, run_after=2026-06-18 00:00:00+00:00
[2026-06-18T10:39:11.540+0000] {processor.py:183} INFO - Processing /opt/airflow/dags/weather_etl_dag.py took 0.269 seconds
[2026-06-18T10:39:21.819+0000] {processor.py:161} INFO - Started process (PID=1489) to work on /opt/airflow/dags/weather_etl_dag.py
[2026-06-18T10:39:21.820+0000] {processor.py:830} INFO - Processing file /opt/airflow/dags/weather_etl_dag.py for tasks to queue
[2026-06-18T10:39:21.823+0000] {logging_mixin.py:188} INFO - [2026-06-18T10:39:21.823+0000] {dagbag.py:545} INFO - Filling up the DagBag from /opt/airflow/dags/weather_etl_dag.py
[2026-06-18T10:39:21.851+0000] {processor.py:840} INFO - DAG(s) 'weather_etl_pipeline' retrieved from /opt/airflow/dags/weather_etl_dag.py
[2026-06-18T10:39:21.881+0000] {logging_mixin.py:188} INFO - [2026-06-18T10:39:21.881+0000] {dag.py:3096} INFO - Sync 1 DAGs
[2026-06-18T10:39:21.908+0000] {logging_mixin.py:188} INFO - [2026-06-18T10:39:21.908+0000] {dag.py:3954} INFO - Setting next_dagrun for weather_etl_pipeline to 2026-06-17 00:00:00+00:00, run_after=2026-06-18 00:00:00+00:00
[2026-06-18T10:39:21.933+0000] {processor.py:183} INFO - Processing /opt/airflow/dags/weather_etl_dag.py took 0.121 seconds
[2026-06-18T10:39:32.020+0000] {processor.py:161} INFO - Started process (PID=1494) to work on /opt/airflow/dags/weather_etl_dag.py
[2026-06-18T10:39:32.021+0000] {processor.py:830} INFO - Processing file /opt/airflow/dags/weather_etl_dag.py for tasks to queue
[2026-06-18T10:39:32.024+0000] {logging_mixin.py:188} INFO - [2026-06-18T10:39:32.024+0000] {dagbag.py:545} INFO - Filling up the DagBag from /opt/airflow/dags/weather_etl_dag.py
[2026-06-18T10:39:32.046+0000] {processor.py:840} INFO - DAG(s) 'weather_etl_pipeline' retrieved from /opt/airflow/dags/weather_etl_dag.py
[2026-06-18T10:39:32.076+0000] {logging_mixin.py:188} INFO - [2026-06-18T10:39:32.076+0000] {dag.py:3096} INFO - Sync 1 DAGs
[2026-06-18T10:39:32.102+0000] {logging_mixin.py:188} INFO - [2026-06-18T10:39:32.102+0000] {dag.py:3954} INFO - Setting next_dagrun for weather_etl_pipeline to 2026-06-17 00:00:00+00:00, run_after=2026-06-18 00:00:00+00:00
[2026-06-18T10:39:32.125+0000] {processor.py:183} INFO - Processing /opt/airflow/dags/weather_etl_dag.py took 0.111 seconds
[2026-06-18T10:39:43.823+0000] {processor.py:161} INFO - Started process (PID=1499) to work on /opt/airflow/dags/weather_etl_dag.py
[2026-06-18T10:39:43.825+0000] {processor.py:830} INFO - Processing file /opt/airflow/dags/weather_etl_dag.py for tasks to queue
[2026-06-18T10:39:43.827+0000] {logging_mixin.py:188} INFO - [2026-06-18T10:39:43.827+0000] {dagbag.py:545} INFO - Filling up the DagBag from /opt/airflow/dags/weather_etl_dag.py
[2026-06-18T10:39:43.850+0000] {processor.py:840} INFO - DAG(s) 'weather_etl_pipeline' retrieved from /opt/airflow/dags/weather_etl_dag.py
[2026-06-18T10:39:43.879+0000] {logging_mixin.py:188} INFO - [2026-06-18T10:39:43.879+0000] {dag.py:3096} INFO - Sync 1 DAGs
[2026-06-18T10:39:43.905+0000] {logging_mixin.py:188} INFO - [2026-06-18T10:39:43.905+0000] {dag.py:3954} INFO - Setting next_dagrun for weather_etl_pipeline to 2026-06-17 00:00:00+00:00, run_after=2026-06-18 00:00:00+00:00
[2026-06-18T10:39:43.927+0000] {processor.py:183} INFO - Processing /opt/airflow/dags/weather_etl_dag.py took 0.111 seconds
[2026-06-18T10:39:54.022+0000] {processor.py:161} INFO - Started process (PID=1504) to work on /opt/airflow/dags/weather_etl_dag.py
[2026-06-18T10:39:54.024+0000] {processor.py:830} INFO - Processing file /opt/airflow/dags/weather_etl_dag.py for tasks to queue
[2026-06-18T10:39:54.027+0000] {logging_mixin.py:188} INFO - [2026-06-18T10:39:54.027+0000] {dagbag.py:545} INFO - Filling up the DagBag from /opt/airflow/dags/weather_etl_dag.py
[2026-06-18T10:39:54.065+0000] {processor.py:840} INFO - DAG(s) 'weather_etl_pipeline' retrieved from /opt/airflow/dags/weather_etl_dag.py
[2026-06-18T10:39:54.120+0000] {logging_mixin.py:188} INFO - [2026-06-18T10:39:54.119+0000] {dag.py:3096} INFO - Sync 1 DAGs
[2026-06-18T10:39:54.157+0000] {logging_mixin.py:188} INFO - [2026-06-18T10:39:54.157+0000] {dag.py:3954} INFO - Setting next_dagrun for weather_etl_pipeline to 2026-06-17 00:00:00+00:00, run_after=2026-06-18 00:00:00+00:00
[2026-06-18T10:39:54.192+0000] {processor.py:183} INFO - Processing /opt/airflow/dags/weather_etl_dag.py took 0.179 seconds
[2026-06-18T10:40:04.288+0000] {processor.py:161} INFO - Started process (PID=1509) to work on /opt/airflow/dags/weather_etl_dag.py
[2026-06-18T10:40:04.290+0000] {processor.py:830} INFO - Processing file /opt/airflow/dags/weather_etl_dag.py for tasks to queue
[2026-06-18T10:40:04.293+0000] {logging_mixin.py:188} INFO - [2026-06-18T10:40:04.292+0000] {dagbag.py:545} INFO - Filling up the DagBag from /opt/airflow/dags/weather_etl_dag.py
[2026-06-18T10:40:04.317+0000] {processor.py:840} INFO - DAG(s) 'weather_etl_pipeline' retrieved from /opt/airflow/dags/weather_etl_dag.py
[2026-06-18T10:40:04.354+0000] {logging_mixin.py:188} INFO - [2026-06-18T10:40:04.354+0000] {dag.py:3096} INFO - Sync 1 DAGs
[2026-06-18T10:40:04.385+0000] {logging_mixin.py:188} INFO - [2026-06-18T10:40:04.384+0000] {dag.py:3954} INFO - Setting next_dagrun for weather_etl_pipeline to 2026-06-17 00:00:00+00:00, run_after=2026-06-18 00:00:00+00:00
[2026-06-18T10:40:04.416+0000] {processor.py:183} INFO - Processing /opt/airflow/dags/weather_etl_dag.py took 0.136 seconds
[2026-06-18T10:40:17.125+0000] {processor.py:161} INFO - Started process (PID=1514) to work on /opt/airflow/dags/weather_etl_dag.py
[2026-06-18T10:40:17.129+0000] {processor.py:830} INFO - Processing file /opt/airflow/dags/weather_etl_dag.py for tasks to queue
[2026-06-18T10:40:17.135+0000] {logging_mixin.py:188} INFO - [2026-06-18T10:40:17.134+0000] {dagbag.py:545} INFO - Filling up the DagBag from /opt/airflow/dags/weather_etl_dag.py
[2026-06-18T10:40:17.185+0000] {processor.py:840} INFO - DAG(s) 'weather_etl_pipeline' retrieved from /opt/airflow/dags/weather_etl_dag.py
[2026-06-18T10:40:17.249+0000] {logging_mixin.py:188} INFO - [2026-06-18T10:40:17.248+0000] {dag.py:3096} INFO - Sync 1 DAGs
[2026-06-18T10:40:17.299+0000] {logging_mixin.py:188} INFO - [2026-06-18T10:40:17.298+0000] {dag.py:3954} INFO - Setting next_dagrun for weather_etl_pipeline to 2026-06-17 00:00:00+00:00, run_after=2026-06-18 00:00:00+00:00
[2026-06-18T10:40:17.341+0000] {processor.py:183} INFO - Processing /opt/airflow/dags/weather_etl_dag.py took 0.231 seconds
[2026-06-18T10:40:27.463+0000] {processor.py:161} INFO - Started process (PID=1519) to work on /opt/airflow/dags/weather_etl_dag.py
[2026-06-18T10:40:27.464+0000] {processor.py:830} INFO - Processing file /opt/airflow/dags/weather_etl_dag.py for tasks to queue
[2026-06-18T10:40:27.467+0000] {logging_mixin.py:188} INFO - [2026-06-18T10:40:27.466+0000] {dagbag.py:545} INFO - Filling up the DagBag from /opt/airflow/dags/weather_etl_dag.py
[2026-06-18T10:40:27.490+0000] {processor.py:840} INFO - DAG(s) 'weather_etl_pipeline' retrieved from /opt/airflow/dags/weather_etl_dag.py
[2026-06-18T10:40:27.525+0000] {logging_mixin.py:188} INFO - [2026-06-18T10:40:27.525+0000] {dag.py:3096} INFO - Sync 1 DAGs
[2026-06-18T10:40:27.556+0000] {logging_mixin.py:188} INFO - [2026-06-18T10:40:27.556+0000] {dag.py:3954} INFO - Setting next_dagrun for weather_etl_pipeline to 2026-06-17 00:00:00+00:00, run_after=2026-06-18 00:00:00+00:00
[2026-06-18T10:40:27.580+0000] {processor.py:183} INFO - Processing /opt/airflow/dags/weather_etl_dag.py took 0.125 seconds
[2026-06-18T10:40:38.024+0000] {processor.py:161} INFO - Started process (PID=1524) to work on /opt/airflow/dags/weather_etl_dag.py
[2026-06-18T10:40:38.058+0000] {processor.py:830} INFO - Processing file /opt/airflow/dags/weather_etl_dag.py for tasks to queue
[2026-06-18T10:40:38.145+0000] {logging_mixin.py:188} INFO - [2026-06-18T10:40:38.142+0000] {dagbag.py:545} INFO - Filling up the DagBag from /opt/airflow/dags/weather_etl_dag.py
[2026-06-18T10:40:38.362+0000] {processor.py:840} INFO - DAG(s) 'weather_etl_pipeline' retrieved from /opt/airflow/dags/weather_etl_dag.py
[2026-06-18T10:40:38.641+0000] {logging_mixin.py:188} INFO - [2026-06-18T10:40:38.634+0000] {dag.py:3096} INFO - Sync 1 DAGs
[2026-06-18T10:40:38.763+0000] {logging_mixin.py:188} INFO - [2026-06-18T10:40:38.762+0000] {dag.py:3954} INFO - Setting next_dagrun for weather_etl_pipeline to 2026-06-17 00:00:00+00:00, run_after=2026-06-18 00:00:00+00:00
[2026-06-18T10:40:38.875+0000] {processor.py:183} INFO - Processing /opt/airflow/dags/weather_etl_dag.py took 0.902 seconds
[2026-06-18T10:40:49.039+0000] {processor.py:161} INFO - Started process (PID=1529) to work on /opt/airflow/dags/weather_etl_dag.py
[2026-06-18T10:40:49.041+0000] {processor.py:830} INFO - Processing file /opt/airflow/dags/weather_etl_dag.py for tasks to queue
[2026-06-18T10:40:49.043+0000] {logging_mixin.py:188} INFO - [2026-06-18T10:40:49.043+0000] {dagbag.py:545} INFO - Filling up the DagBag from /opt/airflow/dags/weather_etl_dag.py
[2026-06-18T10:40:49.070+0000] {processor.py:840} INFO - DAG(s) 'weather_etl_pipeline' retrieved from /opt/airflow/dags/weather_etl_dag.py
[2026-06-18T10:40:49.105+0000] {logging_mixin.py:188} INFO - [2026-06-18T10:40:49.105+0000] {dag.py:3096} INFO - Sync 1 DAGs
[2026-06-18T10:40:49.136+0000] {logging_mixin.py:188} INFO - [2026-06-18T10:40:49.135+0000] {dag.py:3954} INFO - Setting next_dagrun for weather_etl_pipeline to 2026-06-17 00:00:00+00:00, run_after=2026-06-18 00:00:00+00:00
[2026-06-18T10:40:49.163+0000] {processor.py:183} INFO - Processing /opt/airflow/dags/weather_etl_dag.py took 0.132 seconds
[2026-06-18T10:40:59.287+0000] {processor.py:161} INFO - Started process (PID=1534) to work on /opt/airflow/dags/weather_etl_dag.py
[2026-06-18T10:40:59.289+0000] {processor.py:830} INFO - Processing file /opt/airflow/dags/weather_etl_dag.py for tasks to queue
[2026-06-18T10:40:59.292+0000] {logging_mixin.py:188} INFO - [2026-06-18T10:40:59.291+0000] {dagbag.py:545} INFO - Filling up the DagBag from /opt/airflow/dags/weather_etl_dag.py
[2026-06-18T10:40:59.317+0000] {processor.py:840} INFO - DAG(s) 'weather_etl_pipeline' retrieved from /opt/airflow/dags/weather_etl_dag.py
[2026-06-18T10:40:59.353+0000] {logging_mixin.py:188} INFO - [2026-06-18T10:40:59.353+0000] {dag.py:3096} INFO - Sync 1 DAGs
[2026-06-18T10:40:59.382+0000] {logging_mixin.py:188} INFO - [2026-06-18T10:40:59.381+0000] {dag.py:3954} INFO - Setting next_dagrun for weather_etl_pipeline to 2026-06-17 00:00:00+00:00, run_after=2026-06-18 00:00:00+00:00
[2026-06-18T10:40:59.410+0000] {processor.py:183} INFO - Processing /opt/airflow/dags/weather_etl_dag.py took 0.130 seconds
[2026-06-18T10:41:09.517+0000] {processor.py:161} INFO - Started process (PID=1539) to work on /opt/airflow/dags/weather_etl_dag.py
[2026-06-18T10:41:09.518+0000] {processor.py:830} INFO - Processing file /opt/airflow/dags/weather_etl_dag.py for tasks to queue
[2026-06-18T10:41:09.521+0000] {logging_mixin.py:188} INFO - [2026-06-18T10:41:09.521+0000] {dagbag.py:545} INFO - Filling up the DagBag from /opt/airflow/dags/weather_etl_dag.py
[2026-06-18T10:41:09.550+0000] {processor.py:840} INFO - DAG(s) 'weather_etl_pipeline' retrieved from /opt/airflow/dags/weather_etl_dag.py
[2026-06-18T10:41:09.590+0000] {logging_mixin.py:188} INFO - [2026-06-18T10:41:09.590+0000] {dag.py:3096} INFO - Sync 1 DAGs
[2026-06-18T10:41:09.618+0000] {logging_mixin.py:188} INFO - [2026-06-18T10:41:09.618+0000] {dag.py:3954} INFO - Setting next_dagrun for weather_etl_pipeline to 2026-06-17 00:00:00+00:00, run_after=2026-06-18 00:00:00+00:00
[2026-06-18T10:41:09.645+0000] {processor.py:183} INFO - Processing /opt/airflow/dags/weather_etl_dag.py took 0.137 seconds
[2026-06-18T10:41:20.450+0000] {processor.py:161} INFO - Started process (PID=1544) to work on /opt/airflow/dags/weather_etl_dag.py
[2026-06-18T10:41:20.452+0000] {processor.py:830} INFO - Processing file /opt/airflow/dags/weather_etl_dag.py for tasks to queue
[2026-06-18T10:41:20.454+0000] {logging_mixin.py:188} INFO - [2026-06-18T10:41:20.454+0000] {dagbag.py:545} INFO - Filling up the DagBag from /opt/airflow/dags/weather_etl_dag.py
[2026-06-18T10:41:20.479+0000] {processor.py:840} INFO - DAG(s) 'weather_etl_pipeline' retrieved from /opt/airflow/dags/weather_etl_dag.py
[2026-06-18T10:41:20.512+0000] {logging_mixin.py:188} INFO - [2026-06-18T10:41:20.512+0000] {dag.py:3096} INFO - Sync 1 DAGs
[2026-06-18T10:41:20.539+0000] {logging_mixin.py:188} INFO - [2026-06-18T10:41:20.539+0000] {dag.py:3954} INFO - Setting next_dagrun for weather_etl_pipeline to 2026-06-17 00:00:00+00:00, run_after=2026-06-18 00:00:00+00:00
[2026-06-18T10:41:20.561+0000] {processor.py:183} INFO - Processing /opt/airflow/dags/weather_etl_dag.py took 0.129 seconds
[2026-06-18T10:41:30.643+0000] {processor.py:161} INFO - Started process (PID=1549) to work on /opt/airflow/dags/weather_etl_dag.py
[2026-06-18T10:41:30.644+0000] {processor.py:830} INFO - Processing file /opt/airflow/dags/weather_etl_dag.py for tasks to queue
[2026-06-18T10:41:30.647+0000] {logging_mixin.py:188} INFO - [2026-06-18T10:41:30.646+0000] {dagbag.py:545} INFO - Filling up the DagBag from /opt/airflow/dags/weather_etl_dag.py
[2026-06-18T10:41:30.671+0000] {processor.py:840} INFO - DAG(s) 'weather_etl_pipeline' retrieved from /opt/airflow/dags/weather_etl_dag.py
[2026-06-18T10:41:30.705+0000] {logging_mixin.py:188} INFO - [2026-06-18T10:41:30.705+0000] {dag.py:3096} INFO - Sync 1 DAGs
[2026-06-18T10:41:30.730+0000] {logging_mixin.py:188} INFO - [2026-06-18T10:41:30.730+0000] {dag.py:3954} INFO - Setting next_dagrun for weather_etl_pipeline to 2026-06-17 00:00:00+00:00, run_after=2026-06-18 00:00:00+00:00
[2026-06-18T10:41:30.754+0000] {processor.py:183} INFO - Processing /opt/airflow/dags/weather_etl_dag.py took 0.117 seconds
[2026-06-18T10:41:40.856+0000] {processor.py:161} INFO - Started process (PID=1554) to work on /opt/airflow/dags/weather_etl_dag.py
[2026-06-18T10:41:40.858+0000] {processor.py:830} INFO - Processing file /opt/airflow/dags/weather_etl_dag.py for tasks to queue
[2026-06-18T10:41:40.861+0000] {logging_mixin.py:188} INFO - [2026-06-18T10:41:40.861+0000] {dagbag.py:545} INFO - Filling up the DagBag from /opt/airflow/dags/weather_etl_dag.py
[2026-06-18T10:41:40.891+0000] {processor.py:840} INFO - DAG(s) 'weather_etl_pipeline' retrieved from /opt/airflow/dags/weather_etl_dag.py
[2026-06-18T10:41:40.927+0000] {logging_mixin.py:188} INFO - [2026-06-18T10:41:40.927+0000] {dag.py:3096} INFO - Sync 1 DAGs
[2026-06-18T10:41:40.952+0000] {logging_mixin.py:188} INFO - [2026-06-18T10:41:40.952+0000] {dag.py:3954} INFO - Setting next_dagrun for weather_etl_pipeline to 2026-06-17 00:00:00+00:00, run_after=2026-06-18 00:00:00+00:00
[2026-06-18T10:41:40.974+0000] {processor.py:183} INFO - Processing /opt/airflow/dags/weather_etl_dag.py took 0.130 seconds
[2026-06-18T10:41:51.628+0000] {processor.py:161} INFO - Started process (PID=1559) to work on /opt/airflow/dags/weather_etl_dag.py
[2026-06-18T10:41:51.631+0000] {processor.py:830} INFO - Processing file /opt/airflow/dags/weather_etl_dag.py for tasks to queue
[2026-06-18T10:41:51.633+0000] {logging_mixin.py:188} INFO - [2026-06-18T10:41:51.633+0000] {dagbag.py:545} INFO - Filling up the DagBag from /opt/airflow/dags/weather_etl_dag.py
[2026-06-18T10:41:51.659+0000] {processor.py:840} INFO - DAG(s) 'weather_etl_pipeline' retrieved from /opt/airflow/dags/weather_etl_dag.py
[2026-06-18T10:41:51.693+0000] {logging_mixin.py:188} INFO - [2026-06-18T10:41:51.693+0000] {dag.py:3096} INFO - Sync 1 DAGs
[2026-06-18T10:41:51.724+0000] {logging_mixin.py:188} INFO - [2026-06-18T10:41:51.723+0000] {dag.py:3954} INFO - Setting next_dagrun for weather_etl_pipeline to 2026-06-17 00:00:00+00:00, run_after=2026-06-18 00:00:00+00:00
[2026-06-18T10:41:51.758+0000] {processor.py:183} INFO - Processing /opt/airflow/dags/weather_etl_dag.py took 0.137 seconds
[2026-06-18T10:42:01.861+0000] {processor.py:161} INFO - Started process (PID=1564) to work on /opt/airflow/dags/weather_etl_dag.py
[2026-06-18T10:42:01.863+0000] {processor.py:830} INFO - Processing file /opt/airflow/dags/weather_etl_dag.py for tasks to queue
[2026-06-18T10:42:01.866+0000] {logging_mixin.py:188} INFO - [2026-06-18T10:42:01.865+0000] {dagbag.py:545} INFO - Filling up the DagBag from /opt/airflow/dags/weather_etl_dag.py
[2026-06-18T10:42:01.898+0000] {processor.py:840} INFO - DAG(s) 'weather_etl_pipeline' retrieved from /opt/airflow/dags/weather_etl_dag.py
[2026-06-18T10:42:01.936+0000] {logging_mixin.py:188} INFO - [2026-06-18T10:42:01.936+0000] {dag.py:3096} INFO - Sync 1 DAGs
[2026-06-18T10:42:01.971+0000] {logging_mixin.py:188} INFO - [2026-06-18T10:42:01.971+0000] {dag.py:3954} INFO - Setting next_dagrun for weather_etl_pipeline to 2026-06-17 00:00:00+00:00, run_after=2026-06-18 00:00:00+00:00
[2026-06-18T10:42:02.007+0000] {processor.py:183} INFO - Processing /opt/airflow/dags/weather_etl_dag.py took 0.154 seconds
[2026-06-18T10:42:12.136+0000] {processor.py:161} INFO - Started process (PID=1569) to work on /opt/airflow/dags/weather_etl_dag.py
[2026-06-18T10:42:12.137+0000] {processor.py:830} INFO - Processing file /opt/airflow/dags/weather_etl_dag.py for tasks to queue
[2026-06-18T10:42:12.140+0000] {logging_mixin.py:188} INFO - [2026-06-18T10:42:12.139+0000] {dagbag.py:545} INFO - Filling up the DagBag from /opt/airflow/dags/weather_etl_dag.py
[2026-06-18T10:42:12.160+0000] {processor.py:840} INFO - DAG(s) 'weather_etl_pipeline' retrieved from /opt/airflow/dags/weather_etl_dag.py
[2026-06-18T10:42:12.190+0000] {logging_mixin.py:188} INFO - [2026-06-18T10:42:12.189+0000] {dag.py:3096} INFO - Sync 1 DAGs
[2026-06-18T10:42:12.219+0000] {logging_mixin.py:188} INFO - [2026-06-18T10:42:12.218+0000] {dag.py:3954} INFO - Setting next_dagrun for weather_etl_pipeline to 2026-06-17 00:00:00+00:00, run_after=2026-06-18 00:00:00+00:00
[2026-06-18T10:42:12.247+0000] {processor.py:183} INFO - Processing /opt/airflow/dags/weather_etl_dag.py took 0.117 seconds
[2026-06-18T10:42:23.939+0000] {processor.py:161} INFO - Started process (PID=1574) to work on /opt/airflow/dags/weather_etl_dag.py
[2026-06-18T10:42:23.943+0000] {processor.py:830} INFO - Processing file /opt/airflow/dags/weather_etl_dag.py for tasks to queue
[2026-06-18T10:42:23.950+0000] {logging_mixin.py:188} INFO - [2026-06-18T10:42:23.949+0000] {dagbag.py:545} INFO - Filling up the DagBag from /opt/airflow/dags/weather_etl_dag.py
[2026-06-18T10:42:23.982+0000] {processor.py:840} INFO - DAG(s) 'weather_etl_pipeline' retrieved from /opt/airflow/dags/weather_etl_dag.py
[2026-06-18T10:42:24.018+0000] {logging_mixin.py:188} INFO - [2026-06-18T10:42:24.018+0000] {dag.py:3096} INFO - Sync 1 DAGs
[2026-06-18T10:42:24.044+0000] {logging_mixin.py:188} INFO - [2026-06-18T10:42:24.044+0000] {dag.py:3954} INFO - Setting next_dagrun for weather_etl_pipeline to 2026-06-17 00:00:00+00:00, run_after=2026-06-18 00:00:00+00:00
[2026-06-18T10:42:24.065+0000] {processor.py:183} INFO - Processing /opt/airflow/dags/weather_etl_dag.py took 0.152 seconds
[2026-06-18T10:42:34.118+0000] {processor.py:161} INFO - Started process (PID=1579) to work on /opt/airflow/dags/weather_etl_dag.py
[2026-06-18T10:42:34.120+0000] {processor.py:830} INFO - Processing file /opt/airflow/dags/weather_etl_dag.py for tasks to queue
[2026-06-18T10:42:34.123+0000] {logging_mixin.py:188} INFO - [2026-06-18T10:42:34.123+0000] {dagbag.py:545} INFO - Filling up the DagBag from /opt/airflow/dags/weather_etl_dag.py
[2026-06-18T10:42:34.146+0000] {processor.py:840} INFO - DAG(s) 'weather_etl_pipeline' retrieved from /opt/airflow/dags/weather_etl_dag.py
[2026-06-18T10:42:34.175+0000] {logging_mixin.py:188} INFO - [2026-06-18T10:42:34.175+0000] {dag.py:3096} INFO - Sync 1 DAGs
[2026-06-18T10:42:34.199+0000] {logging_mixin.py:188} INFO - [2026-06-18T10:42:34.199+0000] {dag.py:3954} INFO - Setting next_dagrun for weather_etl_pipeline to 2026-06-17 00:00:00+00:00, run_after=2026-06-18 00:00:00+00:00
[2026-06-18T10:42:34.221+0000] {processor.py:183} INFO - Processing /opt/airflow/dags/weather_etl_dag.py took 0.111 seconds
[2026-06-18T10:42:44.321+0000] {processor.py:161} INFO - Started process (PID=1584) to work on /opt/airflow/dags/weather_etl_dag.py
[2026-06-18T10:42:44.322+0000] {processor.py:830} INFO - Processing file /opt/airflow/dags/weather_etl_dag.py for tasks to queue
[2026-06-18T10:42:44.325+0000] {logging_mixin.py:188} INFO - [2026-06-18T10:42:44.325+0000] {dagbag.py:545} INFO - Filling up the DagBag from /opt/airflow/dags/weather_etl_dag.py
[2026-06-18T10:42:44.349+0000] {processor.py:840} INFO - DAG(s) 'weather_etl_pipeline' retrieved from /opt/airflow/dags/weather_etl_dag.py
[2026-06-18T10:42:44.379+0000] {logging_mixin.py:188} INFO - [2026-06-18T10:42:44.379+0000] {dag.py:3096} INFO - Sync 1 DAGs
[2026-06-18T10:42:44.405+0000] {logging_mixin.py:188} INFO - [2026-06-18T10:42:44.405+0000] {dag.py:3954} INFO - Setting next_dagrun for weather_etl_pipeline to 2026-06-17 00:00:00+00:00, run_after=2026-06-18 00:00:00+00:00
[2026-06-18T10:42:44.436+0000] {processor.py:183} INFO - Processing /opt/airflow/dags/weather_etl_dag.py took 0.121 seconds
[2026-06-18T10:42:57.179+0000] {processor.py:161} INFO - Started process (PID=1589) to work on /opt/airflow/dags/weather_etl_dag.py
[2026-06-18T10:42:57.181+0000] {processor.py:830} INFO - Processing file /opt/airflow/dags/weather_etl_dag.py for tasks to queue
[2026-06-18T10:42:57.184+0000] {logging_mixin.py:188} INFO - [2026-06-18T10:42:57.183+0000] {dagbag.py:545} INFO - Filling up the DagBag from /opt/airflow/dags/weather_etl_dag.py
[2026-06-18T10:42:57.211+0000] {processor.py:840} INFO - DAG(s) 'weather_etl_pipeline' retrieved from /opt/airflow/dags/weather_etl_dag.py
[2026-06-18T10:42:57.244+0000] {logging_mixin.py:188} INFO - [2026-06-18T10:42:57.244+0000] {dag.py:3096} INFO - Sync 1 DAGs
[2026-06-18T10:42:57.268+0000] {logging_mixin.py:188} INFO - [2026-06-18T10:42:57.268+0000] {dag.py:3954} INFO - Setting next_dagrun for weather_etl_pipeline to 2026-06-17 00:00:00+00:00, run_after=2026-06-18 00:00:00+00:00
[2026-06-18T10:42:57.292+0000] {processor.py:183} INFO - Processing /opt/airflow/dags/weather_etl_dag.py took 0.120 seconds
[2026-06-18T10:43:07.384+0000] {processor.py:161} INFO - Started process (PID=1594) to work on /opt/airflow/dags/weather_etl_dag.py
[2026-06-18T10:43:07.386+0000] {processor.py:830} INFO - Processing file /opt/airflow/dags/weather_etl_dag.py for tasks to queue
[2026-06-18T10:43:07.389+0000] {logging_mixin.py:188} INFO - [2026-06-18T10:43:07.389+0000] {dagbag.py:545} INFO - Filling up the DagBag from /opt/airflow/dags/weather_etl_dag.py
[2026-06-18T10:43:07.415+0000] {processor.py:840} INFO - DAG(s) 'weather_etl_pipeline' retrieved from /opt/airflow/dags/weather_etl_dag.py
[2026-06-18T10:43:07.445+0000] {logging_mixin.py:188} INFO - [2026-06-18T10:43:07.445+0000] {dag.py:3096} INFO - Sync 1 DAGs
[2026-06-18T10:43:07.471+0000] {logging_mixin.py:188} INFO - [2026-06-18T10:43:07.470+0000] {dag.py:3954} INFO - Setting next_dagrun for weather_etl_pipeline to 2026-06-17 00:00:00+00:00, run_after=2026-06-18 00:00:00+00:00
[2026-06-18T10:43:07.493+0000] {processor.py:183} INFO - Processing /opt/airflow/dags/weather_etl_dag.py took 0.119 seconds
[2026-06-18T10:43:17.596+0000] {processor.py:161} INFO - Started process (PID=1599) to work on /opt/airflow/dags/weather_etl_dag.py
[2026-06-18T10:43:17.598+0000] {processor.py:830} INFO - Processing file /opt/airflow/dags/weather_etl_dag.py for tasks to queue
[2026-06-18T10:43:17.600+0000] {logging_mixin.py:188} INFO - [2026-06-18T10:43:17.600+0000] {dagbag.py:545} INFO - Filling up the DagBag from /opt/airflow/dags/weather_etl_dag.py
[2026-06-18T10:43:17.623+0000] {processor.py:840} INFO - DAG(s) 'weather_etl_pipeline' retrieved from /opt/airflow/dags/weather_etl_dag.py
[2026-06-18T10:43:17.659+0000] {logging_mixin.py:188} INFO - [2026-06-18T10:43:17.658+0000] {dag.py:3096} INFO - Sync 1 DAGs
[2026-06-18T10:43:17.688+0000] {logging_mixin.py:188} INFO - [2026-06-18T10:43:17.688+0000] {dag.py:3954} INFO - Setting next_dagrun for weather_etl_pipeline to 2026-06-17 00:00:00+00:00, run_after=2026-06-18 00:00:00+00:00
[2026-06-18T10:43:17.712+0000] {processor.py:183} INFO - Processing /opt/airflow/dags/weather_etl_dag.py took 0.122 seconds
[2026-06-18T10:43:29.396+0000] {processor.py:161} INFO - Started process (PID=1604) to work on /opt/airflow/dags/weather_etl_dag.py
[2026-06-18T10:43:29.398+0000] {processor.py:830} INFO - Processing file /opt/airflow/dags/weather_etl_dag.py for tasks to queue
[2026-06-18T10:43:29.400+0000] {logging_mixin.py:188} INFO - [2026-06-18T10:43:29.400+0000] {dagbag.py:545} INFO - Filling up the DagBag from /opt/airflow/dags/weather_etl_dag.py
[2026-06-18T10:43:29.426+0000] {processor.py:840} INFO - DAG(s) 'weather_etl_pipeline' retrieved from /opt/airflow/dags/weather_etl_dag.py
[2026-06-18T10:43:29.457+0000] {logging_mixin.py:188} INFO - [2026-06-18T10:43:29.457+0000] {dag.py:3096} INFO - Sync 1 DAGs
[2026-06-18T10:43:29.483+0000] {logging_mixin.py:188} INFO - [2026-06-18T10:43:29.483+0000] {dag.py:3954} INFO - Setting next_dagrun for weather_etl_pipeline to 2026-06-17 00:00:00+00:00, run_after=2026-06-18 00:00:00+00:00
[2026-06-18T10:43:29.505+0000] {processor.py:183} INFO - Processing /opt/airflow/dags/weather_etl_dag.py took 0.116 seconds
[2026-06-18T10:43:39.594+0000] {processor.py:161} INFO - Started process (PID=1609) to work on /opt/airflow/dags/weather_etl_dag.py
[2026-06-18T10:43:39.596+0000] {processor.py:830} INFO - Processing file /opt/airflow/dags/weather_etl_dag.py for tasks to queue
[2026-06-18T10:43:39.599+0000] {logging_mixin.py:188} INFO - [2026-06-18T10:43:39.598+0000] {dagbag.py:545} INFO - Filling up the DagBag from /opt/airflow/dags/weather_etl_dag.py
[2026-06-18T10:43:39.626+0000] {processor.py:840} INFO - DAG(s) 'weather_etl_pipeline' retrieved from /opt/airflow/dags/weather_etl_dag.py
[2026-06-18T10:43:39.661+0000] {logging_mixin.py:188} INFO - [2026-06-18T10:43:39.660+0000] {dag.py:3096} INFO - Sync 1 DAGs
[2026-06-18T10:43:39.691+0000] {logging_mixin.py:188} INFO - [2026-06-18T10:43:39.691+0000] {dag.py:3954} INFO - Setting next_dagrun for weather_etl_pipeline to 2026-06-17 00:00:00+00:00, run_after=2026-06-18 00:00:00+00:00
[2026-06-18T10:43:39.720+0000] {processor.py:183} INFO - Processing /opt/airflow/dags/weather_etl_dag.py took 0.133 seconds
[2026-06-18T10:43:49.825+0000] {processor.py:161} INFO - Started process (PID=1614) to work on /opt/airflow/dags/weather_etl_dag.py
[2026-06-18T10:43:49.826+0000] {processor.py:830} INFO - Processing file /opt/airflow/dags/weather_etl_dag.py for tasks to queue
[2026-06-18T10:43:49.830+0000] {logging_mixin.py:188} INFO - [2026-06-18T10:43:49.829+0000] {dagbag.py:545} INFO - Filling up the DagBag from /opt/airflow/dags/weather_etl_dag.py
[2026-06-18T10:43:49.854+0000] {processor.py:840} INFO - DAG(s) 'weather_etl_pipeline' retrieved from /opt/airflow/dags/weather_etl_dag.py
[2026-06-18T10:43:49.885+0000] {logging_mixin.py:188} INFO - [2026-06-18T10:43:49.885+0000] {dag.py:3096} INFO - Sync 1 DAGs
[2026-06-18T10:43:49.910+0000] {logging_mixin.py:188} INFO - [2026-06-18T10:43:49.909+0000] {dag.py:3954} INFO - Setting next_dagrun for weather_etl_pipeline to 2026-06-17 00:00:00+00:00, run_after=2026-06-18 00:00:00+00:00
[2026-06-18T10:43:49.933+0000] {processor.py:183} INFO - Processing /opt/airflow/dags/weather_etl_dag.py took 0.117 seconds
[2026-06-18T10:44:02.612+0000] {processor.py:161} INFO - Started process (PID=1619) to work on /opt/airflow/dags/weather_etl_dag.py
[2026-06-18T10:44:02.614+0000] {processor.py:830} INFO - Processing file /opt/airflow/dags/weather_etl_dag.py for tasks to queue
[2026-06-18T10:44:02.616+0000] {logging_mixin.py:188} INFO - [2026-06-18T10:44:02.616+0000] {dagbag.py:545} INFO - Filling up the DagBag from /opt/airflow/dags/weather_etl_dag.py
[2026-06-18T10:44:02.641+0000] {processor.py:840} INFO - DAG(s) 'weather_etl_pipeline' retrieved from /opt/airflow/dags/weather_etl_dag.py
[2026-06-18T10:44:02.675+0000] {logging_mixin.py:188} INFO - [2026-06-18T10:44:02.675+0000] {dag.py:3096} INFO - Sync 1 DAGs
[2026-06-18T10:44:02.705+0000] {logging_mixin.py:188} INFO - [2026-06-18T10:44:02.705+0000] {dag.py:3954} INFO - Setting next_dagrun for weather_etl_pipeline to 2026-06-17 00:00:00+00:00, run_after=2026-06-18 00:00:00+00:00
[2026-06-18T10:44:02.732+0000] {processor.py:183} INFO - Processing /opt/airflow/dags/weather_etl_dag.py took 0.126 seconds
[2026-06-18T10:44:12.864+0000] {processor.py:161} INFO - Started process (PID=1624) to work on /opt/airflow/dags/weather_etl_dag.py
[2026-06-18T10:44:12.866+0000] {processor.py:830} INFO - Processing file /opt/airflow/dags/weather_etl_dag.py for tasks to queue
[2026-06-18T10:44:12.871+0000] {logging_mixin.py:188} INFO - [2026-06-18T10:44:12.870+0000] {dagbag.py:545} INFO - Filling up the DagBag from /opt/airflow/dags/weather_etl_dag.py
[2026-06-18T10:44:12.904+0000] {processor.py:840} INFO - DAG(s) 'weather_etl_pipeline' retrieved from /opt/airflow/dags/weather_etl_dag.py
[2026-06-18T10:44:12.940+0000] {logging_mixin.py:188} INFO - [2026-06-18T10:44:12.939+0000] {dag.py:3096} INFO - Sync 1 DAGs
[2026-06-18T10:44:12.967+0000] {logging_mixin.py:188} INFO - [2026-06-18T10:44:12.967+0000] {dag.py:3954} INFO - Setting next_dagrun for weather_etl_pipeline to 2026-06-17 00:00:00+00:00, run_after=2026-06-18 00:00:00+00:00
[2026-06-18T10:44:12.991+0000] {processor.py:183} INFO - Processing /opt/airflow/dags/weather_etl_dag.py took 0.140 seconds
[2026-06-18T10:44:23.087+0000] {processor.py:161} INFO - Started process (PID=1629) to work on /opt/airflow/dags/weather_etl_dag.py
[2026-06-18T10:44:23.089+0000] {processor.py:830} INFO - Processing file /opt/airflow/dags/weather_etl_dag.py for tasks to queue
[2026-06-18T10:44:23.091+0000] {logging_mixin.py:188} INFO - [2026-06-18T10:44:23.091+0000] {dagbag.py:545} INFO - Filling up the DagBag from /opt/airflow/dags/weather_etl_dag.py
[2026-06-18T10:44:23.114+0000] {processor.py:840} INFO - DAG(s) 'weather_etl_pipeline' retrieved from /opt/airflow/dags/weather_etl_dag.py
[2026-06-18T10:44:23.146+0000] {logging_mixin.py:188} INFO - [2026-06-18T10:44:23.146+0000] {dag.py:3096} INFO - Sync 1 DAGs
[2026-06-18T10:44:23.192+0000] {logging_mixin.py:188} INFO - [2026-06-18T10:44:23.192+0000] {dag.py:3954} INFO - Setting next_dagrun for weather_etl_pipeline to 2026-06-17 00:00:00+00:00, run_after=2026-06-18 00:00:00+00:00
[2026-06-18T10:44:23.215+0000] {processor.py:183} INFO - Processing /opt/airflow/dags/weather_etl_dag.py took 0.135 seconds
[2026-06-18T10:44:33.349+0000] {processor.py:161} INFO - Started process (PID=1634) to work on /opt/airflow/dags/weather_etl_dag.py
[2026-06-18T10:44:33.351+0000] {processor.py:830} INFO - Processing file /opt/airflow/dags/weather_etl_dag.py for tasks to queue
[2026-06-18T10:44:33.354+0000] {logging_mixin.py:188} INFO - [2026-06-18T10:44:33.353+0000] {dagbag.py:545} INFO - Filling up the DagBag from /opt/airflow/dags/weather_etl_dag.py
[2026-06-18T10:44:33.401+0000] {processor.py:840} INFO - DAG(s) 'weather_etl_pipeline' retrieved from /opt/airflow/dags/weather_etl_dag.py
[2026-06-18T10:44:33.435+0000] {logging_mixin.py:188} INFO - [2026-06-18T10:44:33.435+0000] {dag.py:3096} INFO - Sync 1 DAGs
[2026-06-18T10:44:33.466+0000] {logging_mixin.py:188} INFO - [2026-06-18T10:44:33.466+0000] {dag.py:3954} INFO - Setting next_dagrun for weather_etl_pipeline to 2026-06-17 00:00:00+00:00, run_after=2026-06-18 00:00:00+00:00
[2026-06-18T10:44:33.492+0000] {processor.py:183} INFO - Processing /opt/airflow/dags/weather_etl_dag.py took 0.150 seconds
[2026-06-18T10:44:43.569+0000] {processor.py:161} INFO - Started process (PID=1639) to work on /opt/airflow/dags/weather_etl_dag.py
[2026-06-18T10:44:43.571+0000] {processor.py:830} INFO - Processing file /opt/airflow/dags/weather_etl_dag.py for tasks to queue
[2026-06-18T10:44:43.573+0000] {logging_mixin.py:188} INFO - [2026-06-18T10:44:43.573+0000] {dagbag.py:545} INFO - Filling up the DagBag from /opt/airflow/dags/weather_etl_dag.py
[2026-06-18T10:44:43.601+0000] {processor.py:840} INFO - DAG(s) 'weather_etl_pipeline' retrieved from /opt/airflow/dags/weather_etl_dag.py
[2026-06-18T10:44:43.641+0000] {logging_mixin.py:188} INFO - [2026-06-18T10:44:43.640+0000] {dag.py:3096} INFO - Sync 1 DAGs
[2026-06-18T10:44:43.677+0000] {logging_mixin.py:188} INFO - [2026-06-18T10:44:43.677+0000] {dag.py:3954} INFO - Setting next_dagrun for weather_etl_pipeline to 2026-06-17 00:00:00+00:00, run_after=2026-06-18 00:00:00+00:00
[2026-06-18T10:44:43.702+0000] {processor.py:183} INFO - Processing /opt/airflow/dags/weather_etl_dag.py took 0.140 seconds
[2026-06-18T10:44:53.817+0000] {processor.py:161} INFO - Started process (PID=1644) to work on /opt/airflow/dags/weather_etl_dag.py
[2026-06-18T10:44:53.818+0000] {processor.py:830} INFO - Processing file /opt/airflow/dags/weather_etl_dag.py for tasks to queue
[2026-06-18T10:44:53.821+0000] {logging_mixin.py:188} INFO - [2026-06-18T10:44:53.821+0000] {dagbag.py:545} INFO - Filling up the DagBag from /opt/airflow/dags/weather_etl_dag.py
[2026-06-18T10:44:53.850+0000] {processor.py:840} INFO - DAG(s) 'weather_etl_pipeline' retrieved from /opt/airflow/dags/weather_etl_dag.py
[2026-06-18T10:44:53.889+0000] {logging_mixin.py:188} INFO - [2026-06-18T10:44:53.888+0000] {dag.py:3096} INFO - Sync 1 DAGs
[2026-06-18T10:44:53.924+0000] {logging_mixin.py:188} INFO - [2026-06-18T10:44:53.924+0000] {dag.py:3954} INFO - Setting next_dagrun for weather_etl_pipeline to 2026-06-17 00:00:00+00:00, run_after=2026-06-18 00:00:00+00:00
[2026-06-18T10:44:53.951+0000] {processor.py:183} INFO - Processing /opt/airflow/dags/weather_etl_dag.py took 0.140 seconds
[2026-06-18T10:45:04.040+0000] {processor.py:161} INFO - Started process (PID=1649) to work on /opt/airflow/dags/weather_etl_dag.py
[2026-06-18T10:45:04.042+0000] {processor.py:830} INFO - Processing file /opt/airflow/dags/weather_etl_dag.py for tasks to queue
[2026-06-18T10:45:04.045+0000] {logging_mixin.py:188} INFO - [2026-06-18T10:45:04.044+0000] {dagbag.py:545} INFO - Filling up the DagBag from /opt/airflow/dags/weather_etl_dag.py
[2026-06-18T10:45:04.076+0000] {processor.py:840} INFO - DAG(s) 'weather_etl_pipeline' retrieved from /opt/airflow/dags/weather_etl_dag.py
[2026-06-18T10:45:04.108+0000] {logging_mixin.py:188} INFO - [2026-06-18T10:45:04.108+0000] {dag.py:3096} INFO - Sync 1 DAGs
[2026-06-18T10:45:04.134+0000] {logging_mixin.py:188} INFO - [2026-06-18T10:45:04.134+0000] {dag.py:3954} INFO - Setting next_dagrun for weather_etl_pipeline to 2026-06-17 00:00:00+00:00, run_after=2026-06-18 00:00:00+00:00
[2026-06-18T10:45:04.157+0000] {processor.py:183} INFO - Processing /opt/airflow/dags/weather_etl_dag.py took 0.125 seconds
[2026-06-18T10:45:14.256+0000] {processor.py:161} INFO - Started process (PID=1654) to work on /opt/airflow/dags/weather_etl_dag.py
[2026-06-18T10:45:14.258+0000] {processor.py:830} INFO - Processing file /opt/airflow/dags/weather_etl_dag.py for tasks to queue
[2026-06-18T10:45:14.261+0000] {logging_mixin.py:188} INFO - [2026-06-18T10:45:14.261+0000] {dagbag.py:545} INFO - Filling up the DagBag from /opt/airflow/dags/weather_etl_dag.py
[2026-06-18T10:45:14.289+0000] {processor.py:840} INFO - DAG(s) 'weather_etl_pipeline' retrieved from /opt/airflow/dags/weather_etl_dag.py
[2026-06-18T10:45:14.330+0000] {logging_mixin.py:188} INFO - [2026-06-18T10:45:14.329+0000] {dag.py:3096} INFO - Sync 1 DAGs
[2026-06-18T10:45:14.361+0000] {logging_mixin.py:188} INFO - [2026-06-18T10:45:14.360+0000] {dag.py:3954} INFO - Setting next_dagrun for weather_etl_pipeline to 2026-06-17 00:00:00+00:00, run_after=2026-06-18 00:00:00+00:00
[2026-06-18T10:45:14.387+0000] {processor.py:183} INFO - Processing /opt/airflow/dags/weather_etl_dag.py took 0.140 seconds
[2026-06-18T10:45:24.521+0000] {processor.py:161} INFO - Started process (PID=1659) to work on /opt/airflow/dags/weather_etl_dag.py
[2026-06-18T10:45:24.523+0000] {processor.py:830} INFO - Processing file /opt/airflow/dags/weather_etl_dag.py for tasks to queue
[2026-06-18T10:45:24.528+0000] {logging_mixin.py:188} INFO - [2026-06-18T10:45:24.527+0000] {dagbag.py:545} INFO - Filling up the DagBag from /opt/airflow/dags/weather_etl_dag.py
[2026-06-18T10:45:24.565+0000] {processor.py:840} INFO - DAG(s) 'weather_etl_pipeline' retrieved from /opt/airflow/dags/weather_etl_dag.py
[2026-06-18T10:45:24.607+0000] {logging_mixin.py:188} INFO - [2026-06-18T10:45:24.607+0000] {dag.py:3096} INFO - Sync 1 DAGs
[2026-06-18T10:45:24.638+0000] {logging_mixin.py:188} INFO - [2026-06-18T10:45:24.637+0000] {dag.py:3954} INFO - Setting next_dagrun for weather_etl_pipeline to 2026-06-17 00:00:00+00:00, run_after=2026-06-18 00:00:00+00:00
[2026-06-18T10:45:24.664+0000] {processor.py:183} INFO - Processing /opt/airflow/dags/weather_etl_dag.py took 0.157 seconds
[2026-06-18T10:45:37.297+0000] {processor.py:161} INFO - Started process (PID=1664) to work on /opt/airflow/dags/weather_etl_dag.py
[2026-06-18T10:45:37.299+0000] {processor.py:830} INFO - Processing file /opt/airflow/dags/weather_etl_dag.py for tasks to queue
[2026-06-18T10:45:37.302+0000] {logging_mixin.py:188} INFO - [2026-06-18T10:45:37.301+0000] {dagbag.py:545} INFO - Filling up the DagBag from /opt/airflow/dags/weather_etl_dag.py
[2026-06-18T10:45:37.332+0000] {processor.py:840} INFO - DAG(s) 'weather_etl_pipeline' retrieved from /opt/airflow/dags/weather_etl_dag.py
[2026-06-18T10:45:37.365+0000] {logging_mixin.py:188} INFO - [2026-06-18T10:45:37.365+0000] {dag.py:3096} INFO - Sync 1 DAGs
[2026-06-18T10:45:37.410+0000] {logging_mixin.py:188} INFO - [2026-06-18T10:45:37.409+0000] {dag.py:3954} INFO - Setting next_dagrun for weather_etl_pipeline to 2026-06-17 00:00:00+00:00, run_after=2026-06-18 00:00:00+00:00
[2026-06-18T10:45:37.443+0000] {processor.py:183} INFO - Processing /opt/airflow/dags/weather_etl_dag.py took 0.153 seconds
[2026-06-18T10:45:47.553+0000] {processor.py:161} INFO - Started process (PID=1669) to work on /opt/airflow/dags/weather_etl_dag.py
[2026-06-18T10:45:47.555+0000] {processor.py:830} INFO - Processing file /opt/airflow/dags/weather_etl_dag.py for tasks to queue
[2026-06-18T10:45:47.558+0000] {logging_mixin.py:188} INFO - [2026-06-18T10:45:47.557+0000] {dagbag.py:545} INFO - Filling up the DagBag from /opt/airflow/dags/weather_etl_dag.py
[2026-06-18T10:45:47.581+0000] {processor.py:840} INFO - DAG(s) 'weather_etl_pipeline' retrieved from /opt/airflow/dags/weather_etl_dag.py
[2026-06-18T10:45:47.611+0000] {logging_mixin.py:188} INFO - [2026-06-18T10:45:47.611+0000] {dag.py:3096} INFO - Sync 1 DAGs
[2026-06-18T10:45:47.639+0000] {logging_mixin.py:188} INFO - [2026-06-18T10:45:47.639+0000] {dag.py:3954} INFO - Setting next_dagrun for weather_etl_pipeline to 2026-06-17 00:00:00+00:00, run_after=2026-06-18 00:00:00+00:00
[2026-06-18T10:45:47.666+0000] {processor.py:183} INFO - Processing /opt/airflow/dags/weather_etl_dag.py took 0.120 seconds
[2026-06-18T10:45:57.757+0000] {processor.py:161} INFO - Started process (PID=1674) to work on /opt/airflow/dags/weather_etl_dag.py
[2026-06-18T10:45:57.759+0000] {processor.py:830} INFO - Processing file /opt/airflow/dags/weather_etl_dag.py for tasks to queue
[2026-06-18T10:45:57.762+0000] {logging_mixin.py:188} INFO - [2026-06-18T10:45:57.761+0000] {dagbag.py:545} INFO - Filling up the DagBag from /opt/airflow/dags/weather_etl_dag.py
[2026-06-18T10:45:57.785+0000] {processor.py:840} INFO - DAG(s) 'weather_etl_pipeline' retrieved from /opt/airflow/dags/weather_etl_dag.py
[2026-06-18T10:45:57.820+0000] {logging_mixin.py:188} INFO - [2026-06-18T10:45:57.819+0000] {dag.py:3096} INFO - Sync 1 DAGs
[2026-06-18T10:45:57.847+0000] {logging_mixin.py:188} INFO - [2026-06-18T10:45:57.847+0000] {dag.py:3954} INFO - Setting next_dagrun for weather_etl_pipeline to 2026-06-17 00:00:00+00:00, run_after=2026-06-18 00:00:00+00:00
[2026-06-18T10:45:57.871+0000] {processor.py:183} INFO - Processing /opt/airflow/dags/weather_etl_dag.py took 0.120 seconds
[2026-06-18T10:46:09.554+0000] {processor.py:161} INFO - Started process (PID=1679) to work on /opt/airflow/dags/weather_etl_dag.py
[2026-06-18T10:46:09.556+0000] {processor.py:830} INFO - Processing file /opt/airflow/dags/weather_etl_dag.py for tasks to queue
[2026-06-18T10:46:09.559+0000] {logging_mixin.py:188} INFO - [2026-06-18T10:46:09.559+0000] {dagbag.py:545} INFO - Filling up the DagBag from /opt/airflow/dags/weather_etl_dag.py
[2026-06-18T10:46:09.582+0000] {processor.py:840} INFO - DAG(s) 'weather_etl_pipeline' retrieved from /opt/airflow/dags/weather_etl_dag.py
[2026-06-18T10:46:09.610+0000] {logging_mixin.py:188} INFO - [2026-06-18T10:46:09.609+0000] {dag.py:3096} INFO - Sync 1 DAGs
[2026-06-18T10:46:09.632+0000] {logging_mixin.py:188} INFO - [2026-06-18T10:46:09.632+0000] {dag.py:3954} INFO - Setting next_dagrun for weather_etl_pipeline to 2026-06-17 00:00:00+00:00, run_after=2026-06-18 00:00:00+00:00
[2026-06-18T10:46:09.654+0000] {processor.py:183} INFO - Processing /opt/airflow/dags/weather_etl_dag.py took 0.107 seconds
[2026-06-18T10:46:19.738+0000] {processor.py:161} INFO - Started process (PID=1684) to work on /opt/airflow/dags/weather_etl_dag.py
[2026-06-18T10:46:19.740+0000] {processor.py:830} INFO - Processing file /opt/airflow/dags/weather_etl_dag.py for tasks to queue
[2026-06-18T10:46:19.742+0000] {logging_mixin.py:188} INFO - [2026-06-18T10:46:19.741+0000] {dagbag.py:545} INFO - Filling up the DagBag from /opt/airflow/dags/weather_etl_dag.py
[2026-06-18T10:46:19.764+0000] {processor.py:840} INFO - DAG(s) 'weather_etl_pipeline' retrieved from /opt/airflow/dags/weather_etl_dag.py
[2026-06-18T10:46:19.796+0000] {logging_mixin.py:188} INFO - [2026-06-18T10:46:19.796+0000] {dag.py:3096} INFO - Sync 1 DAGs
[2026-06-18T10:46:19.825+0000] {logging_mixin.py:188} INFO - [2026-06-18T10:46:19.825+0000] {dag.py:3954} INFO - Setting next_dagrun for weather_etl_pipeline to 2026-06-17 00:00:00+00:00, run_after=2026-06-18 00:00:00+00:00
[2026-06-18T10:46:19.857+0000] {processor.py:183} INFO - Processing /opt/airflow/dags/weather_etl_dag.py took 0.124 seconds
[2026-06-18T10:46:29.986+0000] {processor.py:161} INFO - Started process (PID=1689) to work on /opt/airflow/dags/weather_etl_dag.py
[2026-06-18T10:46:29.987+0000] {processor.py:830} INFO - Processing file /opt/airflow/dags/weather_etl_dag.py for tasks to queue
[2026-06-18T10:46:29.991+0000] {logging_mixin.py:188} INFO - [2026-06-18T10:46:29.990+0000] {dagbag.py:545} INFO - Filling up the DagBag from /opt/airflow/dags/weather_etl_dag.py
[2026-06-18T10:46:30.015+0000] {processor.py:840} INFO - DAG(s) 'weather_etl_pipeline' retrieved from /opt/airflow/dags/weather_etl_dag.py
[2026-06-18T10:46:30.048+0000] {logging_mixin.py:188} INFO - [2026-06-18T10:46:30.047+0000] {dag.py:3096} INFO - Sync 1 DAGs
[2026-06-18T10:46:30.073+0000] {logging_mixin.py:188} INFO - [2026-06-18T10:46:30.073+0000] {dag.py:3954} INFO - Setting next_dagrun for weather_etl_pipeline to 2026-06-17 00:00:00+00:00, run_after=2026-06-18 00:00:00+00:00
[2026-06-18T10:46:30.097+0000] {processor.py:183} INFO - Processing /opt/airflow/dags/weather_etl_dag.py took 0.120 seconds
[2026-06-18T10:46:42.777+0000] {processor.py:161} INFO - Started process (PID=1694) to work on /opt/airflow/dags/weather_etl_dag.py
[2026-06-18T10:46:42.779+0000] {processor.py:830} INFO - Processing file /opt/airflow/dags/weather_etl_dag.py for tasks to queue
[2026-06-18T10:46:42.781+0000] {logging_mixin.py:188} INFO - [2026-06-18T10:46:42.781+0000] {dagbag.py:545} INFO - Filling up the DagBag from /opt/airflow/dags/weather_etl_dag.py
[2026-06-18T10:46:42.802+0000] {processor.py:840} INFO - DAG(s) 'weather_etl_pipeline' retrieved from /opt/airflow/dags/weather_etl_dag.py
[2026-06-18T10:46:42.832+0000] {logging_mixin.py:188} INFO - [2026-06-18T10:46:42.831+0000] {dag.py:3096} INFO - Sync 1 DAGs
[2026-06-18T10:46:42.858+0000] {logging_mixin.py:188} INFO - [2026-06-18T10:46:42.857+0000] {dag.py:3954} INFO - Setting next_dagrun for weather_etl_pipeline to 2026-06-17 00:00:00+00:00, run_after=2026-06-18 00:00:00+00:00
[2026-06-18T10:46:42.882+0000] {processor.py:183} INFO - Processing /opt/airflow/dags/weather_etl_dag.py took 0.111 seconds
[2026-06-18T10:46:52.974+0000] {processor.py:161} INFO - Started process (PID=1699) to work on /opt/airflow/dags/weather_etl_dag.py
[2026-06-18T10:46:52.975+0000] {processor.py:830} INFO - Processing file /opt/airflow/dags/weather_etl_dag.py for tasks to queue
[2026-06-18T10:46:52.978+0000] {logging_mixin.py:188} INFO - [2026-06-18T10:46:52.977+0000] {dagbag.py:545} INFO - Filling up the DagBag from /opt/airflow/dags/weather_etl_dag.py
[2026-06-18T10:46:53.005+0000] {processor.py:840} INFO - DAG(s) 'weather_etl_pipeline' retrieved from /opt/airflow/dags/weather_etl_dag.py
[2026-06-18T10:46:53.047+0000] {logging_mixin.py:188} INFO - [2026-06-18T10:46:53.047+0000] {dag.py:3096} INFO - Sync 1 DAGs
[2026-06-18T10:46:53.082+0000] {logging_mixin.py:188} INFO - [2026-06-18T10:46:53.082+0000] {dag.py:3954} INFO - Setting next_dagrun for weather_etl_pipeline to 2026-06-17 00:00:00+00:00, run_after=2026-06-18 00:00:00+00:00
[2026-06-18T10:46:53.111+0000] {processor.py:183} INFO - Processing /opt/airflow/dags/weather_etl_dag.py took 0.143 seconds
[2026-06-18T10:47:03.204+0000] {processor.py:161} INFO - Started process (PID=1704) to work on /opt/airflow/dags/weather_etl_dag.py
[2026-06-18T10:47:03.205+0000] {processor.py:830} INFO - Processing file /opt/airflow/dags/weather_etl_dag.py for tasks to queue
[2026-06-18T10:47:03.208+0000] {logging_mixin.py:188} INFO - [2026-06-18T10:47:03.207+0000] {dagbag.py:545} INFO - Filling up the DagBag from /opt/airflow/dags/weather_etl_dag.py
[2026-06-18T10:47:03.228+0000] {processor.py:840} INFO - DAG(s) 'weather_etl_pipeline' retrieved from /opt/airflow/dags/weather_etl_dag.py
[2026-06-18T10:47:03.260+0000] {logging_mixin.py:188} INFO - [2026-06-18T10:47:03.260+0000] {dag.py:3096} INFO - Sync 1 DAGs
[2026-06-18T10:47:03.285+0000] {logging_mixin.py:188} INFO - [2026-06-18T10:47:03.284+0000] {dag.py:3954} INFO - Setting next_dagrun for weather_etl_pipeline to 2026-06-17 00:00:00+00:00, run_after=2026-06-18 00:00:00+00:00
[2026-06-18T10:47:03.309+0000] {processor.py:183} INFO - Processing /opt/airflow/dags/weather_etl_dag.py took 0.111 seconds
[2026-06-18T10:47:15.038+0000] {processor.py:161} INFO - Started process (PID=1709) to work on /opt/airflow/dags/weather_etl_dag.py
[2026-06-18T10:47:15.040+0000] {processor.py:830} INFO - Processing file /opt/airflow/dags/weather_etl_dag.py for tasks to queue
[2026-06-18T10:47:15.043+0000] {logging_mixin.py:188} INFO - [2026-06-18T10:47:15.042+0000] {dagbag.py:545} INFO - Filling up the DagBag from /opt/airflow/dags/weather_etl_dag.py
[2026-06-18T10:47:15.066+0000] {processor.py:840} INFO - DAG(s) 'weather_etl_pipeline' retrieved from /opt/airflow/dags/weather_etl_dag.py
[2026-06-18T10:47:15.101+0000] {logging_mixin.py:188} INFO - [2026-06-18T10:47:15.101+0000] {dag.py:3096} INFO - Sync 1 DAGs
[2026-06-18T10:47:15.126+0000] {logging_mixin.py:188} INFO - [2026-06-18T10:47:15.126+0000] {dag.py:3954} INFO - Setting next_dagrun for weather_etl_pipeline to 2026-06-17 00:00:00+00:00, run_after=2026-06-18 00:00:00+00:00
[2026-06-18T10:47:15.147+0000] {processor.py:183} INFO - Processing /opt/airflow/dags/weather_etl_dag.py took 0.119 seconds
[2026-06-18T10:47:25.239+0000] {processor.py:161} INFO - Started process (PID=1714) to work on /opt/airflow/dags/weather_etl_dag.py
[2026-06-18T10:47:25.241+0000] {processor.py:830} INFO - Processing file /opt/airflow/dags/weather_etl_dag.py for tasks to queue
[2026-06-18T10:47:25.244+0000] {logging_mixin.py:188} INFO - [2026-06-18T10:47:25.244+0000] {dagbag.py:545} INFO - Filling up the DagBag from /opt/airflow/dags/weather_etl_dag.py
[2026-06-18T10:47:25.277+0000] {processor.py:840} INFO - DAG(s) 'weather_etl_pipeline' retrieved from /opt/airflow/dags/weather_etl_dag.py
[2026-06-18T10:47:25.313+0000] {logging_mixin.py:188} INFO - [2026-06-18T10:47:25.313+0000] {dag.py:3096} INFO - Sync 1 DAGs
[2026-06-18T10:47:25.339+0000] {logging_mixin.py:188} INFO - [2026-06-18T10:47:25.339+0000] {dag.py:3954} INFO - Setting next_dagrun for weather_etl_pipeline to 2026-06-17 00:00:00+00:00, run_after=2026-06-18 00:00:00+00:00
[2026-06-18T10:47:25.362+0000] {processor.py:183} INFO - Processing /opt/airflow/dags/weather_etl_dag.py took 0.131 seconds
[2026-06-18T10:47:35.455+0000] {processor.py:161} INFO - Started process (PID=1719) to work on /opt/airflow/dags/weather_etl_dag.py
[2026-06-18T10:47:35.456+0000] {processor.py:830} INFO - Processing file /opt/airflow/dags/weather_etl_dag.py for tasks to queue
[2026-06-18T10:47:35.459+0000] {logging_mixin.py:188} INFO - [2026-06-18T10:47:35.458+0000] {dagbag.py:545} INFO - Filling up the DagBag from /opt/airflow/dags/weather_etl_dag.py
[2026-06-18T10:47:35.478+0000] {processor.py:840} INFO - DAG(s) 'weather_etl_pipeline' retrieved from /opt/airflow/dags/weather_etl_dag.py
[2026-06-18T10:47:35.509+0000] {logging_mixin.py:188} INFO - [2026-06-18T10:47:35.509+0000] {dag.py:3096} INFO - Sync 1 DAGs
[2026-06-18T10:47:35.540+0000] {logging_mixin.py:188} INFO - [2026-06-18T10:47:35.540+0000] {dag.py:3954} INFO - Setting next_dagrun for weather_etl_pipeline to 2026-06-17 00:00:00+00:00, run_after=2026-06-18 00:00:00+00:00
[2026-06-18T10:47:35.567+0000] {processor.py:183} INFO - Processing /opt/airflow/dags/weather_etl_dag.py took 0.119 seconds
[2026-06-18T10:47:48.253+0000] {processor.py:161} INFO - Started process (PID=1724) to work on /opt/airflow/dags/weather_etl_dag.py
[2026-06-18T10:47:48.254+0000] {processor.py:830} INFO - Processing file /opt/airflow/dags/weather_etl_dag.py for tasks to queue
[2026-06-18T10:47:48.257+0000] {logging_mixin.py:188} INFO - [2026-06-18T10:47:48.257+0000] {dagbag.py:545} INFO - Filling up the DagBag from /opt/airflow/dags/weather_etl_dag.py
[2026-06-18T10:47:48.285+0000] {processor.py:840} INFO - DAG(s) 'weather_etl_pipeline' retrieved from /opt/airflow/dags/weather_etl_dag.py
[2026-06-18T10:47:48.323+0000] {logging_mixin.py:188} INFO - [2026-06-18T10:47:48.323+0000] {dag.py:3096} INFO - Sync 1 DAGs
[2026-06-18T10:47:48.355+0000] {logging_mixin.py:188} INFO - [2026-06-18T10:47:48.354+0000] {dag.py:3954} INFO - Setting next_dagrun for weather_etl_pipeline to 2026-06-17 00:00:00+00:00, run_after=2026-06-18 00:00:00+00:00
[2026-06-18T10:47:48.380+0000] {processor.py:183} INFO - Processing /opt/airflow/dags/weather_etl_dag.py took 0.133 seconds
[2026-06-18T10:47:58.489+0000] {processor.py:161} INFO - Started process (PID=1729) to work on /opt/airflow/dags/weather_etl_dag.py
[2026-06-18T10:47:58.490+0000] {processor.py:830} INFO - Processing file /opt/airflow/dags/weather_etl_dag.py for tasks to queue
[2026-06-18T10:47:58.493+0000] {logging_mixin.py:188} INFO - [2026-06-18T10:47:58.493+0000] {dagbag.py:545} INFO - Filling up the DagBag from /opt/airflow/dags/weather_etl_dag.py
[2026-06-18T10:47:58.524+0000] {processor.py:840} INFO - DAG(s) 'weather_etl_pipeline' retrieved from /opt/airflow/dags/weather_etl_dag.py
[2026-06-18T10:47:58.566+0000] {logging_mixin.py:188} INFO - [2026-06-18T10:47:58.566+0000] {dag.py:3096} INFO - Sync 1 DAGs
[2026-06-18T10:47:58.599+0000] {logging_mixin.py:188} INFO - [2026-06-18T10:47:58.598+0000] {dag.py:3954} INFO - Setting next_dagrun for weather_etl_pipeline to 2026-06-17 00:00:00+00:00, run_after=2026-06-18 00:00:00+00:00
[2026-06-18T10:47:58.627+0000] {processor.py:183} INFO - Processing /opt/airflow/dags/weather_etl_dag.py took 0.148 seconds
[2026-06-18T10:48:08.729+0000] {processor.py:161} INFO - Started process (PID=1734) to work on /opt/airflow/dags/weather_etl_dag.py
[2026-06-18T10:48:08.731+0000] {processor.py:830} INFO - Processing file /opt/airflow/dags/weather_etl_dag.py for tasks to queue
[2026-06-18T10:48:08.734+0000] {logging_mixin.py:188} INFO - [2026-06-18T10:48:08.734+0000] {dagbag.py:545} INFO - Filling up the DagBag from /opt/airflow/dags/weather_etl_dag.py
[2026-06-18T10:48:08.761+0000] {processor.py:840} INFO - DAG(s) 'weather_etl_pipeline' retrieved from /opt/airflow/dags/weather_etl_dag.py
[2026-06-18T10:48:08.794+0000] {logging_mixin.py:188} INFO - [2026-06-18T10:48:08.794+0000] {dag.py:3096} INFO - Sync 1 DAGs
[2026-06-18T10:48:08.820+0000] {logging_mixin.py:188} INFO - [2026-06-18T10:48:08.820+0000] {dag.py:3954} INFO - Setting next_dagrun for weather_etl_pipeline to 2026-06-17 00:00:00+00:00, run_after=2026-06-18 00:00:00+00:00
[2026-06-18T10:48:08.845+0000] {processor.py:183} INFO - Processing /opt/airflow/dags/weather_etl_dag.py took 0.124 seconds
[2026-06-18T10:48:19.411+0000] {processor.py:161} INFO - Started process (PID=1739) to work on /opt/airflow/dags/weather_etl_dag.py
[2026-06-18T10:48:19.413+0000] {processor.py:830} INFO - Processing file /opt/airflow/dags/weather_etl_dag.py for tasks to queue
[2026-06-18T10:48:19.416+0000] {logging_mixin.py:188} INFO - [2026-06-18T10:48:19.415+0000] {dagbag.py:545} INFO - Filling up the DagBag from /opt/airflow/dags/weather_etl_dag.py
[2026-06-18T10:48:19.441+0000] {processor.py:840} INFO - DAG(s) 'weather_etl_pipeline' retrieved from /opt/airflow/dags/weather_etl_dag.py
[2026-06-18T10:48:19.479+0000] {logging_mixin.py:188} INFO - [2026-06-18T10:48:19.479+0000] {dag.py:3096} INFO - Sync 1 DAGs
[2026-06-18T10:48:19.507+0000] {logging_mixin.py:188} INFO - [2026-06-18T10:48:19.506+0000] {dag.py:3954} INFO - Setting next_dagrun for weather_etl_pipeline to 2026-06-17 00:00:00+00:00, run_after=2026-06-18 00:00:00+00:00
[2026-06-18T10:48:19.532+0000] {processor.py:183} INFO - Processing /opt/airflow/dags/weather_etl_dag.py took 0.131 seconds
[2026-06-18T10:48:29.677+0000] {processor.py:161} INFO - Started process (PID=1744) to work on /opt/airflow/dags/weather_etl_dag.py
[2026-06-18T10:48:29.683+0000] {processor.py:830} INFO - Processing file /opt/airflow/dags/weather_etl_dag.py for tasks to queue
[2026-06-18T10:48:29.689+0000] {logging_mixin.py:188} INFO - [2026-06-18T10:48:29.688+0000] {dagbag.py:545} INFO - Filling up the DagBag from /opt/airflow/dags/weather_etl_dag.py
[2026-06-18T10:48:29.729+0000] {processor.py:840} INFO - DAG(s) 'weather_etl_pipeline' retrieved from /opt/airflow/dags/weather_etl_dag.py
[2026-06-18T10:48:29.779+0000] {logging_mixin.py:188} INFO - [2026-06-18T10:48:29.778+0000] {dag.py:3096} INFO - Sync 1 DAGs
[2026-06-18T10:48:29.815+0000] {logging_mixin.py:188} INFO - [2026-06-18T10:48:29.814+0000] {dag.py:3954} INFO - Setting next_dagrun for weather_etl_pipeline to 2026-06-17 00:00:00+00:00, run_after=2026-06-18 00:00:00+00:00
[2026-06-18T10:48:29.844+0000] {processor.py:183} INFO - Processing /opt/airflow/dags/weather_etl_dag.py took 0.186 seconds
[2026-06-18T10:48:39.963+0000] {processor.py:161} INFO - Started process (PID=1749) to work on /opt/airflow/dags/weather_etl_dag.py
[2026-06-18T10:48:39.965+0000] {processor.py:830} INFO - Processing file /opt/airflow/dags/weather_etl_dag.py for tasks to queue
[2026-06-18T10:48:39.969+0000] {logging_mixin.py:188} INFO - [2026-06-18T10:48:39.968+0000] {dagbag.py:545} INFO - Filling up the DagBag from /opt/airflow/dags/weather_etl_dag.py
[2026-06-18T10:48:40.001+0000] {processor.py:840} INFO - DAG(s) 'weather_etl_pipeline' retrieved from /opt/airflow/dags/weather_etl_dag.py
[2026-06-18T10:48:40.040+0000] {logging_mixin.py:188} INFO - [2026-06-18T10:48:40.040+0000] {dag.py:3096} INFO - Sync 1 DAGs
[2026-06-18T10:48:40.071+0000] {logging_mixin.py:188} INFO - [2026-06-18T10:48:40.070+0000] {dag.py:3954} INFO - Setting next_dagrun for weather_etl_pipeline to 2026-06-17 00:00:00+00:00, run_after=2026-06-18 00:00:00+00:00
[2026-06-18T10:48:40.097+0000] {processor.py:183} INFO - Processing /opt/airflow/dags/weather_etl_dag.py took 0.143 seconds
