time,temperature_2m,relative_humidity_2m,precipitation,rain,snowfall,weather_code,cloud_cover,wind_speed_10m,wind_direction_10m,wind_gusts_10m,surface_pressure,visibility,uv_index,is_day,location_name,location_country,latitude,longitude,extracted_at
2026-06-10T00:00,25.5,91,0.0,0.0,0.0,1,47,7.6,270,15.8,1008.8,21300.0,0.0,0,Accra,Ghana,5.556,-0.1969,2026-06-17T11:29:31.188265+00:00
2026-06-10T01:00,25.1,93,0.0,0.0,0.0,1,38,7.5,278,15.5,1008.3,18300.0,0.0,0,Accra,Ghana,5.556,-0.1969,2026-06-17T11:29:31.188265+00:00
2026-06-10T02:00,24.8,94,0.0,0.0,0.0,1,21,7.8,296,15.5,1008.0,20820.0,0.0,0,Accra,Ghana,5.556,-0.1969,2026-06-17T11:29:31.188265+00:00
2026-06-10T03:00,24.6,94,0.0,0.0,0.0,1,24,7.8,302,16.2,1008.0,22060.0,0.0,0,Accra,Ghana,5.556,-0.1969,2026-06-17T11:29:31.188265+00:00
2026-06-10T04:00,24.4,95,0.0,0.0,0.0,3,99,7.1,311,15.8,1008.1,17180.0,0.0,0,Accra,Ghana,5.556,-0.1969,2026-06-17T11:29:31.188265+00:00
2026-06-10T05:00,24.2,96,0.0,0.0,0.0,3,99,7.5,312,15.1,1008.4,16880.0,0.0,0,Accra,Ghana,5.556,-0.1969,2026-06-17T11:29:31.188265+00:00
2026-06-10T06:00,24.5,96,0.0,0.0,0.0,3,94,8.6,311,16.2,1008.8,13260.0,0.0,1,Accra,Ghana,5.556,-0.1969,2026-06-17T11:29:31.188265+00:00
2026-06-10T07:00,25.2,93,0.0,0.0,0.0,1,38,5.5,306,17.3,1009.8,14440.0,0.5,1,Accra,Ghana,5.556,-0.1969,2026-06-17T11:29:31.188265+00:00
2026-06-10T08:00,26.7,87,0.1,0.1,0.0,51,48,6.7,279,18.0,1010.0,7600.0,1.95,1,Accra,Ghana,5.556,-0.1969,2026-06-17T11:29:31.188265+00:00
2026-06-10T09:00,27.8,80,0.3,0.2,0.0,51,40,6.7,256,20.5,1010.4,9460.0,4.0,1,Accra,Ghana,5.556,-0.1969,2026-06-17T11:29:31.188265+00:00
2026-06-10T10:00,28.8,75,0.3,0.1,0.0,51,38,6.9,225,20.9,1010.5,5960.0,6.0,1,Accra,Ghana,5.556,-0.1969,2026-06-17T11:29:31.188265+00:00
2026-06-10T11:00,29.3,73,0.2,0.2,0.0,51,32,8.5,204,24.8,1009.8,10240.0,7.4,1,Accra,Ghana,5.556,-0.1969,2026-06-17T11:29:31.188265+00:00
2026-06-10T12:00,27.7,82,0.2,0.1,0.0,51,97,8.3,200,32.0,1009.5,8860.0,6.75,1,Accra,Ghana,5.556,-0.1969,2026-06-17T11:29:31.188265+00:00
2026-06-10T13:00,28.1,80,0.0,0.0,0.0,3,99,11.6,185,30.2,1009.1,32180.0,7.65,1,Accra,Ghana,5.556,-0.1969,2026-06-17T11:29:31.188265+00:00
2026-06-10T14:00,28.1,80,0.0,0.0,0.0,3,95,11.3,178,32.0,1008.2,27920.0,5.75,1,Accra,Ghana,5.556,-0.1969,2026-06-17T11:29:31.188265+00:00
2026-06-10T15:00,28.0,80,0.0,0.0,0.0,3,99,12.6,194,32.4,1007.6,19220.0,5.95,1,Accra,Ghana,5.556,-0.1969,2026-06-17T11:29:31.188265+00:00
2026-06-10T16:00,27.7,81,0.0,0.0,0.0,3,99,12.0,201,33.1,1007.3,17840.0,3.65,1,Accra,Ghana,5.556,-0.1969,2026-06-17T11:29:31.188265+00:00
2026-06-10T17:00,27.1,84,0.0,0.0,0.0,3,100,11.5,200,32.8,1007.7,14800.0,2.0,1,Accra,Ghana,5.556,-0.1969,2026-06-17T11:29:31.188265+00:00
2026-06-10T18:00,26.9,85,0.0,0.0,0.0,3,100,9.6,201,28.8,1008.0,21600.0,0.55,1,Accra,Ghana,5.556,-0.1969,2026-06-17T11:29:31.188265+00:00
2026-06-10T19:00,26.4,88,0.0,0.0,0.0,3,98,7.4,187,20.5,1008.6,23020.0,0.0,0,Accra,Ghana,5.556,-0.1969,2026-06-17T11:29:31.188265+00:00
2026-06-10T20:00,26.3,89,0.0,0.0,0.0,3,98,5.4,195,15.1,1009.4,25280.0,0.0,0,Accra,Ghana,5.556,-0.1969,2026-06-17T11:29:31.188265+00:00
2026-06-10T21:00,26.2,90,0.0,0.0,0.0,3,99,4.8,205,10.8,1009.9,20660.0,0.0,0,Accra,Ghana,5.556,-0.1969,2026-06-17T11:29:31.188265+00:00
2026-06-10T22:00,26.0,91,0.0,0.0,0.0,3,97,3.7,231,10.1,1010.2,24560.0,0.0,0,Accra,Ghana,5.556,-0.1969,2026-06-17T11:29:31.188265+00:00
2026-06-10T23:00,25.7,93,0.0,0.0,0.0,3,96,4.6,261,9.0,1010.3,13080.0,0.0,0,Accra,Ghana,5.556,-0.1969,2026-06-17T11:29:31.188265+00:00
2026-06-11T00:00,24.8,94,0.0,0.0,0.0,3,100,5.1,94,13.0,1010.4,2460.0,0.0,0,Accra,Ghana,5.556,-0.1969,2026-06-17T11:29:31.188265+00:00
2026-06-11T01:00,24.0,96,6.2,0.4,0.0,95,100,7.3,123,17.3,1009.7,1660.0,0.0,0,Accra,Ghana,5.556,-0.1969,2026-06-17T11:29:31.188265+00:00
2026-06-11T02:00,23.8,95,7.1,2.1,0.0,81,99,14.9,228,29.5,1008.2,3300.0,0.0,0,Accra,Ghana,5.556,-0.1969,2026-06-17T11:29:31.188265+00:00
2026-06-11T03:00,23.8,96,0.5,0.4,0.0,53,98,7.3,306,32.0,1007.8,8520.0,0.0,0,Accra,Ghana,5.556,-0.1969,2026-06-17T11:29:31.188265+00:00
2026-06-11T04:00,23.7,98,0.0,0.0,0.0,3,99,3.2,317,14.4,1008.5,14960.0,0.0,0,Accra,Ghana,5.556,-0.1969,2026-06-17T11:29:31.188265+00:00
2026-06-11T05:00,23.9,98,0.0,0.0,0.0,3,100,3.4,254,6.8,1008.7,16960.0,0.0,0,Accra,Ghana,5.556,-0.1969,2026-06-17T11:29:31.188265+00:00
2026-06-11T06:00,24.2,96,0.0,0.0,0.0,3,100,3.5,114,8.3,1009.1,8700.0,0.0,1,Accra,Ghana,5.556,-0.1969,2026-06-17T11:29:31.188265+00:00
2026-06-11T07:00,24.5,96,1.7,0.4,0.0,80,98,2.9,248,7.6,1009.6,4860.0,0.1,1,Accra,Ghana,5.556,-0.1969,2026-06-17T11:29:31.188265+00:00
2026-06-11T08:00,25.0,96,0.5,0.2,0.0,53,100,3.1,239,20.5,1011.0,6100.0,0.6,1,Accra,Ghana,5.556,-0.1969,2026-06-17T11:29:31.188265+00:00
2026-06-11T09:00,25.5,93,0.2,0.2,0.0,51,100,3.7,227,12.6,1011.7,6120.0,2.55,1,Accra,Ghana,5.556,-0.1969,2026-06-17T11:29:31.188265+00:00
2026-06-11T10:00,25.9,90,0.6,0.5,0.0,53,100,1.9,241,13.0,1011.5,4740.0,2.0,1,Accra,Ghana,5.556,-0.1969,2026-06-17T11:29:31.188265+00:00
2026-06-11T11:00,26.7,84,0.6,0.4,0.0,53,100,5.6,176,15.5,1011.3,4900.0,1.15,1,Accra,Ghana,5.556,-0.1969,2026-06-17T11:29:31.188265+00:00
2026-06-11T12:00,28.5,76,0.6,0.5,0.0,53,100,1.8,323,24.5,1010.3,16160.0,3.95,1,Accra,Ghana,5.556,-0.1969,2026-06-17T11:29:31.188265+00:00
2026-06-11T13:00,28.7,76,0.0,0.0,0.0,3,96,4.6,231,14.8,1009.3,30320.0,4.6,1,Accra,Ghana,5.556,-0.1969,2026-06-17T11:29:31.188265+00:00
2026-06-11T14:00,29.0,75,0.0,0.0,0.0,3,99,8.1,208,22.3,1008.5,31820.0,3.8,1,Accra,Ghana,5.556,-0.1969,2026-06-17T11:29:31.188265+00:00
2026-06-11T15:00,28.5,79,0.0,0.0,0.0,3,100,8.9,207,24.1,1008.1,31080.0,2.9,1,Accra,Ghana,5.556,-0.1969,2026-06-17T11:29:31.188265+00:00
2026-06-11T16:00,28.0,82,0.0,0.0,0.0,3,98,10.0,197,25.6,1007.8,27540.0,2.55,1,Accra,Ghana,5.556,-0.1969,2026-06-17T11:29:31.188265+00:00
2026-06-11T17:00,27.0,85,0.0,0.0,0.0,2,56,10.6,198,27.0,1008.0,25680.0,1.3,1,Accra,Ghana,5.556,-0.1969,2026-06-17T11:29:31.188265+00:00
2026-06-11T18:00,27.0,85,0.0,0.0,0.0,2,71,7.9,192,25.2,1008.1,25680.0,0.25,1,Accra,Ghana,5.556,-0.1969,2026-06-17T11:29:31.188265+00:00
2026-06-11T19:00,26.5,88,0.0,0.0,0.0,3,88,6.9,205,16.6,1008.4,25660.0,0.0,0,Accra,Ghana,5.556,-0.1969,2026-06-17T11:29:31.188265+00:00
2026-06-11T20:00,26.3,89,0.0,0.0,0.0,1,48,7.2,202,14.0,1009.2,25660.0,0.0,0,Accra,Ghana,5.556,-0.1969,2026-06-17T11:29:31.188265+00:00
2026-06-11T21:00,26.2,89,0.0,0.0,0.0,3,98,9.1,210,18.4,1009.8,25640.0,0.0,0,Accra,Ghana,5.556,-0.1969,2026-06-17T11:29:31.188265+00:00
2026-06-11T22:00,26.2,89,0.0,0.0,0.0,3,98,9.0,203,18.4,1010.1,25640.0,0.0,0,Accra,Ghana,5.556,-0.1969,2026-06-17T11:29:31.188265+00:00
2026-06-11T23:00,26.2,90,0.0,0.0,0.0,3,98,9.0,213,18.4,1010.2,25640.0,0.0,0,Accra,Ghana,5.556,-0.1969,2026-06-17T11:29:31.188265+00:00
2026-06-12T00:00,26.2,91,0.0,0.0,0.0,3,100,10.6,224,18.7,1009.1,22380.0,0.0,0,Accra,Ghana,5.556,-0.1969,2026-06-17T11:29:31.188265+00:00
2026-06-12T01:00,26.0,91,0.0,0.0,0.0,3,100,11.6,233,24.1,1008.6,17760.0,0.0,0,Accra,Ghana,5.556,-0.1969,2026-06-17T11:29:31.188265+00:00
2026-06-12T02:00,25.8,91,0.0,0.0,0.0,3,99,11.0,236,24.1,1008.6,20440.0,0.0,0,Accra,Ghana,5.556,-0.1969,2026-06-17T11:29:31.188265+00:00
2026-06-12T03:00,25.5,92,0.0,0.0,0.0,2,74,9.4,244,22.3,1008.2,22360.0,0.0,0,Accra,Ghana,5.556,-0.1969,2026-06-17T11:29:31.188265+00:00
2026-06-12T04:00,25.2,93,0.0,0.0,0.0,3,84,7.4,273,18.7,1008.6,20200.0,0.0,0,Accra,Ghana,5.556,-0.1969,2026-06-17T11:29:31.188265+00:00
2026-06-12T05:00,24.8,94,0.0,0.0,0.0,3,91,7.6,308,15.5,1009.4,20060.0,0.0,0,Accra,Ghana,5.556,-0.1969,2026-06-17T11:29:31.188265+00:00
2026-06-12T06:00,25.1,94,0.0,0.0,0.0,3,100,9.4,296,17.6,1010.0,14620.0,0.0,1,Accra,Ghana,5.556,-0.1969,2026-06-17T11:29:31.188265+00:00
2026-06-12T07:00,25.7,91,0.0,0.0,0.0,3,100,8.2,292,20.2,1010.9,13280.0,0.45,1,Accra,Ghana,5.556,-0.1969,2026-06-17T11:29:31.188265+00:00
2026-06-12T08:00,26.7,87,0.1,0.1,0.0,51,98,9.9,266,24.8,1011.7,7300.0,1.9,1,Accra,Ghana,5.556,-0.1969,2026-06-17T11:29:31.188265+00:00
2026-06-12T09:00,28.0,79,0.2,0.1,0.0,51,89,11.1,245,28.8,1011.4,8700.0,4.0,1,Accra,Ghana,5.556,-0.1969,2026-06-17T11:29:31.188265+00:00
2026-06-12T10:00,28.6,78,0.3,0.1,0.0,51,97,11.0,230,28.8,1011.3,9740.0,5.75,1,Accra,Ghana,5.556,-0.1969,2026-06-17T11:29:31.188265+00:00
2026-06-12T11:00,28.9,76,0.2,0.0,0.0,51,100,9.9,212,30.6,1011.3,5920.0,6.45,1,Accra,Ghana,5.556,-0.1969,2026-06-17T11:29:31.188265+00:00
2026-06-12T12:00,30.0,71,3.9,0.1,0.0,96,99,10.6,206,28.1,1010.5,31760.0,5.85,1,Accra,Ghana,5.556,-0.1969,2026-06-17T11:29:31.188265+00:00
2026-06-12T13:00,28.6,76,1.6,0.7,0.0,80,99,11.3,223,30.2,1010.6,6160.0,7.5,1,Accra,Ghana,5.556,-0.1969,2026-06-17T11:29:31.188265+00:00
2026-06-12T14:00,28.5,77,0.2,0.2,0.0,51,90,11.3,222,31.0,1010.1,11080.0,7.1,1,Accra,Ghana,5.556,-0.1969,2026-06-17T11:29:31.188265+00:00
2026-06-12T15:00,28.7,78,0.1,0.0,0.0,51,99,12.2,225,32.0,1009.5,9020.0,5.65,1,Accra,Ghana,5.556,-0.1969,2026-06-17T11:29:31.188265+00:00
2026-06-12T16:00,28.2,79,0.1,0.1,0.0,51,98,13.0,225,33.8,1009.1,25280.0,3.4,1,Accra,Ghana,5.556,-0.1969,2026-06-17T11:29:31.188265+00:00
2026-06-12T17:00,27.9,81,0.0,0.0,0.0,3,97,9.8,220,31.3,1008.9,28120.0,1.75,1,Accra,Ghana,5.556,-0.1969,2026-06-17T11:29:31.188265+00:00
2026-06-12T18:00,28.1,83,0.0,0.0,0.0,3,98,8.9,194,24.5,1009.6,27700.0,0.45,1,Accra,Ghana,5.556,-0.1969,2026-06-17T11:29:31.188265+00:00
2026-06-12T19:00,27.4,87,0.0,0.0,0.0,3,98,6.3,200,18.4,1010.1,25480.0,0.0,0,Accra,Ghana,5.556,-0.1969,2026-06-17T11:29:31.188265+00:00
2026-06-12T20:00,27.2,87,0.0,0.0,0.0,3,94,8.4,170,16.2,1010.9,23660.0,0.0,0,Accra,Ghana,5.556,-0.1969,2026-06-17T11:29:31.188265+00:00
2026-06-12T21:00,25.0,92,2.3,0.0,0.0,95,99,15.1,151,32.0,1012.1,2640.0,0.0,0,Accra,Ghana,5.556,-0.1969,2026-06-17T11:29:31.188265+00:00
2026-06-12T22:00,24.9,94,1.2,1.2,0.0,55,95,13.4,198,28.8,1012.3,4140.0,0.0,0,Accra,Ghana,5.556,-0.1969,2026-06-17T11:29:31.188265+00:00
2026-06-12T23:00,24.8,94,0.4,0.4,0.0,51,89,10.6,226,26.3,1012.1,9040.0,0.0,0,Accra,Ghana,5.556,-0.1969,2026-06-17T11:29:31.188265+00:00
2026-06-13T00:00,25.8,91,0.0,0.0,0.0,3,89,10.3,213,19.4,1010.8,9380.0,0.0,0,Accra,Ghana,5.556,-0.1969,2026-06-17T11:29:31.188265+00:00
2026-06-13T01:00,25.8,91,0.0,0.0,0.0,3,98,9.4,216,20.2,1010.3,16500.0,0.0,0,Accra,Ghana,5.556,-0.1969,2026-06-17T11:29:31.188265+00:00
2026-06-13T02:00,25.5,91,0.0,0.0,0.0,3,96,10.3,247,20.5,1009.8,6960.0,0.0,0,Accra,Ghana,5.556,-0.1969,2026-06-17T11:29:31.188265+00:00
2026-06-13T03:00,24.8,96,0.1,0.1,0.0,51,98,9.5,281,21.2,1009.6,13060.0,0.0,0,Accra,Ghana,5.556,-0.1969,2026-06-17T11:29:31.188265+00:00
2026-06-13T04:00,24.3,96,0.0,0.0,0.0,3,81,8.3,290,19.4,1009.4,15900.0,0.0,0,Accra,Ghana,5.556,-0.1969,2026-06-17T11:29:31.188265+00:00
2026-06-13T05:00,24.3,94,0.0,0.0,0.0,2,76,9.4,271,18.4,1010.6,14180.0,0.0,0,Accra,Ghana,5.556,-0.1969,2026-06-17T11:29:31.188265+00:00
2026-06-13T06:00,24.3,95,0.1,0.1,0.0,51,84,8.5,263,19.8,1010.6,18840.0,0.0,1,Accra,Ghana,5.556,-0.1969,2026-06-17T11:29:31.188265+00:00
2026-06-13T07:00,25.0,92,0.0,0.0,0.0,2,51,3.9,292,16.9,1011.5,13900.0,0.4,1,Accra,Ghana,5.556,-0.1969,2026-06-17T11:29:31.188265+00:00
2026-06-13T08:00,26.3,86,0.0,0.0,0.0,3,90,5.0,285,15.5,1012.3,10780.0,1.55,1,Accra,Ghana,5.556,-0.1969,2026-06-17T11:29:31.188265+00:00
2026-06-13T09:00,27.6,79,0.1,0.0,0.0,51,93,4.7,270,16.9,1013.1,8700.0,2.15,1,Accra,Ghana,5.556,-0.1969,2026-06-17T11:29:31.188265+00:00
2026-06-13T10:00,28.6,77,0.2,0.0,0.0,51,92,4.3,270,16.6,1013.1,8240.0,3.6,1,Accra,Ghana,5.556,-0.1969,2026-06-17T11:29:31.188265+00:00
2026-06-13T11:00,29.1,75,0.1,0.1,0.0,51,95,3.2,218,16.6,1012.4,31560.0,6.5,1,Accra,Ghana,5.556,-0.1969,2026-06-17T11:29:31.188265+00:00
2026-06-13T12:00,29.6,70,0.0,0.0,0.0,3,100,4.5,272,18.0,1011.5,34640.0,3.4,1,Accra,Ghana,5.556,-0.1969,2026-06-17T11:29:31.188265+00:00
2026-06-13T13:00,29.8,69,0.0,0.0,0.0,3,97,3.4,196,15.8,1010.4,9740.0,2.4,1,Accra,Ghana,5.556,-0.1969,2026-06-17T11:29:31.188265+00:00
2026-06-13T14:00,29.1,75,0.4,0.1,0.0,51,99,8.4,189,25.9,1010.6,28240.0,1.85,1,Accra,Ghana,5.556,-0.1969,2026-06-17T11:29:31.188265+00:00
2026-06-13T15:00,28.3,81,0.0,0.0,0.0,3,100,8.4,205,24.5,1009.8,19620.0,2.15,1,Accra,Ghana,5.556,-0.1969,2026-06-17T11:29:31.188265+00:00
2026-06-13T16:00,27.9,81,0.3,0.1,0.0,51,100,9.3,208,23.8,1009.5,10820.0,1.6,1,Accra,Ghana,5.556,-0.1969,2026-06-17T11:29:31.188265+00:00
2026-06-13T17:00,27.2,84,0.1,0.0,0.0,51,100,12.3,217,29.5,1009.9,15420.0,1.15,1,Accra,Ghana,5.556,-0.1969,2026-06-17T11:29:31.188265+00:00
2026-06-13T18:00,27.1,86,0.0,0.0,0.0,3,100,11.2,225,29.5,1009.8,19980.0,0.4,1,Accra,Ghana,5.556,-0.1969,2026-06-17T11:29:31.188265+00:00
2026-06-13T19:00,26.6,89,0.0,0.0,0.0,3,100,10.8,233,23.8,1010.5,23260.0,0.0,0,Accra,Ghana,5.556,-0.1969,2026-06-17T11:29:31.188265+00:00
2026-06-13T20:00,26.4,89,0.0,0.0,0.0,1,40,10.0,234,23.0,1011.2,24460.0,0.0,0,Accra,Ghana,5.556,-0.1969,2026-06-17T11:29:31.188265+00:00
2026-06-13T21:00,26.1,90,0.0,0.0,0.0,2,54,8.5,234,20.9,1012.1,21420.0,0.0,0,Accra,Ghana,5.556,-0.1969,2026-06-17T11:29:31.188265+00:00
2026-06-13T22:00,25.9,91,0.0,0.0,0.0,2,59,8.5,246,17.6,1012.6,12020.0,0.0,0,Accra,Ghana,5.556,-0.1969,2026-06-17T11:29:31.188265+00:00
2026-06-13T23:00,25.7,92,0.0,0.0,0.0,3,98,8.5,265,16.9,1012.7,13160.0,0.0,0,Accra,Ghana,5.556,-0.1969,2026-06-17T11:29:31.188265+00:00
2026-06-14T00:00,26.0,91,0.0,0.0,0.0,2,59,5.9,259,17.6,1012.0,14160.0,0.0,0,Accra,Ghana,5.556,-0.1969,2026-06-17T11:29:31.188265+00:00
2026-06-14T01:00,25.6,91,0.3,0.1,0.0,51,82,4.8,243,11.9,1011.5,4900.0,0.0,0,Accra,Ghana,5.556,-0.1969,2026-06-17T11:29:31.188265+00:00
2026-06-14T02:00,25.2,93,0.3,0.2,0.0,51,98,6.5,242,13.3,1011.0,9820.0,0.0,0,Accra,Ghana,5.556,-0.1969,2026-06-17T11:29:31.188265+00:00
2026-06-14T03:00,24.7,95,0.1,0.1,0.0,51,100,6.5,257,12.6,1010.5,12020.0,0.0,0,Accra,Ghana,5.556,-0.1969,2026-06-17T11:29:31.188265+00:00
2026-06-14T04:00,24.8,94,0.1,0.1,0.0,51,100,5.2,229,13.0,1010.7,10320.0,0.0,0,Accra,Ghana,5.556,-0.1969,2026-06-17T11:29:31.188265+00:00
2026-06-14T05:00,23.9,97,1.2,0.0,0.0,55,100,7.3,213,15.5,1011.6,3940.0,0.0,0,Accra,Ghana,5.556,-0.1969,2026-06-17T11:29:31.188265+00:00
2026-06-14T06:00,24.7,94,0.5,0.4,0.0,53,56,10.7,263,13.3,1010.7,19120.0,0.0,1,Accra,Ghana,5.556,-0.1969,2026-06-17T11:29:31.188265+00:00
2026-06-14T07:00,25.3,91,0.0,0.0,0.0,3,91,10.6,260,25.6,1011.0,20780.0,0.5,1,Accra,Ghana,5.556,-0.1969,2026-06-17T11:29:31.188265+00:00
2026-06-14T08:00,26.4,85,0.0,0.0,0.0,3,98,11.0,260,28.4,1011.6,26620.0,1.95,1,Accra,Ghana,5.556,-0.1969,2026-06-17T11:29:31.188265+00:00
2026-06-14T09:00,27.6,78,0.0,0.0,0.0,3,97,10.0,257,28.1,1011.9,28160.0,3.9,1,Accra,Ghana,5.556,-0.1969,2026-06-17T11:29:31.188265+00:00
2026-06-14T10:00,28.7,73,0.1,0.0,0.0,51,98,7.1,240,26.6,1012.2,6240.0,5.9,1,Accra,Ghana,5.556,-0.1969,2026-06-17T11:29:31.188265+00:00
2026-06-14T11:00,29.2,70,0.3,0.2,0.0,51,100,7.1,216,21.2,1011.9,11280.0,7.45,1,Accra,Ghana,5.556,-0.1969,2026-06-17T11:29:31.188265+00:00
2026-06-14T12:00,29.4,72,0.9,0.1,0.0,95,84,10.7,192,29.5,1012.0,17480.0,8.1,1,Accra,Ghana,5.556,-0.1969,2026-06-17T11:29:31.188265+00:00
2026-06-14T13:00,28.5,77,0.0,0.0,0.0,3,99,14.3,184,36.7,1011.2,17220.0,6.75,1,Accra,Ghana,5.556,-0.1969,2026-06-17T11:29:31.188265+00:00
2026-06-14T14:00,27.6,80,0.2,0.2,0.0,51,100,12.8,178,37.1,1010.9,6820.0,5.9,1,Accra,Ghana,5.556,-0.1969,2026-06-17T11:29:31.188265+00:00
2026-06-14T15:00,27.1,82,0.2,0.2,0.0,51,99,11.3,167,32.8,1010.3,7260.0,4.55,1,Accra,Ghana,5.556,-0.1969,2026-06-17T11:29:31.188265+00:00
2026-06-14T16:00,26.9,82,0.2,0.2,0.0,51,99,11.0,162,28.4,1009.8,8900.0,2.75,1,Accra,Ghana,5.556,-0.1969,2026-06-17T11:29:31.188265+00:00
2026-06-14T17:00,26.7,83,0.2,0.2,0.0,51,99,10.3,196,27.0,1009.8,5320.0,1.35,1,Accra,Ghana,5.556,-0.1969,2026-06-17T11:29:31.188265+00:00
2026-06-14T18:00,26.5,89,0.4,0.4,0.0,51,100,7.9,184,25.2,1010.3,4340.0,0.45,1,Accra,Ghana,5.556,-0.1969,2026-06-17T11:29:31.188265+00:00
2026-06-14T19:00,26.1,91,0.7,0.7,0.0,53,100,12.3,207,23.4,1010.9,4320.0,0.0,0,Accra,Ghana,5.556,-0.1969,2026-06-17T11:29:31.188265+00:00
2026-06-14T20:00,25.3,93,0.5,0.5,0.0,53,100,12.4,229,26.3,1011.7,7740.0,0.0,0,Accra,Ghana,5.556,-0.1969,2026-06-17T11:29:31.188265+00:00
2026-06-14T21:00,25.1,94,0.1,0.1,0.0,51,84,7.3,261,24.5,1012.3,14740.0,0.0,0,Accra,Ghana,5.556,-0.1969,2026-06-17T11:29:31.188265+00:00
2026-06-14T22:00,24.7,96,0.0,0.0,0.0,3,95,7.1,280,14.4,1012.8,15840.0,0.0,0,Accra,Ghana,5.556,-0.1969,2026-06-17T11:29:31.188265+00:00
2026-06-14T23:00,24.6,96,0.0,0.0,0.0,3,98,6.3,275,14.4,1012.7,16440.0,0.0,0,Accra,Ghana,5.556,-0.1969,2026-06-17T11:29:31.188265+00:00
2026-06-15T00:00,25.1,94,0.0,0.0,0.0,3,99,7.2,274,15.1,1011.9,21900.0,0.0,0,Accra,Ghana,5.556,-0.1969,2026-06-17T11:29:31.188265+00:00
2026-06-15T01:00,24.8,95,0.0,0.0,0.0,3,98,6.1,251,14.4,1011.1,21900.0,0.0,0,Accra,Ghana,5.556,-0.1969,2026-06-17T11:29:31.188265+00:00
2026-06-15T02:00,24.6,96,0.0,0.0,0.0,3,98,6.7,267,13.0,1010.9,16700.0,0.0,0,Accra,Ghana,5.556,-0.1969,2026-06-17T11:29:31.188265+00:00
2026-06-15T03:00,24.5,95,0.0,0.0,0.0,3,95,10.7,239,21.2,1010.7,17460.0,0.0,0,Accra,Ghana,5.556,-0.1969,2026-06-17T11:29:31.188265+00:00
2026-06-15T04:00,24.5,94,0.0,0.0,0.0,3,100,9.1,236,23.4,1010.5,20140.0,0.0,0,Accra,Ghana,5.556,-0.1969,2026-06-17T11:29:31.188265+00:00
2026-06-15T05:00,24.4,94,0.0,0.0,0.0,3,100,9.2,244,18.7,1011.1,21220.0,0.0,0,Accra,Ghana,5.556,-0.1969,2026-06-17T11:29:31.188265+00:00
2026-06-15T06:00,24.4,94,0.0,0.0,0.0,3,99,8.0,265,19.4,1011.5,7180.0,0.0,1,Accra,Ghana,5.556,-0.1969,2026-06-17T11:29:31.188265+00:00
2026-06-15T07:00,24.1,93,0.1,0.1,0.0,51,95,12.1,264,29.2,1012.1,15280.0,0.25,1,Accra,Ghana,5.556,-0.1969,2026-06-17T11:29:31.188265+00:00
2026-06-15T08:00,24.9,88,0.0,0.0,0.0,3,89,9.6,287,27.7,1012.8,16540.0,1.25,1,Accra,Ghana,5.556,-0.1969,2026-06-17T11:29:31.188265+00:00
2026-06-15T09:00,26.4,80,0.0,0.0,0.0,2,70,10.7,282,27.7,1013.2,21180.0,4.0,1,Accra,Ghana,5.556,-0.1969,2026-06-17T11:29:31.188265+00:00
2026-06-15T10:00,27.3,75,0.0,0.0,0.0,2,71,10.6,288,31.7,1013.1,25960.0,5.95,1,Accra,Ghana,5.556,-0.1969,2026-06-17T11:29:31.188265+00:00
2026-06-15T11:00,28.5,71,0.0,0.0,0.0,2,75,8.6,268,28.1,1012.1,31160.0,7.45,1,Accra,Ghana,5.556,-0.1969,2026-06-17T11:29:31.188265+00:00
2026-06-15T12:00,28.4,68,0.0,0.0,0.0,3,100,10.4,242,25.6,1012.1,34200.0,8.25,1,Accra,Ghana,5.556,-0.1969,2026-06-17T11:29:31.188265+00:00
2026-06-15T13:00,27.4,82,1.3,0.1,0.0,95,100,9.5,234,29.2,1011.8,3600.0,6.55,1,Accra,Ghana,5.556,-0.1969,2026-06-17T11:29:31.188265+00:00
2026-06-15T14:00,26.8,83,1.5,0.3,0.0,80,95,9.9,213,26.3,1010.8,4340.0,3.65,1,Accra,Ghana,5.556,-0.1969,2026-06-17T11:29:31.188265+00:00
2026-06-15T15:00,26.8,86,1.9,0.2,0.0,95,100,7.7,217,26.3,1010.0,5160.0,2.05,1,Accra,Ghana,5.556,-0.1969,2026-06-17T11:29:31.188265+00:00
2026-06-15T16:00,26.4,87,0.4,0.3,0.0,51,99,8.4,211,22.0,1009.3,9560.0,0.8,1,Accra,Ghana,5.556,-0.1969,2026-06-17T11:29:31.188265+00:00
2026-06-15T17:00,26.2,86,0.1,0.1,0.0,51,100,9.1,218,23.8,1009.7,9840.0,0.3,1,Accra,Ghana,5.556,-0.1969,2026-06-17T11:29:31.188265+00:00
2026-06-15T18:00,26.4,85,0.1,0.1,0.0,51,100,10.6,231,22.0,1010.3,27240.0,0.1,1,Accra,Ghana,5.556,-0.1969,2026-06-17T11:29:31.188265+00:00
2026-06-15T19:00,26.2,85,0.0,0.0,0.0,3,100,9.0,237,21.6,1011.1,27540.0,0.0,0,Accra,Ghana,5.556,-0.1969,2026-06-17T11:29:31.188265+00:00
2026-06-15T20:00,25.9,87,0.0,0.0,0.0,3,100,8.7,252,18.4,1011.5,24960.0,0.0,0,Accra,Ghana,5.556,-0.1969,2026-06-17T11:29:31.188265+00:00
2026-06-15T21:00,25.5,89,0.0,0.0,0.0,3,100,8.7,263,18.7,1011.8,24960.0,0.0,0,Accra,Ghana,5.556,-0.1969,2026-06-17T11:29:31.188265+00:00
2026-06-15T22:00,25.3,90,0.0,0.0,0.0,3,99,8.3,254,17.6,1011.9,24940.0,0.0,0,Accra,Ghana,5.556,-0.1969,2026-06-17T11:29:31.188265+00:00
2026-06-15T23:00,25.2,90,0.0,0.0,0.0,3,90,7.7,252,17.6,1011.7,21760.0,0.0,0,Accra,Ghana,5.556,-0.1969,2026-06-17T11:29:31.188265+00:00
2026-06-16T00:00,25.4,89,0.0,0.0,0.0,2,77,9.1,255,15.5,1011.0,24940.0,0.0,0,Accra,Ghana,5.556,-0.1969,2026-06-17T11:29:31.188265+00:00
2026-06-16T01:00,25.0,90,0.0,0.0,0.0,3,90,9.9,249,19.8,1010.6,24940.0,0.0,0,Accra,Ghana,5.556,-0.1969,2026-06-17T11:29:31.188265+00:00
2026-06-16T02:00,24.8,91,0.0,0.0,0.0,3,97,9.5,251,20.2,1010.5,21740.0,0.0,0,Accra,Ghana,5.556,-0.1969,2026-06-17T11:29:31.188265+00:00
2026-06-16T03:00,24.4,91,0.0,0.0,0.0,2,73,9.4,271,19.1,1010.0,21740.0,0.0,0,Accra,Ghana,5.556,-0.1969,2026-06-17T11:29:31.188265+00:00
2026-06-16T04:00,24.1,92,0.0,0.0,0.0,3,98,8.2,278,19.1,1010.2,21740.0,0.0,0,Accra,Ghana,5.556,-0.1969,2026-06-17T11:29:31.188265+00:00
2026-06-16T05:00,23.9,92,0.0,0.0,0.0,3,100,8.6,280,16.9,1010.6,20400.0,0.0,0,Accra,Ghana,5.556,-0.1969,2026-06-17T11:29:31.188265+00:00
2026-06-16T06:00,24.1,92,0.0,0.0,0.0,2,67,10.3,272,19.4,1010.3,18360.0,0.0,1,Accra,Ghana,5.556,-0.1969,2026-06-17T11:29:31.188265+00:00
2026-06-16T07:00,24.8,90,0.0,0.0,0.0,1,32,8.8,282,21.2,1011.2,23640.0,0.45,1,Accra,Ghana,5.556,-0.1969,2026-06-17T11:29:31.188265+00:00
2026-06-16T08:00,25.9,87,0.0,0.0,0.0,0,19,7.9,287,22.3,1011.9,24560.0,1.9,1,Accra,Ghana,5.556,-0.1969,2026-06-17T11:29:31.188265+00:00
2026-06-16T09:00,27.5,79,0.1,0.0,0.0,51,23,9.8,257,27.0,1012.2,7020.0,3.8,1,Accra,Ghana,5.556,-0.1969,2026-06-17T11:29:31.188265+00:00
2026-06-16T10:00,28.1,76,0.4,0.1,0.0,51,66,8.8,229,25.9,1012.6,5020.0,5.85,1,Accra,Ghana,5.556,-0.1969,2026-06-17T11:29:31.188265+00:00
2026-06-16T11:00,28.9,71,0.6,0.4,0.0,53,58,10.2,210,28.1,1012.3,5620.0,7.4,1,Accra,Ghana,5.556,-0.1969,2026-06-17T11:29:31.188265+00:00
2026-06-16T12:00,29.9,67,0.8,0.7,0.0,53,55,12.3,207,32.4,1011.9,10580.0,8.25,1,Accra,Ghana,5.556,-0.1969,2026-06-17T11:29:31.188265+00:00
2026-06-16T13:00,29.3,72,0.2,0.1,0.0,51,14,13.0,199,34.2,1011.2,10760.0,8.05,1,Accra,Ghana,5.556,-0.1969,2026-06-17T11:29:31.188265+00:00
2026-06-16T14:00,29.0,73,0.1,0.0,0.0,51,24,13.3,196,34.2,1010.9,13580.0,5.55,1,Accra,Ghana,5.556,-0.1969,2026-06-17T11:29:31.188265+00:00
2026-06-16T15:00,28.6,75,0.1,0.1,0.0,51,32,13.5,196,34.9,1010.7,14640.0,5.55,1,Accra,Ghana,5.556,-0.1969,2026-06-17T11:29:31.188265+00:00
2026-06-16T16:00,28.4,69,0.0,0.0,0.0,2,62,13.6,195,34.6,1010.7,10700.0,4.0,1,Accra,Ghana,5.556,-0.1969,2026-06-17T11:29:31.188265+00:00
2026-06-16T17:00,27.6,80,0.1,0.1,0.0,51,98,12.3,194,32.8,1010.2,20900.0,2.05,1,Accra,Ghana,5.556,-0.1969,2026-06-17T11:29:31.188265+00:00
2026-06-16T18:00,27.6,82,0.0,0.0,0.0,3,100,9.0,193,29.5,1010.9,27400.0,0.55,1,Accra,Ghana,5.556,-0.1969,2026-06-17T11:29:31.188265+00:00
2026-06-16T19:00,26.7,84,0.0,0.0,0.0,3,96,6.6,221,18.0,1011.4,16140.0,0.0,0,Accra,Ghana,5.556,-0.1969,2026-06-17T11:29:31.188265+00:00
2026-06-16T20:00,26.6,85,0.0,0.0,0.0,3,97,8.2,209,15.1,1011.8,10180.0,0.0,0,Accra,Ghana,5.556,-0.1969,2026-06-17T11:29:31.188265+00:00
2026-06-16T21:00,26.3,85,0.2,0.1,0.0,51,98,10.2,222,21.6,1012.1,9320.0,0.0,0,Accra,Ghana,5.556,-0.1969,2026-06-17T11:29:31.188265+00:00
2026-06-16T22:00,25.9,87,0.0,0.0,0.0,2,79,11.1,205,22.3,1011.7,20160.0,0.0,0,Accra,Ghana,5.556,-0.1969,2026-06-17T11:29:31.188265+00:00
2026-06-16T23:00,25.7,88,0.0,0.0,0.0,2,73,10.7,193,22.7,1011.7,24560.0,0.0,0,Accra,Ghana,5.556,-0.1969,2026-06-17T11:29:31.188265+00:00
2026-06-17T00:00,26.0,87,0.1,0.0,0.0,51,98,8.4,214,21.6,1010.8,22980.0,0.0,0,Accra,Ghana,5.556,-0.1969,2026-06-17T11:29:31.188265+00:00
2026-06-17T01:00,25.8,88,0.0,0.0,0.0,3,100,8.5,226,16.9,1010.3,15740.0,0.0,0,Accra,Ghana,5.556,-0.1969,2026-06-17T11:29:31.188265+00:00
2026-06-17T02:00,25.6,90,0.0,0.0,0.0,3,99,9.2,231,18.4,1009.6,10520.0,0.0,0,Accra,Ghana,5.556,-0.1969,2026-06-17T11:29:31.188265+00:00
2026-06-17T03:00,25.4,91,0.0,0.0,0.0,3,95,8.4,239,18.7,1009.2,9680.0,0.0,0,Accra,Ghana,5.556,-0.1969,2026-06-17T11:29:31.188265+00:00
2026-06-17T04:00,25.1,93,0.1,0.1,0.0,51,95,6.4,252,16.6,1009.5,7820.0,0.0,0,Accra,Ghana,5.556,-0.1969,2026-06-17T11:29:31.188265+00:00
2026-06-17T05:00,24.6,96,0.2,0.2,0.0,51,70,3.5,279,12.6,1010.2,7340.0,0.0,0,Accra,Ghana,5.556,-0.1969,2026-06-17T11:29:31.188265+00:00
2026-06-17T06:00,24.6,94,0.3,0.2,0.0,51,88,2.8,235,6.8,1010.8,9060.0,0.0,1,Accra,Ghana,5.556,-0.1969,2026-06-17T11:29:31.188265+00:00
2026-06-17T07:00,25.5,90,0.1,0.0,0.0,51,91,1.8,225,7.6,1011.6,6360.0,0.5,1,Accra,Ghana,5.556,-0.1969,2026-06-17T11:29:31.188265+00:00
2026-06-17T08:00,26.2,86,0.2,0.1,0.0,51,100,2.7,208,9.4,1012.5,4860.0,1.95,1,Accra,Ghana,5.556,-0.1969,2026-06-17T11:29:31.188265+00:00
2026-06-17T09:00,26.3,85,0.7,0.3,0.0,53,98,6.1,178,18.4,1012.8,6480.0,3.75,1,Accra,Ghana,5.556,-0.1969,2026-06-17T11:29:31.188265+00:00
2026-06-17T10:00,27.2,81,0.6,0.0,0.0,53,95,7.1,161,22.0,1012.8,18520.0,5.85,1,Accra,Ghana,5.556,-0.1969,2026-06-17T11:29:31.188265+00:00
2026-06-17T11:00,27.5,79,0.3,0.0,0.0,51,88,9.0,143,25.2,1012.5,7540.0,7.1,1,Accra,Ghana,5.556,-0.1969,2026-06-17T11:29:31.188265+00:00
2026-06-17T12:00,27.6,80,0.7,0.0,0.0,53,93,8.7,142,26.3,1012.1,12280.0,8.05,1,Accra,Ghana,5.556,-0.1969,2026-06-17T11:29:31.188265+00:00
2026-06-17T13:00,27.4,78,0.2,0.1,0.0,51,81,10.4,150,28.8,1011.2,13120.0,8.05,1,Accra,Ghana,5.556,-0.1969,2026-06-17T11:29:31.188265+00:00
2026-06-17T14:00,27.4,78,0.7,0.2,0.0,53,90,9.2,145,28.4,1010.6,9360.0,7.05,1,Accra,Ghana,5.556,-0.1969,2026-06-17T11:29:31.188265+00:00
2026-06-17T15:00,27.5,77,0.1,0.0,0.0,51,99,9.6,142,25.2,1010.2,3920.0,5.35,1,Accra,Ghana,5.556,-0.1969,2026-06-17T11:29:31.188265+00:00
2026-06-17T16:00,25.7,87,3.3,0.8,0.0,81,76,8.3,146,31.3,1009.6,6340.0,3.7,1,Accra,Ghana,5.556,-0.1969,2026-06-17T11:29:31.188265+00:00
2026-06-17T17:00,26.3,83,0.1,0.1,0.0,51,88,9.8,137,25.2,1009.5,16380.0,1.9,1,Accra,Ghana,5.556,-0.1969,2026-06-17T11:29:31.188265+00:00
2026-06-17T18:00,26.0,85,0.0,0.0,0.0,2,56,8.4,130,26.6,1010.4,22380.0,0.55,1,Accra,Ghana,5.556,-0.1969,2026-06-17T11:29:31.188265+00:00
2026-06-17T19:00,25.4,90,0.0,0.0,0.0,0,9,5.2,106,17.6,1011.1,23880.0,0.0,0,Accra,Ghana,5.556,-0.1969,2026-06-17T11:29:31.188265+00:00
2026-06-17T20:00,25.2,92,0.0,0.0,0.0,1,28,3.9,112,10.4,1011.5,21240.0,0.0,0,Accra,Ghana,5.556,-0.1969,2026-06-17T11:29:31.188265+00:00
2026-06-17T21:00,25.3,91,0.0,0.0,0.0,1,37,2.9,133,7.9,1012.2,22940.0,0.0,0,Accra,Ghana,5.556,-0.1969,2026-06-17T11:29:31.188265+00:00
2026-06-17T22:00,25.4,91,0.0,0.0,0.0,3,93,1.4,90,5.4,1012.7,24220.0,0.0,0,Accra,Ghana,5.556,-0.1969,2026-06-17T11:29:31.188265+00:00
2026-06-17T23:00,25.3,92,0.0,0.0,0.0,1,35,1.7,103,4.0,1012.8,10700.0,0.0,0,Accra,Ghana,5.556,-0.1969,2026-06-17T11:29:31.188265+00:00
2026-06-10T00:00,13.0,59,0.0,0.0,0.0,0,2,13.7,252,29.9,1013.8,29320.0,0.0,0,London,United Kingdom,51.5074,-0.1278,2026-06-17T11:29:31.435249+00:00
2026-06-10T01:00,12.2,67,0.0,0.0,0.0,3,100,14.0,256,30.2,1013.8,28720.0,0.0,0,London,United Kingdom,51.5074,-0.1278,2026-06-17T11:29:31.435249+00:00
2026-06-10T02:00,11.5,73,0.0,0.0,0.0,0,3,14.4,254,31.0,1013.8,26820.0,0.0,0,London,United Kingdom,51.5074,-0.1278,2026-06-17T11:29:31.435249+00:00
2026-06-10T03:00,11.1,76,0.0,0.0,0.0,2,68,14.0,260,30.2,1013.9,26640.0,0.0,0,London,United Kingdom,51.5074,-0.1278,2026-06-17T11:29:31.435249+00:00
2026-06-10T04:00,10.8,79,0.0,0.0,0.0,0,5,13.7,252,29.9,1013.7,22580.0,0.0,0,London,United Kingdom,51.5074,-0.1278,2026-06-17T11:29:31.435249+00:00
2026-06-10T05:00,10.3,79,0.0,0.0,0.0,3,98,12.2,252,26.3,1013.9,19880.0,0.0,1,London,United Kingdom,51.5074,-0.1278,2026-06-17T11:29:31.435249+00:00
2026-06-10T06:00,10.4,78,0.0,0.0,0.0,2,58,12.2,246,26.6,1013.9,20040.0,0.0,1,London,United Kingdom,51.5074,-0.1278,2026-06-17T11:29:31.435249+00:00
2026-06-10T07:00,11.1,77,0.0,0.0,0.0,1,41,11.2,250,24.5,1014.1,17980.0,0.4,1,London,United Kingdom,51.5074,-0.1278,2026-06-17T11:29:31.435249+00:00
2026-06-10T08:00,12.0,74,0.0,0.0,0.0,3,95,11.9,238,26.3,1014.4,18100.0,0.75,1,London,United Kingdom,51.5074,-0.1278,2026-06-17T11:29:31.435249+00:00
2026-06-10T09:00,13.3,65,0.0,0.0,0.0,3,82,10.4,250,22.3,1014.6,17940.0,2.0,1,London,United Kingdom,51.5074,-0.1278,2026-06-17T11:29:31.435249+00:00
2026-06-10T10:00,13.5,66,0.0,0.0,0.0,3,100,10.1,266,22.3,1014.8,17420.0,1.8,1,London,United Kingdom,51.5074,-0.1278,2026-06-17T11:29:31.435249+00:00
2026-06-10T11:00,14.4,60,0.0,0.0,0.0,3,100,10.1,250,22.7,1014.9,17480.0,2.8,1,London,United Kingdom,51.5074,-0.1278,2026-06-17T11:29:31.435249+00:00
2026-06-10T12:00,15.5,53,0.0,0.0,0.0,3,100,11.9,256,27.4,1014.4,19780.0,4.2,1,London,United Kingdom,51.5074,-0.1278,2026-06-17T11:29:31.435249+00:00
2026-06-10T13:00,16.1,45,0.0,0.0,0.0,3,100,11.5,254,26.6,1014.2,21360.0,1.75,1,London,United Kingdom,51.5074,-0.1278,2026-06-17T11:29:31.435249+00:00
2026-06-10T14:00,14.6,71,0.5,0.5,0.0,53,100,10.1,292,21.6,1014.7,16580.0,2.55,1,London,United Kingdom,51.5074,-0.1278,2026-06-17T11:29:31.435249+00:00
2026-06-10T15:00,14.5,68,0.0,0.0,0.0,3,95,8.6,284,19.1,1014.7,16760.0,2.95,1,London,United Kingdom,51.5074,-0.1278,2026-06-17T11:29:31.435249+00:00
2026-06-10T16:00,16.1,57,1.0,1.0,0.0,55,100,8.6,284,19.8,1013.8,20260.0,2.5,1,London,United Kingdom,51.5074,-0.1278,2026-06-17T11:29:31.435249+00:00
2026-06-10T17:00,17.2,47,0.0,0.0,0.0,3,98,16.9,248,34.9,1013.8,21780.0,0.45,1,London,United Kingdom,51.5074,-0.1278,2026-06-17T11:29:31.435249+00:00
2026-06-10T18:00,15.5,63,0.1,0.1,0.0,51,100,11.9,340,25.2,1014.5,18260.0,0.4,1,London,United Kingdom,51.5074,-0.1278,2026-06-17T11:29:31.435249+00:00
2026-06-10T19:00,14.9,69,0.3,0.3,0.0,51,100,14.0,270,29.9,1014.9,11000.0,0.05,1,London,United Kingdom,51.5074,-0.1278,2026-06-17T11:29:31.435249+00:00
2026-06-10T20:00,13.5,74,0.4,0.4,0.0,51,99,10.4,342,22.7,1016.1,27520.0,0.0,1,London,United Kingdom,51.5074,-0.1278,2026-06-17T11:29:31.435249+00:00
2026-06-10T21:00,13.3,71,0.0,0.0,0.0,3,100,5.8,352,13.0,1016.6,25440.0,0.0,1,London,United Kingdom,51.5074,-0.1278,2026-06-17T11:29:31.435249+00:00
2026-06-10T22:00,13.3,73,0.1,0.1,0.0,51,100,6.5,270,14.0,1017.0,17440.0,0.0,0,London,United Kingdom,51.5074,-0.1278,2026-06-17T11:29:31.435249+00:00
2026-06-10T23:00,13.2,75,0.0,0.0,0.0,3,91,6.8,240,14.8,1017.6,23880.0,0.0,0,London,United Kingdom,51.5074,-0.1278,2026-06-17T11:29:31.435249+00:00
2026-06-11T00:00,13.0,79,0.0,0.0,0.0,1,29,6.8,222,15.5,1017.7,21240.0,0.0,0,London,United Kingdom,51.5074,-0.1278,2026-06-17T11:29:31.435249+00:00
2026-06-11T01:00,12.8,75,0.0,0.0,0.0,0,0,8.3,272,18.7,1017.8,22080.0,0.0,0,London,United Kingdom,51.5074,-0.1278,2026-06-17T11:29:31.435249+00:00
2026-06-11T02:00,12.0,78,0.0,0.0,0.0,1,34,8.6,282,19.1,1018.0,21760.0,0.0,0,London,United Kingdom,51.5074,-0.1278,2026-06-17T11:29:31.435249+00:00
2026-06-11T03:00,11.7,79,0.0,0.0,0.0,2,64,8.3,266,17.6,1017.9,18940.0,0.0,0,London,United Kingdom,51.5074,-0.1278,2026-06-17T11:29:31.435249+00:00
2026-06-11T04:00,10.8,84,0.0,0.0,0.0,2,59,7.6,258,17.3,1018.2,17160.0,0.0,0,London,United Kingdom,51.5074,-0.1278,2026-06-17T11:29:31.435249+00:00
2026-06-11T05:00,10.5,86,0.0,0.0,0.0,3,88,7.2,238,15.8,1018.2,13960.0,0.0,1,London,United Kingdom,51.5074,-0.1278,2026-06-17T11:29:31.435249+00:00
2026-06-11T06:00,10.2,87,0.0,0.0,0.0,3,100,8.6,240,19.1,1018.1,13240.0,0.0,1,London,United Kingdom,51.5074,-0.1278,2026-06-17T11:29:31.435249+00:00
2026-06-11T07:00,10.7,86,0.0,0.0,0.0,3,100,9.0,236,19.1,1018.2,12160.0,0.25,1,London,United Kingdom,51.5074,-0.1278,2026-06-17T11:29:31.435249+00:00
2026-06-11T08:00,11.5,83,0.0,0.0,0.0,3,100,9.4,228,20.2,1018.0,11280.0,0.5,1,London,United Kingdom,51.5074,-0.1278,2026-06-17T11:29:31.435249+00:00
2026-06-11T09:00,12.4,84,0.2,0.2,0.0,51,100,10.1,230,21.6,1018.5,8920.0,0.9,1,London,United Kingdom,51.5074,-0.1278,2026-06-17T11:29:31.435249+00:00
2026-06-11T10:00,12.7,88,0.9,0.9,0.0,53,100,11.9,232,25.6,1018.6,6720.0,1.15,1,London,United Kingdom,51.5074,-0.1278,2026-06-17T11:29:31.435249+00:00
2026-06-11T11:00,12.1,88,1.0,1.0,0.0,55,100,15.8,236,34.2,1018.1,6900.0,1.25,1,London,United Kingdom,51.5074,-0.1278,2026-06-17T11:29:31.435249+00:00
2026-06-11T12:00,11.9,93,2.1,2.1,0.0,61,100,14.4,216,31.0,1017.7,5320.0,1.3,1,London,United Kingdom,51.5074,-0.1278,2026-06-17T11:29:31.435249+00:00
2026-06-11T13:00,12.0,93,1.5,1.5,0.0,61,100,16.6,216,35.3,1017.2,5240.0,1.3,1,London,United Kingdom,51.5074,-0.1278,2026-06-17T11:29:31.435249+00:00
2026-06-11T14:00,12.2,92,1.2,1.2,0.0,55,100,18.7,212,40.0,1016.3,7200.0,1.2,1,London,United Kingdom,51.5074,-0.1278,2026-06-17T11:29:31.435249+00:00
2026-06-11T15:00,13.1,90,0.0,0.0,0.0,3,100,20.9,222,44.3,1014.9,9880.0,1.0,1,London,United Kingdom,51.5074,-0.1278,2026-06-17T11:29:31.435249+00:00
2026-06-11T16:00,13.6,92,0.4,0.4,0.0,51,100,20.9,228,45.4,1014.4,8920.0,0.75,1,London,United Kingdom,51.5074,-0.1278,2026-06-17T11:29:31.435249+00:00
2026-06-11T17:00,14.3,92,0.0,0.0,0.0,3,100,18.4,232,38.9,1014.2,7720.0,0.45,1,London,United Kingdom,51.5074,-0.1278,2026-06-17T11:29:31.435249+00:00
2026-06-11T18:00,14.9,92,0.0,0.0,0.0,3,100,17.6,230,38.2,1013.7,8960.0,0.25,1,London,United Kingdom,51.5074,-0.1278,2026-06-17T11:29:31.435249+00:00
2026-06-11T19:00,15.5,91,0.0,0.0,0.0,3,100,14.8,238,31.7,1013.8,11340.0,0.15,1,London,United Kingdom,51.5074,-0.1278,2026-06-17T11:29:31.435249+00:00
2026-06-11T20:00,16.3,88,0.0,0.0,0.0,3,100,13.3,254,28.8,1014.1,14560.0,0.0,1,London,United Kingdom,51.5074,-0.1278,2026-06-17T11:29:31.435249+00:00
2026-06-11T21:00,16.3,85,0.0,0.0,0.0,3,100,15.5,254,33.5,1014.4,18760.0,0.0,1,London,United Kingdom,51.5074,-0.1278,2026-06-17T11:29:31.435249+00:00
2026-06-11T22:00,16.3,84,0.0,0.0,0.0,3,100,16.6,256,36.0,1015.0,20760.0,0.0,0,London,United Kingdom,51.5074,-0.1278,2026-06-17T11:29:31.435249+00:00
2026-06-11T23:00,16.2,83,0.0,0.0,0.0,3,100,15.5,256,32.8,1015.2,22580.0,0.0,0,London,United Kingdom,51.5074,-0.1278,2026-06-17T11:29:31.435249+00:00
2026-06-12T00:00,16.4,82,0.0,0.0,0.0,3,100,16.2,258,35.3,1015.1,23920.0,0.0,0,London,United Kingdom,51.5074,-0.1278,2026-06-17T11:29:31.435249+00:00
2026-06-12T01:00,16.0,85,0.0,0.0,0.0,2,76,18.4,262,40.3,1015.5,24920.0,0.0,0,London,United Kingdom,51.5074,-0.1278,2026-06-17T11:29:31.435249+00:00
2026-06-12T02:00,15.9,86,0.0,0.0,0.0,3,100,17.3,260,37.4,1015.5,24640.0,0.0,0,London,United Kingdom,51.5074,-0.1278,2026-06-17T11:29:31.435249+00:00
2026-06-12T03:00,16.1,84,0.0,0.0,0.0,3,100,17.6,262,38.9,1015.5,26080.0,0.0,0,London,United Kingdom,51.5074,-0.1278,2026-06-17T11:29:31.435249+00:00
2026-06-12T04:00,16.1,84,0.0,0.0,0.0,3,100,18.0,260,38.9,1015.5,24400.0,0.0,0,London,United Kingdom,51.5074,-0.1278,2026-06-17T11:29:31.435249+00:00
2026-06-12T05:00,16.0,84,0.0,0.0,0.0,3,100,19.4,264,42.1,1016.0,22940.0,0.0,1,London,United Kingdom,51.5074,-0.1278,2026-06-17T11:29:31.435249+00:00
2026-06-12T06:00,15.9,82,0.0,0.0,0.0,3,100,19.1,264,41.8,1016.2,22880.0,0.0,1,London,United Kingdom,51.5074,-0.1278,2026-06-17T11:29:31.435249+00:00
2026-06-12T07:00,15.9,82,0.0,0.0,0.0,3,100,18.0,260,38.9,1016.9,21180.0,0.15,1,London,United Kingdom,51.5074,-0.1278,2026-06-17T11:29:31.435249+00:00
2026-06-12T08:00,16.2,80,0.0,0.0,0.0,3,100,18.0,260,38.9,1017.0,21380.0,0.5,1,London,United Kingdom,51.5074,-0.1278,2026-06-17T11:29:31.435249+00:00
2026-06-12T09:00,17.0,77,0.0,0.0,0.0,3,100,19.1,262,41.4,1017.1,20580.0,1.4,1,London,United Kingdom,51.5074,-0.1278,2026-06-17T11:29:31.435249+00:00
2026-06-12T10:00,17.6,75,0.0,0.0,0.0,3,100,19.1,258,41.0,1017.5,20480.0,2.0,1,London,United Kingdom,51.5074,-0.1278,2026-06-17T11:29:31.435249+00:00
2026-06-12T11:00,18.3,72,0.0,0.0,0.0,3,100,17.6,254,38.9,1017.7,20660.0,3.0,1,London,United Kingdom,51.5074,-0.1278,2026-06-17T11:29:31.435249+00:00
2026-06-12T12:00,19.1,70,0.0,0.0,0.0,3,87,21.2,256,46.1,1017.9,22720.0,3.7,1,London,United Kingdom,51.5074,-0.1278,2026-06-17T11:29:31.435249+00:00
2026-06-12T13:00,20.4,64,0.0,0.0,0.0,2,66,20.9,252,46.1,1018.1,24680.0,4.75,1,London,United Kingdom,51.5074,-0.1278,2026-06-17T11:29:31.435249+00:00
2026-06-12T14:00,21.1,61,0.0,0.0,0.0,3,100,20.2,256,44.3,1017.8,24620.0,2.65,1,London,United Kingdom,51.5074,-0.1278,2026-06-17T11:29:31.435249+00:00
2026-06-12T15:00,21.2,60,0.0,0.0,0.0,3,100,20.5,262,45.4,1017.5,25120.0,3.1,1,London,United Kingdom,51.5074,-0.1278,2026-06-17T11:29:31.435249+00:00
2026-06-12T16:00,21.7,56,0.0,0.0,0.0,3,100,20.9,262,46.4,1017.4,25660.0,2.5,1,London,United Kingdom,51.5074,-0.1278,2026-06-17T11:29:31.435249+00:00
2026-06-12T17:00,22.1,52,0.0,0.0,0.0,0,13,22.3,260,49.0,1017.5,26740.0,1.65,1,London,United Kingdom,51.5074,-0.1278,2026-06-17T11:29:31.435249+00:00
2026-06-12T18:00,22.0,48,0.0,0.0,0.0,0,0,21.6,258,47.9,1017.4,28060.0,0.75,1,London,United Kingdom,51.5074,-0.1278,2026-06-17T11:29:31.435249+00:00
2026-06-12T19:00,21.1,50,0.0,0.0,0.0,0,0,21.2,256,46.4,1017.5,28500.0,0.25,1,London,United Kingdom,51.5074,-0.1278,2026-06-17T11:29:31.435249+00:00
2026-06-12T20:00,20.3,53,0.0,0.0,0.0,0,0,19.8,260,43.6,1018.0,29220.0,0.0,1,London,United Kingdom,51.5074,-0.1278,2026-06-17T11:29:31.435249+00:00
2026-06-12T21:00,18.8,57,0.0,0.0,0.0,0,0,18.7,262,40.7,1018.2,29860.0,0.0,1,London,United Kingdom,51.5074,-0.1278,2026-06-17T11:29:31.435249+00:00
2026-06-12T22:00,17.4,61,0.0,0.0,0.0,0,0,18.0,260,39.2,1018.8,30580.0,0.0,0,London,United Kingdom,51.5074,-0.1278,2026-06-17T11:29:31.435249+00:00
2026-06-12T23:00,16.2,67,0.0,0.0,0.0,0,0,16.6,258,36.0,1019.2,30160.0,0.0,0,London,United Kingdom,51.5074,-0.1278,2026-06-17T11:29:31.435249+00:00
2026-06-13T00:00,15.2,73,0.0,0.0,0.0,0,0,18.0,256,38.9,1019.5,30500.0,0.0,0,London,United Kingdom,51.5074,-0.1278,2026-06-17T11:29:31.435249+00:00
2026-06-13T01:00,14.5,76,0.0,0.0,0.0,0,0,18.4,258,40.0,1019.4,28760.0,0.0,0,London,United Kingdom,51.5074,-0.1278,2026-06-17T11:29:31.435249+00:00
2026-06-13T02:00,14.1,79,0.0,0.0,0.0,1,30,16.6,254,35.6,1019.6,26520.0,0.0,0,London,United Kingdom,51.5074,-0.1278,2026-06-17T11:29:31.435249+00:00
2026-06-13T03:00,13.8,80,0.0,0.0,0.0,1,46,15.8,258,33.8,1019.7,24900.0,0.0,0,London,United Kingdom,51.5074,-0.1278,2026-06-17T11:29:31.435249+00:00
2026-06-13T04:00,13.4,82,0.0,0.0,0.0,0,11,13.7,250,28.4,1019.5,21800.0,0.0,0,London,United Kingdom,51.5074,-0.1278,2026-06-17T11:29:31.435249+00:00
2026-06-13T05:00,13.2,84,0.0,0.0,0.0,0,0,11.5,250,24.5,1019.7,17940.0,0.0,1,London,United Kingdom,51.5074,-0.1278,2026-06-17T11:29:31.435249+00:00
2026-06-13T06:00,13.1,84,0.0,0.0,0.0,1,48,12.2,248,26.3,1019.5,16080.0,0.0,1,London,United Kingdom,51.5074,-0.1278,2026-06-17T11:29:31.435249+00:00
2026-06-13T07:00,13.9,79,0.0,0.0,0.0,1,24,15.5,258,32.8,1019.4,16480.0,0.25,1,London,United Kingdom,51.5074,-0.1278,2026-06-17T11:29:31.435249+00:00
2026-06-13T08:00,14.9,65,0.0,0.0,0.0,0,6,15.8,272,34.9,1019.7,20520.0,1.0,1,London,United Kingdom,51.5074,-0.1278,2026-06-17T11:29:31.435249+00:00
2026-06-13T09:00,15.6,58,0.0,0.0,0.0,1,25,14.0,284,31.7,1020.1,22640.0,2.0,1,London,United Kingdom,51.5074,-0.1278,2026-06-17T11:29:31.435249+00:00
2026-06-13T10:00,16.7,52,0.0,0.0,0.0,0,12,15.5,286,34.9,1020.1,23140.0,3.4,1,London,United Kingdom,51.5074,-0.1278,2026-06-17T11:29:31.435249+00:00
2026-06-13T11:00,17.3,50,0.0,0.0,0.0,3,100,16.9,290,38.2,1020.5,22920.0,3.7,1,London,United Kingdom,51.5074,-0.1278,2026-06-17T11:29:31.435249+00:00
2026-06-13T12:00,18.3,46,0.0,0.0,0.0,3,100,17.3,286,39.2,1020.6,22920.0,5.4,1,London,United Kingdom,51.5074,-0.1278,2026-06-17T11:29:31.435249+00:00
2026-06-13T13:00,19.1,43,0.0,0.0,0.0,3,100,16.6,290,38.2,1020.4,23760.0,5.4,1,London,United Kingdom,51.5074,-0.1278,2026-06-17T11:29:31.435249+00:00
2026-06-13T14:00,20.0,41,0.0,0.0,0.0,0,16,17.3,282,40.0,1019.8,25120.0,5.4,1,London,United Kingdom,51.5074,-0.1278,2026-06-17T11:29:31.435249+00:00
2026-06-13T15:00,20.9,38,0.0,0.0,0.0,3,100,15.5,292,36.0,1019.2,24000.0,4.0,1,London,United Kingdom,51.5074,-0.1278,2026-06-17T11:29:31.435249+00:00
2026-06-13T16:00,21.4,36,0.0,0.0,0.0,3,100,17.3,296,39.2,1018.9,25880.0,3.15,1,London,United Kingdom,51.5074,-0.1278,2026-06-17T11:29:31.435249+00:00
2026-06-13T17:00,21.5,36,0.0,0.0,0.0,0,2,16.6,298,38.2,1018.6,26380.0,1.75,1,London,United Kingdom,51.5074,-0.1278,2026-06-17T11:29:31.435249+00:00
2026-06-13T18:00,21.5,38,0.0,0.0,0.0,0,5,16.2,292,37.1,1018.1,29760.0,0.75,1,London,United Kingdom,51.5074,-0.1278,2026-06-17T11:29:31.435249+00:00
2026-06-13T19:00,21.3,40,0.0,0.0,0.0,3,100,14.8,292,33.5,1017.8,30340.0,0.25,1,London,United Kingdom,51.5074,-0.1278,2026-06-17T11:29:31.435249+00:00
2026-06-13T20:00,20.4,44,0.0,0.0,0.0,3,100,15.8,306,35.6,1018.0,32800.0,0.0,1,London,United Kingdom,51.5074,-0.1278,2026-06-17T11:29:31.435249+00:00
2026-06-13T21:00,19.3,44,0.0,0.0,0.0,3,100,15.1,326,33.5,1018.4,33540.0,0.0,1,London,United Kingdom,51.5074,-0.1278,2026-06-17T11:29:31.435249+00:00
2026-06-13T22:00,18.0,49,0.0,0.0,0.0,3,100,15.1,326,33.5,1019.2,33780.0,0.0,0,London,United Kingdom,51.5074,-0.1278,2026-06-17T11:29:31.435249+00:00
2026-06-13T23:00,16.9,51,0.0,0.0,0.0,0,17,14.0,342,31.7,1019.5,33400.0,0.0,0,London,United Kingdom,51.5074,-0.1278,2026-06-17T11:29:31.435249+00:00
2026-06-14T00:00,15.9,55,0.0,0.0,0.0,0,2,14.4,344,32.0,1019.5,35200.0,0.0,0,London,United Kingdom,51.5074,-0.1278,2026-06-17T11:29:31.435249+00:00
2026-06-14T01:00,15.1,56,0.0,0.0,0.0,0,0,12.2,332,26.6,1019.8,35280.0,0.0,0,London,United Kingdom,51.5074,-0.1278,2026-06-17T11:29:31.435249+00:00
2026-06-14T02:00,14.2,62,0.0,0.0,0.0,0,3,10.4,320,23.8,1019.6,34380.0,0.0,0,London,United Kingdom,51.5074,-0.1278,2026-06-17T11:29:31.435249+00:00
2026-06-14T03:00,13.6,67,0.0,0.0,0.0,1,28,8.6,296,19.1,1019.3,32280.0,0.0,0,London,United Kingdom,51.5074,-0.1278,2026-06-17T11:29:31.435249+00:00
2026-06-14T04:00,13.4,69,0.0,0.0,0.0,0,0,9.4,286,20.2,1019.1,27160.0,0.0,0,London,United Kingdom,51.5074,-0.1278,2026-06-17T11:29:31.435249+00:00
2026-06-14T05:00,13.0,70,0.0,0.0,0.0,3,100,9.4,298,20.5,1019.1,23580.0,0.0,1,London,United Kingdom,51.5074,-0.1278,2026-06-17T11:29:31.435249+00:00
2026-06-14T06:00,12.9,72,0.0,0.0,0.0,3,100,8.6,302,19.1,1019.3,22280.0,0.0,1,London,United Kingdom,51.5074,-0.1278,2026-06-17T11:29:31.435249+00:00
2026-06-14T07:00,13.6,68,0.0,0.0,0.0,3,100,10.4,308,23.0,1019.1,22280.0,0.25,1,London,United Kingdom,51.5074,-0.1278,2026-06-17T11:29:31.435249+00:00
2026-06-14T08:00,14.7,59,0.0,0.0,0.0,3,100,10.4,316,24.1,1019.2,24420.0,0.9,1,London,United Kingdom,51.5074,-0.1278,2026-06-17T11:29:31.435249+00:00
2026-06-14T09:00,15.6,55,0.0,0.0,0.0,3,100,7.9,312,19.8,1018.9,24920.0,1.9,1,London,United Kingdom,51.5074,-0.1278,2026-06-17T11:29:31.435249+00:00
2026-06-14T10:00,16.4,52,0.0,0.0,0.0,3,100,7.6,318,19.4,1018.7,24120.0,2.9,1,London,United Kingdom,51.5074,-0.1278,2026-06-17T11:29:31.435249+00:00
2026-06-14T11:00,17.6,48,0.0,0.0,0.0,0,8,7.2,326,19.8,1018.3,24740.0,4.75,1,London,United Kingdom,51.5074,-0.1278,2026-06-17T11:29:31.435249+00:00
2026-06-14T12:00,18.9,46,0.0,0.0,0.0,3,100,9.7,316,25.2,1018.4,24640.0,5.25,1,London,United Kingdom,51.5074,-0.1278,2026-06-17T11:29:31.435249+00:00
2026-06-14T13:00,19.1,45,0.0,0.0,0.0,3,100,4.3,326,17.6,1018.2,23440.0,4.8,1,London,United Kingdom,51.5074,-0.1278,2026-06-17T11:29:31.435249+00:00
2026-06-14T14:00,20.0,42,0.0,0.0,0.0,3,100,6.5,318,20.2,1017.8,23200.0,3.75,1,London,United Kingdom,51.5074,-0.1278,2026-06-17T11:29:31.435249+00:00
2026-06-14T15:00,20.5,42,0.0,0.0,0.0,3,100,6.5,314,20.5,1017.4,22980.0,4.25,1,London,United Kingdom,51.5074,-0.1278,2026-06-17T11:29:31.435249+00:00
2026-06-14T16:00,21.1,41,0.0,0.0,0.0,3,100,8.3,324,23.0,1016.8,25360.0,3.0,1,London,United Kingdom,51.5074,-0.1278,2026-06-17T11:29:31.435249+00:00
2026-06-14T17:00,20.8,43,0.0,0.0,0.0,3,100,4.7,334,16.2,1016.7,24620.0,1.75,1,London,United Kingdom,51.5074,-0.1278,2026-06-17T11:29:31.435249+00:00
2026-06-14T18:00,20.9,42,0.0,0.0,0.0,0,7,7.6,332,20.9,1016.8,27080.0,0.75,1,London,United Kingdom,51.5074,-0.1278,2026-06-17T11:29:31.435249+00:00
2026-06-14T19:00,20.4,46,0.0,0.0,0.0,0,16,8.3,342,20.9,1016.6,28560.0,0.25,1,London,United Kingdom,51.5074,-0.1278,2026-06-17T11:29:31.435249+00:00
2026-06-14T20:00,20.0,47,0.0,0.0,0.0,1,20,7.6,348,18.7,1016.3,27960.0,0.0,1,London,United Kingdom,51.5074,-0.1278,2026-06-17T11:29:31.435249+00:00
2026-06-14T21:00,19.7,48,0.0,0.0,0.0,1,30,7.6,12,18.7,1016.5,30300.0,0.0,1,London,United Kingdom,51.5074,-0.1278,2026-06-17T11:29:31.435249+00:00
2026-06-14T22:00,19.1,49,0.0,0.0,0.0,3,98,8.6,38,20.2,1016.5,30180.0,0.0,0,London,United Kingdom,51.5074,-0.1278,2026-06-17T11:29:31.435249+00:00
2026-06-14T23:00,18.6,50,0.0,0.0,0.0,1,27,9.7,60,22.0,1016.5,33640.0,0.0,0,London,United Kingdom,51.5074,-0.1278,2026-06-17T11:29:31.435249+00:00
2026-06-15T00:00,18.3,50,0.0,0.0,0.0,1,23,7.6,72,17.6,1016.1,35500.0,0.0,0,London,United Kingdom,51.5074,-0.1278,2026-06-17T11:29:31.435249+00:00
2026-06-15T01:00,17.7,57,0.0,0.0,0.0,1,38,6.8,122,15.8,1015.8,32180.0,0.0,0,London,United Kingdom,51.5074,-0.1278,2026-06-17T11:29:31.435249+00:00
2026-06-15T02:00,17.2,60,0.0,0.0,0.0,2,51,6.5,84,15.1,1015.7,29940.0,0.0,0,London,United Kingdom,51.5074,-0.1278,2026-06-17T11:29:31.435249+00:00
2026-06-15T03:00,16.1,69,0.0,0.0,0.0,3,100,11.2,48,23.4,1015.3,22600.0,0.0,0,London,United Kingdom,51.5074,-0.1278,2026-06-17T11:29:31.435249+00:00
2026-06-15T04:00,15.5,74,0.0,0.0,0.0,3,100,9.4,64,20.5,1015.4,22240.0,0.0,0,London,United Kingdom,51.5074,-0.1278,2026-06-17T11:29:31.435249+00:00
2026-06-15T05:00,14.6,81,0.3,0.3,0.0,51,100,9.7,70,21.2,1015.5,18800.0,0.0,1,London,United Kingdom,51.5074,-0.1278,2026-06-17T11:29:31.435249+00:00
2026-06-15T06:00,14.4,83,0.1,0.1,0.0,51,100,10.1,86,21.6,1015.3,16140.0,0.0,1,London,United Kingdom,51.5074,-0.1278,2026-06-17T11:29:31.435249+00:00
2026-06-15T07:00,14.2,84,0.3,0.3,0.0,51,100,10.4,80,23.0,1015.5,16400.0,0.25,1,London,United Kingdom,51.5074,-0.1278,2026-06-17T11:29:31.435249+00:00
2026-06-15T08:00,14.0,83,0.2,0.2,0.0,51,100,10.1,86,22.0,1015.6,13120.0,0.65,1,London,United Kingdom,51.5074,-0.1278,2026-06-17T11:29:31.435249+00:00
2026-06-15T09:00,14.5,80,0.1,0.1,0.0,51,100,10.8,96,23.8,1015.2,14600.0,1.75,1,London,United Kingdom,51.5074,-0.1278,2026-06-17T11:29:31.435249+00:00
2026-06-15T10:00,15.8,76,0.0,0.0,0.0,3,100,10.4,100,23.8,1014.5,15480.0,2.9,1,London,United Kingdom,51.5074,-0.1278,2026-06-17T11:29:31.435249+00:00
2026-06-15T11:00,17.2,64,0.0,0.0,0.0,3,100,12.2,110,27.7,1014.0,21740.0,3.35,1,London,United Kingdom,51.5074,-0.1278,2026-06-17T11:29:31.435249+00:00
2026-06-15T12:00,18.9,58,0.0,0.0,0.0,3,100,13.7,110,31.0,1013.3,22920.0,4.9,1,London,United Kingdom,51.5074,-0.1278,2026-06-17T11:29:31.435249+00:00
2026-06-15T13:00,19.7,55,0.0,0.0,0.0,3,100,14.8,118,33.8,1013.0,24620.0,5.5,1,London,United Kingdom,51.5074,-0.1278,2026-06-17T11:29:31.435249+00:00
2026-06-15T14:00,21.0,50,0.0,0.0,0.0,3,100,14.0,130,32.0,1012.3,26200.0,4.55,1,London,United Kingdom,51.5074,-0.1278,2026-06-17T11:29:31.435249+00:00
2026-06-15T15:00,21.7,44,0.0,0.0,0.0,3,100,14.4,134,33.5,1011.6,28400.0,4.25,1,London,United Kingdom,51.5074,-0.1278,2026-06-17T11:29:31.435249+00:00
2026-06-15T16:00,22.2,42,0.0,0.0,0.0,3,100,13.0,130,30.6,1010.7,28840.0,3.0,1,London,United Kingdom,51.5074,-0.1278,2026-06-17T11:29:31.435249+00:00
2026-06-15T17:00,22.5,43,0.0,0.0,0.0,3,100,12.6,140,29.5,1010.3,30720.0,1.75,1,London,United Kingdom,51.5074,-0.1278,2026-06-17T11:29:31.435249+00:00
2026-06-15T18:00,22.6,48,0.0,0.0,0.0,3,100,12.2,142,28.4,1009.6,30880.0,0.75,1,London,United Kingdom,51.5074,-0.1278,2026-06-17T11:29:31.435249+00:00
2026-06-15T19:00,22.1,51,0.0,0.0,0.0,3,100,12.2,130,28.4,1009.4,30920.0,0.25,1,London,United Kingdom,51.5074,-0.1278,2026-06-17T11:29:31.435249+00:00
2026-06-15T20:00,19.6,63,0.0,0.0,0.0,3,100,14.8,94,32.8,1009.4,22920.0,0.0,1,London,United Kingdom,51.5074,-0.1278,2026-06-17T11:29:31.435249+00:00
2026-06-15T21:00,18.3,68,0.0,0.0,0.0,3,100,13.7,92,30.2,1009.6,24520.0,0.0,1,London,United Kingdom,51.5074,-0.1278,2026-06-17T11:29:31.435249+00:00
2026-06-15T22:00,17.4,73,0.0,0.0,0.0,3,100,13.0,80,28.8,1009.8,23900.0,0.0,0,London,United Kingdom,51.5074,-0.1278,2026-06-17T11:29:31.435249+00:00
2026-06-15T23:00,16.8,74,0.0,0.0,0.0,3,100,8.6,76,19.4,1009.8,24240.0,0.0,0,London,United Kingdom,51.5074,-0.1278,2026-06-17T11:29:31.435249+00:00
2026-06-16T00:00,16.5,76,0.0,0.0,0.0,3,100,5.8,116,13.0,1010.3,23960.0,0.0,0,London,United Kingdom,51.5074,-0.1278,2026-06-17T11:29:31.435249+00:00
2026-06-16T01:00,16.0,84,0.4,0.4,0.0,51,100,7.6,156,16.6,1009.8,21700.0,0.0,0,London,United Kingdom,51.5074,-0.1278,2026-06-17T11:29:31.435249+00:00
2026-06-16T02:00,16.3,82,0.0,0.0,0.0,3,100,4.0,316,8.6,1010.3,16740.0,0.0,0,London,United Kingdom,51.5074,-0.1278,2026-06-17T11:29:31.435249+00:00
2026-06-16T03:00,16.3,83,0.0,0.0,0.0,0,16,1.4,18,5.4,1010.3,13260.0,0.0,0,London,United Kingdom,51.5074,-0.1278,2026-06-17T11:29:31.435249+00:00
2026-06-16T04:00,16.6,82,0.0,0.0,0.0,3,97,4.3,202,9.4,1010.2,10940.0,0.0,0,London,United Kingdom,51.5074,-0.1278,2026-06-17T11:29:31.435249+00:00
2026-06-16T05:00,16.9,84,0.0,0.0,0.0,3,100,3.2,244,7.6,1010.4,9960.0,0.0,1,London,United Kingdom,51.5074,-0.1278,2026-06-17T11:29:31.435249+00:00
2026-06-16T06:00,16.7,77,0.0,0.0,0.0,1,27,8.6,286,19.1,1010.8,15740.0,0.0,1,London,United Kingdom,51.5074,-0.1278,2026-06-17T11:29:31.435249+00:00
2026-06-16T07:00,16.8,78,0.0,0.0,0.0,3,100,7.9,248,17.3,1011.2,14800.0,0.25,1,London,United Kingdom,51.5074,-0.1278,2026-06-17T11:29:31.435249+00:00
2026-06-16T08:00,17.3,76,0.0,0.0,0.0,3,87,6.8,260,15.8,1011.5,14420.0,0.75,1,London,United Kingdom,51.5074,-0.1278,2026-06-17T11:29:31.435249+00:00
2026-06-16T09:00,18.4,69,0.0,0.0,0.0,2,68,7.6,284,18.4,1011.5,16580.0,2.0,1,London,United Kingdom,51.5074,-0.1278,2026-06-17T11:29:31.435249+00:00
2026-06-16T10:00,19.4,63,0.0,0.0,0.0,3,94,6.8,280,16.9,1011.8,18320.0,3.25,1,London,United Kingdom,51.5074,-0.1278,2026-06-17T11:29:31.435249+00:00
2026-06-16T11:00,21.2,55,0.0,0.0,0.0,0,14,6.5,264,18.0,1011.9,19280.0,4.75,1,London,United Kingdom,51.5074,-0.1278,2026-06-17T11:29:31.435249+00:00
2026-06-16T12:00,22.6,50,0.0,0.0,0.0,2,73,7.6,250,21.2,1012.3,19840.0,5.5,1,London,United Kingdom,51.5074,-0.1278,2026-06-17T11:29:31.435249+00:00
2026-06-16T13:00,24.0,45,0.0,0.0,0.0,1,23,8.6,260,24.5,1012.5,21920.0,5.55,1,London,United Kingdom,51.5074,-0.1278,2026-06-17T11:29:31.435249+00:00
2026-06-16T14:00,25.0,42,0.0,0.0,0.0,3,100,6.8,254,20.9,1012.3,22660.0,4.3,1,London,United Kingdom,51.5074,-0.1278,2026-06-17T11:29:31.435249+00:00
2026-06-16T15:00,25.9,39,0.0,0.0,0.0,2,56,10.1,228,25.9,1012.1,25000.0,3.7,1,London,United Kingdom,51.5074,-0.1278,2026-06-17T11:29:31.435249+00:00
2026-06-16T16:00,26.5,37,0.0,0.0,0.0,0,17,13.7,230,32.4,1012.0,28560.0,3.0,1,London,United Kingdom,51.5074,-0.1278,2026-06-17T11:29:31.435249+00:00
2026-06-16T17:00,26.3,38,0.0,0.0,0.0,1,32,14.4,232,34.6,1012.5,31180.0,1.65,1,London,United Kingdom,51.5074,-0.1278,2026-06-17T11:29:31.435249+00:00
2026-06-16T18:00,25.3,42,0.0,0.0,0.0,3,100,17.6,226,40.0,1012.5,29580.0,0.65,1,London,United Kingdom,51.5074,-0.1278,2026-06-17T11:29:31.435249+00:00
2026-06-16T19:00,23.9,46,0.0,0.0,0.0,3,100,17.6,228,38.9,1012.8,30660.0,0.15,1,London,United Kingdom,51.5074,-0.1278,2026-06-17T11:29:31.435249+00:00
2026-06-16T20:00,22.6,52,0.0,0.0,0.0,3,86,15.5,244,34.6,1013.1,30200.0,0.0,1,London,United Kingdom,51.5074,-0.1278,2026-06-17T11:29:31.435249+00:00
2026-06-16T21:00,21.2,60,0.0,0.0,0.0,0,9,16.6,230,36.0,1013.5,31460.0,0.0,1,London,United Kingdom,51.5074,-0.1278,2026-06-17T11:29:31.435249+00:00
2026-06-16T22:00,20.1,67,0.0,0.0,0.0,2,77,14.8,236,32.4,1013.9,33100.0,0.0,0,London,United Kingdom,51.5074,-0.1278,2026-06-17T11:29:31.435249+00:00
2026-06-16T23:00,19.2,71,0.0,0.0,0.0,2,65,15.8,236,34.6,1014.2,30300.0,0.0,0,London,United Kingdom,51.5074,-0.1278,2026-06-17T11:29:31.435249+00:00
2026-06-17T00:00,18.5,74,0.0,0.0,0.0,3,80,14.8,234,32.0,1014.3,29300.0,0.0,0,London,United Kingdom,51.5074,-0.1278,2026-06-17T11:29:31.435249+00:00
2026-06-17T01:00,17.9,77,0.0,0.0,0.0,3,100,14.0,236,30.2,1014.3,26620.0,0.0,0,London,United Kingdom,51.5074,-0.1278,2026-06-17T11:29:31.435249+00:00
2026-06-17T02:00,17.6,80,0.0,0.0,0.0,3,100,12.6,234,27.4,1014.5,21640.0,0.0,0,London,United Kingdom,51.5074,-0.1278,2026-06-17T11:29:31.435249+00:00
2026-06-17T03:00,17.6,83,0.0,0.0,0.0,3,95,12.2,220,26.3,1014.5,18160.0,0.0,0,London,United Kingdom,51.5074,-0.1278,2026-06-17T11:29:31.435249+00:00
2026-06-17T04:00,17.6,85,0.0,0.0,0.0,3,95,14.0,226,29.9,1014.3,13140.0,0.0,0,London,United Kingdom,51.5074,-0.1278,2026-06-17T11:29:31.435249+00:00
2026-06-17T05:00,17.6,86,0.0,0.0,0.0,3,100,13.0,228,28.4,1014.4,9880.0,0.0,1,London,United Kingdom,51.5074,-0.1278,2026-06-17T11:29:31.435249+00:00
2026-06-17T06:00,17.7,87,0.0,0.0,0.0,3,100,14.4,226,31.0,1014.4,8680.0,0.0,1,London,United Kingdom,51.5074,-0.1278,2026-06-17T11:29:31.435249+00:00
2026-06-17T07:00,17.9,86,0.0,0.0,0.0,3,100,14.8,220,31.7,1014.7,11520.0,0.15,1,London,United Kingdom,51.5074,-0.1278,2026-06-17T11:29:31.435249+00:00
2026-06-17T08:00,18.2,86,0.0,0.0,0.0,3,100,13.7,218,29.5,1014.8,13400.0,0.25,1,London,United Kingdom,51.5074,-0.1278,2026-06-17T11:29:31.435249+00:00
2026-06-17T09:00,18.6,84,0.0,0.0,0.0,3,100,15.1,222,32.4,1014.6,14040.0,0.75,1,London,United Kingdom,51.5074,-0.1278,2026-06-17T11:29:31.435249+00:00
2026-06-17T10:00,18.8,85,0.1,0.1,0.0,51,100,17.3,226,37.1,1014.9,13500.0,0.9,1,London,United Kingdom,51.5074,-0.1278,2026-06-17T11:29:31.435249+00:00
2026-06-17T11:00,20.4,73,0.0,0.0,0.0,2,76,18.7,230,40.3,1014.9,16100.0,3.9,1,London,United Kingdom,51.5074,-0.1278,2026-06-17T11:29:31.435249+00:00
2026-06-17T12:00,22.5,61,0.0,0.0,0.0,2,73,19.1,224,41.8,1014.9,18660.0,5.3,1,London,United Kingdom,51.5074,-0.1278,2026-06-17T11:29:31.435249+00:00
2026-06-17T13:00,23.4,57,0.0,0.0,0.0,3,91,18.0,232,40.0,1014.9,20320.0,3.7,1,London,United Kingdom,51.5074,-0.1278,2026-06-17T11:29:31.435249+00:00
2026-06-17T14:00,23.4,61,0.0,0.0,0.0,3,81,17.6,238,38.9,1015.0,18400.0,3.5,1,London,United Kingdom,51.5074,-0.1278,2026-06-17T11:29:31.435249+00:00
2026-06-17T15:00,23.6,62,0.0,0.0,0.0,3,98,18.7,228,41.4,1014.7,17720.0,2.4,1,London,United Kingdom,51.5074,-0.1278,2026-06-17T11:29:31.435249+00:00
2026-06-17T16:00,22.9,66,0.0,0.0,0.0,3,94,18.4,226,40.7,1014.8,16460.0,1.4,1,London,United Kingdom,51.5074,-0.1278,2026-06-17T11:29:31.435249+00:00
2026-06-17T17:00,22.8,65,0.0,0.0,0.0,3,88,19.1,224,41.8,1014.9,16500.0,1.35,1,London,United Kingdom,51.5074,-0.1278,2026-06-17T11:29:31.435249+00:00
2026-06-17T18:00,22.6,66,0.0,0.0,0.0,3,89,18.4,228,40.7,1015.1,16340.0,0.5,1,London,United Kingdom,51.5074,-0.1278,2026-06-17T11:29:31.435249+00:00
2026-06-17T19:00,22.2,67,0.0,0.0,0.0,3,88,16.9,230,37.1,1015.3,16220.0,0.15,1,London,United Kingdom,51.5074,-0.1278,2026-06-17T11:29:31.435249+00:00
2026-06-17T20:00,21.7,69,0.0,0.0,0.0,3,85,15.5,234,33.8,1015.5,16120.0,0.0,1,London,United Kingdom,51.5074,-0.1278,2026-06-17T11:29:31.435249+00:00
2026-06-17T21:00,20.9,72,0.0,0.0,0.0,2,62,14.0,232,29.9,1015.9,14880.0,0.0,1,London,United Kingdom,51.5074,-0.1278,2026-06-17T11:29:31.435249+00:00
2026-06-17T22:00,20.2,75,0.0,0.0,0.0,3,88,13.3,234,28.8,1016.3,14640.0,0.0,0,London,United Kingdom,51.5074,-0.1278,2026-06-17T11:29:31.435249+00:00
2026-06-17T23:00,19.5,78,0.0,0.0,0.0,1,27,11.5,230,24.8,1016.6,14140.0,0.0,0,London,United Kingdom,51.5074,-0.1278,2026-06-17T11:29:31.435249+00:00
2026-06-10T00:00,21.9,59,0.0,0.0,0.0,3,100,11.8,218,26.3,1013.1,29900.0,0.0,0,New York,United States,40.7128,-74.006,2026-06-17T11:29:31.664435+00:00
2026-06-10T01:00,21.2,60,0.0,0.0,0.0,0,0,11.8,207,25.2,1012.7,29300.0,0.0,0,New York,United States,40.7128,-74.006,2026-06-17T11:29:31.664435+00:00
2026-06-10T02:00,20.7,62,0.0,0.0,0.0,0,0,9.7,211,17.6,1012.5,27800.0,0.0,0,New York,United States,40.7128,-74.006,2026-06-17T11:29:31.664435+00:00
2026-06-10T03:00,20.7,64,0.0,0.0,0.0,0,0,10.3,209,22.0,1012.2,26700.0,0.0,0,New York,United States,40.7128,-74.006,2026-06-17T11:29:31.664435+00:00
2026-06-10T04:00,20.5,63,0.0,0.0,0.0,3,100,9.3,196,19.8,1011.9,27500.0,0.0,0,New York,United States,40.7128,-74.006,2026-06-17T11:29:31.664435+00:00
2026-06-10T05:00,20.5,66,0.0,0.0,0.0,3,100,10.1,178,19.1,1011.5,24800.0,0.0,0,New York,United States,40.7128,-74.006,2026-06-17T11:29:31.664435+00:00
2026-06-10T06:00,20.7,70,0.0,0.0,0.0,1,32,8.3,185,24.8,1011.4,22900.0,0.0,1,New York,United States,40.7128,-74.006,2026-06-17T11:29:31.664435+00:00
2026-06-10T07:00,20.6,73,0.0,0.0,0.0,3,100,7.6,155,16.9,1011.3,21100.0,0.25,1,New York,United States,40.7128,-74.006,2026-06-17T11:29:31.664435+00:00
2026-06-10T08:00,20.9,74,0.0,0.0,0.0,2,60,8.3,175,18.4,1011.1,20600.0,0.8,1,New York,United States,40.7128,-74.006,2026-06-17T11:29:31.664435+00:00
2026-06-10T09:00,21.7,76,0.0,0.0,0.0,2,78,11.2,186,19.1,1010.9,19100.0,2.15,1,New York,United States,40.7128,-74.006,2026-06-17T11:29:31.664435+00:00
2026-06-10T10:00,23.8,73,0.0,0.0,0.0,2,79,12.2,199,22.0,1010.7,20100.0,4.6,1,New York,United States,40.7128,-74.006,2026-06-17T11:29:31.664435+00:00
2026-06-10T11:00,26.0,67,0.0,0.0,0.0,3,100,11.9,194,20.2,1008.8,23300.0,5.35,1,New York,United States,40.7128,-74.006,2026-06-17T11:29:31.664435+00:00
2026-06-10T12:00,27.0,66,0.0,0.0,0.0,0,11,10.5,184,14.0,1009.1,24100.0,6.55,1,New York,United States,40.7128,-74.006,2026-06-17T11:29:31.664435+00:00
2026-06-10T13:00,27.8,67,0.0,0.0,0.0,0,18,11.3,163,15.1,1008.1,23500.0,7.05,1,New York,United States,40.7128,-74.006,2026-06-17T11:29:31.664435+00:00
2026-06-10T14:00,27.1,71,0.0,0.0,0.0,0,9,13.0,141,18.0,1007.7,21500.0,7.35,1,New York,United States,40.7128,-74.006,2026-06-17T11:29:31.664435+00:00
2026-06-10T15:00,28.4,66,0.0,0.0,0.0,0,18,14.8,137,18.4,1007.0,23600.0,5.35,1,New York,United States,40.7128,-74.006,2026-06-17T11:29:31.664435+00:00
2026-06-10T16:00,28.4,67,0.0,0.0,0.0,2,77,10.6,162,16.6,1006.6,23800.0,3.55,1,New York,United States,40.7128,-74.006,2026-06-17T11:29:31.664435+00:00
2026-06-10T17:00,26.9,72,0.0,0.0,0.0,3,100,9.2,201,18.4,1006.0,21000.0,4.15,1,New York,United States,40.7128,-74.006,2026-06-17T11:29:31.664435+00:00
2026-06-10T18:00,27.3,72,0.0,0.0,0.0,3,100,14.0,181,28.4,1005.4,21800.0,2.6,1,New York,United States,40.7128,-74.006,2026-06-17T11:29:31.664435+00:00
2026-06-10T19:00,27.5,69,0.0,0.0,0.0,1,24,12.2,214,22.3,1005.4,23200.0,1.4,1,New York,United States,40.7128,-74.006,2026-06-17T11:29:31.664435+00:00
2026-06-10T20:00,26.8,68,0.0,0.0,0.0,3,100,10.1,207,19.8,1003.8,23800.0,0.4,1,New York,United States,40.7128,-74.006,2026-06-17T11:29:31.664435+00:00
2026-06-10T21:00,25.6,75,0.4,0.4,0.0,51,100,8.3,178,17.3,1005.7,20200.0,0.0,0,New York,United States,40.7128,-74.006,2026-06-17T11:29:31.664435+00:00
2026-06-10T22:00,24.3,85,0.0,0.0,0.0,3,100,10.2,162,17.6,1004.9,15800.0,0.0,0,New York,United States,40.7128,-74.006,2026-06-17T11:29:31.664435+00:00
2026-06-10T23:00,23.5,91,0.0,0.0,0.0,2,77,13.7,203,34.6,1005.5,13600.0,0.0,0,New York,United States,40.7128,-74.006,2026-06-17T11:29:31.664435+00:00
2026-06-11T00:00,24.4,75,0.0,0.0,0.0,1,22,10.7,225,30.2,1005.1,20500.0,0.0,0,New York,United States,40.7128,-74.006,2026-06-17T11:29:31.664435+00:00
2026-06-11T01:00,24.2,75,0.0,0.0,0.0,0,6,8.6,213,28.4,1004.7,20600.0,0.0,0,New York,United States,40.7128,-74.006,2026-06-17T11:29:31.664435+00:00
2026-06-11T02:00,23.5,78,0.0,0.0,0.0,0,13,11.8,232,36.7,1004.4,18900.0,0.0,0,New York,United States,40.7128,-74.006,2026-06-17T11:29:31.664435+00:00
2026-06-11T03:00,23.0,86,0.0,0.0,0.0,2,63,10.0,232,25.2,1004.2,15400.0,0.0,0,New York,United States,40.7128,-74.006,2026-06-17T11:29:31.664435+00:00
2026-06-11T04:00,22.6,88,0.0,0.0,0.0,3,98,8.7,225,24.1,1003.9,14800.0,0.0,0,New York,United States,40.7128,-74.006,2026-06-17T11:29:31.664435+00:00
2026-06-11T05:00,22.4,91,0.0,0.0,0.0,3,94,8.9,238,16.6,1003.9,13800.0,0.0,0,New York,United States,40.7128,-74.006,2026-06-17T11:29:31.664435+00:00
2026-06-11T06:00,22.3,91,0.0,0.0,0.0,3,96,8.3,236,19.4,1004.2,13500.0,0.05,1,New York,United States,40.7128,-74.006,2026-06-17T11:29:31.664435+00:00
2026-06-11T07:00,22.9,93,0.0,0.0,0.0,0,13,7.0,249,13.3,1004.4,12800.0,0.55,1,New York,United States,40.7128,-74.006,2026-06-17T11:29:31.664435+00:00
2026-06-11T08:00,25.0,86,0.0,0.0,0.0,1,27,8.4,239,16.9,1004.7,15600.0,1.45,1,New York,United States,40.7128,-74.006,2026-06-17T11:29:31.664435+00:00
2026-06-11T09:00,26.9,80,0.0,0.0,0.0,0,7,9.8,264,11.5,1004.8,18100.0,3.0,1,New York,United States,40.7128,-74.006,2026-06-17T11:29:31.664435+00:00
2026-06-11T10:00,28.9,75,0.0,0.0,0.0,95,6,5.5,259,13.7,1005.0,20100.0,4.75,1,New York,United States,40.7128,-74.006,2026-06-17T11:29:31.664435+00:00
2026-06-11T11:00,30.4,70,0.0,0.0,0.0,95,6,14.4,233,19.1,1004.9,22800.0,6.15,1,New York,United States,40.7128,-74.006,2026-06-17T11:29:31.664435+00:00
2026-06-11T12:00,32.0,64,0.0,0.0,0.0,95,100,12.1,258,18.4,1004.4,26100.0,6.85,1,New York,United States,40.7128,-74.006,2026-06-17T11:29:31.664435+00:00
2026-06-11T13:00,33.4,53,0.0,0.0,0.0,95,26,14.1,267,18.7,1003.6,34100.0,7.35,1,New York,United States,40.7128,-74.006,2026-06-17T11:29:31.664435+00:00
2026-06-11T14:00,33.7,54,0.0,0.0,0.0,95,36,13.0,242,17.6,1003.2,33100.0,6.9,1,New York,United States,40.7128,-74.006,2026-06-17T11:29:31.664435+00:00
2026-06-11T15:00,33.4,52,0.0,0.0,0.0,95,55,15.8,246,21.2,1003.0,35300.0,2.75,1,New York,United States,40.7128,-74.006,2026-06-17T11:29:31.664435+00:00
2026-06-11T16:00,33.9,51,0.0,0.0,0.0,95,49,18.9,256,23.0,1002.7,36200.0,3.55,1,New York,United States,40.7128,-74.006,2026-06-17T11:29:31.664435+00:00
2026-06-11T17:00,34.4,42,0.0,0.0,0.0,2,57,19.7,261,26.3,1002.5,45200.0,2.95,1,New York,United States,40.7128,-74.006,2026-06-17T11:29:31.664435+00:00
2026-06-11T18:00,33.8,44,0.0,0.0,0.0,3,87,23.2,240,33.1,1001.9,43800.0,2.7,1,New York,United States,40.7128,-74.006,2026-06-17T11:29:31.664435+00:00
2026-06-11T19:00,34.1,44,0.0,0.0,0.0,95,24,14.1,266,22.7,1002.5,44300.0,1.3,1,New York,United States,40.7128,-74.006,2026-06-17T11:29:31.664435+00:00
2026-06-11T20:00,30.9,53,0.0,0.0,0.0,95,2,17.2,241,35.3,1002.5,35600.0,0.4,1,New York,United States,40.7128,-74.006,2026-06-17T11:29:31.664435+00:00
2026-06-11T21:00,30.2,57,0.0,0.0,0.0,95,5,4.9,216,13.7,1002.8,31900.0,0.0,0,New York,United States,40.7128,-74.006,2026-06-17T11:29:31.664435+00:00
2026-06-11T22:00,29.2,63,0.0,0.0,0.0,95,27,6.8,177,15.5,1003.3,27600.0,0.0,0,New York,United States,40.7128,-74.006,2026-06-17T11:29:31.664435+00:00
2026-06-11T23:00,28.3,68,0.0,0.0,0.0,3,99,21.4,234,32.8,1003.2,24600.0,0.0,0,New York,United States,40.7128,-74.006,2026-06-17T11:29:31.664435+00:00
2026-06-12T00:00,26.1,69,0.0,0.0,0.0,3,100,15.0,305,22.7,1003.4,23800.0,0.0,0,New York,United States,40.7128,-74.006,2026-06-17T11:29:31.664435+00:00
2026-06-12T01:00,24.0,82,0.0,0.0,0.0,3,99,2.3,231,7.9,1003.1,16900.0,0.0,0,New York,United States,40.7128,-74.006,2026-06-17T11:29:31.664435+00:00
2026-06-12T02:00,24.5,85,0.0,0.0,0.0,3,100,5.6,225,12.6,1002.1,16000.0,0.0,0,New York,United States,40.7128,-74.006,2026-06-17T11:29:31.664435+00:00
2026-06-12T03:00,24.7,82,0.0,0.0,0.0,3,100,6.6,257,17.3,1001.9,17400.0,0.0,0,New York,United States,40.7128,-74.006,2026-06-17T11:29:31.664435+00:00
2026-06-12T04:00,24.0,82,0.0,0.0,0.0,1,31,10.5,274,20.9,1002.1,17300.0,0.0,0,New York,United States,40.7128,-74.006,2026-06-17T11:29:31.664435+00:00
2026-06-12T05:00,23.8,81,0.0,0.0,0.0,0,1,10.0,255,24.8,1002.5,17900.0,0.0,0,New York,United States,40.7128,-74.006,2026-06-17T11:29:31.664435+00:00
2026-06-12T06:00,23.2,83,0.0,0.0,0.0,3,100,9.0,286,22.0,1002.7,17200.0,0.05,1,New York,United States,40.7128,-74.006,2026-06-17T11:29:31.664435+00:00
2026-06-12T07:00,23.8,83,0.0,0.0,0.0,0,9,12.2,256,28.8,1003.0,17100.0,0.6,1,New York,United States,40.7128,-74.006,2026-06-17T11:29:31.664435+00:00
2026-06-12T08:00,24.8,81,0.0,0.0,0.0,0,17,18.0,269,28.8,1003.0,18100.0,1.5,1,New York,United States,40.7128,-74.006,2026-06-17T11:29:31.664435+00:00
2026-06-12T09:00,25.8,80,0.0,0.0,0.0,3,100,17.0,291,28.4,1003.2,17900.0,3.2,1,New York,United States,40.7128,-74.006,2026-06-17T11:29:31.664435+00:00
2026-06-12T10:00,27.0,73,0.0,0.0,0.0,3,100,17.0,266,20.2,1002.9,19900.0,4.85,1,New York,United States,40.7128,-74.006,2026-06-17T11:29:31.664435+00:00
2026-06-12T11:00,27.5,66,0.0,0.0,0.0,0,5,11.4,283,12.2,1002.3,24600.0,6.05,1,New York,United States,40.7128,-74.006,2026-06-17T11:29:31.664435+00:00
2026-06-12T12:00,31.4,53,0.0,0.0,0.0,2,75,13.4,278,19.1,1002.4,33900.0,7.3,1,New York,United States,40.7128,-74.006,2026-06-17T11:29:31.664435+00:00
2026-06-12T13:00,32.0,59,0.0,0.0,0.0,1,20,19.2,262,24.8,1002.5,29300.0,7.95,1,New York,United States,40.7128,-74.006,2026-06-17T11:29:31.664435+00:00
2026-06-12T14:00,33.7,51,0.0,0.0,0.0,1,34,20.4,261,26.3,1002.0,36400.0,7.95,1,New York,United States,40.7128,-74.006,2026-06-17T11:29:31.664435+00:00
2026-06-12T15:00,33.3,51,0.0,0.0,0.0,95,8,21.8,254,27.4,1001.7,36600.0,3.7,1,New York,United States,40.7128,-74.006,2026-06-17T11:29:31.664435+00:00
2026-06-12T16:00,33.5,53,0.0,0.0,0.0,95,47,21.8,262,28.1,1001.3,34700.0,6.0,1,New York,United States,40.7128,-74.006,2026-06-17T11:29:31.664435+00:00
2026-06-12T17:00,34.1,48,0.0,0.0,0.0,95,19,25.1,262,34.6,1001.0,38400.0,3.7,1,New York,United States,40.7128,-74.006,2026-06-17T11:29:31.664435+00:00
2026-06-12T18:00,32.8,52,0.0,0.0,0.0,95,71,21.7,255,29.5,1001.2,35500.0,0.85,1,New York,United States,40.7128,-74.006,2026-06-17T11:29:31.664435+00:00
2026-06-12T19:00,28.2,66,0.0,0.0,0.0,3,94,31.1,305,45.4,1002.8,25600.0,1.3,1,New York,United States,40.7128,-74.006,2026-06-17T11:29:31.664435+00:00
2026-06-12T20:00,25.7,81,0.0,0.0,0.0,2,53,2.9,300,14.0,1002.8,17700.0,0.45,1,New York,United States,40.7128,-74.006,2026-06-17T11:29:31.664435+00:00
2026-06-12T21:00,25.3,78,0.0,0.0,0.0,1,44,1.9,292,6.8,1003.2,18000.0,0.0,0,New York,United States,40.7128,-74.006,2026-06-17T11:29:31.664435+00:00
2026-06-12T22:00,24.8,79,0.0,0.0,0.0,0,2,7.7,298,16.6,1004.0,18600.0,0.0,0,New York,United States,40.7128,-74.006,2026-06-17T11:29:31.664435+00:00
2026-06-12T23:00,24.5,82,0.0,0.0,0.0,0,0,6.8,267,12.2,1004.5,17100.0,0.0,0,New York,United States,40.7128,-74.006,2026-06-17T11:29:31.664435+00:00
2026-06-13T00:00,24.0,83,0.0,0.0,0.0,0,0,11.8,297,18.0,1004.7,16500.0,0.0,0,New York,United States,40.7128,-74.006,2026-06-17T11:29:31.664435+00:00
2026-06-13T01:00,24.0,80,0.0,0.0,0.0,3,99,11.8,301,23.8,1005.1,18200.0,0.0,0,New York,United States,40.7128,-74.006,2026-06-17T11:29:31.664435+00:00
2026-06-13T02:00,24.0,75,0.0,0.0,0.0,3,99,15.6,310,39.2,1004.8,20600.0,0.0,0,New York,United States,40.7128,-74.006,2026-06-17T11:29:31.664435+00:00
2026-06-13T03:00,22.5,67,0.0,0.0,0.0,3,99,11.5,302,30.2,1005.4,26000.0,0.0,0,New York,United States,40.7128,-74.006,2026-06-17T11:29:31.664435+00:00
2026-06-13T04:00,21.9,66,0.0,0.0,0.0,3,99,13.8,317,42.1,1005.9,26300.0,0.0,0,New York,United States,40.7128,-74.006,2026-06-17T11:29:31.664435+00:00
2026-06-13T05:00,21.2,66,0.0,0.0,0.0,1,27,12.2,313,38.5,1006.0,26400.0,0.0,0,New York,United States,40.7128,-74.006,2026-06-17T11:29:31.664435+00:00
2026-06-13T06:00,20.8,69,0.0,0.0,0.0,0,0,9.1,304,29.2,1006.5,24600.0,0.05,1,New York,United States,40.7128,-74.006,2026-06-17T11:29:31.664435+00:00
2026-06-13T07:00,22.3,66,0.0,0.0,0.0,0,0,10.5,297,25.2,1007.3,26100.0,0.6,1,New York,United States,40.7128,-74.006,2026-06-17T11:29:31.664435+00:00
2026-06-13T08:00,23.4,63,0.0,0.0,0.0,0,2,14.1,328,20.2,1008.1,26700.0,1.7,1,New York,United States,40.7128,-74.006,2026-06-17T11:29:31.664435+00:00
2026-06-13T09:00,24.9,61,0.0,0.0,0.0,0,3,9.7,312,18.7,1008.6,28200.0,3.2,1,New York,United States,40.7128,-74.006,2026-06-17T11:29:31.664435+00:00
2026-06-13T10:00,26.6,53,0.0,0.0,0.0,0,3,10.5,311,13.0,1008.5,34200.0,4.85,1,New York,United States,40.7128,-74.006,2026-06-17T11:29:31.664435+00:00
2026-06-13T11:00,27.4,50,0.0,0.0,0.0,0,0,4.9,287,16.6,1009.2,37000.0,6.3,1,New York,United States,40.7128,-74.006,2026-06-17T11:29:31.664435+00:00
2026-06-13T12:00,28.5,46,0.0,0.0,0.0,0,5,5.4,266,9.7,1009.1,41400.0,7.4,1,New York,United States,40.7128,-74.006,2026-06-17T11:29:31.664435+00:00
2026-06-13T13:00,29.7,42,0.0,0.0,0.0,0,4,12.4,234,16.2,1008.4,44800.0,7.95,1,New York,United States,40.7128,-74.006,2026-06-17T11:29:31.664435+00:00
2026-06-13T14:00,30.5,39,0.0,0.0,0.0,0,1,12.6,243,17.3,1008.3,49200.0,7.9,1,New York,United States,40.7128,-74.006,2026-06-17T11:29:31.664435+00:00
2026-06-13T15:00,31.8,32,0.0,0.0,0.0,0,1,19.6,287,20.9,1008.0,58500.0,7.25,1,New York,United States,40.7128,-74.006,2026-06-17T11:29:31.664435+00:00
2026-06-13T16:00,31.3,37,0.0,0.0,0.0,1,29,18.0,269,22.0,1007.5,50900.0,6.15,1,New York,United States,40.7128,-74.006,2026-06-17T11:29:31.664435+00:00
2026-06-13T17:00,31.1,37,0.0,0.0,0.0,1,28,17.8,252,21.2,1006.7,52400.0,4.65,1,New York,United States,40.7128,-74.006,2026-06-17T11:29:31.664435+00:00
2026-06-13T18:00,29.0,39,0.0,0.0,0.0,3,88,12.6,268,20.2,1007.4,49900.0,3.0,1,New York,United States,40.7128,-74.006,2026-06-17T11:29:31.664435+00:00
2026-06-13T19:00,29.8,33,0.0,0.0,0.0,0,0,9.1,277,15.1,1007.1,58300.0,1.55,1,New York,United States,40.7128,-74.006,2026-06-17T11:29:31.664435+00:00
2026-06-13T20:00,28.8,36,0.0,0.0,0.0,0,0,7.9,317,19.1,1006.9,55100.0,0.5,1,New York,United States,40.7128,-74.006,2026-06-17T11:29:31.664435+00:00
2026-06-13T21:00,27.1,37,0.0,0.0,0.0,0,0,5.9,349,10.1,1007.2,53000.0,0.05,0,New York,United States,40.7128,-74.006,2026-06-17T11:29:31.664435+00:00
2026-06-13T22:00,26.0,41,0.0,0.0,0.0,0,0,1.6,153,4.7,1007.9,48200.0,0.0,0,New York,United States,40.7128,-74.006,2026-06-17T11:29:31.664435+00:00
2026-06-13T23:00,24.1,49,0.0,0.0,0.0,0,0,0.8,243,6.1,1008.2,39800.0,0.0,0,New York,United States,40.7128,-74.006,2026-06-17T11:29:31.664435+00:00
2026-06-14T00:00,24.2,48,0.0,0.0,0.0,0,19,3.3,193,4.7,1008.2,41000.0,0.0,0,New York,United States,40.7128,-74.006,2026-06-17T11:29:31.664435+00:00
2026-06-14T01:00,23.3,51,0.0,0.0,0.0,0,10,5.4,266,10.1,1008.4,38000.0,0.0,0,New York,United States,40.7128,-74.006,2026-06-17T11:29:31.664435+00:00
2026-06-14T02:00,23.1,54,0.0,0.0,0.0,0,13,4.4,215,9.7,1007.7,35900.0,0.0,0,New York,United States,40.7128,-74.006,2026-06-17T11:29:31.664435+00:00
2026-06-14T03:00,22.4,61,0.0,0.0,0.0,0,9,9.0,241,13.0,1007.5,30100.0,0.0,0,New York,United States,40.7128,-74.006,2026-06-17T11:29:31.664435+00:00
2026-06-14T04:00,21.5,65,0.0,0.0,0.0,3,95,6.7,254,12.6,1007.5,27200.0,0.0,0,New York,United States,40.7128,-74.006,2026-06-17T11:29:31.664435+00:00
2026-06-14T05:00,21.4,64,0.0,0.0,0.0,2,59,3.6,233,11.2,1007.2,28300.0,0.0,0,New York,United States,40.7128,-74.006,2026-06-17T11:29:31.664435+00:00
2026-06-14T06:00,21.5,64,0.0,0.0,0.0,3,86,1.5,194,8.6,1007.0,28500.0,0.05,1,New York,United States,40.7128,-74.006,2026-06-17T11:29:31.664435+00:00
2026-06-14T07:00,22.9,65,0.0,0.0,0.0,1,21,6.5,214,11.5,1007.1,28100.0,0.55,1,New York,United States,40.7128,-74.006,2026-06-17T11:29:31.664435+00:00
2026-06-14T08:00,23.5,61,0.0,0.0,0.0,3,94,5.9,227,9.0,1007.9,30200.0,1.6,1,New York,United States,40.7128,-74.006,2026-06-17T11:29:31.664435+00:00
2026-06-14T09:00,26.5,48,0.0,0.0,0.0,0,0,6.9,227,14.0,1007.9,41000.0,3.2,1,New York,United States,40.7128,-74.006,2026-06-17T11:29:31.664435+00:00
2026-06-14T10:00,28.9,39,0.0,0.0,0.0,0,1,7.6,245,14.8,1007.4,49400.0,4.45,1,New York,United States,40.7128,-74.006,2026-06-17T11:29:31.664435+00:00
2026-06-14T11:00,30.3,40,0.0,0.0,0.0,0,0,11.0,203,18.7,1007.2,48300.0,5.65,1,New York,United States,40.7128,-74.006,2026-06-17T11:29:31.664435+00:00
2026-06-14T12:00,30.3,49,0.0,0.0,0.0,0,14,10.1,186,20.2,1007.1,38100.0,7.05,1,New York,United States,40.7128,-74.006,2026-06-17T11:29:31.664435+00:00
2026-06-14T13:00,31.4,38,0.0,0.0,0.0,0,0,17.6,181,25.9,1006.2,50200.0,7.7,1,New York,United States,40.7128,-74.006,2026-06-17T11:29:31.664435+00:00
2026-06-14T14:00,32.0,42,0.0,0.0,0.0,0,0,15.6,151,29.5,1005.5,44700.0,7.3,1,New York,United States,40.7128,-74.006,2026-06-17T11:29:31.664435+00:00
2026-06-14T15:00,31.5,45,0.0,0.0,0.0,1,40,17.9,170,29.5,1004.3,41400.0,6.3,1,New York,United States,40.7128,-74.006,2026-06-17T11:29:31.664435+00:00
2026-06-14T16:00,31.5,46,0.0,0.0,0.0,3,99,22.9,167,30.2,1003.5,40800.0,5.45,1,New York,United States,40.7128,-74.006,2026-06-17T11:29:31.664435+00:00
2026-06-14T17:00,30.6,41,0.0,0.0,0.0,1,38,18.7,157,27.0,1002.8,46900.0,4.05,1,New York,United States,40.7128,-74.006,2026-06-17T11:29:31.664435+00:00
2026-06-14T18:00,29.0,51,0.0,0.0,0.0,2,69,25.8,161,37.8,1002.0,36400.0,2.3,1,New York,United States,40.7128,-74.006,2026-06-17T11:29:31.664435+00:00
2026-06-14T19:00,27.7,47,0.0,0.0,0.0,3,100,25.4,162,41.4,1001.0,39400.0,1.15,1,New York,United States,40.7128,-74.006,2026-06-17T11:29:31.664435+00:00
2026-06-14T20:00,27.3,45,0.0,0.0,0.0,3,100,21.4,160,46.1,1001.7,41900.0,0.4,1,New York,United States,40.7128,-74.006,2026-06-17T11:29:31.664435+00:00
2026-06-14T21:00,25.0,56,0.0,0.0,0.0,3,100,20.8,154,46.8,1001.0,33300.0,0.0,0,New York,United States,40.7128,-74.006,2026-06-17T11:29:31.664435+00:00
2026-06-14T22:00,24.0,65,0.0,0.0,0.0,3,99,19.3,156,49.0,1000.6,24900.0,0.0,0,New York,United States,40.7128,-74.006,2026-06-17T11:29:31.664435+00:00
2026-06-14T23:00,23.0,82,0.0,0.0,0.0,3,99,15.4,164,42.1,1001.1,16400.0,0.0,0,New York,United States,40.7128,-74.006,2026-06-17T11:29:31.664435+00:00
2026-06-15T00:00,21.4,97,0.0,0.0,0.0,3,99,10.8,150,25.9,1001.4,2900.0,0.0,0,New York,United States,40.7128,-74.006,2026-06-17T11:29:31.664435+00:00
2026-06-15T01:00,21.5,88,0.0,0.0,0.0,3,100,10.6,208,46.8,1000.5,15200.0,0.0,0,New York,United States,40.7128,-74.006,2026-06-17T11:29:31.664435+00:00
2026-06-15T02:00,21.0,89,0.4,0.4,0.0,51,99,10.7,213,41.0,999.0,14800.0,0.0,0,New York,United States,40.7128,-74.006,2026-06-17T11:29:31.664435+00:00
2026-06-15T03:00,21.3,86,0.0,0.0,0.0,3,99,10.9,224,43.2,997.8,15600.0,0.0,0,New York,United States,40.7128,-74.006,2026-06-17T11:29:31.664435+00:00
2026-06-15T04:00,21.3,90,0.0,0.0,0.0,3,100,11.7,252,42.8,997.4,14300.0,0.0,0,New York,United States,40.7128,-74.006,2026-06-17T11:29:31.664435+00:00
2026-06-15T05:00,20.6,87,0.0,0.0,0.0,3,100,17.0,287,41.8,997.4,15300.0,0.0,0,New York,United States,40.7128,-74.006,2026-06-17T11:29:31.664435+00:00
2026-06-15T06:00,19.6,80,0.0,0.0,0.0,3,100,19.5,304,50.0,998.7,18800.0,0.05,1,New York,United States,40.7128,-74.006,2026-06-17T11:29:31.664435+00:00
2026-06-15T07:00,18.8,79,0.0,0.0,0.0,0,7,18.0,303,40.0,1000.2,19400.0,0.6,1,New York,United States,40.7128,-74.006,2026-06-17T11:29:31.664435+00:00
2026-06-15T08:00,20.0,74,0.0,0.0,0.0,0,13,19.9,305,37.1,1001.0,22700.0,1.7,1,New York,United States,40.7128,-74.006,2026-06-17T11:29:31.664435+00:00
2026-06-15T09:00,20.6,71,0.0,0.0,0.0,3,100,22.7,316,35.6,1001.7,23900.0,3.15,1,New York,United States,40.7128,-74.006,2026-06-17T11:29:31.664435+00:00
2026-06-15T10:00,22.3,52,0.0,0.0,0.0,0,5,25.5,314,35.6,1001.7,36700.0,4.8,1,New York,United States,40.7128,-74.006,2026-06-17T11:29:31.664435+00:00
2026-06-15T11:00,24.0,44,0.0,0.0,0.0,0,3,28.2,309,36.0,1002.3,41900.0,6.25,1,New York,United States,40.7128,-74.006,2026-06-17T11:29:31.664435+00:00
2026-06-15T12:00,24.0,42,0.0,0.0,0.0,0,7,23.6,308,30.2,1002.4,44600.0,7.35,1,New York,United States,40.7128,-74.006,2026-06-17T11:29:31.664435+00:00
2026-06-15T13:00,24.7,43,0.0,0.0,0.0,1,34,22.2,302,28.4,1002.5,43600.0,7.9,1,New York,United States,40.7128,-74.006,2026-06-17T11:29:31.664435+00:00
2026-06-15T14:00,25.3,38,0.0,0.0,0.0,1,42,26.0,292,31.3,1002.3,48700.0,7.85,1,New York,United States,40.7128,-74.006,2026-06-17T11:29:31.664435+00:00
2026-06-15T15:00,24.9,40,0.0,0.0,0.0,1,31,26.7,296,32.0,1002.4,46300.0,7.25,1,New York,United States,40.7128,-74.006,2026-06-17T11:29:31.664435+00:00
2026-06-15T16:00,24.3,43,0.0,0.0,0.0,1,33,24.5,292,31.0,1002.8,43700.0,6.15,1,New York,United States,40.7128,-74.006,2026-06-17T11:29:31.664435+00:00
2026-06-15T17:00,24.2,38,0.0,0.0,0.0,1,40,26.9,293,33.8,1002.8,49800.0,4.65,1,New York,United States,40.7128,-74.006,2026-06-17T11:29:31.664435+00:00
2026-06-15T18:00,23.8,39,0.0,0.0,0.0,0,2,24.3,295,31.7,1002.7,48300.0,3.0,1,New York,United States,40.7128,-74.006,2026-06-17T11:29:31.664435+00:00
2026-06-15T19:00,22.7,41,0.0,0.0,0.0,0,1,21.2,302,31.3,1003.4,46500.0,1.5,1,New York,United States,40.7128,-74.006,2026-06-17T11:29:31.664435+00:00
2026-06-15T20:00,21.6,43,0.0,0.0,0.0,0,0,24.8,310,35.6,1003.8,44600.0,0.5,1,New York,United States,40.7128,-74.006,2026-06-17T11:29:31.664435+00:00
2026-06-15T21:00,20.3,43,0.0,0.0,0.0,0,0,18.9,321,37.4,1004.6,44300.0,0.05,0,New York,United States,40.7128,-74.006,2026-06-17T11:29:31.664435+00:00
2026-06-15T22:00,19.0,46,0.0,0.0,0.0,0,0,12.8,320,39.2,1005.4,42400.0,0.0,0,New York,United States,40.7128,-74.006,2026-06-17T11:29:31.664435+00:00
2026-06-15T23:00,17.9,50,0.0,0.0,0.0,0,0,10.4,314,38.9,1005.8,37500.0,0.0,0,New York,United States,40.7128,-74.006,2026-06-17T11:29:31.664435+00:00
2026-06-16T00:00,16.9,52,0.0,0.0,0.0,0,0,6.9,317,30.2,1006.4,36200.0,0.0,0,New York,United States,40.7128,-74.006,2026-06-17T11:29:31.664435+00:00
2026-06-16T01:00,15.9,56,0.0,0.0,0.0,0,0,8.4,290,25.6,1007.2,32600.0,0.0,0,New York,United States,40.7128,-74.006,2026-06-17T11:29:31.664435+00:00
2026-06-16T02:00,15.8,58,0.0,0.0,0.0,0,0,10.9,287,32.0,1007.2,31400.0,0.0,0,New York,United States,40.7128,-74.006,2026-06-17T11:29:31.664435+00:00
2026-06-16T03:00,15.2,60,0.0,0.0,0.0,0,0,11.1,299,32.4,1007.4,29400.0,0.0,0,New York,United States,40.7128,-74.006,2026-06-17T11:29:31.664435+00:00
2026-06-16T04:00,14.6,62,0.0,0.0,0.0,0,0,11.8,308,27.4,1007.5,28000.0,0.0,0,New York,United States,40.7128,-74.006,2026-06-17T11:29:31.664435+00:00
2026-06-16T05:00,13.9,62,0.0,0.0,0.0,0,0,9.7,309,24.1,1007.8,28300.0,0.0,0,New York,United States,40.7128,-74.006,2026-06-17T11:29:31.664435+00:00
2026-06-16T06:00,13.9,67,0.0,0.0,0.0,0,0,7.1,294,17.6,1008.4,25000.0,0.05,1,New York,United States,40.7128,-74.006,2026-06-17T11:29:31.664435+00:00
2026-06-16T07:00,15.2,67,0.0,0.0,0.0,0,0,9.4,293,15.8,1008.7,24500.0,0.55,1,New York,United States,40.7128,-74.006,2026-06-17T11:29:31.664435+00:00
2026-06-16T08:00,17.5,59,0.0,0.0,0.0,0,1,11.3,287,13.3,1008.8,30000.0,1.65,1,New York,United States,40.7128,-74.006,2026-06-17T11:29:31.664435+00:00
2026-06-16T09:00,19.3,55,0.0,0.0,0.0,0,1,11.0,311,13.0,1008.8,32900.0,3.15,1,New York,United States,40.7128,-74.006,2026-06-17T11:29:31.664435+00:00
2026-06-16T10:00,21.1,45,0.0,0.0,0.0,0,3,8.4,310,13.0,1008.5,42300.0,4.75,1,New York,United States,40.7128,-74.006,2026-06-17T11:29:31.664435+00:00
2026-06-16T11:00,22.3,39,0.0,0.0,0.0,0,5,8.0,297,8.6,1008.4,49100.0,6.2,1,New York,United States,40.7128,-74.006,2026-06-17T11:29:31.664435+00:00
2026-06-16T12:00,23.0,37,0.0,0.0,0.0,0,6,7.8,248,10.8,1008.0,51600.0,7.25,1,New York,United States,40.7128,-74.006,2026-06-17T11:29:31.664435+00:00
2026-06-16T13:00,24.2,34,0.0,0.0,0.0,0,0,7.6,245,10.4,1007.6,55500.0,7.85,1,New York,United States,40.7128,-74.006,2026-06-17T11:29:31.664435+00:00
2026-06-16T14:00,24.4,35,0.0,0.0,0.0,0,0,10.3,205,14.8,1007.1,54600.0,7.8,1,New York,United States,40.7128,-74.006,2026-06-17T11:29:31.664435+00:00
2026-06-16T15:00,25.0,38,0.0,0.0,0.0,2,69,11.5,182,15.8,1006.5,50200.0,7.2,1,New York,United States,40.7128,-74.006,2026-06-17T11:29:31.664435+00:00
2026-06-16T16:00,25.0,37,0.0,0.0,0.0,3,86,14.0,203,17.3,1006.1,52400.0,6.05,1,New York,United States,40.7128,-74.006,2026-06-17T11:29:31.664435+00:00
2026-06-16T17:00,24.8,36,0.0,0.0,0.0,0,10,14.4,181,18.4,1005.7,53500.0,4.6,1,New York,United States,40.7128,-74.006,2026-06-17T11:29:31.664435+00:00
2026-06-16T18:00,22.6,49,0.0,0.0,0.0,1,40,18.9,162,26.3,1005.7,38300.0,3.0,1,New York,United States,40.7128,-74.006,2026-06-17T11:29:31.664435+00:00
2026-06-16T19:00,21.6,54,0.0,0.0,0.0,0,9,20.9,165,29.5,1005.7,33800.0,1.5,1,New York,United States,40.7128,-74.006,2026-06-17T11:29:31.664435+00:00
2026-06-16T20:00,20.6,59,0.0,0.0,0.0,0,4,19.7,165,31.3,1006.1,30100.0,0.5,1,New York,United States,40.7128,-74.006,2026-06-17T11:29:31.664435+00:00
2026-06-16T21:00,19.3,65,0.0,0.0,0.0,0,0,14.5,161,30.2,1006.4,25600.0,0.05,0,New York,United States,40.7128,-74.006,2026-06-17T11:29:31.664435+00:00
2026-06-16T22:00,18.5,78,0.0,0.0,0.0,0,0,11.7,162,26.3,1006.7,18600.0,0.0,0,New York,United States,40.7128,-74.006,2026-06-17T11:29:31.664435+00:00
2026-06-16T23:00,18.5,74,0.0,0.0,0.0,0,8,9.3,167,23.4,1006.7,20700.0,0.0,0,New York,United States,40.7128,-74.006,2026-06-17T11:29:31.664435+00:00
2026-06-17T00:00,17.7,82,0.0,0.0,0.0,0,4,5.0,201,20.9,1006.6,16800.0,0.0,0,New York,United States,40.7128,-74.006,2026-06-17T11:29:31.664435+00:00
2026-06-17T01:00,17.0,84,0.0,0.0,0.0,0,2,6.4,196,14.0,1006.4,16300.0,0.0,0,New York,United States,40.7128,-74.006,2026-06-17T11:29:31.664435+00:00
2026-06-17T02:00,17.4,77,0.0,0.0,0.0,0,5,9.5,209,19.8,1006.3,19100.0,0.0,0,New York,United States,40.7128,-74.006,2026-06-17T11:29:31.664435+00:00
2026-06-17T03:00,17.5,78,0.0,0.0,0.0,0,6,9.2,201,16.2,1006.1,19000.0,0.0,0,New York,United States,40.7128,-74.006,2026-06-17T11:29:31.664435+00:00
2026-06-17T04:00,17.1,79,0.0,0.0,0.0,2,58,8.6,213,14.0,1005.9,18300.0,0.0,0,New York,United States,40.7128,-74.006,2026-06-17T11:29:31.664435+00:00
2026-06-17T05:00,16.5,79,0.0,0.0,0.0,1,20,7.7,221,9.4,1005.8,18500.0,0.0,0,New York,United States,40.7128,-74.006,2026-06-17T11:29:31.664435+00:00
2026-06-17T06:00,16.2,85,0.0,0.0,0.0,2,73,5.8,187,14.4,1007.0,15500.0,0.05,1,New York,United States,40.7128,-74.006,2026-06-17T11:29:31.664435+00:00
2026-06-17T07:00,18.7,84,0.0,0.0,0.0,0,2,2.4,207,10.4,1007.0,15900.0,0.55,1,New York,United States,40.7128,-74.006,2026-06-17T11:29:31.664435+00:00
2026-06-17T08:00,20.2,76,0.0,0.0,0.0,0,12,8.0,185,11.9,1006.7,19500.0,1.6,1,New York,United States,40.7128,-74.006,2026-06-17T11:29:31.664435+00:00
2026-06-17T09:00,21.4,76,0.0,0.0,0.0,1,38,10.8,178,14.0,1007.0,19000.0,3.05,1,New York,United States,40.7128,-74.006,2026-06-17T11:29:31.664435+00:00
2026-06-17T10:00,22.7,66,0.0,0.0,0.0,0,7,9.4,176,13.3,1006.8,24300.0,4.6,1,New York,United States,40.7128,-74.006,2026-06-17T11:29:31.664435+00:00
2026-06-17T11:00,24.5,56,0.0,0.0,0.0,0,0,10.9,171,14.4,1006.7,31700.0,6.15,1,New York,United States,40.7128,-74.006,2026-06-17T11:29:31.664435+00:00
2026-06-17T12:00,25.6,50,0.0,0.0,0.0,0,10,11.9,178,17.3,1006.8,36700.0,7.2,1,New York,United States,40.7128,-74.006,2026-06-17T11:29:31.664435+00:00
2026-06-17T13:00,26.4,51,0.0,0.0,0.0,0,7,13.8,152,16.2,1006.0,35500.0,7.8,1,New York,United States,40.7128,-74.006,2026-06-17T11:29:31.664435+00:00
2026-06-17T14:00,26.4,51,0.0,0.0,0.0,1,22,17.9,142,21.6,1004.7,35000.0,5.6,1,New York,United States,40.7128,-74.006,2026-06-17T11:29:31.664435+00:00
2026-06-17T15:00,24.7,55,0.0,0.0,0.0,3,100,18.4,145,24.1,1005.6,31500.0,3.8,1,New York,United States,40.7128,-74.006,2026-06-17T11:29:31.664435+00:00
2026-06-17T16:00,24.0,58,0.0,0.0,0.0,3,100,22.0,148,31.0,1005.4,28800.0,2.55,1,New York,United States,40.7128,-74.006,2026-06-17T11:29:31.664435+00:00
2026-06-17T17:00,24.2,55,0.0,0.0,0.0,0,15,22.2,144,31.3,1005.8,31700.0,4.6,1,New York,United States,40.7128,-74.006,2026-06-17T11:29:31.664435+00:00
2026-06-17T18:00,23.5,59,0.0,0.0,0.0,0,18,20.4,144,33.1,1005.6,29100.0,2.95,1,New York,United States,40.7128,-74.006,2026-06-17T11:29:31.664435+00:00
2026-06-17T19:00,21.9,68,0.0,0.0,0.0,2,63,20.7,141,38.2,1005.6,22900.0,0.25,1,New York,United States,40.7128,-74.006,2026-06-17T11:29:31.664435+00:00
2026-06-17T20:00,20.8,74,0.0,0.0,0.0,3,82,18.3,144,40.7,1006.0,20000.0,0.45,1,New York,United States,40.7128,-74.006,2026-06-17T11:29:31.664435+00:00
2026-06-17T21:00,19.9,80,0.0,0.0,0.0,3,83,18.1,145,41.8,1006.1,17200.0,0.05,0,New York,United States,40.7128,-74.006,2026-06-17T11:29:31.664435+00:00
2026-06-17T22:00,19.8,81,0.0,0.0,0.0,1,43,15.5,149,42.5,1006.0,16900.0,0.0,0,New York,United States,40.7128,-74.006,2026-06-17T11:29:31.664435+00:00
2026-06-17T23:00,19.7,80,0.0,0.0,0.0,3,98,11.3,158,38.5,1006.6,17800.0,0.0,0,New York,United States,40.7128,-74.006,2026-06-17T11:29:31.664435+00:00
2026-06-10T00:00,18.8,95,0.0,0.0,0.0,2,72,2.3,162,12.2,1000.8,16040.0,0.0,0,Tokyo,Japan,35.6762,139.6503,2026-06-17T11:29:31.833415+00:00
2026-06-10T01:00,18.6,96,0.0,0.0,0.0,2,78,1.6,297,9.4,1001.1,10180.0,0.0,0,Tokyo,Japan,35.6762,139.6503,2026-06-17T11:29:31.833415+00:00
2026-06-10T02:00,18.3,97,0.0,0.0,0.0,1,46,1.6,63,10.4,1001.1,10060.0,0.0,0,Tokyo,Japan,35.6762,139.6503,2026-06-17T11:29:31.833415+00:00
2026-06-10T03:00,18.4,93,0.1,0.1,0.0,51,48,2.6,196,12.6,1000.9,6260.0,0.0,0,Tokyo,Japan,35.6762,139.6503,2026-06-17T11:29:31.833415+00:00
2026-06-10T04:00,18.2,95,0.0,0.0,0.0,3,81,2.4,297,14.0,1001.3,3440.0,0.0,0,Tokyo,Japan,35.6762,139.6503,2026-06-17T11:29:31.833415+00:00
2026-06-10T05:00,18.1,97,0.0,0.0,0.0,2,57,4.0,333,23.8,1001.3,4960.0,0.05,1,Tokyo,Japan,35.6762,139.6503,2026-06-17T11:29:31.833415+00:00
2026-06-10T06:00,18.5,97,0.0,0.0,0.0,3,86,4.8,347,26.3,1001.5,6840.0,0.2,1,Tokyo,Japan,35.6762,139.6503,2026-06-17T11:29:31.833415+00:00
2026-06-10T07:00,18.5,98,0.2,0.2,0.0,51,81,4.8,27,25.6,1002.1,4000.0,0.25,1,Tokyo,Japan,35.6762,139.6503,2026-06-17T11:29:31.833415+00:00
2026-06-10T08:00,18.8,95,0.2,0.2,0.0,51,60,5.5,58,22.7,1002.2,5240.0,0.2,1,Tokyo,Japan,35.6762,139.6503,2026-06-17T11:29:31.833415+00:00
2026-06-10T09:00,18.5,84,0.1,0.1,0.0,51,83,6.3,31,27.0,1002.7,25540.0,0.35,1,Tokyo,Japan,35.6762,139.6503,2026-06-17T11:29:31.833415+00:00
2026-06-10T10:00,19.7,71,0.0,0.0,0.0,2,61,6.6,45,27.0,1003.0,18300.0,0.8,1,Tokyo,Japan,35.6762,139.6503,2026-06-17T11:29:31.833415+00:00
2026-06-10T11:00,20.1,68,0.0,0.0,0.0,2,76,6.1,50,26.3,1003.3,28420.0,0.85,1,Tokyo,Japan,35.6762,139.6503,2026-06-17T11:29:31.833415+00:00
2026-06-10T12:00,20.7,67,0.0,0.0,0.0,3,82,6.1,45,28.1,1002.8,28440.0,0.9,1,Tokyo,Japan,35.6762,139.6503,2026-06-17T11:29:31.833415+00:00
2026-06-10T13:00,21.0,65,0.0,0.0,0.0,2,69,5.5,67,28.4,1002.4,28440.0,1.05,1,Tokyo,Japan,35.6762,139.6503,2026-06-17T11:29:31.833415+00:00
2026-06-10T14:00,21.6,64,0.0,0.0,0.0,1,44,5.7,72,24.1,1002.1,28440.0,1.35,1,Tokyo,Japan,35.6762,139.6503,2026-06-17T11:29:31.833415+00:00
2026-06-10T15:00,21.8,65,0.0,0.0,0.0,1,42,5.8,68,27.0,1002.2,31140.0,2.8,1,Tokyo,Japan,35.6762,139.6503,2026-06-17T11:29:31.833415+00:00
2026-06-10T16:00,21.8,63,0.0,0.0,0.0,1,34,5.2,74,23.8,1002.3,31140.0,3.55,1,Tokyo,Japan,35.6762,139.6503,2026-06-17T11:29:31.833415+00:00
2026-06-10T17:00,21.3,62,0.0,0.0,0.0,1,38,5.0,69,26.6,1002.6,28460.0,2.2,1,Tokyo,Japan,35.6762,139.6503,2026-06-17T11:29:31.833415+00:00
2026-06-10T18:00,20.5,63,0.0,0.0,0.0,2,50,4.7,58,26.6,1003.1,28460.0,1.05,1,Tokyo,Japan,35.6762,139.6503,2026-06-17T11:29:31.833415+00:00
2026-06-10T19:00,19.7,64,0.0,0.0,0.0,2,50,3.5,66,22.7,1004.0,28460.0,0.15,0,Tokyo,Japan,35.6762,139.6503,2026-06-17T11:29:31.833415+00:00
2026-06-10T20:00,19.1,66,0.0,0.0,0.0,3,87,2.9,83,14.8,1004.7,28480.0,0.0,0,Tokyo,Japan,35.6762,139.6503,2026-06-17T11:29:31.833415+00:00
2026-06-10T21:00,18.8,68,0.0,0.0,0.0,2,53,1.8,90,8.3,1005.1,28480.0,0.0,0,Tokyo,Japan,35.6762,139.6503,2026-06-17T11:29:31.833415+00:00
2026-06-10T22:00,18.4,69,0.0,0.0,0.0,3,84,1.1,90,5.0,1005.7,25600.0,0.0,0,Tokyo,Japan,35.6762,139.6503,2026-06-17T11:29:31.833415+00:00
2026-06-10T23:00,18.1,71,0.0,0.0,0.0,2,60,0.5,135,4.3,1006.0,25600.0,0.0,0,Tokyo,Japan,35.6762,139.6503,2026-06-17T11:29:31.833415+00:00
2026-06-11T00:00,17.7,73,0.0,0.0,0.0,2,78,1.1,90,6.5,1006.0,25600.0,0.0,0,Tokyo,Japan,35.6762,139.6503,2026-06-17T11:29:31.833415+00:00
2026-06-11T01:00,17.6,73,0.0,0.0,0.0,3,85,1.4,90,7.9,1006.0,25600.0,0.0,0,Tokyo,Japan,35.6762,139.6503,2026-06-17T11:29:31.833415+00:00
2026-06-11T02:00,17.6,70,0.0,0.0,0.0,3,95,1.1,108,7.2,1006.2,5840.0,0.0,0,Tokyo,Japan,35.6762,139.6503,2026-06-17T11:29:31.833415+00:00
2026-06-11T03:00,17.2,79,0.0,0.0,0.0,2,79,0.8,297,7.6,1006.4,9840.0,0.0,0,Tokyo,Japan,35.6762,139.6503,2026-06-17T11:29:31.833415+00:00
2026-06-11T04:00,17.1,77,0.0,0.0,0.0,2,72,1.3,236,5.8,1007.1,19420.0,0.0,0,Tokyo,Japan,35.6762,139.6503,2026-06-17T11:29:31.833415+00:00
2026-06-11T05:00,16.9,79,0.0,0.0,0.0,2,76,1.1,18,5.0,1007.3,19560.0,0.0,1,Tokyo,Japan,35.6762,139.6503,2026-06-17T11:29:31.833415+00:00
2026-06-11T06:00,17.3,80,0.0,0.0,0.0,1,49,1.1,18,5.4,1008.0,21000.0,0.1,1,Tokyo,Japan,35.6762,139.6503,2026-06-17T11:29:31.833415+00:00
2026-06-11T07:00,18.5,72,0.0,0.0,0.0,2,50,1.5,14,6.8,1008.0,23680.0,0.7,1,Tokyo,Japan,35.6762,139.6503,2026-06-17T11:29:31.833415+00:00
2026-06-11T08:00,19.5,67,0.0,0.0,0.0,2,53,1.6,63,8.3,1008.1,28540.0,1.5,1,Tokyo,Japan,35.6762,139.6503,2026-06-17T11:29:31.833415+00:00
2026-06-11T09:00,20.7,65,0.0,0.0,0.0,1,41,2.8,130,10.4,1008.6,28540.0,3.1,1,Tokyo,Japan,35.6762,139.6503,2026-06-17T11:29:31.833415+00:00
2026-06-11T10:00,22.6,60,0.0,0.0,0.0,1,30,5.3,152,20.5,1008.3,31240.0,6.4,1,Tokyo,Japan,35.6762,139.6503,2026-06-17T11:29:31.833415+00:00
2026-06-11T11:00,23.8,60,0.0,0.0,0.0,1,26,7.1,156,26.6,1007.9,34960.0,7.4,1,Tokyo,Japan,35.6762,139.6503,2026-06-17T11:29:31.833415+00:00
2026-06-11T12:00,24.5,56,0.0,0.0,0.0,1,29,8.0,162,27.7,1007.3,34960.0,7.15,1,Tokyo,Japan,35.6762,139.6503,2026-06-17T11:29:31.833415+00:00
2026-06-11T13:00,24.9,58,0.0,0.0,0.0,1,29,8.3,175,31.0,1006.7,34960.0,6.55,1,Tokyo,Japan,35.6762,139.6503,2026-06-17T11:29:31.833415+00:00
2026-06-11T14:00,25.0,59,0.0,0.0,0.0,1,24,8.6,180,34.2,1006.3,31260.0,5.95,1,Tokyo,Japan,35.6762,139.6503,2026-06-17T11:29:31.833415+00:00
2026-06-11T15:00,24.1,60,0.0,0.0,0.0,1,37,8.6,182,38.2,1006.8,31280.0,5.25,1,Tokyo,Japan,35.6762,139.6503,2026-06-17T11:29:31.833415+00:00
2026-06-11T16:00,23.3,65,0.0,0.0,0.0,1,37,8.3,185,37.8,1006.8,16420.0,3.6,1,Tokyo,Japan,35.6762,139.6503,2026-06-17T11:29:31.833415+00:00
2026-06-11T17:00,22.7,71,0.0,0.0,0.0,2,52,7.9,183,34.6,1007.1,28580.0,2.15,1,Tokyo,Japan,35.6762,139.6503,2026-06-17T11:29:31.833415+00:00
2026-06-11T18:00,22.3,71,0.0,0.0,0.0,2,50,7.2,183,31.3,1007.2,25680.0,0.9,1,Tokyo,Japan,35.6762,139.6503,2026-06-17T11:29:31.833415+00:00
2026-06-11T19:00,21.6,74,0.0,0.0,0.0,1,40,6.1,180,30.2,1007.8,24400.0,0.15,0,Tokyo,Japan,35.6762,139.6503,2026-06-17T11:29:31.833415+00:00
2026-06-11T20:00,21.2,78,0.0,0.0,0.0,1,40,4.7,171,23.0,1008.1,22240.0,0.0,0,Tokyo,Japan,35.6762,139.6503,2026-06-17T11:29:31.833415+00:00
2026-06-11T21:00,20.6,82,0.0,0.0,0.0,2,61,4.7,171,23.4,1008.4,25220.0,0.0,0,Tokyo,Japan,35.6762,139.6503,2026-06-17T11:29:31.833415+00:00
2026-06-11T22:00,20.3,85,0.0,0.0,0.0,1,48,2.6,164,19.8,1008.3,2800.0,0.0,0,Tokyo,Japan,35.6762,139.6503,2026-06-17T11:29:31.833415+00:00
2026-06-11T23:00,19.8,89,0.0,0.0,0.0,2,50,2.6,106,20.2,1008.2,10560.0,0.0,0,Tokyo,Japan,35.6762,139.6503,2026-06-17T11:29:31.833415+00:00
2026-06-12T00:00,19.0,95,0.0,0.0,0.0,3,87,2.2,351,15.8,1008.1,9660.0,0.0,0,Tokyo,Japan,35.6762,139.6503,2026-06-17T11:29:31.833415+00:00
2026-06-12T01:00,18.8,95,0.0,0.0,0.0,2,66,3.1,339,11.2,1008.1,10860.0,0.0,0,Tokyo,Japan,35.6762,139.6503,2026-06-17T11:29:31.833415+00:00
2026-06-12T02:00,18.5,96,0.0,0.0,0.0,2,57,3.8,343,13.3,1008.1,11100.0,0.0,0,Tokyo,Japan,35.6762,139.6503,2026-06-17T11:29:31.833415+00:00
2026-06-12T03:00,18.1,93,0.0,0.0,0.0,1,35,3.6,323,14.4,1008.3,11000.0,0.0,0,Tokyo,Japan,35.6762,139.6503,2026-06-17T11:29:31.833415+00:00
2026-06-12T04:00,17.8,93,0.0,0.0,0.0,1,42,2.7,337,11.2,1008.2,9340.0,0.0,0,Tokyo,Japan,35.6762,139.6503,2026-06-17T11:29:31.833415+00:00
2026-06-12T05:00,17.8,92,0.0,0.0,0.0,1,43,3.1,339,11.5,1008.3,10640.0,0.05,1,Tokyo,Japan,35.6762,139.6503,2026-06-17T11:29:31.833415+00:00
2026-06-12T06:00,18.4,89,0.0,0.0,0.0,1,33,3.3,319,18.4,1008.7,14620.0,0.65,1,Tokyo,Japan,35.6762,139.6503,2026-06-17T11:29:31.833415+00:00
2026-06-12T07:00,19.6,85,0.0,0.0,0.0,0,15,3.7,331,19.1,1008.5,19640.0,1.9,1,Tokyo,Japan,35.6762,139.6503,2026-06-17T11:29:31.833415+00:00
2026-06-12T08:00,21.2,79,0.0,0.0,0.0,0,15,3.8,343,18.4,1008.2,24020.0,3.3,1,Tokyo,Japan,35.6762,139.6503,2026-06-17T11:29:31.833415+00:00
2026-06-12T09:00,22.5,72,0.0,0.0,0.0,1,20,3.3,13,15.8,1008.8,25760.0,4.6,1,Tokyo,Japan,35.6762,139.6503,2026-06-17T11:29:31.833415+00:00
2026-06-12T10:00,23.6,67,0.0,0.0,0.0,0,15,2.1,59,18.7,1008.3,28660.0,6.75,1,Tokyo,Japan,35.6762,139.6503,2026-06-17T11:29:31.833415+00:00
2026-06-12T11:00,24.8,63,0.0,0.0,0.0,0,11,2.5,82,17.6,1007.8,6920.0,7.35,1,Tokyo,Japan,35.6762,139.6503,2026-06-17T11:29:31.833415+00:00
2026-06-12T12:00,25.0,62,0.0,0.0,0.0,1,25,5.1,86,17.3,1007.5,4160.0,8.25,1,Tokyo,Japan,35.6762,139.6503,2026-06-17T11:29:31.833415+00:00
2026-06-12T13:00,25.2,59,0.1,0.1,0.0,51,21,4.6,108,20.2,1007.0,6500.0,8.05,1,Tokyo,Japan,35.6762,139.6503,2026-06-17T11:29:31.833415+00:00
2026-06-12T14:00,25.9,53,0.1,0.1,0.0,51,20,3.9,124,23.0,1006.7,1400.0,6.75,1,Tokyo,Japan,35.6762,139.6503,2026-06-17T11:29:31.833415+00:00
2026-06-12T15:00,25.0,62,0.0,0.0,0.0,1,27,4.4,55,17.6,1006.8,1760.0,2.5,1,Tokyo,Japan,35.6762,139.6503,2026-06-17T11:29:31.833415+00:00
2026-06-12T16:00,23.6,74,0.3,0.3,0.0,51,26,6.0,73,29.5,1007.0,3360.0,1.05,1,Tokyo,Japan,35.6762,139.6503,2026-06-17T11:29:31.833415+00:00
2026-06-12T17:00,22.5,80,0.4,0.4,0.0,51,40,4.3,114,17.6,1007.3,8420.0,0.8,1,Tokyo,Japan,35.6762,139.6503,2026-06-17T11:29:31.833415+00:00
2026-06-12T18:00,22.0,76,0.3,0.3,0.0,51,30,3.1,111,18.7,1008.4,9720.0,1.05,1,Tokyo,Japan,35.6762,139.6503,2026-06-17T11:29:31.833415+00:00
2026-06-12T19:00,21.1,81,0.0,0.0,0.0,1,30,4.8,132,10.4,1009.0,14140.0,0.15,0,Tokyo,Japan,35.6762,139.6503,2026-06-17T11:29:31.833415+00:00
2026-06-12T20:00,20.4,84,0.0,0.0,0.0,1,29,3.6,127,7.9,1009.6,19120.0,0.0,0,Tokyo,Japan,35.6762,139.6503,2026-06-17T11:29:31.833415+00:00
2026-06-12T21:00,19.5,87,0.0,0.0,0.0,0,15,2.0,225,12.2,1010.0,13200.0,0.0,0,Tokyo,Japan,35.6762,139.6503,2026-06-17T11:29:31.833415+00:00
2026-06-12T22:00,19.0,90,0.0,0.0,0.0,1,46,1.1,18,9.7,1009.7,16200.0,0.0,0,Tokyo,Japan,35.6762,139.6503,2026-06-17T11:29:31.833415+00:00
2026-06-12T23:00,18.7,91,0.0,0.0,0.0,0,16,2.7,67,15.5,1009.5,15360.0,0.0,0,Tokyo,Japan,35.6762,139.6503,2026-06-17T11:29:31.833415+00:00
2026-06-13T00:00,18.3,92,0.0,0.0,0.0,1,23,2.3,51,15.5,1009.5,15440.0,0.0,0,Tokyo,Japan,35.6762,139.6503,2026-06-17T11:29:31.833415+00:00
2026-06-13T01:00,18.0,93,0.0,0.0,0.0,2,70,2.3,18,12.2,1009.4,15920.0,0.0,0,Tokyo,Japan,35.6762,139.6503,2026-06-17T11:29:31.833415+00:00
2026-06-13T02:00,17.7,93,0.0,0.0,0.0,2,65,2.5,352,10.8,1009.3,16200.0,0.0,0,Tokyo,Japan,35.6762,139.6503,2026-06-17T11:29:31.833415+00:00
2026-06-13T03:00,17.4,93,0.0,0.0,0.0,1,23,1.8,281,10.1,1009.6,16360.0,0.0,0,Tokyo,Japan,35.6762,139.6503,2026-06-17T11:29:31.833415+00:00
2026-06-13T04:00,17.0,96,0.0,0.0,0.0,2,62,1.8,233,13.0,1010.2,16380.0,0.0,0,Tokyo,Japan,35.6762,139.6503,2026-06-17T11:29:31.833415+00:00
2026-06-13T05:00,17.1,94,0.0,0.0,0.0,2,61,1.8,259,9.0,1010.3,16380.0,0.05,1,Tokyo,Japan,35.6762,139.6503,2026-06-17T11:29:31.833415+00:00
2026-06-13T06:00,18.0,89,0.0,0.0,0.0,2,57,2.3,288,9.0,1010.5,19720.0,0.6,1,Tokyo,Japan,35.6762,139.6503,2026-06-17T11:29:31.833415+00:00
2026-06-13T07:00,19.4,84,0.0,0.0,0.0,2,58,1.3,304,10.1,1010.8,25860.0,1.65,1,Tokyo,Japan,35.6762,139.6503,2026-06-17T11:29:31.833415+00:00
2026-06-13T08:00,21.2,77,0.0,0.0,0.0,1,46,1.3,326,10.4,1010.8,25860.0,2.6,1,Tokyo,Japan,35.6762,139.6503,2026-06-17T11:29:31.833415+00:00
2026-06-13T09:00,23.1,68,0.0,0.0,0.0,1,48,1.3,304,10.8,1010.9,25860.0,4.65,1,Tokyo,Japan,35.6762,139.6503,2026-06-17T11:29:31.833415+00:00
2026-06-13T10:00,24.6,64,0.0,0.0,0.0,1,39,2.9,180,12.6,1010.5,28780.0,5.5,1,Tokyo,Japan,35.6762,139.6503,2026-06-17T11:29:31.833415+00:00
2026-06-13T11:00,26.0,60,0.0,0.0,0.0,1,33,4.4,171,18.7,1009.7,28800.0,6.3,1,Tokyo,Japan,35.6762,139.6503,2026-06-17T11:29:31.833415+00:00
2026-06-13T12:00,26.6,58,0.0,0.0,0.0,1,34,3.4,162,23.4,1009.6,28800.0,7.1,1,Tokyo,Japan,35.6762,139.6503,2026-06-17T11:29:31.833415+00:00
2026-06-13T13:00,27.4,56,0.0,0.0,0.0,0,14,5.5,148,24.8,1008.7,28800.0,7.5,1,Tokyo,Japan,35.6762,139.6503,2026-06-17T11:29:31.833415+00:00
2026-06-13T14:00,27.3,57,0.0,0.0,0.0,1,41,7.4,157,25.6,1008.3,28800.0,7.05,1,Tokyo,Japan,35.6762,139.6503,2026-06-17T11:29:31.833415+00:00
2026-06-13T15:00,27.0,56,0.0,0.0,0.0,1,26,7.6,183,25.6,1008.2,12920.0,5.85,1,Tokyo,Japan,35.6762,139.6503,2026-06-17T11:29:31.833415+00:00
2026-06-13T16:00,26.3,62,0.0,0.0,0.0,0,6,8.2,195,28.8,1008.5,5520.0,4.2,1,Tokyo,Japan,35.6762,139.6503,2026-06-17T11:29:31.833415+00:00
2026-06-13T17:00,25.1,68,0.0,0.0,0.0,0,11,7.6,188,26.6,1008.6,24160.0,2.5,1,Tokyo,Japan,35.6762,139.6503,2026-06-17T11:29:31.833415+00:00
2026-06-13T18:00,23.9,73,0.0,0.0,0.0,1,32,6.1,183,20.9,1008.8,25900.0,1.05,1,Tokyo,Japan,35.6762,139.6503,2026-06-17T11:29:31.833415+00:00
2026-06-13T19:00,23.0,77,0.0,0.0,0.0,1,33,5.4,176,15.5,1009.3,25900.0,0.2,0,Tokyo,Japan,35.6762,139.6503,2026-06-17T11:29:31.833415+00:00
2026-06-13T20:00,22.3,79,0.0,0.0,0.0,1,33,5.9,169,14.8,1009.9,25900.0,0.0,0,Tokyo,Japan,35.6762,139.6503,2026-06-17T11:29:31.833415+00:00
2026-06-13T21:00,21.7,80,0.0,0.0,0.0,1,35,4.6,162,14.8,1010.4,22520.0,0.0,0,Tokyo,Japan,35.6762,139.6503,2026-06-17T11:29:31.833415+00:00
2026-06-13T22:00,21.3,81,0.0,0.0,0.0,1,38,4.8,167,17.3,1010.5,12300.0,0.0,0,Tokyo,Japan,35.6762,139.6503,2026-06-17T11:29:31.833415+00:00
2026-06-13T23:00,20.9,83,0.0,0.0,0.0,1,34,5.0,180,22.0,1010.5,7000.0,0.0,0,Tokyo,Japan,35.6762,139.6503,2026-06-17T11:29:31.833415+00:00
2026-06-14T00:00,20.2,86,0.0,0.0,0.0,1,43,2.8,230,21.2,1011.0,12600.0,0.0,0,Tokyo,Japan,35.6762,139.6503,2026-06-17T11:29:31.833415+00:00
2026-06-14T01:00,19.6,90,0.0,0.0,0.0,2,56,2.4,207,21.6,1010.8,15320.0,0.0,0,Tokyo,Japan,35.6762,139.6503,2026-06-17T11:29:31.833415+00:00
2026-06-14T02:00,19.3,90,0.0,0.0,0.0,2,50,2.5,225,17.6,1010.8,15960.0,0.0,0,Tokyo,Japan,35.6762,139.6503,2026-06-17T11:29:31.833415+00:00
2026-06-14T03:00,18.8,91,0.0,0.0,0.0,0,14,2.7,247,11.5,1010.9,19640.0,0.0,0,Tokyo,Japan,35.6762,139.6503,2026-06-17T11:29:31.833415+00:00
2026-06-14T04:00,18.5,94,0.0,0.0,0.0,1,39,2.3,231,4.0,1011.7,16440.0,0.0,0,Tokyo,Japan,35.6762,139.6503,2026-06-17T11:29:31.833415+00:00
2026-06-14T05:00,18.4,96,0.0,0.0,0.0,2,66,2.6,214,5.8,1012.3,16440.0,0.05,1,Tokyo,Japan,35.6762,139.6503,2026-06-17T11:29:31.833415+00:00
2026-06-14T06:00,19.0,96,0.0,0.0,0.0,3,99,1.8,281,6.1,1012.3,16460.0,0.4,1,Tokyo,Japan,35.6762,139.6503,2026-06-17T11:29:31.833415+00:00
2026-06-14T07:00,20.2,93,0.0,0.0,0.0,3,96,1.3,304,8.6,1012.7,22560.0,1.3,1,Tokyo,Japan,35.6762,139.6503,2026-06-17T11:29:31.833415+00:00
2026-06-14T08:00,21.2,90,0.0,0.0,0.0,3,100,1.1,198,9.7,1012.7,25960.0,3.1,1,Tokyo,Japan,35.6762,139.6503,2026-06-17T11:29:31.833415+00:00
2026-06-14T09:00,22.7,83,0.0,0.0,0.0,2,75,0.5,135,13.7,1013.3,25040.0,3.95,1,Tokyo,Japan,35.6762,139.6503,2026-06-17T11:29:31.833415+00:00
2026-06-14T10:00,24.3,74,0.0,0.0,0.0,2,67,2.7,157,12.6,1013.2,14460.0,5.35,1,Tokyo,Japan,35.6762,139.6503,2026-06-17T11:29:31.833415+00:00
2026-06-14T11:00,25.6,67,0.0,0.0,0.0,1,38,4.3,156,18.4,1012.7,12300.0,5.6,1,Tokyo,Japan,35.6762,139.6503,2026-06-17T11:29:31.833415+00:00
2026-06-14T12:00,26.5,61,0.0,0.0,0.0,2,71,6.9,174,22.7,1012.7,25900.0,6.2,1,Tokyo,Japan,35.6762,139.6503,2026-06-17T11:29:31.833415+00:00
2026-06-14T13:00,26.6,58,0.0,0.0,0.0,3,94,7.9,180,28.1,1012.2,31660.0,5.7,1,Tokyo,Japan,35.6762,139.6503,2026-06-17T11:29:31.833415+00:00
2026-06-14T14:00,25.9,57,0.0,0.0,0.0,3,86,7.2,186,31.7,1011.9,30220.0,4.25,1,Tokyo,Japan,35.6762,139.6503,2026-06-17T11:29:31.833415+00:00
2026-06-14T15:00,26.0,57,0.0,0.0,0.0,3,90,7.2,174,31.7,1011.6,31680.0,3.65,1,Tokyo,Japan,35.6762,139.6503,2026-06-17T11:29:31.833415+00:00
2026-06-14T16:00,25.0,62,0.0,0.0,0.0,3,97,6.5,180,27.4,1011.8,28940.0,2.4,1,Tokyo,Japan,35.6762,139.6503,2026-06-17T11:29:31.833415+00:00
2026-06-14T17:00,24.0,68,0.0,0.0,0.0,2,66,6.5,177,25.6,1012.0,28940.0,1.0,1,Tokyo,Japan,35.6762,139.6503,2026-06-17T11:29:31.833415+00:00
2026-06-14T18:00,23.2,71,0.0,0.0,0.0,2,73,5.8,184,27.0,1012.0,22180.0,0.45,1,Tokyo,Japan,35.6762,139.6503,2026-06-17T11:29:31.833415+00:00
2026-06-14T19:00,22.3,78,0.0,0.0,0.0,3,90,6.1,180,26.6,1013.1,23760.0,0.1,0,Tokyo,Japan,35.6762,139.6503,2026-06-17T11:29:31.833415+00:00
2026-06-14T20:00,21.8,82,0.0,0.0,0.0,3,90,5.8,180,23.8,1013.3,22620.0,0.0,0,Tokyo,Japan,35.6762,139.6503,2026-06-17T11:29:31.833415+00:00
2026-06-14T21:00,21.3,85,0.0,0.0,0.0,2,69,4.0,153,22.0,1012.7,22620.0,0.0,0,Tokyo,Japan,35.6762,139.6503,2026-06-17T11:29:31.833415+00:00
2026-06-14T22:00,21.0,86,0.0,0.0,0.0,3,92,4.7,157,18.0,1012.9,19860.0,0.0,0,Tokyo,Japan,35.6762,139.6503,2026-06-17T11:29:31.833415+00:00
2026-06-14T23:00,20.6,88,0.0,0.0,0.0,2,73,5.4,160,18.0,1012.7,18880.0,0.0,0,Tokyo,Japan,35.6762,139.6503,2026-06-17T11:29:31.833415+00:00
2026-06-15T00:00,20.1,91,0.7,0.7,0.0,53,70,1.8,127,17.6,1012.4,15700.0,0.0,0,Tokyo,Japan,35.6762,139.6503,2026-06-17T11:29:31.833415+00:00
2026-06-15T01:00,19.7,93,0.1,0.1,0.0,51,51,2.3,129,13.0,1011.9,5440.0,0.0,0,Tokyo,Japan,35.6762,139.6503,2026-06-17T11:29:31.833415+00:00
2026-06-15T02:00,19.4,93,0.6,0.6,0.0,53,68,3.9,112,11.5,1012.2,5720.0,0.0,0,Tokyo,Japan,35.6762,139.6503,2026-06-17T11:29:31.833415+00:00
2026-06-15T03:00,18.8,94,1.1,1.1,0.0,55,91,2.3,108,18.7,1011.9,4540.0,0.0,0,Tokyo,Japan,35.6762,139.6503,2026-06-17T11:29:31.833415+00:00
2026-06-15T04:00,18.6,94,0.2,0.2,0.0,51,76,2.5,45,9.7,1012.2,3740.0,0.0,0,Tokyo,Japan,35.6762,139.6503,2026-06-17T11:29:31.833415+00:00
2026-06-15T05:00,18.3,95,0.8,0.8,0.0,53,81,3.1,45,4.7,1012.6,3780.0,0.0,1,Tokyo,Japan,35.6762,139.6503,2026-06-17T11:29:31.833415+00:00
2026-06-15T06:00,17.5,91,1.5,1.5,0.0,61,99,3.5,24,7.2,1013.0,3660.0,0.05,1,Tokyo,Japan,35.6762,139.6503,2026-06-17T11:29:31.833415+00:00
2026-06-15T07:00,17.1,91,0.8,0.8,0.0,53,100,5.1,4,18.0,1012.6,4780.0,0.3,1,Tokyo,Japan,35.6762,139.6503,2026-06-17T11:29:31.833415+00:00
2026-06-15T08:00,16.9,91,0.6,0.6,0.0,53,82,6.5,3,24.5,1012.1,6260.0,0.65,1,Tokyo,Japan,35.6762,139.6503,2026-06-17T11:29:31.833415+00:00
2026-06-15T09:00,17.1,91,0.2,0.2,0.0,51,92,5.7,18,32.4,1012.4,6120.0,0.35,1,Tokyo,Japan,35.6762,139.6503,2026-06-17T11:29:31.833415+00:00
2026-06-15T10:00,17.8,86,0.0,0.0,0.0,3,87,6.2,7,32.8,1011.6,5500.0,0.4,1,Tokyo,Japan,35.6762,139.6503,2026-06-17T11:29:31.833415+00:00
2026-06-15T11:00,18.1,85,0.1,0.1,0.0,51,67,6.2,7,32.4,1010.8,5940.0,0.55,1,Tokyo,Japan,35.6762,139.6503,2026-06-17T11:29:31.833415+00:00
2026-06-15T12:00,18.2,89,0.0,0.0,0.0,3,92,5.8,4,33.1,1011.1,5900.0,0.95,1,Tokyo,Japan,35.6762,139.6503,2026-06-17T11:29:31.833415+00:00
2026-06-15T13:00,18.1,90,0.3,0.3,0.0,51,96,5.8,360,35.6,1010.4,10220.0,0.85,1,Tokyo,Japan,35.6762,139.6503,2026-06-17T11:29:31.833415+00:00
2026-06-15T14:00,18.6,90,0.3,0.3,0.0,51,54,5.8,360,36.7,1010.3,29060.0,0.5,1,Tokyo,Japan,35.6762,139.6503,2026-06-17T11:29:31.833415+00:00
2026-06-15T15:00,19.8,80,0.0,0.0,0.0,2,67,6.1,360,34.9,1010.0,29060.0,0.45,1,Tokyo,Japan,35.6762,139.6503,2026-06-17T11:29:31.833415+00:00
2026-06-15T16:00,19.7,79,0.0,0.0,0.0,3,91,6.7,36,39.2,1010.1,29060.0,0.8,1,Tokyo,Japan,35.6762,139.6503,2026-06-17T11:29:31.833415+00:00
2026-06-15T17:00,19.1,83,0.0,0.0,0.0,2,79,6.1,40,34.2,1009.7,29060.0,1.2,1,Tokyo,Japan,35.6762,139.6503,2026-06-17T11:29:31.833415+00:00
2026-06-15T18:00,19.1,82,0.0,0.0,0.0,2,54,5.4,37,31.7,1010.2,29080.0,1.05,1,Tokyo,Japan,35.6762,139.6503,2026-06-17T11:29:31.833415+00:00
2026-06-15T19:00,18.7,82,0.0,0.0,0.0,1,36,5.1,39,24.8,1010.8,23160.0,0.2,0,Tokyo,Japan,35.6762,139.6503,2026-06-17T11:29:31.833415+00:00
2026-06-15T20:00,18.4,83,0.0,0.0,0.0,1,27,4.0,27,19.4,1011.4,25100.0,0.0,0,Tokyo,Japan,35.6762,139.6503,2026-06-17T11:29:31.833415+00:00
2026-06-15T21:00,17.9,84,0.0,0.0,0.0,1,22,2.5,8,14.4,1011.9,20780.0,0.0,0,Tokyo,Japan,35.6762,139.6503,2026-06-17T11:29:31.833415+00:00
2026-06-15T22:00,17.5,88,0.0,0.0,0.0,1,34,1.9,22,14.0,1012.5,21740.0,0.0,0,Tokyo,Japan,35.6762,139.6503,2026-06-17T11:29:31.833415+00:00
2026-06-15T23:00,17.3,89,0.0,0.0,0.0,1,29,1.9,338,10.4,1012.6,19500.0,0.0,0,Tokyo,Japan,35.6762,139.6503,2026-06-17T11:29:31.833415+00:00
2026-06-16T00:00,17.1,90,0.0,0.0,0.0,1,25,1.8,281,8.3,1012.7,19760.0,0.0,0,Tokyo,Japan,35.6762,139.6503,2026-06-17T11:29:31.833415+00:00
2026-06-16T01:00,17.1,88,0.0,0.0,0.0,1,21,2.9,270,5.8,1012.8,19960.0,0.0,0,Tokyo,Japan,35.6762,139.6503,2026-06-17T11:29:31.833415+00:00
2026-06-16T02:00,16.6,90,0.0,0.0,0.0,0,9,2.7,293,6.1,1012.9,19960.0,0.0,0,Tokyo,Japan,35.6762,139.6503,2026-06-17T11:29:31.833415+00:00
2026-06-16T03:00,16.4,91,0.0,0.0,0.0,0,4,3.2,270,6.8,1012.7,19980.0,0.0,0,Tokyo,Japan,35.6762,139.6503,2026-06-17T11:29:31.833415+00:00
2026-06-16T04:00,16.0,93,0.0,0.0,0.0,0,0,2.9,263,5.4,1012.9,16600.0,0.0,0,Tokyo,Japan,35.6762,139.6503,2026-06-17T11:29:31.833415+00:00
2026-06-16T05:00,15.8,94,0.0,0.0,0.0,1,22,2.6,304,7.9,1013.1,16600.0,0.05,1,Tokyo,Japan,35.6762,139.6503,2026-06-17T11:29:31.833415+00:00
2026-06-16T06:00,16.8,90,0.0,0.0,0.0,2,57,1.5,284,9.4,1013.8,19980.0,0.6,1,Tokyo,Japan,35.6762,139.6503,2026-06-17T11:29:31.833415+00:00
2026-06-16T07:00,18.7,82,0.0,0.0,0.0,2,51,2.1,329,9.4,1013.8,26180.0,1.8,1,Tokyo,Japan,35.6762,139.6503,2026-06-17T11:29:31.833415+00:00
2026-06-16T08:00,20.6,75,0.0,0.0,0.0,2,57,1.8,323,11.5,1014.0,29140.0,3.45,1,Tokyo,Japan,35.6762,139.6503,2026-06-17T11:29:31.833415+00:00
2026-06-16T09:00,22.4,69,0.0,0.0,0.0,1,35,1.3,146,13.7,1014.2,29140.0,5.25,1,Tokyo,Japan,35.6762,139.6503,2026-06-17T11:29:31.833415+00:00
2026-06-16T10:00,23.9,65,0.0,0.0,0.0,0,17,2.1,149,13.0,1014.3,29140.0,6.45,1,Tokyo,Japan,35.6762,139.6503,2026-06-17T11:29:31.833415+00:00
2026-06-16T11:00,25.3,60,0.0,0.0,0.0,2,60,2.1,149,16.2,1014.0,31900.0,7.15,1,Tokyo,Japan,35.6762,139.6503,2026-06-17T11:29:31.833415+00:00
2026-06-16T12:00,26.4,52,0.0,0.0,0.0,3,87,2.5,98,20.5,1013.6,31900.0,7.3,1,Tokyo,Japan,35.6762,139.6503,2026-06-17T11:29:31.833415+00:00
2026-06-16T13:00,26.8,51,0.0,0.0,0.0,1,45,4.4,145,23.4,1013.3,31900.0,7.25,1,Tokyo,Japan,35.6762,139.6503,2026-06-17T11:29:31.833415+00:00
2026-06-16T14:00,27.0,52,0.0,0.0,0.0,3,81,5.1,141,27.7,1012.8,35640.0,6.3,1,Tokyo,Japan,35.6762,139.6503,2026-06-17T11:29:31.833415+00:00
2026-06-16T15:00,26.5,45,0.0,0.0,0.0,1,39,7.0,159,28.1,1013.8,35640.0,5.35,1,Tokyo,Japan,35.6762,139.6503,2026-06-17T11:29:31.833415+00:00
2026-06-16T16:00,26.5,41,0.0,0.0,0.0,2,70,5.2,146,26.3,1013.3,35640.0,3.95,1,Tokyo,Japan,35.6762,139.6503,2026-06-17T11:29:31.833415+00:00
2026-06-16T17:00,25.6,45,0.0,0.0,0.0,2,59,5.7,162,25.9,1013.3,31900.0,2.05,1,Tokyo,Japan,35.6762,139.6503,2026-06-17T11:29:31.833415+00:00
2026-06-16T18:00,23.0,66,0.0,0.0,0.0,1,47,6.9,189,23.4,1013.6,29140.0,0.8,1,Tokyo,Japan,35.6762,139.6503,2026-06-17T11:29:31.833415+00:00
2026-06-16T19:00,21.6,71,0.0,0.0,0.0,2,55,6.6,193,25.9,1014.6,29140.0,0.15,0,Tokyo,Japan,35.6762,139.6503,2026-06-17T11:29:31.833415+00:00
2026-06-16T20:00,20.7,78,0.0,0.0,0.0,2,72,5.1,176,20.9,1014.8,26160.0,0.0,0,Tokyo,Japan,35.6762,139.6503,2026-06-17T11:29:31.833415+00:00
2026-06-16T21:00,20.2,79,0.0,0.0,0.0,2,71,4.7,189,20.9,1015.6,26160.0,0.0,0,Tokyo,Japan,35.6762,139.6503,2026-06-17T11:29:31.833415+00:00
2026-06-16T22:00,19.8,81,0.0,0.0,0.0,1,37,3.7,169,18.0,1015.6,26160.0,0.0,0,Tokyo,Japan,35.6762,139.6503,2026-06-17T11:29:31.833415+00:00
2026-06-16T23:00,19.2,83,0.0,0.0,0.0,1,49,3.4,162,16.6,1015.2,26160.0,0.0,0,Tokyo,Japan,35.6762,139.6503,2026-06-17T11:29:31.833415+00:00
2026-06-17T00:00,18.7,83,0.0,0.0,0.0,1,37,3.3,167,16.6,1014.7,26160.0,0.0,0,Tokyo,Japan,35.6762,139.6503,2026-06-17T11:29:31.833415+00:00
2026-06-17T01:00,18.3,85,0.0,0.0,0.0,1,29,3.1,159,15.5,1014.9,22740.0,0.0,0,Tokyo,Japan,35.6762,139.6503,2026-06-17T11:29:31.833415+00:00
2026-06-17T02:00,18.0,87,0.0,0.0,0.0,0,16,3.2,153,12.6,1014.8,22720.0,0.0,0,Tokyo,Japan,35.6762,139.6503,2026-06-17T11:29:31.833415+00:00
2026-06-17T03:00,17.7,88,0.0,0.0,0.0,0,17,3.1,159,12.2,1014.9,22720.0,0.0,0,Tokyo,Japan,35.6762,139.6503,2026-06-17T11:29:31.833415+00:00
2026-06-17T04:00,17.3,91,0.0,0.0,0.0,0,9,3.3,193,12.2,1015.6,22720.0,0.0,0,Tokyo,Japan,35.6762,139.6503,2026-06-17T11:29:31.833415+00:00
2026-06-17T05:00,17.5,89,0.0,0.0,0.0,0,16,4.0,175,11.2,1015.9,22720.0,0.05,1,Tokyo,Japan,35.6762,139.6503,2026-06-17T11:29:31.833415+00:00
2026-06-17T06:00,18.2,86,0.0,0.0,0.0,0,5,2.2,189,9.0,1015.7,26140.0,0.65,1,Tokyo,Japan,35.6762,139.6503,2026-06-17T11:29:31.833415+00:00
2026-06-17T07:00,20.2,79,0.0,0.0,0.0,0,3,3.3,193,12.2,1015.7,26140.0,1.9,1,Tokyo,Japan,35.6762,139.6503,2026-06-17T11:29:31.833415+00:00
2026-06-17T08:00,22.1,72,0.0,0.0,0.0,0,3,5.0,180,17.3,1015.3,29100.0,3.5,1,Tokyo,Japan,35.6762,139.6503,2026-06-17T11:29:31.833415+00:00
2026-06-17T09:00,23.9,65,0.0,0.0,0.0,0,6,4.8,167,22.0,1015.2,29100.0,5.2,1,Tokyo,Japan,35.6762,139.6503,2026-06-17T11:29:31.833415+00:00
2026-06-17T10:00,25.2,58,0.0,0.0,0.0,0,10,6.4,164,25.2,1014.8,31860.0,6.75,1,Tokyo,Japan,35.6762,139.6503,2026-06-17T11:29:31.833415+00:00
2026-06-17T11:00,25.9,58,0.0,0.0,0.0,1,23,7.5,163,32.0,1014.6,35620.0,7.65,1,Tokyo,Japan,35.6762,139.6503,2026-06-17T11:29:31.833415+00:00
2026-06-17T12:00,26.6,52,0.0,0.0,0.0,1,41,7.9,164,32.8,1013.7,35600.0,8.25,1,Tokyo,Japan,35.6762,139.6503,2026-06-17T11:29:31.833415+00:00
2026-06-17T13:00,26.9,53,0.0,0.0,0.0,1,44,8.9,166,36.0,1013.0,35600.0,7.9,1,Tokyo,Japan,35.6762,139.6503,2026-06-17T11:29:31.833415+00:00
2026-06-17T14:00,26.5,57,0.0,0.0,0.0,2,67,9.4,176,38.5,1012.7,31860.0,6.6,1,Tokyo,Japan,35.6762,139.6503,2026-06-17T11:29:31.833415+00:00
2026-06-17T15:00,25.8,57,0.0,0.0,0.0,3,89,8.4,173,38.5,1012.8,31860.0,5.15,1,Tokyo,Japan,35.6762,139.6503,2026-06-17T11:29:31.833415+00:00
2026-06-17T16:00,25.3,57,0.0,0.0,0.0,2,54,8.4,173,38.2,1012.3,31860.0,3.15,1,Tokyo,Japan,35.6762,139.6503,2026-06-17T11:29:31.833415+00:00
2026-06-17T17:00,24.0,62,0.0,0.0,0.0,3,80,7.6,180,37.8,1012.1,31860.0,1.95,1,Tokyo,Japan,35.6762,139.6503,2026-06-17T11:29:31.833415+00:00
2026-06-17T18:00,23.0,68,0.0,0.0,0.0,2,61,6.5,177,33.5,1012.4,29100.0,0.8,1,Tokyo,Japan,35.6762,139.6503,2026-06-17T11:29:31.833415+00:00
2026-06-17T19:00,22.1,73,0.0,0.0,0.0,3,91,5.9,166,25.6,1012.4,29080.0,0.15,0,Tokyo,Japan,35.6762,139.6503,2026-06-17T11:29:31.833415+00:00
2026-06-17T20:00,21.5,76,0.0,0.0,0.0,3,93,5.0,159,21.2,1012.4,26120.0,0.0,0,Tokyo,Japan,35.6762,139.6503,2026-06-17T11:29:31.833415+00:00
2026-06-17T21:00,21.2,78,0.0,0.0,0.0,2,70,2.9,150,20.2,1012.1,26120.0,0.0,0,Tokyo,Japan,35.6762,139.6503,2026-06-17T11:29:31.833415+00:00
2026-06-17T22:00,21.0,80,0.0,0.0,0.0,2,67,2.0,135,17.3,1012.0,22700.0,0.0,0,Tokyo,Japan,35.6762,139.6503,2026-06-17T11:29:31.833415+00:00
2026-06-17T23:00,20.8,82,0.0,0.0,0.0,3,86,1.8,79,14.4,1011.8,17580.0,0.0,0,Tokyo,Japan,35.6762,139.6503,2026-06-17T11:29:31.833415+00:00
2026-06-10T00:00,14.7,62,0.0,0.0,0.0,0,12,7.8,257,21.2,1012.2,39520.0,0.0,0,Berlin,Germany,52.52,13.405,2026-06-17T11:29:31.991893+00:00
2026-06-10T01:00,14.1,65,0.0,0.0,0.0,3,100,5.2,245,15.8,1012.4,38660.0,0.0,0,Berlin,Germany,52.52,13.405,2026-06-17T11:29:31.991893+00:00
2026-06-10T02:00,13.0,73,0.0,0.0,0.0,0,60,5.3,208,10.8,1012.6,35600.0,0.0,0,Berlin,Germany,52.52,13.405,2026-06-17T11:29:31.991893+00:00
2026-06-10T03:00,12.7,71,0.0,0.0,0.0,2,66,4.3,204,10.8,1012.6,36360.0,0.0,0,Berlin,Germany,52.52,13.405,2026-06-17T11:29:31.991893+00:00
2026-06-10T04:00,12.4,72,0.0,0.0,0.0,1,36,4.0,190,8.6,1012.3,36220.0,0.0,0,Berlin,Germany,52.52,13.405,2026-06-17T11:29:31.991893+00:00
2026-06-10T05:00,11.3,78,0.0,0.0,0.0,3,78,5.1,188,10.8,1012.3,32080.0,0.0,1,Berlin,Germany,52.52,13.405,2026-06-17T11:29:31.991893+00:00
2026-06-10T06:00,11.8,75,0.0,0.0,0.0,3,98,4.0,207,10.8,1012.7,34140.0,0.15,1,Berlin,Germany,52.52,13.405,2026-06-17T11:29:31.991893+00:00
2026-06-10T07:00,12.8,71,0.0,0.0,0.0,3,100,2.8,230,9.0,1012.7,36080.0,0.65,1,Berlin,Germany,52.52,13.405,2026-06-17T11:29:31.991893+00:00
2026-06-10T08:00,14.0,64,0.0,0.0,0.0,3,100,2.8,230,9.0,1012.6,38620.0,1.4,1,Berlin,Germany,52.52,13.405,2026-06-17T11:29:31.991893+00:00
2026-06-10T09:00,15.7,57,0.0,0.0,0.0,3,100,1.5,256,6.8,1012.9,40200.0,2.4,1,Berlin,Germany,52.52,13.405,2026-06-17T11:29:31.991893+00:00
2026-06-10T10:00,17.3,49,0.0,0.0,0.0,3,95,1.5,166,7.2,1012.5,41220.0,3.65,1,Berlin,Germany,52.52,13.405,2026-06-17T11:29:31.991893+00:00
2026-06-10T11:00,18.7,45,0.0,0.0,0.0,3,100,1.9,202,11.5,1012.0,41640.0,4.9,1,Berlin,Germany,52.52,13.405,2026-06-17T11:29:31.991893+00:00
2026-06-10T12:00,19.4,44,0.0,0.0,0.0,3,99,1.1,270,8.6,1011.4,41820.0,5.65,1,Berlin,Germany,52.52,13.405,2026-06-17T11:29:31.991893+00:00
2026-06-10T13:00,19.7,45,0.0,0.0,0.0,3,100,9.0,286,20.9,1011.4,41680.0,5.05,1,Berlin,Germany,52.52,13.405,2026-06-17T11:29:31.991893+00:00
2026-06-10T14:00,18.0,57,0.0,0.0,0.0,3,100,9.0,119,16.6,1011.4,39880.0,3.95,1,Berlin,Germany,52.52,13.405,2026-06-17T11:29:31.991893+00:00
2026-06-10T15:00,19.7,49,0.0,0.0,0.0,3,92,6.5,93,19.8,1010.4,41060.0,2.05,1,Berlin,Germany,52.52,13.405,2026-06-17T11:29:31.991893+00:00
2026-06-10T16:00,18.0,51,0.0,0.0,0.0,3,100,17.0,356,37.8,1010.9,40720.0,2.35,1,Berlin,Germany,52.52,13.405,2026-06-17T11:29:31.991893+00:00
2026-06-10T17:00,18.8,48,0.6,0.6,0.0,61,100,1.8,143,26.6,1010.5,41540.0,2.35,1,Berlin,Germany,52.52,13.405,2026-06-17T11:29:31.991893+00:00
2026-06-10T18:00,19.1,48,0.0,0.0,0.0,3,100,6.2,111,14.8,1010.3,41580.0,1.25,1,Berlin,Germany,52.52,13.405,2026-06-17T11:29:31.991893+00:00
2026-06-10T19:00,17.9,59,0.0,0.0,0.0,3,96,13.0,114,26.6,1010.6,39840.0,0.2,1,Berlin,Germany,52.52,13.405,2026-06-17T11:29:31.991893+00:00
2026-06-10T20:00,16.6,60,0.0,0.0,0.0,3,100,11.5,134,29.5,1011.0,39600.0,0.65,1,Berlin,Germany,52.52,13.405,2026-06-17T11:29:31.991893+00:00
2026-06-10T21:00,15.9,70,0.0,0.0,0.0,3,100,10.7,138,23.8,1011.1,36220.0,0.1,1,Berlin,Germany,52.52,13.405,2026-06-17T11:29:31.991893+00:00
2026-06-10T22:00,15.3,78,0.0,0.0,0.0,3,100,6.6,131,22.0,1011.2,31840.0,0.0,0,Berlin,Germany,52.52,13.405,2026-06-17T11:29:31.991893+00:00
2026-06-10T23:00,14.9,79,0.0,0.0,0.0,2,100,10.2,122,13.7,1010.9,30200.0,0.0,0,Berlin,Germany,52.52,13.405,2026-06-17T11:29:31.991893+00:00
2026-06-11T00:00,14.6,81,0.0,0.0,0.0,3,100,8.9,130,22.0,1011.2,28240.0,0.0,0,Berlin,Germany,52.52,13.405,2026-06-17T11:29:31.991893+00:00
2026-06-11T01:00,14.1,83,0.0,0.0,0.0,3,100,5.7,145,19.1,1011.1,26520.0,0.0,0,Berlin,Germany,52.52,13.405,2026-06-17T11:29:31.991893+00:00
2026-06-11T02:00,13.8,85,0.0,0.0,0.0,3,100,3.6,225,11.5,1010.6,24040.0,0.0,0,Berlin,Germany,52.52,13.405,2026-06-17T11:29:31.991893+00:00
2026-06-11T03:00,13.9,85,0.0,0.0,0.0,3,100,2.5,315,8.3,1011.1,25220.0,0.0,0,Berlin,Germany,52.52,13.405,2026-06-17T11:29:31.991893+00:00
2026-06-11T04:00,13.0,88,0.0,0.0,0.0,3,100,5.0,339,11.2,1011.3,19700.0,0.0,0,Berlin,Germany,52.52,13.405,2026-06-17T11:29:31.991893+00:00
2026-06-11T05:00,13.0,90,0.0,0.0,0.0,3,100,10.2,280,18.7,1011.8,17100.0,0.0,1,Berlin,Germany,52.52,13.405,2026-06-17T11:29:31.991893+00:00
2026-06-11T06:00,12.0,85,0.0,0.0,0.0,3,100,11.9,299,25.6,1012.1,22160.0,0.15,1,Berlin,Germany,52.52,13.405,2026-06-17T11:29:31.991893+00:00
2026-06-11T07:00,12.3,78,0.0,0.0,0.0,3,100,12.3,302,27.7,1012.9,30360.0,0.7,1,Berlin,Germany,52.52,13.405,2026-06-17T11:29:31.991893+00:00
2026-06-11T08:00,12.9,73,0.0,0.0,0.0,3,94,11.0,302,25.6,1012.7,33980.0,1.55,1,Berlin,Germany,52.52,13.405,2026-06-17T11:29:31.991893+00:00
2026-06-11T09:00,14.2,67,0.0,0.0,0.0,2,65,8.5,306,23.8,1012.3,36980.0,2.45,1,Berlin,Germany,52.52,13.405,2026-06-17T11:29:31.991893+00:00
2026-06-11T10:00,15.3,60,0.0,0.0,0.0,3,100,10.6,288,24.5,1012.8,39260.0,3.45,1,Berlin,Germany,52.52,13.405,2026-06-17T11:29:31.991893+00:00
2026-06-11T11:00,16.7,53,0.0,0.0,0.0,3,97,10.5,278,27.4,1013.1,40540.0,4.7,1,Berlin,Germany,52.52,13.405,2026-06-17T11:29:31.991893+00:00
2026-06-11T12:00,18.1,46,0.0,0.0,0.0,3,67,10.9,276,28.1,1013.3,41460.0,5.3,1,Berlin,Germany,52.52,13.405,2026-06-17T11:29:31.991893+00:00
2026-06-11T13:00,19.0,42,0.0,0.0,0.0,2,68,15.7,286,32.0,1013.0,42060.0,5.8,1,Berlin,Germany,52.52,13.405,2026-06-17T11:29:31.991893+00:00
2026-06-11T14:00,19.0,43,0.0,0.0,0.0,2,81,14.5,284,33.8,1013.0,41880.0,5.75,1,Berlin,Germany,52.52,13.405,2026-06-17T11:29:31.991893+00:00
2026-06-11T15:00,19.2,39,0.0,0.0,0.0,2,82,14.5,284,34.9,1012.8,42620.0,5.6,1,Berlin,Germany,52.52,13.405,2026-06-17T11:29:31.991893+00:00
2026-06-11T16:00,18.5,44,0.7,0.7,0.0,80,85,6.9,298,36.7,1012.6,42080.0,1.9,1,Berlin,Germany,52.52,13.405,2026-06-17T11:29:31.991893+00:00
2026-06-11T17:00,17.7,53,0.5,0.5,0.0,80,71,15.9,303,54.7,1013.7,40560.0,1.55,1,Berlin,Germany,52.52,13.405,2026-06-17T11:29:31.991893+00:00
2026-06-11T18:00,18.7,41,0.0,0.0,0.0,3,78,9.8,306,31.0,1013.4,42480.0,1.75,1,Berlin,Germany,52.52,13.405,2026-06-17T11:29:31.991893+00:00
2026-06-11T19:00,17.4,50,0.0,0.0,0.0,1,0,10.4,316,38.5,1013.6,41060.0,0.9,1,Berlin,Germany,52.52,13.405,2026-06-17T11:29:31.991893+00:00
2026-06-11T20:00,17.2,48,0.0,0.0,0.0,2,67,7.1,315,24.1,1013.7,41440.0,0.75,1,Berlin,Germany,52.52,13.405,2026-06-17T11:29:31.991893+00:00
2026-06-11T21:00,17.0,45,0.0,0.0,0.0,2,76,5.6,315,20.2,1014.2,41900.0,0.3,1,Berlin,Germany,52.52,13.405,2026-06-17T11:29:31.991893+00:00
2026-06-11T22:00,16.4,49,0.0,0.0,0.0,3,94,5.1,321,13.0,1014.7,41400.0,0.0,0,Berlin,Germany,52.52,13.405,2026-06-17T11:29:31.991893+00:00
2026-06-11T23:00,15.1,60,0.0,0.0,0.0,3,50,4.9,287,10.8,1015.1,39900.0,0.0,0,Berlin,Germany,52.52,13.405,2026-06-17T11:29:31.991893+00:00
2026-06-12T00:00,14.7,64,0.0,0.0,0.0,3,94,3.5,246,10.8,1015.1,38980.0,0.0,0,Berlin,Germany,52.52,13.405,2026-06-17T11:29:31.991893+00:00
2026-06-12T01:00,14.4,67,0.0,0.0,0.0,2,55,2.9,210,6.5,1015.1,38260.0,0.0,0,Berlin,Germany,52.52,13.405,2026-06-17T11:29:31.991893+00:00
2026-06-12T02:00,13.2,74,0.0,0.0,0.0,2,62,5.9,227,11.9,1014.8,34720.0,0.0,0,Berlin,Germany,52.52,13.405,2026-06-17T11:29:31.991893+00:00
2026-06-12T03:00,12.6,77,0.0,0.0,0.0,2,61,5.3,208,11.9,1014.5,32740.0,0.0,0,Berlin,Germany,52.52,13.405,2026-06-17T11:29:31.991893+00:00
2026-06-12T04:00,12.1,80,0.0,0.0,0.0,3,100,5.2,205,11.2,1014.3,29780.0,0.0,0,Berlin,Germany,52.52,13.405,2026-06-17T11:29:31.991893+00:00
2026-06-12T05:00,11.5,82,0.0,0.0,0.0,3,100,5.2,214,12.2,1014.1,28420.0,0.0,1,Berlin,Germany,52.52,13.405,2026-06-17T11:29:31.991893+00:00
2026-06-12T06:00,11.5,79,0.0,0.0,0.0,3,96,6.0,205,13.0,1014.1,30520.0,0.15,1,Berlin,Germany,52.52,13.405,2026-06-17T11:29:31.991893+00:00
2026-06-12T07:00,11.8,75,0.0,0.0,0.0,3,98,6.2,201,14.0,1014.0,33180.0,0.7,1,Berlin,Germany,52.52,13.405,2026-06-17T11:29:31.991893+00:00
2026-06-12T08:00,12.9,73,0.0,0.0,0.0,3,95,6.8,183,16.6,1013.9,34520.0,1.6,1,Berlin,Germany,52.52,13.405,2026-06-17T11:29:31.991893+00:00
2026-06-12T09:00,13.9,72,0.0,0.0,0.0,3,96,9.1,187,19.8,1013.5,34600.0,1.4,1,Berlin,Germany,52.52,13.405,2026-06-17T11:29:31.991893+00:00
2026-06-12T10:00,15.1,66,0.0,0.0,0.0,3,88,9.7,180,22.0,1013.2,37500.0,1.1,1,Berlin,Germany,52.52,13.405,2026-06-17T11:29:31.991893+00:00
2026-06-12T11:00,16.4,57,0.0,0.0,0.0,3,99,13.0,194,29.5,1013.0,40000.0,2.95,1,Berlin,Germany,52.52,13.405,2026-06-17T11:29:31.991893+00:00
2026-06-12T12:00,17.0,56,0.0,0.0,0.0,3,100,14.5,203,31.7,1012.4,40200.0,2.25,1,Berlin,Germany,52.52,13.405,2026-06-17T11:29:31.991893+00:00
2026-06-12T13:00,16.8,60,0.0,0.0,0.0,3,100,15.1,208,32.8,1012.5,39440.0,1.4,1,Berlin,Germany,52.52,13.405,2026-06-17T11:29:31.991893+00:00
2026-06-12T14:00,16.7,62,0.0,0.0,0.0,3,100,13.4,211,33.1,1011.8,38820.0,1.05,1,Berlin,Germany,52.52,13.405,2026-06-17T11:29:31.991893+00:00
2026-06-12T15:00,16.8,65,0.0,0.0,0.0,3,99,12.8,202,28.8,1011.8,37900.0,1.95,1,Berlin,Germany,52.52,13.405,2026-06-17T11:29:31.991893+00:00
2026-06-12T16:00,17.6,63,0.0,0.0,0.0,3,100,12.0,226,30.2,1011.8,38720.0,2.95,1,Berlin,Germany,52.52,13.405,2026-06-17T11:29:31.991893+00:00
2026-06-12T17:00,17.3,65,0.1,0.1,0.0,61,100,10.7,225,29.5,1011.3,38080.0,0.8,1,Berlin,Germany,52.52,13.405,2026-06-17T11:29:31.991893+00:00
2026-06-12T18:00,17.5,67,0.0,0.0,0.0,3,95,13.4,246,29.5,1011.6,37640.0,0.65,1,Berlin,Germany,52.52,13.405,2026-06-17T11:29:31.991893+00:00
2026-06-12T19:00,17.8,68,0.0,0.0,0.0,3,95,13.1,238,28.4,1011.1,37180.0,0.15,1,Berlin,Germany,52.52,13.405,2026-06-17T11:29:31.991893+00:00
2026-06-12T20:00,17.2,79,0.4,0.4,0.0,61,100,11.0,218,25.9,1010.9,30940.0,0.05,1,Berlin,Germany,52.52,13.405,2026-06-17T11:29:31.991893+00:00
2026-06-12T21:00,16.6,87,0.8,0.7,0.0,61,100,11.3,253,24.1,1011.0,21380.0,0.25,1,Berlin,Germany,52.52,13.405,2026-06-17T11:29:31.991893+00:00
2026-06-12T22:00,16.7,87,0.0,0.0,0.0,3,100,11.2,270,25.6,1011.1,22380.0,0.0,0,Berlin,Germany,52.52,13.405,2026-06-17T11:29:31.991893+00:00
2026-06-12T23:00,16.4,84,0.6,0.5,0.0,61,97,10.5,278,25.9,1011.5,26400.0,0.0,0,Berlin,Germany,52.52,13.405,2026-06-17T11:29:31.991893+00:00
2026-06-13T00:00,16.2,86,0.0,0.0,0.0,3,93,8.6,272,22.3,1011.2,24460.0,0.0,0,Berlin,Germany,52.52,13.405,2026-06-17T11:29:31.991893+00:00
2026-06-13T01:00,15.9,80,0.0,0.0,0.0,2,67,9.0,272,20.9,1011.2,31000.0,0.0,0,Berlin,Germany,52.52,13.405,2026-06-17T11:29:31.991893+00:00
2026-06-13T02:00,15.3,82,0.0,0.0,0.0,0,0,9.4,270,21.6,1011.0,28580.0,0.0,0,Berlin,Germany,52.52,13.405,2026-06-17T11:29:31.991893+00:00
2026-06-13T03:00,14.6,91,0.0,0.0,0.0,3,91,6.7,254,20.2,1010.7,18180.0,0.0,0,Berlin,Germany,52.52,13.405,2026-06-17T11:29:31.991893+00:00
2026-06-13T04:00,14.5,89,0.0,0.0,0.0,3,91,6.3,246,13.0,1010.6,21000.0,0.0,0,Berlin,Germany,52.52,13.405,2026-06-17T11:29:31.991893+00:00
2026-06-13T05:00,14.3,90,0.8,0.8,0.0,61,94,5.4,228,14.4,1010.1,18100.0,0.0,1,Berlin,Germany,52.52,13.405,2026-06-17T11:29:31.991893+00:00
2026-06-13T06:00,14.5,88,0.0,0.0,0.0,3,92,7.1,229,15.5,1010.3,21860.0,0.2,1,Berlin,Germany,52.52,13.405,2026-06-17T11:29:31.991893+00:00
2026-06-13T07:00,15.0,87,0.0,0.0,0.0,3,90,9.7,243,20.9,1010.1,21800.0,0.45,1,Berlin,Germany,52.52,13.405,2026-06-17T11:29:31.991893+00:00
2026-06-13T08:00,15.6,79,0.0,0.0,0.0,3,85,14.0,271,33.8,1009.4,29620.0,0.95,1,Berlin,Germany,52.52,13.405,2026-06-17T11:29:31.991893+00:00
2026-06-13T09:00,17.0,71,0.0,0.0,0.0,2,98,15.9,266,34.2,1009.2,35040.0,1.1,1,Berlin,Germany,52.52,13.405,2026-06-17T11:29:31.991893+00:00
2026-06-13T10:00,18.6,65,0.0,0.0,0.0,3,89,15.5,265,36.0,1008.9,37780.0,1.4,1,Berlin,Germany,52.52,13.405,2026-06-17T11:29:31.991893+00:00
2026-06-13T11:00,18.8,61,0.0,0.0,0.0,3,91,16.6,269,41.8,1009.1,39200.0,3.75,1,Berlin,Germany,52.52,13.405,2026-06-17T11:29:31.991893+00:00
2026-06-13T12:00,19.4,56,0.0,0.0,0.0,3,100,17.6,271,39.2,1008.7,40320.0,6.2,1,Berlin,Germany,52.52,13.405,2026-06-17T11:29:31.991893+00:00
2026-06-13T13:00,19.8,50,0.0,0.0,0.0,3,97,17.3,271,40.7,1008.5,41160.0,4.45,1,Berlin,Germany,52.52,13.405,2026-06-17T11:29:31.991893+00:00
2026-06-13T14:00,19.2,55,0.1,0.1,0.0,61,100,15.9,264,41.4,1008.5,40620.0,2.85,1,Berlin,Germany,52.52,13.405,2026-06-17T11:29:31.991893+00:00
2026-06-13T15:00,19.9,52,0.0,0.0,0.0,2,50,15.5,267,38.9,1007.3,40860.0,5.6,1,Berlin,Germany,52.52,13.405,2026-06-17T11:29:31.991893+00:00
2026-06-13T16:00,19.7,53,0.0,0.0,0.0,3,90,20.9,246,43.9,1007.1,40780.0,5.35,1,Berlin,Germany,52.52,13.405,2026-06-17T11:29:31.991893+00:00
2026-06-13T17:00,16.4,76,0.1,0.1,0.0,61,98,19.2,287,51.8,1007.6,32420.0,3.1,1,Berlin,Germany,52.52,13.405,2026-06-17T11:29:31.991893+00:00
2026-06-13T18:00,16.8,67,0.2,0.2,0.0,61,100,17.7,287,46.4,1007.9,8840.0,2.0,1,Berlin,Germany,52.52,13.405,2026-06-17T11:29:31.991893+00:00
2026-06-13T19:00,16.4,67,0.5,0.5,0.0,80,100,18.3,306,43.2,1008.2,37600.0,1.95,1,Berlin,Germany,52.52,13.405,2026-06-17T11:29:31.991893+00:00
2026-06-13T20:00,16.2,63,0.0,0.0,0.0,3,100,17.7,287,44.3,1008.4,39100.0,0.95,1,Berlin,Germany,52.52,13.405,2026-06-17T11:29:31.991893+00:00
2026-06-13T21:00,15.4,59,0.0,0.0,0.0,3,87,19.0,285,40.3,1008.4,40000.0,0.3,1,Berlin,Germany,52.52,13.405,2026-06-17T11:29:31.991893+00:00
2026-06-13T22:00,14.4,62,0.1,0.1,0.0,61,97,17.1,278,42.1,1008.5,39280.0,0.0,0,Berlin,Germany,52.52,13.405,2026-06-17T11:29:31.991893+00:00
2026-06-13T23:00,13.5,68,0.0,0.0,0.0,2,64,16.7,277,38.2,1008.7,37660.0,0.0,0,Berlin,Germany,52.52,13.405,2026-06-17T11:29:31.991893+00:00
2026-06-14T00:00,12.9,70,0.0,0.0,0.0,2,79,15.5,267,35.6,1008.3,36800.0,0.0,0,Berlin,Germany,52.52,13.405,2026-06-17T11:29:31.991893+00:00
2026-06-14T01:00,12.6,72,0.0,0.0,0.0,2,63,15.1,271,36.4,1007.9,36200.0,0.0,0,Berlin,Germany,52.52,13.405,2026-06-17T11:29:31.991893+00:00
2026-06-14T02:00,12.4,75,0.0,0.0,0.0,3,88,14.8,271,34.6,1007.7,34340.0,0.0,0,Berlin,Germany,52.52,13.405,2026-06-17T11:29:31.991893+00:00
2026-06-14T03:00,12.3,79,0.0,0.0,0.0,3,98,14.1,264,32.0,1007.0,30840.0,0.0,0,Berlin,Germany,52.52,13.405,2026-06-17T11:29:31.991893+00:00
2026-06-14T04:00,12.1,79,0.0,0.0,0.0,3,98,15.3,261,33.1,1006.5,30960.0,0.0,0,Berlin,Germany,52.52,13.405,2026-06-17T11:29:31.991893+00:00
2026-06-14T05:00,12.0,79,0.0,0.0,0.0,3,96,16.0,261,34.2,1006.5,30460.0,0.0,1,Berlin,Germany,52.52,13.405,2026-06-17T11:29:31.991893+00:00
2026-06-14T06:00,11.8,80,0.0,0.0,0.0,61,100,16.3,264,36.0,1005.8,30100.0,0.2,1,Berlin,Germany,52.52,13.405,2026-06-17T11:29:31.991893+00:00
2026-06-14T07:00,12.1,78,0.0,0.0,0.0,3,98,20.6,275,45.0,1005.2,31580.0,0.75,1,Berlin,Germany,52.52,13.405,2026-06-17T11:29:31.991893+00:00
2026-06-14T08:00,12.7,74,0.0,0.0,0.0,3,92,20.2,269,45.4,1005.1,34300.0,0.9,1,Berlin,Germany,52.52,13.405,2026-06-17T11:29:31.991893+00:00
2026-06-14T09:00,13.3,71,0.0,0.0,0.0,61,97,18.4,272,45.0,1004.8,35660.0,1.25,1,Berlin,Germany,52.52,13.405,2026-06-17T11:29:31.991893+00:00
2026-06-14T10:00,13.8,67,0.1,0.1,0.0,80,100,21.3,273,47.9,1004.7,37620.0,0.65,1,Berlin,Germany,52.52,13.405,2026-06-17T11:29:31.991893+00:00
2026-06-14T11:00,14.3,72,0.0,0.0,0.0,3,93,18.0,267,45.7,1004.4,35040.0,4.85,1,Berlin,Germany,52.52,13.405,2026-06-17T11:29:31.991893+00:00
2026-06-14T12:00,14.5,62,0.1,0.1,0.0,61,97,21.7,276,48.6,1004.6,39040.0,3.35,1,Berlin,Germany,52.52,13.405,2026-06-17T11:29:31.991893+00:00
2026-06-14T13:00,15.7,57,0.0,0.0,0.0,3,96,21.6,272,48.6,1004.3,40080.0,3.5,1,Berlin,Germany,52.52,13.405,2026-06-17T11:29:31.991893+00:00
2026-06-14T14:00,16.1,59,0.1,0.1,0.0,61,95,17.7,274,52.6,1003.9,39940.0,2.35,1,Berlin,Germany,52.52,13.405,2026-06-17T11:29:31.991893+00:00
2026-06-14T15:00,16.5,62,0.1,0.1,0.0,61,98,18.0,271,51.1,1004.1,39300.0,2.05,1,Berlin,Germany,52.52,13.405,2026-06-17T11:29:31.991893+00:00
2026-06-14T16:00,16.0,63,0.4,0.4,0.0,80,92,19.0,285,53.6,1004.1,38860.0,3.9,1,Berlin,Germany,52.52,13.405,2026-06-17T11:29:31.991893+00:00
2026-06-14T17:00,16.3,69,0.4,0.4,0.0,80,100,17.1,298,50.8,1003.9,36840.0,4.1,1,Berlin,Germany,52.52,13.405,2026-06-17T11:29:31.991893+00:00
2026-06-14T18:00,16.5,63,0.1,0.1,0.0,80,86,17.6,285,45.0,1004.0,39040.0,2.0,1,Berlin,Germany,52.52,13.405,2026-06-17T11:29:31.991893+00:00
2026-06-14T19:00,16.7,57,0.0,0.0,0.0,3,97,18.1,287,43.6,1004.1,40420.0,1.95,1,Berlin,Germany,52.52,13.405,2026-06-17T11:29:31.991893+00:00
2026-06-14T20:00,16.4,54,0.0,0.0,0.0,3,92,19.1,292,44.3,1004.1,40800.0,0.95,1,Berlin,Germany,52.52,13.405,2026-06-17T11:29:31.991893+00:00
2026-06-14T21:00,15.9,52,0.0,0.0,0.0,3,96,19.2,293,41.8,1005.1,41140.0,0.3,1,Berlin,Germany,52.52,13.405,2026-06-17T11:29:31.991893+00:00
2026-06-14T22:00,15.0,58,0.0,0.0,0.0,3,81,16.6,292,42.1,1005.4,40180.0,0.0,0,Berlin,Germany,52.52,13.405,2026-06-17T11:29:31.991893+00:00
2026-06-14T23:00,14.7,61,0.0,0.0,0.0,2,96,16.3,292,39.2,1005.7,39820.0,0.0,0,Berlin,Germany,52.52,13.405,2026-06-17T11:29:31.991893+00:00
2026-06-15T00:00,14.3,63,0.0,0.0,0.0,3,92,14.2,286,34.6,1005.5,39340.0,0.0,0,Berlin,Germany,52.52,13.405,2026-06-17T11:29:31.991893+00:00
2026-06-15T01:00,13.8,64,0.0,0.0,0.0,3,100,15.3,279,33.1,1005.3,38840.0,0.0,0,Berlin,Germany,52.52,13.405,2026-06-17T11:29:31.991893+00:00
2026-06-15T02:00,13.6,67,0.0,0.0,0.0,3,99,15.4,281,34.6,1005.4,38060.0,0.0,0,Berlin,Germany,52.52,13.405,2026-06-17T11:29:31.991893+00:00
2026-06-15T03:00,13.1,71,0.0,0.0,0.0,3,94,15.8,270,34.2,1005.3,36340.0,0.0,0,Berlin,Germany,52.52,13.405,2026-06-17T11:29:31.991893+00:00
2026-06-15T04:00,12.8,76,0.0,0.0,0.0,3,100,15.1,269,34.9,1004.9,33460.0,0.0,0,Berlin,Germany,52.52,13.405,2026-06-17T11:29:31.991893+00:00
2026-06-15T05:00,12.6,78,0.0,0.0,0.0,3,95,15.5,269,35.6,1004.9,31780.0,0.0,1,Berlin,Germany,52.52,13.405,2026-06-17T11:29:31.991893+00:00
2026-06-15T06:00,12.5,78,0.0,0.0,0.0,3,100,14.2,263,37.1,1004.9,31160.0,0.05,1,Berlin,Germany,52.52,13.405,2026-06-17T11:29:31.991893+00:00
2026-06-15T07:00,12.8,78,0.0,0.0,0.0,3,100,18.8,265,40.3,1005.0,31560.0,0.25,1,Berlin,Germany,52.52,13.405,2026-06-17T11:29:31.991893+00:00
2026-06-15T08:00,13.1,76,0.0,0.0,0.0,3,100,19.4,271,44.3,1005.1,32800.0,0.5,1,Berlin,Germany,52.52,13.405,2026-06-17T11:29:31.991893+00:00
2026-06-15T09:00,13.5,75,0.0,0.0,0.0,3,100,19.2,264,46.1,1004.8,33120.0,1.15,1,Berlin,Germany,52.52,13.405,2026-06-17T11:29:31.991893+00:00
2026-06-15T10:00,15.0,63,0.0,0.0,0.0,3,100,20.9,273,45.4,1004.6,38820.0,0.7,1,Berlin,Germany,52.52,13.405,2026-06-17T11:29:31.991893+00:00
2026-06-15T11:00,14.8,71,0.0,0.0,0.0,3,100,18.1,264,47.9,1005.2,35300.0,2.7,1,Berlin,Germany,52.52,13.405,2026-06-17T11:29:31.991893+00:00
2026-06-15T12:00,14.9,68,0.0,0.0,0.0,3,100,18.7,271,47.5,1005.2,37180.0,3.05,1,Berlin,Germany,52.52,13.405,2026-06-17T11:29:31.991893+00:00
2026-06-15T13:00,15.6,64,0.0,0.0,0.0,3,100,18.4,266,47.9,1005.3,38480.0,3.15,1,Berlin,Germany,52.52,13.405,2026-06-17T11:29:31.991893+00:00
2026-06-15T14:00,18.5,48,0.0,0.0,0.0,3,97,19.1,281,47.5,1005.0,41300.0,4.15,1,Berlin,Germany,52.52,13.405,2026-06-17T11:29:31.991893+00:00
2026-06-15T15:00,19.2,45,0.0,0.0,0.0,2,63,19.8,280,52.2,1004.9,41740.0,2.75,1,Berlin,Germany,52.52,13.405,2026-06-17T11:29:31.991893+00:00
2026-06-15T16:00,19.4,43,0.0,0.0,0.0,3,100,22.5,282,52.6,1005.4,41980.0,4.6,1,Berlin,Germany,52.52,13.405,2026-06-17T11:29:31.991893+00:00
2026-06-15T17:00,19.5,39,0.0,0.0,0.0,3,100,24.5,290,56.5,1005.8,42960.0,4.05,1,Berlin,Germany,52.52,13.405,2026-06-17T11:29:31.991893+00:00
2026-06-15T18:00,19.0,39,0.0,0.0,0.0,3,97,22.1,289,51.8,1006.2,42900.0,3.1,1,Berlin,Germany,52.52,13.405,2026-06-17T11:29:31.991893+00:00
2026-06-15T19:00,18.0,41,0.0,0.0,0.0,2,59,19.0,297,50.4,1006.7,42520.0,1.9,1,Berlin,Germany,52.52,13.405,2026-06-17T11:29:31.991893+00:00
2026-06-15T20:00,17.7,43,0.0,0.0,0.0,1,75,19.0,297,44.6,1006.8,42320.0,1.0,1,Berlin,Germany,52.52,13.405,2026-06-17T11:29:31.991893+00:00
2026-06-15T21:00,16.1,49,0.0,0.0,0.0,1,15,15.5,306,40.3,1007.7,41360.0,0.3,1,Berlin,Germany,52.52,13.405,2026-06-17T11:29:31.991893+00:00
2026-06-15T22:00,14.7,55,0.0,0.0,0.0,1,32,14.8,309,34.2,1008.9,40660.0,0.0,0,Berlin,Germany,52.52,13.405,2026-06-17T11:29:31.991893+00:00
2026-06-15T23:00,13.8,57,0.0,0.0,0.0,0,0,12.3,302,32.0,1009.2,40340.0,0.0,0,Berlin,Germany,52.52,13.405,2026-06-17T11:29:31.991893+00:00
2026-06-16T00:00,12.9,63,0.0,0.0,0.0,0,0,12.7,299,28.4,1009.5,39320.0,0.0,0,Berlin,Germany,52.52,13.405,2026-06-17T11:29:31.991893+00:00
2026-06-16T01:00,12.2,66,0.0,0.0,0.0,1,22,9.3,283,27.7,1009.5,38260.0,0.0,0,Berlin,Germany,52.52,13.405,2026-06-17T11:29:31.991893+00:00
2026-06-16T02:00,11.5,69,0.0,0.0,0.0,0,0,9.7,272,20.2,1009.4,37080.0,0.0,0,Berlin,Germany,52.52,13.405,2026-06-17T11:29:31.991893+00:00
2026-06-16T03:00,11.1,71,0.0,0.0,0.0,2,51,9.1,263,21.2,1009.9,36440.0,0.0,0,Berlin,Germany,52.52,13.405,2026-06-17T11:29:31.991893+00:00
2026-06-16T04:00,10.5,73,0.0,0.0,0.0,1,25,8.3,265,19.4,1010.2,35580.0,0.0,0,Berlin,Germany,52.52,13.405,2026-06-17T11:29:31.991893+00:00
2026-06-16T05:00,10.1,74,0.0,0.0,0.0,1,37,7.6,262,19.1,1010.4,34580.0,0.0,1,Berlin,Germany,52.52,13.405,2026-06-17T11:29:31.991893+00:00
2026-06-16T06:00,10.3,76,0.0,0.0,0.0,3,94,8.0,260,18.0,1010.6,33360.0,0.2,1,Berlin,Germany,52.52,13.405,2026-06-17T11:29:31.991893+00:00
2026-06-16T07:00,11.2,75,0.0,0.0,0.0,2,65,7.9,254,18.0,1010.7,33700.0,0.8,1,Berlin,Germany,52.52,13.405,2026-06-17T11:29:31.991893+00:00
2026-06-16T08:00,12.6,66,0.0,0.0,0.0,1,0,9.7,268,20.5,1010.9,37720.0,1.7,1,Berlin,Germany,52.52,13.405,2026-06-17T11:29:31.991893+00:00
2026-06-16T09:00,13.8,60,0.0,0.0,0.0,3,76,11.9,265,27.0,1010.8,39500.0,2.9,1,Berlin,Germany,52.52,13.405,2026-06-17T11:29:31.991893+00:00
2026-06-16T10:00,14.9,52,0.0,0.0,0.0,3,96,11.9,272,28.1,1011.2,40740.0,4.15,1,Berlin,Germany,52.52,13.405,2026-06-17T11:29:31.991893+00:00
2026-06-16T11:00,16.2,51,0.0,0.0,0.0,2,72,12.1,258,28.8,1010.5,40880.0,5.2,1,Berlin,Germany,52.52,13.405,2026-06-17T11:29:31.991893+00:00
2026-06-16T12:00,17.4,49,0.0,0.0,0.0,3,100,10.8,255,29.2,1010.4,41080.0,5.5,1,Berlin,Germany,52.52,13.405,2026-06-17T11:29:31.991893+00:00
2026-06-16T13:00,18.8,46,0.0,0.0,0.0,2,58,10.7,258,26.6,1010.0,41480.0,5.95,1,Berlin,Germany,52.52,13.405,2026-06-17T11:29:31.991893+00:00
2026-06-16T14:00,20.4,40,0.0,0.0,0.0,2,90,10.4,256,27.0,1009.4,42400.0,6.1,1,Berlin,Germany,52.52,13.405,2026-06-17T11:29:31.991893+00:00
2026-06-16T15:00,21.5,42,0.0,0.0,0.0,3,85,9.8,264,25.9,1008.9,42080.0,6.0,1,Berlin,Germany,52.52,13.405,2026-06-17T11:29:31.991893+00:00
2026-06-16T16:00,22.3,35,0.0,0.0,0.0,2,44,12.4,260,27.7,1008.9,43840.0,5.25,1,Berlin,Germany,52.52,13.405,2026-06-17T11:29:31.991893+00:00
2026-06-16T17:00,22.4,37,0.0,0.0,0.0,3,81,10.6,280,26.6,1009.1,43220.0,4.05,1,Berlin,Germany,52.52,13.405,2026-06-17T11:29:31.991893+00:00
2026-06-16T18:00,22.3,38,0.0,0.0,0.0,3,84,11.2,249,25.9,1008.9,43220.0,2.45,1,Berlin,Germany,52.52,13.405,2026-06-17T11:29:31.991893+00:00
2026-06-16T19:00,22.4,34,0.0,0.0,0.0,3,100,10.2,278,27.4,1008.9,44780.0,1.65,1,Berlin,Germany,52.52,13.405,2026-06-17T11:29:31.991893+00:00
2026-06-16T20:00,21.7,43,0.0,0.0,0.0,3,83,9.5,279,23.0,1008.8,42140.0,0.85,1,Berlin,Germany,52.52,13.405,2026-06-17T11:29:31.991893+00:00
2026-06-16T21:00,21.1,41,0.0,0.0,0.0,2,39,7.4,317,20.5,1009.3,42720.0,0.3,1,Berlin,Germany,52.52,13.405,2026-06-17T11:29:31.991893+00:00
2026-06-16T22:00,20.0,46,0.0,0.0,0.0,2,49,5.4,8,15.1,1009.4,41840.0,0.0,0,Berlin,Germany,52.52,13.405,2026-06-17T11:29:31.991893+00:00
2026-06-16T23:00,18.2,57,0.0,0.0,0.0,2,54,8.6,22,16.2,1010.0,40400.0,0.0,0,Berlin,Germany,52.52,13.405,2026-06-17T11:29:31.991893+00:00
2026-06-17T00:00,16.6,64,0.0,0.0,0.0,2,63,7.7,62,18.4,1010.7,38960.0,0.0,0,Berlin,Germany,52.52,13.405,2026-06-17T11:29:31.991893+00:00
2026-06-17T01:00,15.5,66,0.0,0.0,0.0,2,74,7.8,56,18.0,1011.3,38140.0,0.0,0,Berlin,Germany,52.52,13.405,2026-06-17T11:29:31.991893+00:00
2026-06-17T02:00,14.1,68,0.0,0.0,0.0,2,35,7.4,47,17.3,1011.4,37140.0,0.0,0,Berlin,Germany,52.52,13.405,2026-06-17T11:29:31.991893+00:00
2026-06-17T03:00,13.3,71,0.0,0.0,0.0,2,38,7.6,45,16.9,1012.3,35720.0,0.0,0,Berlin,Germany,52.52,13.405,2026-06-17T11:29:31.991893+00:00
2026-06-17T04:00,12.7,74,0.0,0.0,0.0,1,25,5.5,58,16.6,1012.4,34620.0,0.0,0,Berlin,Germany,52.52,13.405,2026-06-17T11:29:31.991893+00:00
2026-06-17T05:00,12.1,78,0.0,0.0,0.0,1,100,4.4,55,11.5,1012.8,31840.0,0.0,1,Berlin,Germany,52.52,13.405,2026-06-17T11:29:31.991893+00:00
2026-06-17T06:00,12.0,77,0.0,0.0,0.0,0,3,4.4,55,10.8,1012.8,32320.0,0.2,1,Berlin,Germany,52.52,13.405,2026-06-17T11:29:31.991893+00:00
2026-06-17T07:00,12.7,72,0.0,0.0,0.0,1,30,2.5,45,9.4,1013.3,35360.0,0.75,1,Berlin,Germany,52.52,13.405,2026-06-17T11:29:31.991893+00:00
2026-06-17T08:00,14.4,63,0.0,0.0,0.0,3,95,1.9,68,6.8,1013.6,38800.0,1.6,1,Berlin,Germany,52.52,13.405,2026-06-17T11:29:31.991893+00:00
2026-06-17T09:00,16.0,57,0.0,0.0,0.0,3,93,1.8,281,7.9,1013.7,39980.0,2.75,1,Berlin,Germany,52.52,13.405,2026-06-17T11:29:31.991893+00:00
2026-06-17T10:00,17.7,54,0.0,0.0,0.0,1,45,2.3,288,9.4,1013.5,40500.0,3.85,1,Berlin,Germany,52.52,13.405,2026-06-17T11:29:31.991893+00:00
2026-06-17T11:00,19.7,50,0.0,0.0,0.0,2,67,6.1,270,17.6,1013.7,41100.0,4.9,1,Berlin,Germany,52.52,13.405,2026-06-17T11:29:31.991893+00:00
2026-06-17T12:00,20.9,51,0.0,0.0,0.0,3,92,7.6,273,19.1,1013.6,40720.0,5.5,1,Berlin,Germany,52.52,13.405,2026-06-17T11:29:31.991893+00:00
2026-06-17T13:00,22.0,42,0.0,0.0,0.0,2,31,11.4,283,27.7,1014.1,42140.0,6.75,1,Berlin,Germany,52.52,13.405,2026-06-17T11:29:31.991893+00:00
2026-06-17T14:00,22.9,43,0.0,0.0,0.0,2,40,11.3,277,27.4,1014.0,41780.0,6.8,1,Berlin,Germany,52.52,13.405,2026-06-17T11:29:31.991893+00:00
2026-06-17T15:00,23.8,40,0.0,0.0,0.0,1,33,12.0,279,30.2,1014.1,42360.0,6.4,1,Berlin,Germany,52.52,13.405,2026-06-17T11:29:31.991893+00:00
2026-06-17T16:00,24.8,39,0.0,0.0,0.0,2,50,13.5,312,31.7,1013.6,42640.0,5.6,1,Berlin,Germany,52.52,13.405,2026-06-17T11:29:31.991893+00:00
2026-06-17T17:00,24.9,38,0.0,0.0,0.0,3,99,13.3,283,34.6,1013.6,42940.0,4.5,1,Berlin,Germany,52.52,13.405,2026-06-17T11:29:31.991893+00:00
2026-06-17T18:00,24.9,40,0.0,0.0,0.0,2,66,12.4,278,31.7,1013.4,42580.0,3.25,1,Berlin,Germany,52.52,13.405,2026-06-17T11:29:31.991893+00:00
2026-06-17T19:00,24.7,40,0.0,0.0,0.0,3,97,11.5,284,26.6,1013.6,42840.0,2.0,1,Berlin,Germany,52.52,13.405,2026-06-17T11:29:31.991893+00:00
2026-06-17T20:00,24.2,42,0.0,0.0,0.0,3,100,8.1,302,24.8,1013.6,42440.0,0.55,1,Berlin,Germany,52.52,13.405,2026-06-17T11:29:31.991893+00:00
2026-06-17T21:00,23.6,43,0.0,0.0,0.0,3,98,5.4,312,18.4,1013.7,42240.0,0.3,1,Berlin,Germany,52.52,13.405,2026-06-17T11:29:31.991893+00:00
2026-06-17T22:00,23.1,46,0.0,0.0,0.0,3,100,3.8,343,11.2,1013.9,41840.0,0.0,0,Berlin,Germany,52.52,13.405,2026-06-17T11:29:31.991893+00:00
2026-06-17T23:00,22.7,49,0.0,0.0,0.0,3,95,2.3,219,6.1,1014.3,41620.0,0.0,0,Berlin,Germany,52.52,13.405,2026-06-17T11:29:31.991893+00:00
